grid_id,analysis_status,missing_fields,heat_score,elderly_score,farmland_score,coverage_gap_score,vulnerability_score,risk_level,installation_need_score,installation_rank,blind_spot,main_factors
라마41a26a,INSUFFICIENT_DATA,"[""elderly_ratio""]",,,,,,,,,,[]
라마41a26b,INSUFFICIENT_DATA,"[""elderly_ratio""]",,,,,,,,,,[]
라마41a27a,INSUFFICIENT_DATA,"[""elderly_ratio""]",,,,,,,,,,[]
라마41a27b,INSUFFICIENT_DATA,"[""elderly_ratio""]",,,,,,,,,,[]
라마41b24b,INSUFFICIENT_DATA,"[""elderly_ratio""]",,,,,,,,,,[]
라마41b25a,INSUFFICIENT_DATA,"[""elderly_ratio""]",,,,,,,,,,[]
라마41b25b,INSUFFICIENT_DATA,"[""elderly_ratio""]",,,,,,,,,,[]
라마41b26a,INSUFFICIENT_DATA,"[""elderly_ratio""]",,,,,,,,,,[]
라마41b26b,INSUFFICIENT_DATA,"[""elderly_ratio""]",,,,,,,,,,[]
라마41b27a,INSUFFICIENT_DATA,"[""elderly_ratio""]",,,,,,,,,,[]
라마41b27b,INSUFFICIENT_DATA,"[""elderly_ratio""]",,,,,,,,,,[]
라마41b28a,INSUFFICIENT_DATA,"[""elderly_ratio""]",,,,,,,,,,[]
라마42a22b,INSUFFICIENT_DATA,"[""elderly_ratio""]",,,,,,,,,,[]
라마42a23a,INSUFFICIENT_DATA,"[""elderly_ratio""]",,,,,,,,,,[]
라마42a23b,INSUFFICIENT_DATA,"[""elderly_ratio""]",,,,,,,,,,[]
라마42a24a,INSUFFICIENT_DATA,"[""elderly_ratio""]",,,,,,,,,,[]
라마42a24b,INSUFFICIENT_DATA,"[""elderly_ratio""]",,,,,,,,,,[]
라마42a25a,INSUFFICIENT_DATA,"[""elderly_ratio""]",,,,,,,,,,[]
라마42a25b,INSUFFICIENT_DATA,"[""elderly_ratio""]",,,,,,,,,,[]
라마42a26a,INSUFFICIENT_DATA,"[""elderly_ratio""]",,,,,,,,,,[]
라마42a26b,INSUFFICIENT_DATA,"[""elderly_ratio""]",,,,,,,,,,[]
라마42a27a,OK,[],50.0,81.67,16.79,72.59,49.49,MODERATE,55.26,214.0,False,"[""HIGH_ELDERLY_RATIO"",""LOW_SHELTER_ACCESSIBILITY"",""HIGH_HEAT""]"
라마42a27b,OK,[],50.0,56.67,9.41,79.72,38.69,MODERATE,48.95,381.0,False,"[""LOW_SHELTER_ACCESSIBILITY"",""HIGH_ELDERLY_RATIO"",""HIGH_HEAT""]"
라마42a28a,INSUFFICIENT_DATA,"[""elderly_ratio""]",,,,,,,,,,[]
라마42a28b,INSUFFICIENT_DATA,"[""elderly_ratio""]",,,,,,,,,,[]
라마42b22b,INSUFFICIENT_DATA,"[""elderly_ratio""]",,,,,,,,,,[]
라마42b23a,INSUFFICIENT_DATA,"[""elderly_ratio""]",,,,,,,,,,[]
라마42b23b,INSUFFICIENT_DATA,"[""elderly_ratio""]",,,,,,,,,,[]
라마42b24a,INSUFFICIENT_DATA,"[""elderly_ratio""]",,,,,,,,,,[]
라마42b24b,INSUFFICIENT_DATA,"[""elderly_ratio""]",,,,,,,,,,[]
라마42b25a,INSUFFICIENT_DATA,"[""elderly_ratio""]",,,,,,,,,,[]
라마42b25b,INSUFFICIENT_DATA,"[""elderly_ratio""]",,,,,,,,,,[]
라마42b26a,INSUFFICIENT_DATA,"[""elderly_ratio""]",,,,,,,,,,[]
라마42b26b,OK,[],50.0,51.04,6.83,52.63,35.96,MODERATE,40.12,635.0,False,"[""LOW_SHELTER_ACCESSIBILITY"",""HIGH_ELDERLY_RATIO"",""HIGH_HEAT""]"
라마42b27a,OK,[],50.0,0.0,36.78,58.06,28.93,MODERATE,36.21,742.0,False,"[""LOW_SHELTER_ACCESSIBILITY"",""HIGH_HEAT""]"
라마42b27b,INSUFFICIENT_DATA,"[""elderly_ratio""]",,,,,,,,,,[]
라마42b28a,INSUFFICIENT_DATA,"[""elderly_ratio""]",,,,,,,,,,[]
라마42b28b,INSUFFICIENT_DATA,"[""elderly_ratio""]",,,,,,,,,,[]
라마43a19b,INSUFFICIENT_DATA,"[""elderly_ratio""]",,,,,,,,,,[]
라마43a20a,INSUFFICIENT_DATA,"[""elderly_ratio""]",,,,,,,,,,[]
라마43a20b,INSUFFICIENT_DATA,"[""elderly_ratio""]",,,,,,,,,,[]
라마43a21a,INSUFFICIENT_DATA,"[""elderly_ratio""]",,,,,,,,,,[]
라마43a21b,INSUFFICIENT_DATA,"[""elderly_ratio""]",,,,,,,,,,[]
라마43a22a,INSUFFICIENT_DATA,"[""elderly_ratio""]",,,,,,,,,,[]
라마43a22b,INSUFFICIENT_DATA,"[""elderly_ratio""]",,,,,,,,,,[]
라마43a23a,INSUFFICIENT_DATA,"[""elderly_ratio""]",,,,,,,,,,[]
라마43a23b,INSUFFICIENT_DATA,"[""elderly_ratio""]",,,,,,,,,,[]
라마43a24a,INSUFFICIENT_DATA,"[""elderly_ratio""]",,,,,,,,,,[]
라마43a24b,INSUFFICIENT_DATA,"[""elderly_ratio""]",,,,,,,,,,[]
라마43a25a,INSUFFICIENT_DATA,"[""elderly_ratio""]",,,,,,,,,,[]
라마43a25b,INSUFFICIENT_DATA,"[""elderly_ratio""]",,,,,,,,,,[]
라마43a26a,INSUFFICIENT_DATA,"[""elderly_ratio""]",,,,,,,,,,[]
라마43a26b,OK,[],50.0,0.0,7.39,37.25,19.13,LOW,23.66,923.0,False,"[""HIGH_HEAT""]"
라마43a27a,OK,[],50.0,53.85,10.45,44.36,38.1,MODERATE,39.66,651.0,False,"[""HIGH_ELDERLY_RATIO"",""HIGH_HEAT""]"
라마43a27b,INSUFFICIENT_DATA,"[""elderly_ratio""]",,,,,,,,,,[]
라마43a28a,INSUFFICIENT_DATA,"[""elderly_ratio""]",,,,,,,,,,[]
라마43a28b,INSUFFICIENT_DATA,"[""elderly_ratio""]",,,,,,,,,,[]
라마43a29a,INSUFFICIENT_DATA,"[""elderly_ratio""]",,,,,,,,,,[]
라마43a29b,INSUFFICIENT_DATA,"[""elderly_ratio""]",,,,,,,,,,[]
라마43b18a,INSUFFICIENT_DATA,"[""elderly_ratio""]",,,,,,,,,,[]
라마43b18b,INSUFFICIENT_DATA,"[""elderly_ratio""]",,,,,,,,,,[]
라마43b19a,INSUFFICIENT_DATA,"[""elderly_ratio""]",,,,,,,,,,[]
라마43b19b,INSUFFICIENT_DATA,"[""elderly_ratio""]",,,,,,,,,,[]
라마43b20a,INSUFFICIENT_DATA,"[""elderly_ratio""]",,,,,,,,,,[]
라마43b20b,INSUFFICIENT_DATA,"[""elderly_ratio""]",,,,,,,,,,[]
라마43b21a,INSUFFICIENT_DATA,"[""elderly_ratio""]",,,,,,,,,,[]
라마43b21b,INSUFFICIENT_DATA,"[""elderly_ratio""]",,,,,,,,,,[]
라마43b22a,INSUFFICIENT_DATA,"[""elderly_ratio""]",,,,,,,,,,[]
라마43b22b,INSUFFICIENT_DATA,"[""elderly_ratio""]",,,,,,,,,,[]
라마43b23a,INSUFFICIENT_DATA,"[""elderly_ratio""]",,,,,,,,,,[]
라마43b23b,INSUFFICIENT_DATA,"[""elderly_ratio""]",,,,,,,,,,[]
라마43b24a,INSUFFICIENT_DATA,"[""elderly_ratio""]",,,,,,,,,,[]
라마43b24b,INSUFFICIENT_DATA,"[""elderly_ratio""]",,,,,,,,,,[]
라마43b25a,OK,[],50.0,0.0,0.0,37.0,16.67,LOW,21.75,949.0,False,"[""HIGH_HEAT""]"
라마43b25b,INSUFFICIENT_DATA,"[""elderly_ratio""]",,,,,,,,,,[]
라마43b26a,INSUFFICIENT_DATA,"[""elderly_ratio""]",,,,,,,,,,[]
라마43b26b,INSUFFICIENT_DATA,"[""elderly_ratio""]",,,,,,,,,,[]
라마43b27a,OK,[],50.0,73.98,42.58,32.41,55.52,HIGH,49.74,357.0,True,"[""HIGH_ELDERLY_RATIO"",""HIGH_HEAT""]"
라마43b27b,INSUFFICIENT_DATA,"[""elderly_ratio""]",,,,,,,,,,[]
라마43b28a,INSUFFICIENT_DATA,"[""elderly_ratio""]",,,,,,,,,,[]
라마43b28b,INSUFFICIENT_DATA,"[""elderly_ratio""]",,,,,,,,,,[]
라마43b29a,INSUFFICIENT_DATA,"[""elderly_ratio""]",,,,,,,,,,[]
라마43b29b,INSUFFICIENT_DATA,"[""elderly_ratio""]",,,,,,,,,,[]
라마43b30a,OK,[],50.0,100.0,2.52,100.0,50.84,HIGH,63.13,66.0,True,"[""HIGH_ELDERLY_RATIO"",""LOW_SHELTER_ACCESSIBILITY"",""HIGH_HEAT""]"
라마43b30b,INSUFFICIENT_DATA,"[""elderly_ratio""]",,,,,,,,,,[]
라마43b31a,INSUFFICIENT_DATA,"[""elderly_ratio""]",,,,,,,,,,[]
라마43b31b,INSUFFICIENT_DATA,"[""elderly_ratio""]",,,,,,,,,,[]
라마44a16b,INSUFFICIENT_DATA,"[""elderly_ratio""]",,,,,,,,,,[]
라마44a17a,INSUFFICIENT_DATA,"[""elderly_ratio""]",,,,,,,,,,[]
라마44a17b,INSUFFICIENT_DATA,"[""elderly_ratio""]",,,,,,,,,,[]
라마44a18a,INSUFFICIENT_DATA,"[""elderly_ratio""]",,,,,,,,,,[]
라마44a18b,INSUFFICIENT_DATA,"[""elderly_ratio""]",,,,,,,,,,[]
라마44a19a,INSUFFICIENT_DATA,"[""elderly_ratio""]",,,,,,,,,,[]
라마44a19b,INSUFFICIENT_DATA,"[""elderly_ratio""]",,,,,,,,,,[]
라마44a20a,INSUFFICIENT_DATA,"[""elderly_ratio""]",,,,,,,,,,[]
라마44a20b,INSUFFICIENT_DATA,"[""elderly_ratio""]",,,,,,,,,,[]
라마44a21a,INSUFFICIENT_DATA,"[""elderly_ratio""]",,,,,,,,,,[]
라마44a21b,INSUFFICIENT_DATA,"[""elderly_ratio""]",,,,,,,,,,[]
라마44a22a,INSUFFICIENT_DATA,"[""elderly_ratio""]",,,,,,,,,,[]
라마44a22b,INSUFFICIENT_DATA,"[""elderly_ratio""]",,,,,,,,,,[]
라마44a23a,INSUFFICIENT_DATA,"[""elderly_ratio""]",,,,,,,,,,[]
라마44a23b,INSUFFICIENT_DATA,"[""elderly_ratio""]",,,,,,,,,,[]
라마44a24a,INSUFFICIENT_DATA,"[""elderly_ratio""]",,,,,,,,,,[]
라마44a24b,INSUFFICIENT_DATA,"[""elderly_ratio""]",,,,,,,,,,[]
라마44a25a,OK,[],50.0,87.5,29.33,29.98,55.61,HIGH,49.2,373.0,True,"[""HIGH_ELDERLY_RATIO"",""HIGH_HEAT""]"
라마44a25b,OK,[],50.0,0.0,20.84,15.05,23.61,LOW,21.47,951.0,False,"[""HIGH_HEAT""]"
라마44a26a,OK,[],50.0,82.8,21.7,3.88,51.5,HIGH,39.59,652.0,True,"[""HIGH_ELDERLY_RATIO"",""HIGH_HEAT""]"
라마44a26b,OK,[],50.0,85.26,65.8,10.02,67.02,HIGH,52.77,276.0,True,"[""HIGH_ELDERLY_RATIO"",""HIGH_FARMLAND_RATIO"",""HIGH_HEAT""]"
라마44a27a,OK,[],50.0,64.17,59.67,24.35,57.95,HIGH,49.55,361.0,True,"[""HIGH_ELDERLY_RATIO"",""HIGH_FARMLAND_RATIO"",""HIGH_HEAT""]"
라마44a27b,INSUFFICIENT_DATA,"[""elderly_ratio""]",,,,,,,,,,[]
라마44a28a,INSUFFICIENT_DATA,"[""elderly_ratio""]",,,,,,,,,,[]
라마44a28b,INSUFFICIENT_DATA,"[""elderly_ratio""]",,,,,,,,,,[]
라마44a29a,INSUFFICIENT_DATA,"[""elderly_ratio""]",,,,,,,,,,[]
라마44a29b,INSUFFICIENT_DATA,"[""elderly_ratio""]",,,,,,,,,,[]
라마44a30a,OK,[],50.0,0.0,13.39,100.0,21.13,LOW,40.85,610.0,False,"[""LOW_SHELTER_ACCESSIBILITY"",""HIGH_HEAT""]"
라마44a30b,INSUFFICIENT_DATA,"[""elderly_ratio""]",,,,,,,,,,[]
라마44a31a,OK,[],50.0,85.56,4.9,100.0,46.82,MODERATE,60.12,105.0,False,"[""LOW_SHELTER_ACCESSIBILITY"",""HIGH_ELDERLY_RATIO"",""HIGH_HEAT""]"
라마44a31b,INSUFFICIENT_DATA,"[""elderly_ratio""]",,,,,,,,,,[]
라마44a32a,INSUFFICIENT_DATA,"[""elderly_ratio""]",,,,,,,,,,[]
라마44a32b,INSUFFICIENT_DATA,"[""elderly_ratio""]",,,,,,,,,,[]
라마44a33a,INSUFFICIENT_DATA,"[""elderly_ratio""]",,,,,,,,,,[]
라마44a33b,INSUFFICIENT_DATA,"[""elderly_ratio""]",,,,,,,,,,[]
라마44a34a,OK,[],50.0,97.22,16.45,100.0,54.56,HIGH,65.92,24.0,True,"[""LOW_SHELTER_ACCESSIBILITY"",""HIGH_ELDERLY_RATIO"",""HIGH_HEAT""]"
라마44a34b,INSUFFICIENT_DATA,"[""elderly_ratio""]",,,,,,,,,,[]
라마44b16a,INSUFFICIENT_DATA,"[""elderly_ratio""]",,,,,,,,,,[]
라마44b16b,INSUFFICIENT_DATA,"[""elderly_ratio""]",,,,,,,,,,[]
라마44b17a,INSUFFICIENT_DATA,"[""elderly_ratio""]",,,,,,,,,,[]
라마44b17b,INSUFFICIENT_DATA,"[""elderly_ratio""]",,,,,,,,,,[]
라마44b18a,INSUFFICIENT_DATA,"[""elderly_ratio""]",,,,,,,,,,[]
라마44b18b,INSUFFICIENT_DATA,"[""elderly_ratio""]",,,,,,,,,,[]
라마44b19a,INSUFFICIENT_DATA,"[""elderly_ratio""]",,,,,,,,,,[]
라마44b19b,INSUFFICIENT_DATA,"[""elderly_ratio""]",,,,,,,,,,[]
라마44b20a,INSUFFICIENT_DATA,"[""elderly_ratio""]",,,,,,,,,,[]
라마44b20b,INSUFFICIENT_DATA,"[""elderly_ratio""]",,,,,,,,,,[]
라마44b21a,OK,[],50.0,66.67,9.25,72.25,41.97,MODERATE,49.54,362.0,False,"[""LOW_SHELTER_ACCESSIBILITY"",""HIGH_ELDERLY_RATIO"",""HIGH_HEAT""]"
라마44b21b,INSUFFICIENT_DATA,"[""elderly_ratio""]",,,,,,,,,,[]
라마44b22a,INSUFFICIENT_DATA,"[""elderly_ratio""]",,,,,,,,,,[]
라마44b22b,INSUFFICIENT_DATA,"[""elderly_ratio""]",,,,,,,,,,[]
라마44b23a,INSUFFICIENT_DATA,"[""elderly_ratio""]",,,,,,,,,,[]
라마44b23b,INSUFFICIENT_DATA,"[""elderly_ratio""]",,,,,,,,,,[]
라마44b24a,INSUFFICIENT_DATA,"[""elderly_ratio""]",,,,,,,,,,[]
라마44b24b,INSUFFICIENT_DATA,"[""elderly_ratio""]",,,,,,,,,,[]
라마44b25a,INSUFFICIENT_DATA,"[""elderly_ratio""]",,,,,,,,,,[]
라마44b25b,INSUFFICIENT_DATA,"[""elderly_ratio""]",,,,,,,,,,[]
라마44b26a,OK,[],50.0,77.78,71.1,1.0,66.29,HIGH,49.97,349.0,False,"[""HIGH_ELDERLY_RATIO"",""HIGH_FARMLAND_RATIO"",""HIGH_HEAT""]"
라마44b26b,OK,[],50.0,71.14,61.26,8.42,60.8,HIGH,47.7,411.0,True,"[""HIGH_ELDERLY_RATIO"",""HIGH_FARMLAND_RATIO"",""HIGH_HEAT""]"
라마44b27a,OK,[],50.0,87.5,9.25,23.53,48.92,MODERATE,42.57,562.0,False,"[""HIGH_ELDERLY_RATIO"",""HIGH_HEAT""]"
라마44b27b,INSUFFICIENT_DATA,"[""elderly_ratio""]",,,,,,,,,,[]
라마44b28a,INSUFFICIENT_DATA,"[""elderly_ratio""]",,,,,,,,,,[]
라마44b28b,INSUFFICIENT_DATA,"[""elderly_ratio""]",,,,,,,,,,[]
라마44b29a,INSUFFICIENT_DATA,"[""elderly_ratio""]",,,,,,,,,,[]
라마44b29b,INSUFFICIENT_DATA,"[""elderly_ratio""]",,,,,,,,,,[]
라마44b30a,INSUFFICIENT_DATA,"[""elderly_ratio""]",,,,,,,,,,[]
라마44b30b,OK,[],50.0,0.0,3.22,100.0,17.74,LOW,38.3,691.0,False,"[""LOW_SHELTER_ACCESSIBILITY"",""HIGH_HEAT""]"
라마44b31a,OK,[],50.0,67.54,22.06,100.0,46.53,MODERATE,59.9,107.0,False,"[""LOW_SHELTER_ACCESSIBILITY"",""HIGH_ELDERLY_RATIO"",""HIGH_HEAT""]"
라마44b31b,INSUFFICIENT_DATA,"[""elderly_ratio""]",,,,,,,,,,[]
라마44b32a,INSUFFICIENT_DATA,"[""elderly_ratio""]",,,,,,,,,,[]
라마44b32b,OK,[],50.0,92.53,55.99,100.0,66.17,HIGH,74.63,1.0,True,"[""LOW_SHELTER_ACCESSIBILITY"",""HIGH_ELDERLY_RATIO"",""HIGH_FARMLAND_RATIO""]"
라마44b33a,OK,[],50.0,73.68,12.35,100.0,45.34,MODERATE,59.01,120.0,False,"[""LOW_SHELTER_ACCESSIBILITY"",""HIGH_ELDERLY_RATIO"",""HIGH_HEAT""]"
라마44b33b,OK,[],50.0,66.67,18.19,100.0,44.95,MODERATE,58.72,126.0,False,"[""LOW_SHELTER_ACCESSIBILITY"",""HIGH_ELDERLY_RATIO"",""HIGH_HEAT""]"
라마44b34a,OK,[],50.0,0.0,23.66,100.0,24.55,LOW,43.41,544.0,False,"[""LOW_SHELTER_ACCESSIBILITY"",""HIGH_HEAT""]"
라마44b34b,INSUFFICIENT_DATA,"[""elderly_ratio""]",,,,,,,,,,[]
라마45a15b,INSUFFICIENT_DATA,"[""elderly_ratio""]",,,,,,,,,,[]
라마45a16a,INSUFFICIENT_DATA,"[""elderly_ratio""]",,,,,,,,,,[]
라마45a16b,INSUFFICIENT_DATA,"[""elderly_ratio""]",,,,,,,,,,[]
라마45a17a,INSUFFICIENT_DATA,"[""elderly_ratio""]",,,,,,,,,,[]
라마45a17b,INSUFFICIENT_DATA,"[""elderly_ratio""]",,,,,,,,,,[]
라마45a18a,INSUFFICIENT_DATA,"[""elderly_ratio""]",,,,,,,,,,[]
라마45a18b,OK,[],50.0,79.94,32.52,46.33,54.15,HIGH,52.2,289.0,True,"[""HIGH_ELDERLY_RATIO"",""HIGH_HEAT""]"
라마45a19a,INSUFFICIENT_DATA,"[""elderly_ratio""]",,,,,,,,,,[]
라마45a19b,INSUFFICIENT_DATA,"[""elderly_ratio""]",,,,,,,,,,[]
라마45a20a,INSUFFICIENT_DATA,"[""elderly_ratio""]",,,,,,,,,,[]
라마45a20b,INSUFFICIENT_DATA,"[""elderly_ratio""]",,,,,,,,,,[]
라마45a21a,INSUFFICIENT_DATA,"[""elderly_ratio""]",,,,,,,,,,[]
라마45a21b,INSUFFICIENT_DATA,"[""elderly_ratio""]",,,,,,,,,,[]
라마45a22a,INSUFFICIENT_DATA,"[""elderly_ratio""]",,,,,,,,,,[]
라마45a22b,INSUFFICIENT_DATA,"[""elderly_ratio""]",,,,,,,,,,[]
라마45a23a,INSUFFICIENT_DATA,"[""elderly_ratio""]",,,,,,,,,,[]
라마45a23b,INSUFFICIENT_DATA,"[""elderly_ratio""]",,,,,,,,,,[]
라마45a24a,INSUFFICIENT_DATA,"[""elderly_ratio""]",,,,,,,,,,[]
라마45a24b,INSUFFICIENT_DATA,"[""elderly_ratio""]",,,,,,,,,,[]
라마45a25a,INSUFFICIENT_DATA,"[""elderly_ratio""]",,,,,,,,,,[]
라마45a25b,OK,[],50.0,69.27,33.52,23.17,50.93,HIGH,43.99,521.0,True,"[""HIGH_ELDERLY_RATIO"",""HIGH_HEAT""]"
라마45a26a,OK,[],50.0,75.49,45.64,16.47,57.04,HIGH,46.9,446.0,True,"[""HIGH_ELDERLY_RATIO"",""HIGH_HEAT""]"
라마45a26b,INSUFFICIENT_DATA,"[""elderly_ratio""]",,,,,,,,,,[]
라마45a27a,INSUFFICIENT_DATA,"[""elderly_ratio""]",,,,,,,,,,[]
라마45a27b,INSUFFICIENT_DATA,"[""elderly_ratio""]",,,,,,,,,,[]
라마45a28a,INSUFFICIENT_DATA,"[""elderly_ratio""]",,,,,,,,,,[]
라마45a28b,INSUFFICIENT_DATA,"[""elderly_ratio""]",,,,,,,,,,[]
라마45a29a,INSUFFICIENT_DATA,"[""elderly_ratio""]",,,,,,,,,,[]
라마45a29b,INSUFFICIENT_DATA,"[""elderly_ratio""]",,,,,,,,,,[]
라마45a30a,INSUFFICIENT_DATA,"[""elderly_ratio""]",,,,,,,,,,[]
라마45a30b,INSUFFICIENT_DATA,"[""elderly_ratio""]",,,,,,,,,,[]
라마45a31a,OK,[],50.0,0.0,0.0,100.0,16.67,LOW,37.5,711.0,False,"[""LOW_SHELTER_ACCESSIBILITY"",""HIGH_HEAT""]"
라마45a31b,INSUFFICIENT_DATA,"[""elderly_ratio""]",,,,,,,,,,[]
라마45a32a,OK,[],50.0,80.77,1.72,100.0,44.16,MODERATE,58.12,147.0,False,"[""LOW_SHELTER_ACCESSIBILITY"",""HIGH_ELDERLY_RATIO"",""HIGH_HEAT""]"
라마45a32b,INSUFFICIENT_DATA,"[""elderly_ratio""]",,,,,,,,,,[]
라마45a33a,INSUFFICIENT_DATA,"[""elderly_ratio""]",,,,,,,,,,[]
라마45a33b,INSUFFICIENT_DATA,"[""elderly_ratio""]",,,,,,,,,,[]
라마45a34a,INSUFFICIENT_DATA,"[""elderly_ratio""]",,,,,,,,,,[]
라마45a34b,INSUFFICIENT_DATA,"[""elderly_ratio""]",,,,,,,,,,[]
라마45a35b,INSUFFICIENT_DATA,"[""elderly_ratio""]",,,,,,,,,,[]
라마45a36a,INSUFFICIENT_DATA,"[""elderly_ratio""]",,,,,,,,,,[]
라마45b16a,INSUFFICIENT_DATA,"[""elderly_ratio""]",,,,,,,,,,[]
라마45b16b,OK,[],50.0,85.96,24.39,45.89,53.45,HIGH,51.56,302.0,True,"[""HIGH_ELDERLY_RATIO"",""HIGH_HEAT""]"
라마45b17a,OK,[],50.0,0.0,18.1,59.13,22.7,LOW,31.81,828.0,False,"[""LOW_SHELTER_ACCESSIBILITY"",""HIGH_HEAT""]"
라마45b17b,INSUFFICIENT_DATA,"[""elderly_ratio""]",,,,,,,,,,[]
라마45b18a,OK,[],50.0,89.74,32.69,46.63,57.48,HIGH,54.77,225.0,True,"[""HIGH_ELDERLY_RATIO"",""HIGH_HEAT""]"
라마45b18b,OK,[],50.0,58.33,45.69,34.01,51.34,HIGH,47.01,437.0,True,"[""HIGH_ELDERLY_RATIO"",""HIGH_HEAT""]"
라마45b19a,INSUFFICIENT_DATA,"[""elderly_ratio""]",,,,,,,,,,[]
라마45b19b,OK,[],50.0,85.96,22.8,21.92,52.92,HIGH,45.17,495.0,True,"[""HIGH_ELDERLY_RATIO"",""HIGH_HEAT""]"
라마45b20a,INSUFFICIENT_DATA,"[""elderly_ratio""]",,,,,,,,,,[]
라마45b20b,INSUFFICIENT_DATA,"[""elderly_ratio""]",,,,,,,,,,[]
라마45b21a,INSUFFICIENT_DATA,"[""elderly_ratio""]",,,,,,,,,,[]
라마45b21b,INSUFFICIENT_DATA,"[""elderly_ratio""]",,,,,,,,,,[]
라마45b22a,INSUFFICIENT_DATA,"[""elderly_ratio""]",,,,,,,,,,[]
라마45b22b,INSUFFICIENT_DATA,"[""elderly_ratio""]",,,,,,,,,,[]
라마45b23a,INSUFFICIENT_DATA,"[""elderly_ratio""]",,,,,,,,,,[]
라마45b23b,INSUFFICIENT_DATA,"[""elderly_ratio""]",,,,,,,,,,[]
라마45b24a,INSUFFICIENT_DATA,"[""elderly_ratio""]",,,,,,,,,,[]
라마45b24b,INSUFFICIENT_DATA,"[""elderly_ratio""]",,,,,,,,,,[]
라마45b25a,INSUFFICIENT_DATA,"[""elderly_ratio""]",,,,,,,,,,[]
라마45b25b,OK,[],50.0,63.64,24.39,36.58,46.01,MODERATE,43.65,536.0,False,"[""HIGH_ELDERLY_RATIO"",""HIGH_HEAT""]"
라마45b26a,OK,[],50.0,0.0,9.48,32.3,19.83,LOW,22.95,930.0,False,"[""HIGH_HEAT""]"
라마45b26b,INSUFFICIENT_DATA,"[""elderly_ratio""]",,,,,,,,,,[]
라마45b27a,INSUFFICIENT_DATA,"[""elderly_ratio""]",,,,,,,,,,[]
라마45b27b,INSUFFICIENT_DATA,"[""elderly_ratio""]",,,,,,,,,,[]
라마45b28a,INSUFFICIENT_DATA,"[""elderly_ratio""]",,,,,,,,,,[]
라마45b28b,INSUFFICIENT_DATA,"[""elderly_ratio""]",,,,,,,,,,[]
라마45b29a,OK,[],50.0,93.33,9.83,94.08,51.05,HIGH,61.81,79.0,True,"[""LOW_SHELTER_ACCESSIBILITY"",""HIGH_ELDERLY_RATIO"",""HIGH_HEAT""]"
라마45b29b,INSUFFICIENT_DATA,"[""elderly_ratio""]",,,,,,,,,,[]
라마45b30a,INSUFFICIENT_DATA,"[""elderly_ratio""]",,,,,,,,,,[]
라마45b30b,INSUFFICIENT_DATA,"[""elderly_ratio""]",,,,,,,,,,[]
라마45b31a,INSUFFICIENT_DATA,"[""elderly_ratio""]",,,,,,,,,,[]
라마45b31b,INSUFFICIENT_DATA,"[""elderly_ratio""]",,,,,,,,,,[]
라마45b32a,OK,[],50.0,71.01,7.04,100.0,42.68,MODERATE,57.01,172.0,False,"[""LOW_SHELTER_ACCESSIBILITY"",""HIGH_ELDERLY_RATIO"",""HIGH_HEAT""]"
라마45b32b,OK,[],50.0,61.4,50.62,100.0,54.01,HIGH,65.5,32.0,True,"[""LOW_SHELTER_ACCESSIBILITY"",""HIGH_ELDERLY_RATIO"",""HIGH_FARMLAND_RATIO""]"
라마45b33a,OK,[],50.0,43.33,49.15,100.0,47.49,MODERATE,60.62,98.0,False,"[""LOW_SHELTER_ACCESSIBILITY"",""HIGH_HEAT""]"
라마45b33b,OK,[],50.0,58.33,27.2,100.0,45.18,MODERATE,58.88,121.0,False,"[""LOW_SHELTER_ACCESSIBILITY"",""HIGH_ELDERLY_RATIO"",""HIGH_HEAT""]"
라마45b34a,INSUFFICIENT_DATA,"[""elderly_ratio""]",,,,,,,,,,[]
라마45b34b,INSUFFICIENT_DATA,"[""elderly_ratio""]",,,,,,,,,,[]
라마45b35a,INSUFFICIENT_DATA,"[""elderly_ratio""]",,,,,,,,,,[]
라마45b35b,INSUFFICIENT_DATA,"[""elderly_ratio""]",,,,,,,,,,[]
라마45b36a,INSUFFICIENT_DATA,"[""elderly_ratio""]",,,,,,,,,,[]
라마45b36b,OK,[],50.0,100.0,15.07,100.0,55.02,HIGH,66.27,23.0,True,"[""HIGH_ELDERLY_RATIO"",""LOW_SHELTER_ACCESSIBILITY"",""HIGH_HEAT""]"
라마45b37a,OK,[],50.0,100.0,2.89,100.0,50.96,HIGH,63.22,65.0,True,"[""HIGH_ELDERLY_RATIO"",""LOW_SHELTER_ACCESSIBILITY"",""HIGH_HEAT""]"
라마45b37b,INSUFFICIENT_DATA,"[""elderly_ratio""]",,,,,,,,,,[]
라마46a15a,OK,[],50.0,0.0,14.26,11.65,21.42,LOW,18.98,974.0,False,"[""HIGH_HEAT""]"
라마46a15b,INSUFFICIENT_DATA,"[""elderly_ratio""]",,,,,,,,,,[]
라마46a16a,INSUFFICIENT_DATA,"[""elderly_ratio""]",,,,,,,,,,[]
라마46a16b,INSUFFICIENT_DATA,"[""elderly_ratio""]",,,,,,,,,,[]
라마46a17a,OK,[],50.0,77.78,63.16,52.92,63.65,HIGH,60.97,89.0,True,"[""HIGH_ELDERLY_RATIO"",""HIGH_FARMLAND_RATIO"",""LOW_SHELTER_ACCESSIBILITY""]"
라마46a17b,OK,[],50.0,70.0,32.51,55.76,50.84,HIGH,52.07,293.0,True,"[""HIGH_ELDERLY_RATIO"",""LOW_SHELTER_ACCESSIBILITY"",""HIGH_HEAT""]"
라마46a18a,INSUFFICIENT_DATA,"[""elderly_ratio""]",,,,,,,,,,[]
라마46a18b,INSUFFICIENT_DATA,"[""elderly_ratio""]",,,,,,,,,,[]
라마46a19a,INSUFFICIENT_DATA,"[""elderly_ratio""]",,,,,,,,,,[]
라마46a19b,OK,[],50.0,50.0,25.78,6.21,41.93,MODERATE,33.0,803.0,False,"[""HIGH_HEAT"",""HIGH_ELDERLY_RATIO""]"
라마46a20a,OK,[],50.0,79.17,43.66,16.28,57.61,HIGH,47.28,429.0,True,"[""HIGH_ELDERLY_RATIO"",""HIGH_HEAT""]"
라마46a20b,INSUFFICIENT_DATA,"[""elderly_ratio""]",,,,,,,,,,[]
라마46a21a,INSUFFICIENT_DATA,"[""elderly_ratio""]",,,,,,,,,,[]
라마46a21b,INSUFFICIENT_DATA,"[""elderly_ratio""]",,,,,,,,,,[]
라마46a22a,INSUFFICIENT_DATA,"[""elderly_ratio""]",,,,,,,,,,[]
라마46a22b,INSUFFICIENT_DATA,"[""elderly_ratio""]",,,,,,,,,,[]
라마46a23a,INSUFFICIENT_DATA,"[""elderly_ratio""]",,,,,,,,,,[]
라마46a23b,INSUFFICIENT_DATA,"[""elderly_ratio""]",,,,,,,,,,[]
라마46a24a,INSUFFICIENT_DATA,"[""elderly_ratio""]",,,,,,,,,,[]
라마46a24b,OK,[],50.0,0.0,0.94,23.02,16.98,LOW,18.49,979.0,False,"[""HIGH_HEAT""]"
라마46a25a,OK,[],50.0,41.67,29.1,25.99,40.26,MODERATE,36.69,732.0,False,"[""HIGH_HEAT""]"
라마46a25b,OK,[],50.0,38.89,22.91,35.36,37.27,MODERATE,36.79,730.0,False,"[""HIGH_HEAT""]"
라마46a26a,INSUFFICIENT_DATA,"[""elderly_ratio""]",,,,,,,,,,[]
라마46a26b,INSUFFICIENT_DATA,"[""elderly_ratio""]",,,,,,,,,,[]
라마46a27a,INSUFFICIENT_DATA,"[""elderly_ratio""]",,,,,,,,,,[]
라마46a27b,INSUFFICIENT_DATA,"[""elderly_ratio""]",,,,,,,,,,[]
라마46a28a,INSUFFICIENT_DATA,"[""elderly_ratio""]",,,,,,,,,,[]
라마46a28b,INSUFFICIENT_DATA,"[""elderly_ratio""]",,,,,,,,,,[]
라마46a29a,INSUFFICIENT_DATA,"[""elderly_ratio""]",,,,,,,,,,[]
라마46a29b,OK,[],50.0,0.0,13.81,100.0,21.27,LOW,40.95,609.0,False,"[""LOW_SHELTER_ACCESSIBILITY"",""HIGH_HEAT""]"
라마46a30a,INSUFFICIENT_DATA,"[""elderly_ratio""]",,,,,,,,,,[]
라마46a30b,INSUFFICIENT_DATA,"[""elderly_ratio""]",,,,,,,,,,[]
라마46a31a,INSUFFICIENT_DATA,"[""elderly_ratio""]",,,,,,,,,,[]
라마46a31b,INSUFFICIENT_DATA,"[""elderly_ratio""]",,,,,,,,,,[]
라마46a32a,INSUFFICIENT_DATA,"[""elderly_ratio""]",,,,,,,,,,[]
라마46a32b,INSUFFICIENT_DATA,"[""elderly_ratio""]",,,,,,,,,,[]
라마46a33a,INSUFFICIENT_DATA,"[""elderly_ratio""]",,,,,,,,,,[]
라마46a33b,INSUFFICIENT_DATA,"[""elderly_ratio""]",,,,,,,,,,[]
라마46a34a,INSUFFICIENT_DATA,"[""elderly_ratio""]",,,,,,,,,,[]
라마46a34b,INSUFFICIENT_DATA,"[""elderly_ratio""]",,,,,,,,,,[]
라마46a35a,INSUFFICIENT_DATA,"[""elderly_ratio""]",,,,,,,,,,[]
라마46a35b,INSUFFICIENT_DATA,"[""elderly_ratio""]",,,,,,,,,,[]
라마46a36a,INSUFFICIENT_DATA,"[""elderly_ratio""]",,,,,,,,,,[]
라마46a36b,INSUFFICIENT_DATA,"[""elderly_ratio""]",,,,,,,,,,[]
라마46a37a,INSUFFICIENT_DATA,"[""elderly_ratio""]",,,,,,,,,,[]
라마46a37b,INSUFFICIENT_DATA,"[""elderly_ratio""]",,,,,,,,,,[]
라마46a38a,INSUFFICIENT_DATA,"[""elderly_ratio""]",,,,,,,,,,[]
라마46b14b,INSUFFICIENT_DATA,"[""elderly_ratio""]",,,,,,,,,,[]
라마46b15a,OK,[],50.0,68.06,100.0,0.92,72.69,HIGH,54.74,228.0,False,"[""HIGH_FARMLAND_RATIO"",""HIGH_ELDERLY_RATIO"",""HIGH_HEAT""]"
라마46b15b,OK,[],50.0,71.3,46.13,2.89,55.81,HIGH,42.58,561.0,False,"[""HIGH_ELDERLY_RATIO"",""HIGH_HEAT""]"
라마46b16a,INSUFFICIENT_DATA,"[""elderly_ratio""]",,,,,,,,,,[]
라마46b16b,INSUFFICIENT_DATA,"[""elderly_ratio""]",,,,,,,,,,[]
라마46b17a,INSUFFICIENT_DATA,"[""elderly_ratio""]",,,,,,,,,,[]
라마46b17b,INSUFFICIENT_DATA,"[""elderly_ratio""]",,,,,,,,,,[]
라마46b18a,OK,[],50.0,75.49,5.33,35.97,43.61,MODERATE,41.7,585.0,False,"[""HIGH_ELDERLY_RATIO"",""HIGH_HEAT""]"
라마46b18b,INSUFFICIENT_DATA,"[""elderly_ratio""]",,,,,,,,,,[]
라마46b19a,INSUFFICIENT_DATA,"[""elderly_ratio""]",,,,,,,,,,[]
라마46b19b,OK,[],50.0,92.11,12.17,0.0,51.43,HIGH,38.57,682.0,False,"[""HIGH_ELDERLY_RATIO"",""HIGH_HEAT""]"
라마46b20a,INSUFFICIENT_DATA,"[""elderly_ratio""]",,,,,,,,,,[]
라마46b20b,INSUFFICIENT_DATA,"[""elderly_ratio""]",,,,,,,,,,[]
라마46b21a,OK,[],50.0,87.5,30.88,44.83,56.13,HIGH,53.3,264.0,True,"[""HIGH_ELDERLY_RATIO"",""HIGH_HEAT""]"
라마46b21b,INSUFFICIENT_DATA,"[""elderly_ratio""]",,,,,,,,,,[]
라마46b22a,INSUFFICIENT_DATA,"[""elderly_ratio""]",,,,,,,,,,[]
라마46b22b,INSUFFICIENT_DATA,"[""elderly_ratio""]",,,,,,,,,,[]
라마46b23a,INSUFFICIENT_DATA,"[""elderly_ratio""]",,,,,,,,,,[]
라마46b23b,OK,[],50.0,66.67,20.42,30.44,45.7,MODERATE,41.88,576.0,False,"[""HIGH_ELDERLY_RATIO"",""HIGH_HEAT""]"
라마46b24a,INSUFFICIENT_DATA,"[""elderly_ratio""]",,,,,,,,,,[]
라마46b24b,OK,[],50.0,71.79,48.85,7.21,56.88,HIGH,44.46,508.0,True,"[""HIGH_ELDERLY_RATIO"",""HIGH_HEAT""]"
라마46b25a,OK,[],50.0,63.47,26.66,12.85,46.71,MODERATE,38.24,693.0,False,"[""HIGH_ELDERLY_RATIO"",""HIGH_HEAT""]"
라마46b25b,INSUFFICIENT_DATA,"[""elderly_ratio""]",,,,,,,,,,[]
라마46b26a,INSUFFICIENT_DATA,"[""elderly_ratio""]",,,,,,,,,,[]
라마46b26b,INSUFFICIENT_DATA,"[""elderly_ratio""]",,,,,,,,,,[]
라마46b27a,INSUFFICIENT_DATA,"[""elderly_ratio""]",,,,,,,,,,[]
라마46b27b,INSUFFICIENT_DATA,"[""elderly_ratio""]",,,,,,,,,,[]
라마46b28a,INSUFFICIENT_DATA,"[""elderly_ratio""]",,,,,,,,,,[]
라마46b28b,INSUFFICIENT_DATA,"[""elderly_ratio""]",,,,,,,,,,[]
라마46b29a,INSUFFICIENT_DATA,"[""elderly_ratio""]",,,,,,,,,,[]
라마46b29b,INSUFFICIENT_DATA,"[""elderly_ratio""]",,,,,,,,,,[]
라마46b30a,INSUFFICIENT_DATA,"[""elderly_ratio""]",,,,,,,,,,[]
라마46b30b,INSUFFICIENT_DATA,"[""elderly_ratio""]",,,,,,,,,,[]
라마46b31a,INSUFFICIENT_DATA,"[""elderly_ratio""]",,,,,,,,,,[]
라마46b31b,INSUFFICIENT_DATA,"[""elderly_ratio""]",,,,,,,,,,[]
라마46b32a,INSUFFICIENT_DATA,"[""elderly_ratio""]",,,,,,,,,,[]
라마46b32b,INSUFFICIENT_DATA,"[""elderly_ratio""]",,,,,,,,,,[]
라마46b33a,INSUFFICIENT_DATA,"[""elderly_ratio""]",,,,,,,,,,[]
라마46b33b,INSUFFICIENT_DATA,"[""elderly_ratio""]",,,,,,,,,,[]
라마46b34a,OK,[],50.0,0.0,1.46,100.0,17.15,LOW,37.87,702.0,False,"[""LOW_SHELTER_ACCESSIBILITY"",""HIGH_HEAT""]"
라마46b34b,INSUFFICIENT_DATA,"[""elderly_ratio""]",,,,,,,,,,[]
라마46b35a,OK,[],50.0,0.0,25.13,100.0,25.04,MODERATE,43.78,529.0,False,"[""LOW_SHELTER_ACCESSIBILITY"",""HIGH_HEAT""]"
라마46b35b,INSUFFICIENT_DATA,"[""elderly_ratio""]",,,,,,,,,,[]
라마46b36a,INSUFFICIENT_DATA,"[""elderly_ratio""]",,,,,,,,,,[]
라마46b36b,INSUFFICIENT_DATA,"[""elderly_ratio""]",,,,,,,,,,[]
라마46b37a,INSUFFICIENT_DATA,"[""elderly_ratio""]",,,,,,,,,,[]
라마46b37b,INSUFFICIENT_DATA,"[""elderly_ratio""]",,,,,,,,,,[]
라마46b38a,INSUFFICIENT_DATA,"[""elderly_ratio""]",,,,,,,,,,[]
라마47a14b,INSUFFICIENT_DATA,"[""elderly_ratio""]",,,,,,,,,,[]
라마47a15a,INSUFFICIENT_DATA,"[""elderly_ratio""]",,,,,,,,,,[]
라마47a15b,OK,[],50.0,78.48,43.97,11.87,57.48,HIGH,46.08,468.0,True,"[""HIGH_ELDERLY_RATIO"",""HIGH_HEAT""]"
라마47a16a,INSUFFICIENT_DATA,"[""elderly_ratio""]",,,,,,,,,,[]
라마47a16b,OK,[],50.0,0.0,41.74,37.58,30.58,MODERATE,32.33,816.0,False,"[""HIGH_HEAT""]"
라마47a17a,INSUFFICIENT_DATA,"[""elderly_ratio""]",,,,,,,,,,[]
라마47a17b,OK,[],50.0,70.0,6.27,33.85,42.09,MODERATE,40.03,638.0,False,"[""HIGH_ELDERLY_RATIO"",""HIGH_HEAT""]"
라마47a18a,INSUFFICIENT_DATA,"[""elderly_ratio""]",,,,,,,,,,[]
라마47a18b,INSUFFICIENT_DATA,"[""elderly_ratio""]",,,,,,,,,,[]
라마47a19a,INSUFFICIENT_DATA,"[""elderly_ratio""]",,,,,,,,,,[]
라마47a19b,OK,[],50.0,0.0,21.2,14.08,23.73,LOW,21.32,953.0,False,"[""HIGH_HEAT""]"
라마47a20a,INSUFFICIENT_DATA,"[""elderly_ratio""]",,,,,,,,,,[]
라마47a20b,INSUFFICIENT_DATA,"[""elderly_ratio""]",,,,,,,,,,[]
라마47a21a,OK,[],50.0,65.81,74.43,31.26,63.41,HIGH,55.38,210.0,True,"[""HIGH_FARMLAND_RATIO"",""HIGH_ELDERLY_RATIO"",""HIGH_HEAT""]"
라마47a21b,OK,[],50.0,50.0,68.73,34.46,56.24,HIGH,50.8,329.0,True,"[""HIGH_FARMLAND_RATIO"",""HIGH_HEAT"",""HIGH_ELDERLY_RATIO""]"
라마47a22a,OK,[],50.0,0.0,5.34,35.9,18.45,LOW,22.81,932.0,False,"[""HIGH_HEAT""]"
라마47a22b,INSUFFICIENT_DATA,"[""elderly_ratio""]",,,,,,,,,,[]
라마47a23a,OK,[],50.0,0.0,44.86,25.16,31.62,MODERATE,30.0,850.0,False,"[""HIGH_HEAT""]"
라마47a23b,INSUFFICIENT_DATA,"[""elderly_ratio""]",,,,,,,,,,[]
라마47a24a,OK,[],50.0,54.9,80.09,12.32,61.66,HIGH,49.33,366.0,True,"[""HIGH_FARMLAND_RATIO"",""HIGH_ELDERLY_RATIO"",""HIGH_HEAT""]"
라마47a24b,OK,[],50.0,56.8,93.12,0.0,66.64,HIGH,49.98,348.0,False,"[""HIGH_FARMLAND_RATIO"",""HIGH_ELDERLY_RATIO"",""HIGH_HEAT""]"
라마47a25a,OK,[],50.0,74.04,11.27,7.9,45.1,MODERATE,35.8,750.0,False,"[""HIGH_ELDERLY_RATIO"",""HIGH_HEAT""]"
라마47a25b,INSUFFICIENT_DATA,"[""elderly_ratio""]",,,,,,,,,,[]
라마47a26a,INSUFFICIENT_DATA,"[""elderly_ratio""]",,,,,,,,,,[]
라마47a26b,INSUFFICIENT_DATA,"[""elderly_ratio""]",,,,,,,,,,[]
라마47a27a,INSUFFICIENT_DATA,"[""elderly_ratio""]",,,,,,,,,,[]
라마47a27b,INSUFFICIENT_DATA,"[""elderly_ratio""]",,,,,,,,,,[]
라마47a28a,INSUFFICIENT_DATA,"[""elderly_ratio""]",,,,,,,,,,[]
라마47a28b,INSUFFICIENT_DATA,"[""elderly_ratio""]",,,,,,,,,,[]
라마47a29a,INSUFFICIENT_DATA,"[""elderly_ratio""]",,,,,,,,,,[]
라마47a29b,INSUFFICIENT_DATA,"[""elderly_ratio""]",,,,,,,,,,[]
라마47a30a,INSUFFICIENT_DATA,"[""elderly_ratio""]",,,,,,,,,,[]
라마47a30b,INSUFFICIENT_DATA,"[""elderly_ratio""]",,,,,,,,,,[]
라마47a31a,INSUFFICIENT_DATA,"[""elderly_ratio""]",,,,,,,,,,[]
라마47a31b,INSUFFICIENT_DATA,"[""elderly_ratio""]",,,,,,,,,,[]
라마47a32a,INSUFFICIENT_DATA,"[""elderly_ratio""]",,,,,,,,,,[]
라마47a32b,INSUFFICIENT_DATA,"[""elderly_ratio""]",,,,,,,,,,[]
라마47a33a,INSUFFICIENT_DATA,"[""elderly_ratio""]",,,,,,,,,,[]
라마47a33b,OK,[],50.0,94.79,30.18,100.0,58.32,HIGH,68.74,11.0,True,"[""LOW_SHELTER_ACCESSIBILITY"",""HIGH_ELDERLY_RATIO"",""HIGH_HEAT""]"
라마47a34a,OK,[],50.0,100.0,38.53,100.0,62.84,HIGH,72.13,4.0,True,"[""HIGH_ELDERLY_RATIO"",""LOW_SHELTER_ACCESSIBILITY"",""HIGH_HEAT""]"
라마47a34b,INSUFFICIENT_DATA,"[""elderly_ratio""]",,,,,,,,,,[]
라마47a35a,OK,[],50.0,76.36,29.33,100.0,51.9,HIGH,63.92,53.0,True,"[""LOW_SHELTER_ACCESSIBILITY"",""HIGH_ELDERLY_RATIO"",""HIGH_HEAT""]"
라마47a35b,INSUFFICIENT_DATA,"[""elderly_ratio""]",,,,,,,,,,[]
라마47a36a,INSUFFICIENT_DATA,"[""elderly_ratio""]",,,,,,,,,,[]
라마47a36b,INSUFFICIENT_DATA,"[""elderly_ratio""]",,,,,,,,,,[]
라마47a37a,INSUFFICIENT_DATA,"[""elderly_ratio""]",,,,,,,,,,[]
라마47a37b,INSUFFICIENT_DATA,"[""elderly_ratio""]",,,,,,,,,,[]
라마47a38a,INSUFFICIENT_DATA,"[""elderly_ratio""]",,,,,,,,,,[]
라마47a38b,INSUFFICIENT_DATA,"[""elderly_ratio""]",,,,,,,,,,[]
라마47a39a,INSUFFICIENT_DATA,"[""elderly_ratio""]",,,,,,,,,,[]
라마47b14a,INSUFFICIENT_DATA,"[""elderly_ratio""]",,,,,,,,,,[]
라마47b14b,INSUFFICIENT_DATA,"[""elderly_ratio""]",,,,,,,,,,[]
라마47b15a,INSUFFICIENT_DATA,"[""elderly_ratio""]",,,,,,,,,,[]
라마47b15b,OK,[],50.0,0.0,89.57,26.65,46.52,MODERATE,41.55,592.0,False,"[""HIGH_FARMLAND_RATIO"",""HIGH_HEAT""]"
라마47b16a,INSUFFICIENT_DATA,"[""elderly_ratio""]",,,,,,,,,,[]
라마47b16b,OK,[],50.0,74.84,86.42,45.44,70.42,HIGH,64.17,49.0,True,"[""HIGH_FARMLAND_RATIO"",""HIGH_ELDERLY_RATIO"",""HIGH_HEAT""]"
라마47b17a,OK,[],50.0,77.78,68.03,43.26,65.27,HIGH,59.77,112.0,True,"[""HIGH_ELDERLY_RATIO"",""HIGH_FARMLAND_RATIO"",""HIGH_HEAT""]"
라마47b17b,INSUFFICIENT_DATA,"[""elderly_ratio""]",,,,,,,,,,[]
라마47b18a,INSUFFICIENT_DATA,"[""elderly_ratio""]",,,,,,,,,,[]
라마47b18b,OK,[],50.0,100.0,4.2,0.62,51.4,HIGH,38.7,676.0,False,"[""HIGH_ELDERLY_RATIO"",""HIGH_HEAT""]"
라마47b19a,OK,[],50.0,0.0,14.44,10.12,21.48,LOW,18.64,977.0,False,"[""HIGH_HEAT""]"
라마47b19b,OK,[],50.0,100.0,21.3,23.41,57.1,HIGH,48.68,390.0,True,"[""HIGH_ELDERLY_RATIO"",""HIGH_HEAT""]"
라마47b20a,INSUFFICIENT_DATA,"[""elderly_ratio""]",,,,,,,,,,[]
라마47b20b,OK,[],50.0,0.0,11.48,20.69,20.49,LOW,20.54,960.0,False,"[""HIGH_HEAT""]"
라마47b21a,INSUFFICIENT_DATA,"[""elderly_ratio""]",,,,,,,,,,[]
라마47b21b,OK,[],50.0,0.0,12.92,20.54,20.97,LOW,20.86,959.0,False,"[""HIGH_HEAT""]"
라마47b22a,INSUFFICIENT_DATA,"[""elderly_ratio""]",,,,,,,,,,[]
라마47b22b,INSUFFICIENT_DATA,"[""elderly_ratio""]",,,,,,,,,,[]
라마47b23a,OK,[],50.0,59.2,56.42,9.55,55.21,HIGH,43.79,528.0,True,"[""HIGH_ELDERLY_RATIO"",""HIGH_FARMLAND_RATIO"",""HIGH_HEAT""]"
라마47b23b,INSUFFICIENT_DATA,"[""elderly_ratio""]",,,,,,,,,,[]
라마47b24a,INSUFFICIENT_DATA,"[""elderly_ratio""]",,,,,,,,,,[]
라마47b24b,INSUFFICIENT_DATA,"[""elderly_ratio""]",,,,,,,,,,[]
라마47b25a,OK,[],50.0,75.68,5.92,17.14,43.87,MODERATE,37.19,722.0,False,"[""HIGH_ELDERLY_RATIO"",""HIGH_HEAT""]"
라마47b25b,OK,[],50.0,0.0,0.0,28.96,16.67,LOW,19.74,971.0,False,"[""HIGH_HEAT""]"
라마47b26a,INSUFFICIENT_DATA,"[""elderly_ratio""]",,,,,,,,,,[]
라마47b26b,OK,[],50.0,0.0,0.0,58.15,16.67,LOW,27.04,893.0,False,"[""LOW_SHELTER_ACCESSIBILITY"",""HIGH_HEAT""]"
라마47b27a,OK,[],50.0,0.0,0.89,73.51,16.96,LOW,31.1,837.0,False,"[""LOW_SHELTER_ACCESSIBILITY"",""HIGH_HEAT""]"
라마47b27b,OK,[],50.0,75.49,44.43,89.05,56.64,HIGH,64.74,39.0,True,"[""LOW_SHELTER_ACCESSIBILITY"",""HIGH_ELDERLY_RATIO"",""HIGH_HEAT""]"
라마47b28a,INSUFFICIENT_DATA,"[""elderly_ratio""]",,,,,,,,,,[]
라마47b28b,INSUFFICIENT_DATA,"[""elderly_ratio""]",,,,,,,,,,[]
라마47b29a,INSUFFICIENT_DATA,"[""elderly_ratio""]",,,,,,,,,,[]
라마47b29b,INSUFFICIENT_DATA,"[""elderly_ratio""]",,,,,,,,,,[]
라마47b30a,INSUFFICIENT_DATA,"[""elderly_ratio""]",,,,,,,,,,[]
라마47b30b,INSUFFICIENT_DATA,"[""elderly_ratio""]",,,,,,,,,,[]
라마47b31a,INSUFFICIENT_DATA,"[""elderly_ratio""]",,,,,,,,,,[]
라마47b31b,INSUFFICIENT_DATA,"[""elderly_ratio""]",,,,,,,,,,[]
라마47b32a,INSUFFICIENT_DATA,"[""elderly_ratio""]",,,,,,,,,,[]
라마47b32b,INSUFFICIENT_DATA,"[""elderly_ratio""]",,,,,,,,,,[]
라마47b33a,INSUFFICIENT_DATA,"[""elderly_ratio""]",,,,,,,,,,[]
라마47b33b,INSUFFICIENT_DATA,"[""elderly_ratio""]",,,,,,,,,,[]
라마47b34a,INSUFFICIENT_DATA,"[""elderly_ratio""]",,,,,,,,,,[]
라마47b34b,INSUFFICIENT_DATA,"[""elderly_ratio""]",,,,,,,,,,[]
라마47b35a,OK,[],50.0,58.33,25.51,100.0,44.61,MODERATE,58.46,134.0,False,"[""LOW_SHELTER_ACCESSIBILITY"",""HIGH_ELDERLY_RATIO"",""HIGH_HEAT""]"
라마47b35b,INSUFFICIENT_DATA,"[""elderly_ratio""]",,,,,,,,,,[]
라마47b36a,INSUFFICIENT_DATA,"[""elderly_ratio""]",,,,,,,,,,[]
라마47b36b,INSUFFICIENT_DATA,"[""elderly_ratio""]",,,,,,,,,,[]
라마47b37a,INSUFFICIENT_DATA,"[""elderly_ratio""]",,,,,,,,,,[]
라마47b37b,INSUFFICIENT_DATA,"[""elderly_ratio""]",,,,,,,,,,[]
라마47b38a,OK,[],50.0,62.22,36.12,79.96,49.45,MODERATE,57.07,170.0,False,"[""LOW_SHELTER_ACCESSIBILITY"",""HIGH_ELDERLY_RATIO"",""HIGH_HEAT""]"
라마47b38b,INSUFFICIENT_DATA,"[""elderly_ratio""]",,,,,,,,,,[]
라마47b39a,INSUFFICIENT_DATA,"[""elderly_ratio""]",,,,,,,,,,[]
라마47b39b,INSUFFICIENT_DATA,"[""elderly_ratio""]",,,,,,,,,,[]
라마48a13b,OK,[],50.0,77.78,44.77,0.0,57.52,HIGH,43.14,550.0,False,"[""HIGH_ELDERLY_RATIO"",""HIGH_HEAT""]"
라마48a14a,INSUFFICIENT_DATA,"[""elderly_ratio""]",,,,,,,,,,[]
라마48a14b,OK,[],50.0,55.68,50.03,21.15,51.9,HIGH,44.22,514.0,True,"[""HIGH_ELDERLY_RATIO"",""HIGH_FARMLAND_RATIO"",""HIGH_HEAT""]"
라마48a15a,OK,[],50.0,63.19,100.0,37.0,71.06,HIGH,62.55,69.0,True,"[""HIGH_FARMLAND_RATIO"",""HIGH_ELDERLY_RATIO"",""HIGH_HEAT""]"
라마48a15b,OK,[],50.0,53.8,36.8,42.15,46.87,MODERATE,45.69,482.0,False,"[""HIGH_ELDERLY_RATIO"",""HIGH_HEAT""]"
라마48a16a,INSUFFICIENT_DATA,"[""elderly_ratio""]",,,,,,,,,,[]
라마48a16b,INSUFFICIENT_DATA,"[""elderly_ratio""]",,,,,,,,,,[]
라마48a17a,OK,[],50.0,45.65,27.44,43.7,41.03,MODERATE,41.7,586.0,False,"[""HIGH_HEAT""]"
라마48a17b,INSUFFICIENT_DATA,"[""elderly_ratio""]",,,,,,,,,,[]
라마48a18a,INSUFFICIENT_DATA,"[""elderly_ratio""]",,,,,,,,,,[]
라마48a18b,OK,[],50.0,80.77,16.98,3.33,49.25,MODERATE,37.77,707.0,False,"[""HIGH_ELDERLY_RATIO"",""HIGH_HEAT""]"
라마48a19a,OK,[],50.0,80.77,50.12,4.41,60.3,HIGH,46.32,460.0,True,"[""HIGH_ELDERLY_RATIO"",""HIGH_FARMLAND_RATIO"",""HIGH_HEAT""]"
라마48a19b,INSUFFICIENT_DATA,"[""elderly_ratio""]",,,,,,,,,,[]
라마48a20a,INSUFFICIENT_DATA,"[""elderly_ratio""]",,,,,,,,,,[]
라마48a20b,INSUFFICIENT_DATA,"[""elderly_ratio""]",,,,,,,,,,[]
라마48a21a,OK,[],50.0,100.0,32.96,0.0,60.99,HIGH,45.74,479.0,False,"[""HIGH_ELDERLY_RATIO"",""HIGH_HEAT""]"
라마48a21b,INSUFFICIENT_DATA,"[""elderly_ratio""]",,,,,,,,,,[]
라마48a22a,INSUFFICIENT_DATA,"[""elderly_ratio""]",,,,,,,,,,[]
라마48a22b,OK,[],50.0,75.0,79.96,5.95,68.32,HIGH,52.73,278.0,True,"[""HIGH_FARMLAND_RATIO"",""HIGH_ELDERLY_RATIO"",""HIGH_HEAT""]"
라마48a23a,OK,[],50.0,73.46,96.41,0.0,73.29,HIGH,54.97,219.0,False,"[""HIGH_FARMLAND_RATIO"",""HIGH_ELDERLY_RATIO"",""HIGH_HEAT""]"
라마48a23b,INSUFFICIENT_DATA,"[""elderly_ratio""]",,,,,,,,,,[]
라마48a24a,INSUFFICIENT_DATA,"[""elderly_ratio""]",,,,,,,,,,[]
라마48a24b,INSUFFICIENT_DATA,"[""elderly_ratio""]",,,,,,,,,,[]
라마48a25a,OK,[],50.0,56.0,0.0,31.2,35.33,MODERATE,34.3,778.0,False,"[""HIGH_ELDERLY_RATIO"",""HIGH_HEAT""]"
라마48a25b,OK,[],50.0,0.0,10.2,39.51,20.07,LOW,24.93,916.0,False,"[""HIGH_HEAT""]"
라마48a26a,INSUFFICIENT_DATA,"[""elderly_ratio""]",,,,,,,,,,[]
라마48a26b,INSUFFICIENT_DATA,"[""elderly_ratio""]",,,,,,,,,,[]
라마48a27a,INSUFFICIENT_DATA,"[""elderly_ratio""]",,,,,,,,,,[]
라마48a27b,INSUFFICIENT_DATA,"[""elderly_ratio""]",,,,,,,,,,[]
라마48a28a,OK,[],50.0,84.85,10.4,95.79,48.42,MODERATE,60.26,102.0,False,"[""LOW_SHELTER_ACCESSIBILITY"",""HIGH_ELDERLY_RATIO"",""HIGH_HEAT""]"
라마48a28b,INSUFFICIENT_DATA,"[""elderly_ratio""]",,,,,,,,,,[]
라마48a29a,INSUFFICIENT_DATA,"[""elderly_ratio""]",,,,,,,,,,[]
라마48a29b,INSUFFICIENT_DATA,"[""elderly_ratio""]",,,,,,,,,,[]
라마48a30a,INSUFFICIENT_DATA,"[""elderly_ratio""]",,,,,,,,,,[]
라마48a30b,INSUFFICIENT_DATA,"[""elderly_ratio""]",,,,,,,,,,[]
라마48a31a,INSUFFICIENT_DATA,"[""elderly_ratio""]",,,,,,,,,,[]
라마48a31b,INSUFFICIENT_DATA,"[""elderly_ratio""]",,,,,,,,,,[]
라마48a32a,INSUFFICIENT_DATA,"[""elderly_ratio""]",,,,,,,,,,[]
라마48a32b,INSUFFICIENT_DATA,"[""elderly_ratio""]",,,,,,,,,,[]
라마48a33a,INSUFFICIENT_DATA,"[""elderly_ratio""]",,,,,,,,,,[]
라마48a33b,INSUFFICIENT_DATA,"[""elderly_ratio""]",,,,,,,,,,[]
라마48a34a,INSUFFICIENT_DATA,"[""elderly_ratio""]",,,,,,,,,,[]
라마48a34b,INSUFFICIENT_DATA,"[""elderly_ratio""]",,,,,,,,,,[]
라마48a35a,INSUFFICIENT_DATA,"[""elderly_ratio""]",,,,,,,,,,[]
라마48a35b,OK,[],50.0,0.0,10.1,98.69,20.03,LOW,39.7,649.0,False,"[""LOW_SHELTER_ACCESSIBILITY"",""HIGH_HEAT""]"
라마48a36a,INSUFFICIENT_DATA,"[""elderly_ratio""]",,,,,,,,,,[]
라마48a36b,INSUFFICIENT_DATA,"[""elderly_ratio""]",,,,,,,,,,[]
라마48a37a,INSUFFICIENT_DATA,"[""elderly_ratio""]",,,,,,,,,,[]
라마48a37b,OK,[],50.0,0.0,1.14,65.45,17.05,LOW,29.15,863.0,False,"[""LOW_SHELTER_ACCESSIBILITY"",""HIGH_HEAT""]"
라마48a38a,OK,[],50.0,98.72,15.22,64.05,54.65,HIGH,57.0,173.0,True,"[""HIGH_ELDERLY_RATIO"",""LOW_SHELTER_ACCESSIBILITY"",""HIGH_HEAT""]"
라마48a38b,OK,[],50.0,65.62,21.31,66.22,45.64,MODERATE,50.79,331.0,False,"[""LOW_SHELTER_ACCESSIBILITY"",""HIGH_ELDERLY_RATIO"",""HIGH_HEAT""]"
라마48a39a,INSUFFICIENT_DATA,"[""elderly_ratio""]",,,,,,,,,,[]
라마48a39b,INSUFFICIENT_DATA,"[""elderly_ratio""]",,,,,,,,,,[]
라마48b13b,INSUFFICIENT_DATA,"[""elderly_ratio""]",,,,,,,,,,[]
라마48b14a,OK,[],50.0,0.0,4.72,16.01,18.24,LOW,17.68,987.0,False,"[""HIGH_HEAT""]"
라마48b14b,INSUFFICIENT_DATA,"[""elderly_ratio""]",,,,,,,,,,[]
라마48b15a,OK,[],50.0,0.0,33.54,40.93,27.85,MODERATE,31.12,835.0,False,"[""HIGH_HEAT""]"
라마48b15b,OK,[],50.0,45.75,15.51,55.81,37.09,MODERATE,41.77,579.0,False,"[""LOW_SHELTER_ACCESSIBILITY"",""HIGH_HEAT""]"
라마48b16a,INSUFFICIENT_DATA,"[""elderly_ratio""]",,,,,,,,,,[]
라마48b16b,OK,[],50.0,0.0,39.08,63.48,29.69,MODERATE,38.14,695.0,False,"[""LOW_SHELTER_ACCESSIBILITY"",""HIGH_HEAT""]"
라마48b17a,OK,[],50.0,71.01,11.07,48.95,44.03,MODERATE,45.26,492.0,False,"[""HIGH_ELDERLY_RATIO"",""HIGH_HEAT""]"
라마48b17b,INSUFFICIENT_DATA,"[""elderly_ratio""]",,,,,,,,,,[]
라마48b18a,INSUFFICIENT_DATA,"[""elderly_ratio""]",,,,,,,,,,[]
라마48b18b,INSUFFICIENT_DATA,"[""elderly_ratio""]",,,,,,,,,,[]
라마48b19a,OK,[],50.0,63.64,43.75,0.08,52.46,HIGH,39.37,660.0,False,"[""HIGH_ELDERLY_RATIO"",""HIGH_HEAT""]"
라마48b19b,OK,[],50.0,80.77,15.25,8.71,48.67,MODERATE,38.68,678.0,False,"[""HIGH_ELDERLY_RATIO"",""HIGH_HEAT""]"
라마48b20a,INSUFFICIENT_DATA,"[""elderly_ratio""]",,,,,,,,,,[]
라마48b20b,INSUFFICIENT_DATA,"[""elderly_ratio""]",,,,,,,,,,[]
라마48b21a,OK,[],50.0,0.0,11.12,4.36,20.37,LOW,16.37,991.0,False,"[""HIGH_HEAT""]"
라마48b21b,INSUFFICIENT_DATA,"[""elderly_ratio""]",,,,,,,,,,[]
라마48b22a,OK,[],50.0,74.24,30.64,4.57,51.63,HIGH,39.86,643.0,True,"[""HIGH_ELDERLY_RATIO"",""HIGH_HEAT""]"
라마48b22b,OK,[],50.0,100.0,2.39,4.02,50.8,HIGH,39.1,665.0,True,"[""HIGH_ELDERLY_RATIO"",""HIGH_HEAT""]"
라마48b23a,OK,[],50.0,74.24,53.14,11.28,59.13,HIGH,47.16,433.0,True,"[""HIGH_ELDERLY_RATIO"",""HIGH_FARMLAND_RATIO"",""HIGH_HEAT""]"
라마48b23b,OK,[],50.0,51.85,31.0,14.4,44.28,MODERATE,36.81,729.0,False,"[""HIGH_ELDERLY_RATIO"",""HIGH_HEAT""]"
라마48b24a,INSUFFICIENT_DATA,"[""elderly_ratio""]",,,,,,,,,,[]
라마48b24b,INSUFFICIENT_DATA,"[""elderly_ratio""]",,,,,,,,,,[]
라마48b25a,INSUFFICIENT_DATA,"[""elderly_ratio""]",,,,,,,,,,[]
라마48b25b,OK,[],50.0,0.0,5.56,28.7,18.52,LOW,21.07,956.0,False,"[""HIGH_HEAT""]"
라마48b26a,INSUFFICIENT_DATA,"[""elderly_ratio""]",,,,,,,,,,[]
라마48b26b,INSUFFICIENT_DATA,"[""elderly_ratio""]",,,,,,,,,,[]
라마48b27a,INSUFFICIENT_DATA,"[""elderly_ratio""]",,,,,,,,,,[]
라마48b27b,INSUFFICIENT_DATA,"[""elderly_ratio""]",,,,,,,,,,[]
라마48b28a,OK,[],50.0,100.0,22.37,89.1,57.46,HIGH,65.37,33.0,True,"[""HIGH_ELDERLY_RATIO"",""LOW_SHELTER_ACCESSIBILITY"",""HIGH_HEAT""]"
라마48b28b,INSUFFICIENT_DATA,"[""elderly_ratio""]",,,,,,,,,,[]
라마48b29a,INSUFFICIENT_DATA,"[""elderly_ratio""]",,,,,,,,,,[]
라마48b29b,INSUFFICIENT_DATA,"[""elderly_ratio""]",,,,,,,,,,[]
라마48b30a,INSUFFICIENT_DATA,"[""elderly_ratio""]",,,,,,,,,,[]
라마48b30b,INSUFFICIENT_DATA,"[""elderly_ratio""]",,,,,,,,,,[]
라마48b31a,INSUFFICIENT_DATA,"[""elderly_ratio""]",,,,,,,,,,[]
라마48b31b,INSUFFICIENT_DATA,"[""elderly_ratio""]",,,,,,,,,,[]
라마48b32a,INSUFFICIENT_DATA,"[""elderly_ratio""]",,,,,,,,,,[]
라마48b32b,INSUFFICIENT_DATA,"[""elderly_ratio""]",,,,,,,,,,[]
라마48b33a,INSUFFICIENT_DATA,"[""elderly_ratio""]",,,,,,,,,,[]
라마48b33b,INSUFFICIENT_DATA,"[""elderly_ratio""]",,,,,,,,,,[]
라마48b34a,OK,[],50.0,0.0,7.72,96.37,19.24,LOW,38.52,684.0,False,"[""LOW_SHELTER_ACCESSIBILITY"",""HIGH_HEAT""]"
라마48b34b,OK,[],50.0,91.67,24.08,100.0,55.25,HIGH,66.44,21.0,True,"[""LOW_SHELTER_ACCESSIBILITY"",""HIGH_ELDERLY_RATIO"",""HIGH_HEAT""]"
라마48b35a,OK,[],50.0,0.0,4.02,100.0,18.01,LOW,38.51,685.0,False,"[""LOW_SHELTER_ACCESSIBILITY"",""HIGH_HEAT""]"
라마48b35b,INSUFFICIENT_DATA,"[""elderly_ratio""]",,,,,,,,,,[]
라마48b36a,OK,[],50.0,0.0,0.0,76.22,16.67,LOW,31.55,830.0,False,"[""LOW_SHELTER_ACCESSIBILITY"",""HIGH_HEAT""]"
라마48b36b,OK,[],50.0,79.55,0.72,65.02,43.42,MODERATE,48.82,386.0,False,"[""HIGH_ELDERLY_RATIO"",""LOW_SHELTER_ACCESSIBILITY"",""HIGH_HEAT""]"
라마48b37a,INSUFFICIENT_DATA,"[""elderly_ratio""]",,,,,,,,,,[]
라마48b37b,INSUFFICIENT_DATA,"[""elderly_ratio""]",,,,,,,,,,[]
라마48b38a,INSUFFICIENT_DATA,"[""elderly_ratio""]",,,,,,,,,,[]
라마48b38b,INSUFFICIENT_DATA,"[""elderly_ratio""]",,,,,,,,,,[]
라마48b39a,INSUFFICIENT_DATA,"[""elderly_ratio""]",,,,,,,,,,[]
라마48b39b,INSUFFICIENT_DATA,"[""elderly_ratio""]",,,,,,,,,,[]
라마48b40a,INSUFFICIENT_DATA,"[""elderly_ratio""]",,,,,,,,,,[]
라마48b54a,INSUFFICIENT_DATA,"[""elderly_ratio""]",,,,,,,,,,[]
라마48b54b,INSUFFICIENT_DATA,"[""elderly_ratio""]",,,,,,,,,,[]
라마49a14a,INSUFFICIENT_DATA,"[""elderly_ratio""]",,,,,,,,,,[]
라마49a14b,INSUFFICIENT_DATA,"[""elderly_ratio""]",,,,,,,,,,[]
라마49a15a,INSUFFICIENT_DATA,"[""elderly_ratio""]",,,,,,,,,,[]
라마49a15b,INSUFFICIENT_DATA,"[""elderly_ratio""]",,,,,,,,,,[]
라마49a16a,INSUFFICIENT_DATA,"[""elderly_ratio""]",,,,,,,,,,[]
라마49a16b,OK,[],50.0,65.62,18.15,70.7,44.59,MODERATE,51.12,322.0,False,"[""LOW_SHELTER_ACCESSIBILITY"",""HIGH_ELDERLY_RATIO"",""HIGH_HEAT""]"
라마49a17a,INSUFFICIENT_DATA,"[""elderly_ratio""]",,,,,,,,,,[]
라마49a17b,OK,[],50.0,100.0,10.8,46.67,53.6,HIGH,51.87,297.0,True,"[""HIGH_ELDERLY_RATIO"",""HIGH_HEAT""]"
라마49a18a,INSUFFICIENT_DATA,"[""elderly_ratio""]",,,,,,,,,,[]
라마49a18b,INSUFFICIENT_DATA,"[""elderly_ratio""]",,,,,,,,,,[]
라마49a19a,INSUFFICIENT_DATA,"[""elderly_ratio""]",,,,,,,,,,[]
라마49a19b,INSUFFICIENT_DATA,"[""elderly_ratio""]",,,,,,,,,,[]
라마49a20a,INSUFFICIENT_DATA,"[""elderly_ratio""]",,,,,,,,,,[]
라마49a20b,INSUFFICIENT_DATA,"[""elderly_ratio""]",,,,,,,,,,[]
라마49a21a,OK,[],50.0,0.0,13.56,20.27,21.19,LOW,20.96,958.0,False,"[""HIGH_HEAT""]"
라마49a21b,OK,[],50.0,0.0,5.19,24.65,18.4,LOW,19.96,966.0,False,"[""HIGH_HEAT""]"
라마49a22a,INSUFFICIENT_DATA,"[""elderly_ratio""]",,,,,,,,,,[]
라마49a22b,INSUFFICIENT_DATA,"[""elderly_ratio""]",,,,,,,,,,[]
라마49a23a,INSUFFICIENT_DATA,"[""elderly_ratio""]",,,,,,,,,,[]
라마49a23b,OK,[],50.0,64.17,90.57,18.14,68.25,HIGH,55.72,203.0,True,"[""HIGH_FARMLAND_RATIO"",""HIGH_ELDERLY_RATIO"",""HIGH_HEAT""]"
라마49a24a,OK,[],50.0,60.0,23.68,20.29,44.56,MODERATE,38.49,687.0,False,"[""HIGH_ELDERLY_RATIO"",""HIGH_HEAT""]"
라마49a24b,OK,[],50.0,100.0,1.34,22.3,50.45,HIGH,43.41,545.0,True,"[""HIGH_ELDERLY_RATIO"",""HIGH_HEAT""]"
라마49a25a,OK,[],50.0,0.0,8.68,12.58,19.56,LOW,17.82,986.0,False,"[""HIGH_HEAT""]"
라마49a25b,INSUFFICIENT_DATA,"[""elderly_ratio""]",,,,,,,,,,[]
라마49a26a,INSUFFICIENT_DATA,"[""elderly_ratio""]",,,,,,,,,,[]
라마49a26b,INSUFFICIENT_DATA,"[""elderly_ratio""]",,,,,,,,,,[]
라마49a27a,OK,[],50.0,0.0,0.0,53.83,16.67,LOW,25.96,906.0,False,"[""LOW_SHELTER_ACCESSIBILITY"",""HIGH_HEAT""]"
라마49a27b,INSUFFICIENT_DATA,"[""elderly_ratio""]",,,,,,,,,,[]
라마49a28a,OK,[],50.0,0.0,0.0,84.74,16.67,LOW,33.69,788.0,False,"[""LOW_SHELTER_ACCESSIBILITY"",""HIGH_HEAT""]"
라마49a28b,OK,[],50.0,100.0,47.93,94.77,65.98,HIGH,73.17,2.0,True,"[""HIGH_ELDERLY_RATIO"",""LOW_SHELTER_ACCESSIBILITY"",""HIGH_HEAT""]"
라마49a29a,INSUFFICIENT_DATA,"[""elderly_ratio""]",,,,,,,,,,[]
라마49a29b,INSUFFICIENT_DATA,"[""elderly_ratio""]",,,,,,,,,,[]
라마49a30a,INSUFFICIENT_DATA,"[""elderly_ratio""]",,,,,,,,,,[]
라마49a30b,INSUFFICIENT_DATA,"[""elderly_ratio""]",,,,,,,,,,[]
라마49a31a,INSUFFICIENT_DATA,"[""elderly_ratio""]",,,,,,,,,,[]
라마49a31b,INSUFFICIENT_DATA,"[""elderly_ratio""]",,,,,,,,,,[]
라마49a32a,INSUFFICIENT_DATA,"[""elderly_ratio""]",,,,,,,,,,[]
라마49a32b,INSUFFICIENT_DATA,"[""elderly_ratio""]",,,,,,,,,,[]
라마49a33a,INSUFFICIENT_DATA,"[""elderly_ratio""]",,,,,,,,,,[]
라마49a33b,INSUFFICIENT_DATA,"[""elderly_ratio""]",,,,,,,,,,[]
라마49a34a,INSUFFICIENT_DATA,"[""elderly_ratio""]",,,,,,,,,,[]
라마49a34b,OK,[],50.0,0.0,12.44,91.53,20.81,LOW,38.49,688.0,False,"[""LOW_SHELTER_ACCESSIBILITY"",""HIGH_HEAT""]"
라마49a35a,INSUFFICIENT_DATA,"[""elderly_ratio""]",,,,,,,,,,[]
라마49a35b,INSUFFICIENT_DATA,"[""elderly_ratio""]",,,,,,,,,,[]
라마49a36a,INSUFFICIENT_DATA,"[""elderly_ratio""]",,,,,,,,,,[]
라마49a36b,OK,[],50.0,62.17,1.99,53.79,38.05,MODERATE,41.99,575.0,False,"[""HIGH_ELDERLY_RATIO"",""LOW_SHELTER_ACCESSIBILITY"",""HIGH_HEAT""]"
라마49a37a,OK,[],50.0,38.89,0.0,42.62,29.63,MODERATE,32.88,805.0,False,"[""HIGH_HEAT""]"
라마49a37b,INSUFFICIENT_DATA,"[""elderly_ratio""]",,,,,,,,,,[]
라마49a38a,INSUFFICIENT_DATA,"[""elderly_ratio""]",,,,,,,,,,[]
라마49a38b,INSUFFICIENT_DATA,"[""elderly_ratio""]",,,,,,,,,,[]
라마49a39a,INSUFFICIENT_DATA,"[""elderly_ratio""]",,,,,,,,,,[]
라마49a39b,INSUFFICIENT_DATA,"[""elderly_ratio""]",,,,,,,,,,[]
라마49a40a,INSUFFICIENT_DATA,"[""elderly_ratio""]",,,,,,,,,,[]
라마49a50b,INSUFFICIENT_DATA,"[""elderly_ratio""]",,,,,,,,,,[]
라마49a54a,INSUFFICIENT_DATA,"[""elderly_ratio""]",,,,,,,,,,[]
라마49a54b,INSUFFICIENT_DATA,"[""elderly_ratio""]",,,,,,,,,,[]
라마49a55a,INSUFFICIENT_DATA,"[""elderly_ratio""]",,,,,,,,,,[]
라마49b13b,INSUFFICIENT_DATA,"[""elderly_ratio""]",,,,,,,,,,[]
라마49b14a,INSUFFICIENT_DATA,"[""elderly_ratio""]",,,,,,,,,,[]
라마49b14b,INSUFFICIENT_DATA,"[""elderly_ratio""]",,,,,,,,,,[]
라마49b15a,INSUFFICIENT_DATA,"[""elderly_ratio""]",,,,,,,,,,[]
라마49b15b,INSUFFICIENT_DATA,"[""elderly_ratio""]",,,,,,,,,,[]
라마49b16a,OK,[],50.0,61.76,24.07,84.4,45.28,MODERATE,55.06,216.0,False,"[""LOW_SHELTER_ACCESSIBILITY"",""HIGH_ELDERLY_RATIO"",""HIGH_HEAT""]"
라마49b16b,INSUFFICIENT_DATA,"[""elderly_ratio""]",,,,,,,,,,[]
라마49b17a,INSUFFICIENT_DATA,"[""elderly_ratio""]",,,,,,,,,,[]
라마49b17b,OK,[],50.0,77.78,30.49,56.48,52.76,HIGH,53.69,257.0,True,"[""HIGH_ELDERLY_RATIO"",""LOW_SHELTER_ACCESSIBILITY"",""HIGH_HEAT""]"
라마49b18a,INSUFFICIENT_DATA,"[""elderly_ratio""]",,,,,,,,,,[]
라마49b18b,INSUFFICIENT_DATA,"[""elderly_ratio""]",,,,,,,,,,[]
라마49b19a,INSUFFICIENT_DATA,"[""elderly_ratio""]",,,,,,,,,,[]
라마49b19b,INSUFFICIENT_DATA,"[""elderly_ratio""]",,,,,,,,,,[]
라마49b20a,INSUFFICIENT_DATA,"[""elderly_ratio""]",,,,,,,,,,[]
라마49b20b,INSUFFICIENT_DATA,"[""elderly_ratio""]",,,,,,,,,,[]
라마49b21a,INSUFFICIENT_DATA,"[""elderly_ratio""]",,,,,,,,,,[]
라마49b21b,INSUFFICIENT_DATA,"[""elderly_ratio""]",,,,,,,,,,[]
라마49b22a,INSUFFICIENT_DATA,"[""elderly_ratio""]",,,,,,,,,,[]
라마49b22b,INSUFFICIENT_DATA,"[""elderly_ratio""]",,,,,,,,,,[]
라마49b23a,INSUFFICIENT_DATA,"[""elderly_ratio""]",,,,,,,,,,[]
라마49b23b,OK,[],50.0,86.56,78.34,3.01,71.63,HIGH,54.48,237.0,False,"[""HIGH_ELDERLY_RATIO"",""HIGH_FARMLAND_RATIO"",""HIGH_HEAT""]"
라마49b24a,OK,[],50.0,99.17,31.33,7.76,60.17,HIGH,47.06,435.0,True,"[""HIGH_ELDERLY_RATIO"",""HIGH_HEAT""]"
라마49b24b,OK,[],50.0,85.96,80.11,16.3,72.02,HIGH,58.09,148.0,True,"[""HIGH_ELDERLY_RATIO"",""HIGH_FARMLAND_RATIO"",""HIGH_HEAT""]"
라마49b25a,OK,[],50.0,55.56,100.0,0.53,68.52,HIGH,51.52,303.0,False,"[""HIGH_FARMLAND_RATIO"",""HIGH_ELDERLY_RATIO"",""HIGH_HEAT""]"
라마49b25b,OK,[],50.0,77.78,0.1,3.6,42.63,MODERATE,32.87,806.0,False,"[""HIGH_ELDERLY_RATIO"",""HIGH_HEAT""]"
라마49b26a,INSUFFICIENT_DATA,"[""elderly_ratio""]",,,,,,,,,,[]
라마49b26b,INSUFFICIENT_DATA,"[""elderly_ratio""]",,,,,,,,,,[]
라마49b27a,INSUFFICIENT_DATA,"[""elderly_ratio""]",,,,,,,,,,[]
라마49b27b,OK,[],50.0,91.15,35.67,66.35,58.94,HIGH,60.79,96.0,True,"[""HIGH_ELDERLY_RATIO"",""LOW_SHELTER_ACCESSIBILITY"",""HIGH_HEAT""]"
라마49b28a,INSUFFICIENT_DATA,"[""elderly_ratio""]",,,,,,,,,,[]
라마49b28b,INSUFFICIENT_DATA,"[""elderly_ratio""]",,,,,,,,,,[]
라마49b29a,INSUFFICIENT_DATA,"[""elderly_ratio""]",,,,,,,,,,[]
라마49b29b,INSUFFICIENT_DATA,"[""elderly_ratio""]",,,,,,,,,,[]
라마49b30a,INSUFFICIENT_DATA,"[""elderly_ratio""]",,,,,,,,,,[]
라마49b30b,INSUFFICIENT_DATA,"[""elderly_ratio""]",,,,,,,,,,[]
라마49b31a,INSUFFICIENT_DATA,"[""elderly_ratio""]",,,,,,,,,,[]
라마49b31b,INSUFFICIENT_DATA,"[""elderly_ratio""]",,,,,,,,,,[]
라마49b32a,INSUFFICIENT_DATA,"[""elderly_ratio""]",,,,,,,,,,[]
라마49b32b,INSUFFICIENT_DATA,"[""elderly_ratio""]",,,,,,,,,,[]
라마49b33a,INSUFFICIENT_DATA,"[""elderly_ratio""]",,,,,,,,,,[]
라마49b33b,INSUFFICIENT_DATA,"[""elderly_ratio""]",,,,,,,,,,[]
라마49b34a,INSUFFICIENT_DATA,"[""elderly_ratio""]",,,,,,,,,,[]
라마49b34b,INSUFFICIENT_DATA,"[""elderly_ratio""]",,,,,,,,,,[]
라마49b35a,INSUFFICIENT_DATA,"[""elderly_ratio""]",,,,,,,,,,[]
라마49b35b,OK,[],50.0,0.0,16.39,69.62,22.13,LOW,34.0,782.0,False,"[""LOW_SHELTER_ACCESSIBILITY"",""HIGH_HEAT""]"
라마49b36a,OK,[],50.0,81.67,16.85,57.2,49.51,MODERATE,51.43,309.0,False,"[""HIGH_ELDERLY_RATIO"",""LOW_SHELTER_ACCESSIBILITY"",""HIGH_HEAT""]"
라마49b36b,INSUFFICIENT_DATA,"[""elderly_ratio""]",,,,,,,,,,[]
라마49b37a,INSUFFICIENT_DATA,"[""elderly_ratio""]",,,,,,,,,,[]
라마49b37b,INSUFFICIENT_DATA,"[""elderly_ratio""]",,,,,,,,,,[]
라마49b38a,OK,[],50.0,90.0,12.03,16.35,50.68,HIGH,42.09,573.0,True,"[""HIGH_ELDERLY_RATIO"",""HIGH_HEAT""]"
라마49b38b,INSUFFICIENT_DATA,"[""elderly_ratio""]",,,,,,,,,,[]
라마49b39a,INSUFFICIENT_DATA,"[""elderly_ratio""]",,,,,,,,,,[]
라마49b39b,INSUFFICIENT_DATA,"[""elderly_ratio""]",,,,,,,,,,[]
라마49b40a,INSUFFICIENT_DATA,"[""elderly_ratio""]",,,,,,,,,,[]
라마49b40b,INSUFFICIENT_DATA,"[""elderly_ratio""]",,,,,,,,,,[]
라마49b41a,INSUFFICIENT_DATA,"[""elderly_ratio""]",,,,,,,,,,[]
라마49b41b,INSUFFICIENT_DATA,"[""elderly_ratio""]",,,,,,,,,,[]
라마49b42a,INSUFFICIENT_DATA,"[""elderly_ratio""]",,,,,,,,,,[]
라마49b50b,INSUFFICIENT_DATA,"[""elderly_ratio""]",,,,,,,,,,[]
라마49b51a,INSUFFICIENT_DATA,"[""elderly_ratio""]",,,,,,,,,,[]
라마49b52a,INSUFFICIENT_DATA,"[""elderly_ratio""]",,,,,,,,,,[]
라마49b52b,INSUFFICIENT_DATA,"[""elderly_ratio""]",,,,,,,,,,[]
라마49b53b,INSUFFICIENT_DATA,"[""elderly_ratio""]",,,,,,,,,,[]
라마49b54a,INSUFFICIENT_DATA,"[""elderly_ratio""]",,,,,,,,,,[]
라마49b54b,OK,[],50.0,94.79,41.49,100.0,62.09,HIGH,71.57,5.0,True,"[""LOW_SHELTER_ACCESSIBILITY"",""HIGH_ELDERLY_RATIO"",""HIGH_HEAT""]"
라마49b55a,INSUFFICIENT_DATA,"[""elderly_ratio""]",,,,,,,,,,[]
라마49b55b,INSUFFICIENT_DATA,"[""elderly_ratio""]",,,,,,,,,,[]
라마49b56a,INSUFFICIENT_DATA,"[""elderly_ratio""]",,,,,,,,,,[]
라마50a13b,INSUFFICIENT_DATA,"[""elderly_ratio""]",,,,,,,,,,[]
라마50a14a,INSUFFICIENT_DATA,"[""elderly_ratio""]",,,,,,,,,,[]
라마50a14b,INSUFFICIENT_DATA,"[""elderly_ratio""]",,,,,,,,,,[]
라마50a15a,INSUFFICIENT_DATA,"[""elderly_ratio""]",,,,,,,,,,[]
라마50a15b,INSUFFICIENT_DATA,"[""elderly_ratio""]",,,,,,,,,,[]
라마50a16a,OK,[],50.0,83.33,55.24,81.73,62.86,HIGH,67.58,16.0,True,"[""HIGH_ELDERLY_RATIO"",""LOW_SHELTER_ACCESSIBILITY"",""HIGH_FARMLAND_RATIO""]"
라마50a16b,INSUFFICIENT_DATA,"[""elderly_ratio""]",,,,,,,,,,[]
라마50a17a,INSUFFICIENT_DATA,"[""elderly_ratio""]",,,,,,,,,,[]
라마50a17b,INSUFFICIENT_DATA,"[""elderly_ratio""]",,,,,,,,,,[]
라마50a18a,INSUFFICIENT_DATA,"[""elderly_ratio""]",,,,,,,,,,[]
라마50a18b,INSUFFICIENT_DATA,"[""elderly_ratio""]",,,,,,,,,,[]
라마50a19a,OK,[],50.0,0.0,8.95,47.43,19.65,LOW,26.59,899.0,False,"[""HIGH_HEAT""]"
라마50a19b,OK,[],50.0,78.92,19.28,39.6,49.4,MODERATE,46.95,441.0,False,"[""HIGH_ELDERLY_RATIO"",""HIGH_HEAT""]"
라마50a20a,INSUFFICIENT_DATA,"[""elderly_ratio""]",,,,,,,,,,[]
라마50a20b,INSUFFICIENT_DATA,"[""elderly_ratio""]",,,,,,,,,,[]
라마50a21a,OK,[],50.0,84.0,16.93,0.0,50.31,HIGH,37.73,708.0,False,"[""HIGH_ELDERLY_RATIO"",""HIGH_HEAT""]"
라마50a21b,INSUFFICIENT_DATA,"[""elderly_ratio""]",,,,,,,,,,[]
라마50a22a,INSUFFICIENT_DATA,"[""elderly_ratio""]",,,,,,,,,,[]
라마50a22b,INSUFFICIENT_DATA,"[""elderly_ratio""]",,,,,,,,,,[]
라마50a23a,OK,[],50.0,0.0,44.39,15.93,31.46,MODERATE,27.58,888.0,False,"[""HIGH_HEAT""]"
라마50a23b,OK,[],50.0,67.54,44.66,3.19,54.07,HIGH,41.35,600.0,False,"[""HIGH_ELDERLY_RATIO"",""HIGH_HEAT""]"
라마50a24a,OK,[],50.0,100.0,70.82,7.87,73.61,HIGH,57.17,169.0,True,"[""HIGH_ELDERLY_RATIO"",""HIGH_FARMLAND_RATIO"",""HIGH_HEAT""]"
라마50a24b,INSUFFICIENT_DATA,"[""elderly_ratio""]",,,,,,,,,,[]
라마50a25a,OK,[],50.0,0.0,100.0,4.03,50.0,MODERATE,38.51,686.0,False,"[""HIGH_FARMLAND_RATIO"",""HIGH_HEAT""]"
라마50a25b,OK,[],50.0,60.34,23.74,0.84,44.69,MODERATE,33.73,786.0,False,"[""HIGH_ELDERLY_RATIO"",""HIGH_HEAT""]"
라마50a26a,INSUFFICIENT_DATA,"[""elderly_ratio""]",,,,,,,,,,[]
라마50a26b,INSUFFICIENT_DATA,"[""elderly_ratio""]",,,,,,,,,,[]
라마50a27a,INSUFFICIENT_DATA,"[""elderly_ratio""]",,,,,,,,,,[]
라마50a27b,INSUFFICIENT_DATA,"[""elderly_ratio""]",,,,,,,,,,[]
라마50a28a,INSUFFICIENT_DATA,"[""elderly_ratio""]",,,,,,,,,,[]
라마50a28b,OK,[],50.0,60.34,48.03,69.34,52.79,HIGH,56.93,176.0,True,"[""LOW_SHELTER_ACCESSIBILITY"",""HIGH_ELDERLY_RATIO"",""HIGH_HEAT""]"
라마50a29a,INSUFFICIENT_DATA,"[""elderly_ratio""]",,,,,,,,,,[]
라마50a29b,INSUFFICIENT_DATA,"[""elderly_ratio""]",,,,,,,,,,[]
라마50a30a,INSUFFICIENT_DATA,"[""elderly_ratio""]",,,,,,,,,,[]
라마50a30b,INSUFFICIENT_DATA,"[""elderly_ratio""]",,,,,,,,,,[]
라마50a31a,INSUFFICIENT_DATA,"[""elderly_ratio""]",,,,,,,,,,[]
라마50a31b,INSUFFICIENT_DATA,"[""elderly_ratio""]",,,,,,,,,,[]
라마50a32a,INSUFFICIENT_DATA,"[""elderly_ratio""]",,,,,,,,,,[]
라마50a32b,INSUFFICIENT_DATA,"[""elderly_ratio""]",,,,,,,,,,[]
라마50a33a,INSUFFICIENT_DATA,"[""elderly_ratio""]",,,,,,,,,,[]
라마50a33b,INSUFFICIENT_DATA,"[""elderly_ratio""]",,,,,,,,,,[]
라마50a34a,INSUFFICIENT_DATA,"[""elderly_ratio""]",,,,,,,,,,[]
라마50a34b,INSUFFICIENT_DATA,"[""elderly_ratio""]",,,,,,,,,,[]
라마50a35a,INSUFFICIENT_DATA,"[""elderly_ratio""]",,,,,,,,,,[]
라마50a35b,INSUFFICIENT_DATA,"[""elderly_ratio""]",,,,,,,,,,[]
라마50a36a,INSUFFICIENT_DATA,"[""elderly_ratio""]",,,,,,,,,,[]
라마50a36b,INSUFFICIENT_DATA,"[""elderly_ratio""]",,,,,,,,,,[]
라마50a37a,INSUFFICIENT_DATA,"[""elderly_ratio""]",,,,,,,,,,[]
라마50a37b,INSUFFICIENT_DATA,"[""elderly_ratio""]",,,,,,,,,,[]
라마50a38a,OK,[],50.0,93.33,25.22,0.6,56.18,HIGH,42.29,566.0,False,"[""HIGH_ELDERLY_RATIO"",""HIGH_HEAT""]"
라마50a38b,OK,[],50.0,0.0,44.62,12.72,31.54,MODERATE,26.84,896.0,False,"[""HIGH_HEAT""]"
라마50a39a,OK,[],50.0,81.16,22.11,28.11,51.09,HIGH,45.34,489.0,True,"[""HIGH_ELDERLY_RATIO"",""HIGH_HEAT""]"
라마50a39b,OK,[],50.0,0.0,5.08,43.83,18.36,LOW,24.73,918.0,False,"[""HIGH_HEAT""]"
라마50a40a,INSUFFICIENT_DATA,"[""elderly_ratio""]",,,,,,,,,,[]
라마50a40b,INSUFFICIENT_DATA,"[""elderly_ratio""]",,,,,,,,,,[]
라마50a41a,INSUFFICIENT_DATA,"[""elderly_ratio""]",,,,,,,,,,[]
라마50a41b,INSUFFICIENT_DATA,"[""elderly_ratio""]",,,,,,,,,,[]
라마50a42a,INSUFFICIENT_DATA,"[""elderly_ratio""]",,,,,,,,,,[]
라마50a42b,INSUFFICIENT_DATA,"[""elderly_ratio""]",,,,,,,,,,[]
라마50a49b,INSUFFICIENT_DATA,"[""elderly_ratio""]",,,,,,,,,,[]
라마50a50a,INSUFFICIENT_DATA,"[""elderly_ratio""]",,,,,,,,,,[]
라마50a50b,INSUFFICIENT_DATA,"[""elderly_ratio""]",,,,,,,,,,[]
라마50a51a,INSUFFICIENT_DATA,"[""elderly_ratio""]",,,,,,,,,,[]
라마50a51b,INSUFFICIENT_DATA,"[""elderly_ratio""]",,,,,,,,,,[]
라마50a52a,INSUFFICIENT_DATA,"[""elderly_ratio""]",,,,,,,,,,[]
라마50a52b,INSUFFICIENT_DATA,"[""elderly_ratio""]",,,,,,,,,,[]
라마50a53a,INSUFFICIENT_DATA,"[""elderly_ratio""]",,,,,,,,,,[]
라마50a53b,INSUFFICIENT_DATA,"[""elderly_ratio""]",,,,,,,,,,[]
라마50a54a,INSUFFICIENT_DATA,"[""elderly_ratio""]",,,,,,,,,,[]
라마50a54b,OK,[],50.0,0.0,31.35,100.0,27.12,MODERATE,45.34,490.0,False,"[""LOW_SHELTER_ACCESSIBILITY"",""HIGH_HEAT""]"
라마50a55a,INSUFFICIENT_DATA,"[""elderly_ratio""]",,,,,,,,,,[]
라마50a55b,OK,[],50.0,70.61,35.57,100.0,52.06,HIGH,64.05,50.0,True,"[""LOW_SHELTER_ACCESSIBILITY"",""HIGH_ELDERLY_RATIO"",""HIGH_HEAT""]"
라마50a56a,OK,[],50.0,100.0,23.93,100.0,57.98,HIGH,68.48,12.0,True,"[""HIGH_ELDERLY_RATIO"",""LOW_SHELTER_ACCESSIBILITY"",""HIGH_HEAT""]"
라마50b12b,INSUFFICIENT_DATA,"[""elderly_ratio""]",,,,,,,,,,[]
라마50b13a,INSUFFICIENT_DATA,"[""elderly_ratio""]",,,,,,,,,,[]
라마50b13b,INSUFFICIENT_DATA,"[""elderly_ratio""]",,,,,,,,,,[]
라마50b14a,INSUFFICIENT_DATA,"[""elderly_ratio""]",,,,,,,,,,[]
라마50b14b,INSUFFICIENT_DATA,"[""elderly_ratio""]",,,,,,,,,,[]
라마50b15a,INSUFFICIENT_DATA,"[""elderly_ratio""]",,,,,,,,,,[]
라마50b15b,INSUFFICIENT_DATA,"[""elderly_ratio""]",,,,,,,,,,[]
라마50b16a,INSUFFICIENT_DATA,"[""elderly_ratio""]",,,,,,,,,,[]
라마50b16b,INSUFFICIENT_DATA,"[""elderly_ratio""]",,,,,,,,,,[]
라마50b17a,INSUFFICIENT_DATA,"[""elderly_ratio""]",,,,,,,,,,[]
라마50b17b,INSUFFICIENT_DATA,"[""elderly_ratio""]",,,,,,,,,,[]
라마50b18a,INSUFFICIENT_DATA,"[""elderly_ratio""]",,,,,,,,,,[]
라마50b18b,INSUFFICIENT_DATA,"[""elderly_ratio""]",,,,,,,,,,[]
라마50b19a,INSUFFICIENT_DATA,"[""elderly_ratio""]",,,,,,,,,,[]
라마50b19b,INSUFFICIENT_DATA,"[""elderly_ratio""]",,,,,,,,,,[]
라마50b20a,INSUFFICIENT_DATA,"[""elderly_ratio""]",,,,,,,,,,[]
라마50b20b,INSUFFICIENT_DATA,"[""elderly_ratio""]",,,,,,,,,,[]
라마50b21a,OK,[],50.0,35.35,25.06,4.76,36.8,MODERATE,28.79,870.0,False,"[""HIGH_HEAT""]"
라마50b21b,INSUFFICIENT_DATA,"[""elderly_ratio""]",,,,,,,,,,[]
라마50b22a,INSUFFICIENT_DATA,"[""elderly_ratio""]",,,,,,,,,,[]
라마50b22b,INSUFFICIENT_DATA,"[""elderly_ratio""]",,,,,,,,,,[]
라마50b23a,OK,[],50.0,0.0,26.36,25.46,25.45,MODERATE,25.45,914.0,False,"[""HIGH_HEAT""]"
라마50b23b,INSUFFICIENT_DATA,"[""elderly_ratio""]",,,,,,,,,,[]
라마50b24a,INSUFFICIENT_DATA,"[""elderly_ratio""]",,,,,,,,,,[]
라마50b24b,INSUFFICIENT_DATA,"[""elderly_ratio""]",,,,,,,,,,[]
라마50b25a,OK,[],50.0,80.95,50.95,10.13,60.63,HIGH,48.01,404.0,True,"[""HIGH_ELDERLY_RATIO"",""HIGH_FARMLAND_RATIO"",""HIGH_HEAT""]"
라마50b25b,INSUFFICIENT_DATA,"[""elderly_ratio""]",,,,,,,,,,[]
라마50b26a,INSUFFICIENT_DATA,"[""elderly_ratio""]",,,,,,,,,,[]
라마50b26b,INSUFFICIENT_DATA,"[""elderly_ratio""]",,,,,,,,,,[]
라마50b27a,INSUFFICIENT_DATA,"[""elderly_ratio""]",,,,,,,,,,[]
라마50b27b,INSUFFICIENT_DATA,"[""elderly_ratio""]",,,,,,,,,,[]
라마50b28a,INSUFFICIENT_DATA,"[""elderly_ratio""]",,,,,,,,,,[]
라마50b28b,OK,[],50.0,0.0,53.14,58.78,34.38,MODERATE,40.48,624.0,False,"[""LOW_SHELTER_ACCESSIBILITY"",""HIGH_FARMLAND_RATIO"",""HIGH_HEAT""]"
라마50b29a,INSUFFICIENT_DATA,"[""elderly_ratio""]",,,,,,,,,,[]
라마50b29b,INSUFFICIENT_DATA,"[""elderly_ratio""]",,,,,,,,,,[]
라마50b30a,INSUFFICIENT_DATA,"[""elderly_ratio""]",,,,,,,,,,[]
라마50b30b,INSUFFICIENT_DATA,"[""elderly_ratio""]",,,,,,,,,,[]
라마50b31a,INSUFFICIENT_DATA,"[""elderly_ratio""]",,,,,,,,,,[]
라마50b31b,OK,[],50.0,0.0,0.0,38.13,16.67,LOW,22.03,944.0,False,"[""HIGH_HEAT""]"
라마50b32a,INSUFFICIENT_DATA,"[""elderly_ratio""]",,,,,,,,,,[]
라마50b32b,OK,[],50.0,0.0,20.9,22.15,23.63,LOW,23.26,927.0,False,"[""HIGH_HEAT""]"
라마50b33a,OK,[],50.0,58.33,26.34,25.2,44.89,MODERATE,39.97,639.0,False,"[""HIGH_ELDERLY_RATIO"",""HIGH_HEAT""]"
라마50b33b,OK,[],50.0,82.8,50.64,34.74,61.15,HIGH,54.55,234.0,True,"[""HIGH_ELDERLY_RATIO"",""HIGH_FARMLAND_RATIO"",""HIGH_HEAT""]"
라마50b34a,INSUFFICIENT_DATA,"[""elderly_ratio""]",,,,,,,,,,[]
라마50b34b,OK,[],50.0,0.0,0.0,61.47,16.67,LOW,27.87,884.0,False,"[""LOW_SHELTER_ACCESSIBILITY"",""HIGH_HEAT""]"
라마50b35a,INSUFFICIENT_DATA,"[""elderly_ratio""]",,,,,,,,,,[]
라마50b35b,INSUFFICIENT_DATA,"[""elderly_ratio""]",,,,,,,,,,[]
라마50b36a,INSUFFICIENT_DATA,"[""elderly_ratio""]",,,,,,,,,,[]
라마50b36b,INSUFFICIENT_DATA,"[""elderly_ratio""]",,,,,,,,,,[]
라마50b37a,INSUFFICIENT_DATA,"[""elderly_ratio""]",,,,,,,,,,[]
라마50b37b,INSUFFICIENT_DATA,"[""elderly_ratio""]",,,,,,,,,,[]
라마50b38a,INSUFFICIENT_DATA,"[""elderly_ratio""]",,,,,,,,,,[]
라마50b38b,INSUFFICIENT_DATA,"[""elderly_ratio""]",,,,,,,,,,[]
라마50b39a,INSUFFICIENT_DATA,"[""elderly_ratio""]",,,,,,,,,,[]
라마50b39b,INSUFFICIENT_DATA,"[""elderly_ratio""]",,,,,,,,,,[]
라마50b40a,INSUFFICIENT_DATA,"[""elderly_ratio""]",,,,,,,,,,[]
라마50b40b,INSUFFICIENT_DATA,"[""elderly_ratio""]",,,,,,,,,,[]
라마50b41a,INSUFFICIENT_DATA,"[""elderly_ratio""]",,,,,,,,,,[]
라마50b41b,INSUFFICIENT_DATA,"[""elderly_ratio""]",,,,,,,,,,[]
라마50b42a,INSUFFICIENT_DATA,"[""elderly_ratio""]",,,,,,,,,,[]
라마50b42b,INSUFFICIENT_DATA,"[""elderly_ratio""]",,,,,,,,,,[]
라마50b48a,INSUFFICIENT_DATA,"[""elderly_ratio""]",,,,,,,,,,[]
라마50b48b,INSUFFICIENT_DATA,"[""elderly_ratio""]",,,,,,,,,,[]
라마50b49a,INSUFFICIENT_DATA,"[""elderly_ratio""]",,,,,,,,,,[]
라마50b49b,INSUFFICIENT_DATA,"[""elderly_ratio""]",,,,,,,,,,[]
라마50b50a,INSUFFICIENT_DATA,"[""elderly_ratio""]",,,,,,,,,,[]
라마50b50b,INSUFFICIENT_DATA,"[""elderly_ratio""]",,,,,,,,,,[]
라마50b51a,INSUFFICIENT_DATA,"[""elderly_ratio""]",,,,,,,,,,[]
라마50b51b,INSUFFICIENT_DATA,"[""elderly_ratio""]",,,,,,,,,,[]
라마50b52a,INSUFFICIENT_DATA,"[""elderly_ratio""]",,,,,,,,,,[]
라마50b52b,INSUFFICIENT_DATA,"[""elderly_ratio""]",,,,,,,,,,[]
라마50b53a,INSUFFICIENT_DATA,"[""elderly_ratio""]",,,,,,,,,,[]
라마50b53b,INSUFFICIENT_DATA,"[""elderly_ratio""]",,,,,,,,,,[]
라마50b54a,INSUFFICIENT_DATA,"[""elderly_ratio""]",,,,,,,,,,[]
라마50b54b,INSUFFICIENT_DATA,"[""elderly_ratio""]",,,,,,,,,,[]
라마50b55a,OK,[],50.0,60.55,42.8,100.0,51.12,HIGH,63.34,62.0,True,"[""LOW_SHELTER_ACCESSIBILITY"",""HIGH_ELDERLY_RATIO"",""HIGH_HEAT""]"
라마50b55b,INSUFFICIENT_DATA,"[""elderly_ratio""]",,,,,,,,,,[]
라마50b56a,INSUFFICIENT_DATA,"[""elderly_ratio""]",,,,,,,,,,[]
라마50b56b,INSUFFICIENT_DATA,"[""elderly_ratio""]",,,,,,,,,,[]
라마51a12a,INSUFFICIENT_DATA,"[""elderly_ratio""]",,,,,,,,,,[]
라마51a12b,INSUFFICIENT_DATA,"[""elderly_ratio""]",,,,,,,,,,[]
라마51a13a,INSUFFICIENT_DATA,"[""elderly_ratio""]",,,,,,,,,,[]
라마51a13b,INSUFFICIENT_DATA,"[""elderly_ratio""]",,,,,,,,,,[]
라마51a14a,INSUFFICIENT_DATA,"[""elderly_ratio""]",,,,,,,,,,[]
라마51a14b,INSUFFICIENT_DATA,"[""elderly_ratio""]",,,,,,,,,,[]
라마51a15a,INSUFFICIENT_DATA,"[""elderly_ratio""]",,,,,,,,,,[]
라마51a15b,INSUFFICIENT_DATA,"[""elderly_ratio""]",,,,,,,,,,[]
라마51a16a,INSUFFICIENT_DATA,"[""elderly_ratio""]",,,,,,,,,,[]
라마51a16b,INSUFFICIENT_DATA,"[""elderly_ratio""]",,,,,,,,,,[]
라마51a17a,INSUFFICIENT_DATA,"[""elderly_ratio""]",,,,,,,,,,[]
라마51a17b,INSUFFICIENT_DATA,"[""elderly_ratio""]",,,,,,,,,,[]
라마51a18a,OK,[],50.0,0.0,14.4,85.39,21.47,LOW,37.45,714.0,False,"[""LOW_SHELTER_ACCESSIBILITY"",""HIGH_HEAT""]"
라마51a18b,INSUFFICIENT_DATA,"[""elderly_ratio""]",,,,,,,,,,[]
라마51a19a,INSUFFICIENT_DATA,"[""elderly_ratio""]",,,,,,,,,,[]
라마51a19b,INSUFFICIENT_DATA,"[""elderly_ratio""]",,,,,,,,,,[]
라마51a20a,INSUFFICIENT_DATA,"[""elderly_ratio""]",,,,,,,,,,[]
라마51a20b,INSUFFICIENT_DATA,"[""elderly_ratio""]",,,,,,,,,,[]
라마51a21a,INSUFFICIENT_DATA,"[""elderly_ratio""]",,,,,,,,,,[]
라마51a21b,INSUFFICIENT_DATA,"[""elderly_ratio""]",,,,,,,,,,[]
라마51a22a,INSUFFICIENT_DATA,"[""elderly_ratio""]",,,,,,,,,,[]
라마51a22b,INSUFFICIENT_DATA,"[""elderly_ratio""]",,,,,,,,,,[]
라마51a23a,INSUFFICIENT_DATA,"[""elderly_ratio""]",,,,,,,,,,[]
라마51a23b,OK,[],50.0,71.79,26.18,34.09,49.32,MODERATE,45.52,487.0,False,"[""HIGH_ELDERLY_RATIO"",""HIGH_HEAT""]"
라마51a24a,INSUFFICIENT_DATA,"[""elderly_ratio""]",,,,,,,,,,[]
라마51a24b,INSUFFICIENT_DATA,"[""elderly_ratio""]",,,,,,,,,,[]
라마51a25a,INSUFFICIENT_DATA,"[""elderly_ratio""]",,,,,,,,,,[]
라마51a25b,INSUFFICIENT_DATA,"[""elderly_ratio""]",,,,,,,,,,[]
라마51a26a,OK,[],50.0,74.79,44.38,30.37,56.39,HIGH,49.89,353.0,True,"[""HIGH_ELDERLY_RATIO"",""HIGH_HEAT""]"
라마51a26b,INSUFFICIENT_DATA,"[""elderly_ratio""]",,,,,,,,,,[]
라마51a27a,INSUFFICIENT_DATA,"[""elderly_ratio""]",,,,,,,,,,[]
라마51a27b,INSUFFICIENT_DATA,"[""elderly_ratio""]",,,,,,,,,,[]
라마51a28a,OK,[],50.0,77.78,40.69,65.66,56.16,HIGH,58.53,131.0,True,"[""HIGH_ELDERLY_RATIO"",""LOW_SHELTER_ACCESSIBILITY"",""HIGH_HEAT""]"
라마51a28b,OK,[],50.0,81.67,37.63,50.78,56.43,HIGH,55.02,217.0,True,"[""HIGH_ELDERLY_RATIO"",""LOW_SHELTER_ACCESSIBILITY"",""HIGH_HEAT""]"
라마51a29a,INSUFFICIENT_DATA,"[""elderly_ratio""]",,,,,,,,,,[]
라마51a29b,INSUFFICIENT_DATA,"[""elderly_ratio""]",,,,,,,,,,[]
라마51a30a,INSUFFICIENT_DATA,"[""elderly_ratio""]",,,,,,,,,,[]
라마51a30b,INSUFFICIENT_DATA,"[""elderly_ratio""]",,,,,,,,,,[]
라마51a31a,INSUFFICIENT_DATA,"[""elderly_ratio""]",,,,,,,,,,[]
라마51a31b,INSUFFICIENT_DATA,"[""elderly_ratio""]",,,,,,,,,,[]
라마51a32a,OK,[],50.0,0.0,12.23,15.83,20.74,LOW,19.52,972.0,False,"[""HIGH_HEAT""]"
라마51a32b,INSUFFICIENT_DATA,"[""elderly_ratio""]",,,,,,,,,,[]
라마51a33a,INSUFFICIENT_DATA,"[""elderly_ratio""]",,,,,,,,,,[]
라마51a33b,OK,[],50.0,81.16,98.7,25.92,76.62,VERY_HIGH,63.95,52.0,True,"[""HIGH_FARMLAND_RATIO"",""HIGH_ELDERLY_RATIO"",""HIGH_HEAT""]"
라마51a34a,OK,[],50.0,70.61,20.66,41.03,47.09,MODERATE,45.58,485.0,False,"[""HIGH_ELDERLY_RATIO"",""HIGH_HEAT""]"
라마51a34b,INSUFFICIENT_DATA,"[""elderly_ratio""]",,,,,,,,,,[]
라마51a35a,OK,[],50.0,64.81,35.49,72.13,50.1,HIGH,55.61,205.0,True,"[""LOW_SHELTER_ACCESSIBILITY"",""HIGH_ELDERLY_RATIO"",""HIGH_HEAT""]"
라마51a35b,INSUFFICIENT_DATA,"[""elderly_ratio""]",,,,,,,,,,[]
라마51a36a,INSUFFICIENT_DATA,"[""elderly_ratio""]",,,,,,,,,,[]
라마51a36b,INSUFFICIENT_DATA,"[""elderly_ratio""]",,,,,,,,,,[]
라마51a37a,INSUFFICIENT_DATA,"[""elderly_ratio""]",,,,,,,,,,[]
라마51a37b,OK,[],50.0,64.97,44.35,0.0,53.11,HIGH,39.83,645.0,False,"[""HIGH_ELDERLY_RATIO"",""HIGH_HEAT""]"
라마51a38a,OK,[],50.0,0.0,5.62,11.95,18.54,LOW,16.89,990.0,False,"[""HIGH_HEAT""]"
라마51a38b,INSUFFICIENT_DATA,"[""elderly_ratio""]",,,,,,,,,,[]
라마51a39a,INSUFFICIENT_DATA,"[""elderly_ratio""]",,,,,,,,,,[]
라마51a39b,INSUFFICIENT_DATA,"[""elderly_ratio""]",,,,,,,,,,[]
라마51a40a,INSUFFICIENT_DATA,"[""elderly_ratio""]",,,,,,,,,,[]
라마51a40b,INSUFFICIENT_DATA,"[""elderly_ratio""]",,,,,,,,,,[]
라마51a41a,INSUFFICIENT_DATA,"[""elderly_ratio""]",,,,,,,,,,[]
라마51a41b,INSUFFICIENT_DATA,"[""elderly_ratio""]",,,,,,,,,,[]
라마51a42a,INSUFFICIENT_DATA,"[""elderly_ratio""]",,,,,,,,,,[]
라마51a42b,INSUFFICIENT_DATA,"[""elderly_ratio""]",,,,,,,,,,[]
라마51a47b,INSUFFICIENT_DATA,"[""elderly_ratio""]",,,,,,,,,,[]
라마51a48a,INSUFFICIENT_DATA,"[""elderly_ratio""]",,,,,,,,,,[]
라마51a48b,INSUFFICIENT_DATA,"[""elderly_ratio""]",,,,,,,,,,[]
라마51a49a,INSUFFICIENT_DATA,"[""elderly_ratio""]",,,,,,,,,,[]
라마51a49b,INSUFFICIENT_DATA,"[""elderly_ratio""]",,,,,,,,,,[]
라마51a50a,OK,[],50.0,0.0,11.02,100.0,20.34,LOW,40.26,627.0,False,"[""LOW_SHELTER_ACCESSIBILITY"",""HIGH_HEAT""]"
라마51a50b,INSUFFICIENT_DATA,"[""elderly_ratio""]",,,,,,,,,,[]
라마51a51a,INSUFFICIENT_DATA,"[""elderly_ratio""]",,,,,,,,,,[]
라마51a51b,INSUFFICIENT_DATA,"[""elderly_ratio""]",,,,,,,,,,[]
라마51a52a,INSUFFICIENT_DATA,"[""elderly_ratio""]",,,,,,,,,,[]
라마51a52b,INSUFFICIENT_DATA,"[""elderly_ratio""]",,,,,,,,,,[]
라마51a53a,INSUFFICIENT_DATA,"[""elderly_ratio""]",,,,,,,,,,[]
라마51a53b,INSUFFICIENT_DATA,"[""elderly_ratio""]",,,,,,,,,,[]
라마51a54a,INSUFFICIENT_DATA,"[""elderly_ratio""]",,,,,,,,,,[]
라마51a54b,INSUFFICIENT_DATA,"[""elderly_ratio""]",,,,,,,,,,[]
라마51a55a,OK,[],50.0,77.78,0.39,100.0,42.72,MODERATE,57.04,171.0,False,"[""LOW_SHELTER_ACCESSIBILITY"",""HIGH_ELDERLY_RATIO"",""HIGH_HEAT""]"
라마51a55b,INSUFFICIENT_DATA,"[""elderly_ratio""]",,,,,,,,,,[]
라마51a56a,INSUFFICIENT_DATA,"[""elderly_ratio""]",,,,,,,,,,[]
라마51a56b,INSUFFICIENT_DATA,"[""elderly_ratio""]",,,,,,,,,,[]
라마51b11a,INSUFFICIENT_DATA,"[""elderly_ratio""]",,,,,,,,,,[]
라마51b11b,INSUFFICIENT_DATA,"[""elderly_ratio""]",,,,,,,,,,[]
라마51b12a,INSUFFICIENT_DATA,"[""elderly_ratio""]",,,,,,,,,,[]
라마51b12b,INSUFFICIENT_DATA,"[""elderly_ratio""]",,,,,,,,,,[]
라마51b13a,INSUFFICIENT_DATA,"[""elderly_ratio""]",,,,,,,,,,[]
라마51b13b,INSUFFICIENT_DATA,"[""elderly_ratio""]",,,,,,,,,,[]
라마51b14a,INSUFFICIENT_DATA,"[""elderly_ratio""]",,,,,,,,,,[]
라마51b14b,OK,[],50.0,76.28,14.85,49.31,47.04,MODERATE,47.61,416.0,False,"[""HIGH_ELDERLY_RATIO"",""HIGH_HEAT""]"
라마51b15a,INSUFFICIENT_DATA,"[""elderly_ratio""]",,,,,,,,,,[]
라마51b15b,INSUFFICIENT_DATA,"[""elderly_ratio""]",,,,,,,,,,[]
라마51b16a,INSUFFICIENT_DATA,"[""elderly_ratio""]",,,,,,,,,,[]
라마51b16b,INSUFFICIENT_DATA,"[""elderly_ratio""]",,,,,,,,,,[]
라마51b17a,INSUFFICIENT_DATA,"[""elderly_ratio""]",,,,,,,,,,[]
라마51b17b,INSUFFICIENT_DATA,"[""elderly_ratio""]",,,,,,,,,,[]
라마51b18a,OK,[],50.0,74.24,11.98,76.71,45.41,MODERATE,53.23,266.0,False,"[""LOW_SHELTER_ACCESSIBILITY"",""HIGH_ELDERLY_RATIO"",""HIGH_HEAT""]"
라마51b18b,INSUFFICIENT_DATA,"[""elderly_ratio""]",,,,,,,,,,[]
라마51b19a,INSUFFICIENT_DATA,"[""elderly_ratio""]",,,,,,,,,,[]
라마51b19b,INSUFFICIENT_DATA,"[""elderly_ratio""]",,,,,,,,,,[]
라마51b20a,INSUFFICIENT_DATA,"[""elderly_ratio""]",,,,,,,,,,[]
라마51b20b,INSUFFICIENT_DATA,"[""elderly_ratio""]",,,,,,,,,,[]
라마51b21a,INSUFFICIENT_DATA,"[""elderly_ratio""]",,,,,,,,,,[]
라마51b21b,INSUFFICIENT_DATA,"[""elderly_ratio""]",,,,,,,,,,[]
라마51b22a,INSUFFICIENT_DATA,"[""elderly_ratio""]",,,,,,,,,,[]
라마51b22b,INSUFFICIENT_DATA,"[""elderly_ratio""]",,,,,,,,,,[]
라마51b23a,INSUFFICIENT_DATA,"[""elderly_ratio""]",,,,,,,,,,[]
라마51b23b,INSUFFICIENT_DATA,"[""elderly_ratio""]",,,,,,,,,,[]
라마51b24a,INSUFFICIENT_DATA,"[""elderly_ratio""]",,,,,,,,,,[]
라마51b24b,INSUFFICIENT_DATA,"[""elderly_ratio""]",,,,,,,,,,[]
라마51b25a,INSUFFICIENT_DATA,"[""elderly_ratio""]",,,,,,,,,,[]
라마51b25b,INSUFFICIENT_DATA,"[""elderly_ratio""]",,,,,,,,,,[]
라마51b26a,INSUFFICIENT_DATA,"[""elderly_ratio""]",,,,,,,,,,[]
라마51b26b,INSUFFICIENT_DATA,"[""elderly_ratio""]",,,,,,,,,,[]
라마51b27a,INSUFFICIENT_DATA,"[""elderly_ratio""]",,,,,,,,,,[]
라마51b27b,INSUFFICIENT_DATA,"[""elderly_ratio""]",,,,,,,,,,[]
라마51b28a,OK,[],50.0,87.5,5.6,62.32,47.7,MODERATE,51.35,312.0,False,"[""HIGH_ELDERLY_RATIO"",""LOW_SHELTER_ACCESSIBILITY"",""HIGH_HEAT""]"
라마51b28b,INSUFFICIENT_DATA,"[""elderly_ratio""]",,,,,,,,,,[]
라마51b29a,INSUFFICIENT_DATA,"[""elderly_ratio""]",,,,,,,,,,[]
라마51b29b,INSUFFICIENT_DATA,"[""elderly_ratio""]",,,,,,,,,,[]
라마51b30a,OK,[],50.0,45.37,9.5,1.98,34.96,MODERATE,26.71,898.0,False,"[""HIGH_HEAT""]"
라마51b30b,INSUFFICIENT_DATA,"[""elderly_ratio""]",,,,,,,,,,[]
라마51b31a,INSUFFICIENT_DATA,"[""elderly_ratio""]",,,,,,,,,,[]
라마51b31b,INSUFFICIENT_DATA,"[""elderly_ratio""]",,,,,,,,,,[]
라마51b32a,INSUFFICIENT_DATA,"[""elderly_ratio""]",,,,,,,,,,[]
라마51b32b,OK,[],50.0,54.17,41.0,0.0,48.39,MODERATE,36.29,739.0,False,"[""HIGH_ELDERLY_RATIO"",""HIGH_HEAT""]"
라마51b33a,INSUFFICIENT_DATA,"[""elderly_ratio""]",,,,,,,,,,[]
라마51b33b,OK,[],50.0,0.0,11.69,23.74,20.56,LOW,21.36,952.0,False,"[""HIGH_HEAT""]"
라마51b34a,INSUFFICIENT_DATA,"[""elderly_ratio""]",,,,,,,,,,[]
라마51b34b,INSUFFICIENT_DATA,"[""elderly_ratio""]",,,,,,,,,,[]
라마51b35a,INSUFFICIENT_DATA,"[""elderly_ratio""]",,,,,,,,,,[]
라마51b35b,OK,[],50.0,0.0,6.83,59.37,18.94,LOW,29.05,865.0,False,"[""LOW_SHELTER_ACCESSIBILITY"",""HIGH_HEAT""]"
라마51b36a,OK,[],50.0,65.45,36.53,44.5,50.66,HIGH,49.12,377.0,True,"[""HIGH_ELDERLY_RATIO"",""HIGH_HEAT""]"
라마51b36b,INSUFFICIENT_DATA,"[""elderly_ratio""]",,,,,,,,,,[]
라마51b37a,INSUFFICIENT_DATA,"[""elderly_ratio""]",,,,,,,,,,[]
라마51b37b,INSUFFICIENT_DATA,"[""elderly_ratio""]",,,,,,,,,,[]
라마51b38a,INSUFFICIENT_DATA,"[""elderly_ratio""]",,,,,,,,,,[]
라마51b38b,INSUFFICIENT_DATA,"[""elderly_ratio""]",,,,,,,,,,[]
라마51b39a,INSUFFICIENT_DATA,"[""elderly_ratio""]",,,,,,,,,,[]
라마51b39b,INSUFFICIENT_DATA,"[""elderly_ratio""]",,,,,,,,,,[]
라마51b40a,INSUFFICIENT_DATA,"[""elderly_ratio""]",,,,,,,,,,[]
라마51b40b,INSUFFICIENT_DATA,"[""elderly_ratio""]",,,,,,,,,,[]
라마51b41a,INSUFFICIENT_DATA,"[""elderly_ratio""]",,,,,,,,,,[]
라마51b41b,INSUFFICIENT_DATA,"[""elderly_ratio""]",,,,,,,,,,[]
라마51b47a,INSUFFICIENT_DATA,"[""elderly_ratio""]",,,,,,,,,,[]
라마51b47b,INSUFFICIENT_DATA,"[""elderly_ratio""]",,,,,,,,,,[]
라마51b48a,INSUFFICIENT_DATA,"[""elderly_ratio""]",,,,,,,,,,[]
라마51b48b,INSUFFICIENT_DATA,"[""elderly_ratio""]",,,,,,,,,,[]
라마51b49a,INSUFFICIENT_DATA,"[""elderly_ratio""]",,,,,,,,,,[]
라마51b49b,INSUFFICIENT_DATA,"[""elderly_ratio""]",,,,,,,,,,[]
라마51b50a,OK,[],50.0,66.22,24.59,100.0,46.94,MODERATE,60.2,104.0,False,"[""LOW_SHELTER_ACCESSIBILITY"",""HIGH_ELDERLY_RATIO"",""HIGH_HEAT""]"
라마51b50b,INSUFFICIENT_DATA,"[""elderly_ratio""]",,,,,,,,,,[]
라마51b51a,INSUFFICIENT_DATA,"[""elderly_ratio""]",,,,,,,,,,[]
라마51b51b,OK,[],50.0,58.33,3.63,100.0,37.32,MODERATE,52.99,272.0,False,"[""LOW_SHELTER_ACCESSIBILITY"",""HIGH_ELDERLY_RATIO"",""HIGH_HEAT""]"
라마51b52a,INSUFFICIENT_DATA,"[""elderly_ratio""]",,,,,,,,,,[]
라마51b52b,INSUFFICIENT_DATA,"[""elderly_ratio""]",,,,,,,,,,[]
라마51b53a,INSUFFICIENT_DATA,"[""elderly_ratio""]",,,,,,,,,,[]
라마51b53b,INSUFFICIENT_DATA,"[""elderly_ratio""]",,,,,,,,,,[]
라마51b54a,INSUFFICIENT_DATA,"[""elderly_ratio""]",,,,,,,,,,[]
라마51b54b,INSUFFICIENT_DATA,"[""elderly_ratio""]",,,,,,,,,,[]
라마51b55a,INSUFFICIENT_DATA,"[""elderly_ratio""]",,,,,,,,,,[]
라마51b55b,INSUFFICIENT_DATA,"[""elderly_ratio""]",,,,,,,,,,[]
라마51b56a,INSUFFICIENT_DATA,"[""elderly_ratio""]",,,,,,,,,,[]
라마51b56b,INSUFFICIENT_DATA,"[""elderly_ratio""]",,,,,,,,,,[]
라마51b57a,INSUFFICIENT_DATA,"[""elderly_ratio""]",,,,,,,,,,[]
라마52a10b,INSUFFICIENT_DATA,"[""elderly_ratio""]",,,,,,,,,,[]
라마52a11a,INSUFFICIENT_DATA,"[""elderly_ratio""]",,,,,,,,,,[]
라마52a11b,OK,[],50.0,95.45,7.43,79.11,50.96,HIGH,58.0,152.0,True,"[""HIGH_ELDERLY_RATIO"",""LOW_SHELTER_ACCESSIBILITY"",""HIGH_HEAT""]"
라마52a12a,INSUFFICIENT_DATA,"[""elderly_ratio""]",,,,,,,,,,[]
라마52a12b,INSUFFICIENT_DATA,"[""elderly_ratio""]",,,,,,,,,,[]
라마52a13a,OK,[],50.0,81.67,1.81,83.58,44.49,MODERATE,54.27,244.0,False,"[""LOW_SHELTER_ACCESSIBILITY"",""HIGH_ELDERLY_RATIO"",""HIGH_HEAT""]"
라마52a13b,INSUFFICIENT_DATA,"[""elderly_ratio""]",,,,,,,,,,[]
라마52a14a,INSUFFICIENT_DATA,"[""elderly_ratio""]",,,,,,,,,,[]
라마52a14b,INSUFFICIENT_DATA,"[""elderly_ratio""]",,,,,,,,,,[]
라마52a15a,INSUFFICIENT_DATA,"[""elderly_ratio""]",,,,,,,,,,[]
라마52a15b,INSUFFICIENT_DATA,"[""elderly_ratio""]",,,,,,,,,,[]
라마52a16a,INSUFFICIENT_DATA,"[""elderly_ratio""]",,,,,,,,,,[]
라마52a16b,INSUFFICIENT_DATA,"[""elderly_ratio""]",,,,,,,,,,[]
라마52a17a,INSUFFICIENT_DATA,"[""elderly_ratio""]",,,,,,,,,,[]
라마52a17b,INSUFFICIENT_DATA,"[""elderly_ratio""]",,,,,,,,,,[]
라마52a18a,INSUFFICIENT_DATA,"[""elderly_ratio""]",,,,,,,,,,[]
라마52a18b,INSUFFICIENT_DATA,"[""elderly_ratio""]",,,,,,,,,,[]
라마52a19a,INSUFFICIENT_DATA,"[""elderly_ratio""]",,,,,,,,,,[]
라마52a19b,INSUFFICIENT_DATA,"[""elderly_ratio""]",,,,,,,,,,[]
라마52a20a,INSUFFICIENT_DATA,"[""elderly_ratio""]",,,,,,,,,,[]
라마52a20b,INSUFFICIENT_DATA,"[""elderly_ratio""]",,,,,,,,,,[]
라마52a21a,INSUFFICIENT_DATA,"[""elderly_ratio""]",,,,,,,,,,[]
라마52a21b,INSUFFICIENT_DATA,"[""elderly_ratio""]",,,,,,,,,,[]
라마52a22a,INSUFFICIENT_DATA,"[""elderly_ratio""]",,,,,,,,,,[]
라마52a22b,INSUFFICIENT_DATA,"[""elderly_ratio""]",,,,,,,,,,[]
라마52a23a,INSUFFICIENT_DATA,"[""elderly_ratio""]",,,,,,,,,,[]
라마52a23b,INSUFFICIENT_DATA,"[""elderly_ratio""]",,,,,,,,,,[]
라마52a24a,OK,[],50.0,87.5,49.94,7.44,62.48,HIGH,48.72,389.0,True,"[""HIGH_ELDERLY_RATIO"",""HIGH_HEAT""]"
라마52a24b,INSUFFICIENT_DATA,"[""elderly_ratio""]",,,,,,,,,,[]
라마52a25a,INSUFFICIENT_DATA,"[""elderly_ratio""]",,,,,,,,,,[]
라마52a25b,INSUFFICIENT_DATA,"[""elderly_ratio""]",,,,,,,,,,[]
라마52a26a,INSUFFICIENT_DATA,"[""elderly_ratio""]",,,,,,,,,,[]
라마52a26b,INSUFFICIENT_DATA,"[""elderly_ratio""]",,,,,,,,,,[]
라마52a27a,INSUFFICIENT_DATA,"[""elderly_ratio""]",,,,,,,,,,[]
라마52a27b,INSUFFICIENT_DATA,"[""elderly_ratio""]",,,,,,,,,,[]
라마52a28a,INSUFFICIENT_DATA,"[""elderly_ratio""]",,,,,,,,,,[]
라마52a28b,INSUFFICIENT_DATA,"[""elderly_ratio""]",,,,,,,,,,[]
라마52a29a,INSUFFICIENT_DATA,"[""elderly_ratio""]",,,,,,,,,,[]
라마52a29b,INSUFFICIENT_DATA,"[""elderly_ratio""]",,,,,,,,,,[]
라마52a30a,INSUFFICIENT_DATA,"[""elderly_ratio""]",,,,,,,,,,[]
라마52a30b,OK,[],50.0,89.74,9.81,8.67,49.85,MODERATE,39.55,655.0,False,"[""HIGH_ELDERLY_RATIO"",""HIGH_HEAT""]"
라마52a31a,OK,[],50.0,75.49,32.64,22.88,52.71,HIGH,45.25,493.0,True,"[""HIGH_ELDERLY_RATIO"",""HIGH_HEAT""]"
라마52a31b,INSUFFICIENT_DATA,"[""elderly_ratio""]",,,,,,,,,,[]
라마52a32a,INSUFFICIENT_DATA,"[""elderly_ratio""]",,,,,,,,,,[]
라마52a32b,INSUFFICIENT_DATA,"[""elderly_ratio""]",,,,,,,,,,[]
라마52a33a,INSUFFICIENT_DATA,"[""elderly_ratio""]",,,,,,,,,,[]
라마52a33b,INSUFFICIENT_DATA,"[""elderly_ratio""]",,,,,,,,,,[]
라마52a34a,INSUFFICIENT_DATA,"[""elderly_ratio""]",,,,,,,,,,[]
라마52a34b,INSUFFICIENT_DATA,"[""elderly_ratio""]",,,,,,,,,,[]
라마52a35a,INSUFFICIENT_DATA,"[""elderly_ratio""]",,,,,,,,,,[]
라마52a35b,INSUFFICIENT_DATA,"[""elderly_ratio""]",,,,,,,,,,[]
라마52a36a,INSUFFICIENT_DATA,"[""elderly_ratio""]",,,,,,,,,,[]
라마52a36b,INSUFFICIENT_DATA,"[""elderly_ratio""]",,,,,,,,,,[]
라마52a37a,INSUFFICIENT_DATA,"[""elderly_ratio""]",,,,,,,,,,[]
라마52a37b,INSUFFICIENT_DATA,"[""elderly_ratio""]",,,,,,,,,,[]
라마52a38a,INSUFFICIENT_DATA,"[""elderly_ratio""]",,,,,,,,,,[]
라마52a38b,INSUFFICIENT_DATA,"[""elderly_ratio""]",,,,,,,,,,[]
라마52a39a,INSUFFICIENT_DATA,"[""elderly_ratio""]",,,,,,,,,,[]
라마52a39b,INSUFFICIENT_DATA,"[""elderly_ratio""]",,,,,,,,,,[]
라마52a40a,INSUFFICIENT_DATA,"[""elderly_ratio""]",,,,,,,,,,[]
라마52a40b,INSUFFICIENT_DATA,"[""elderly_ratio""]",,,,,,,,,,[]
라마52a41a,INSUFFICIENT_DATA,"[""elderly_ratio""]",,,,,,,,,,[]
라마52a41b,INSUFFICIENT_DATA,"[""elderly_ratio""]",,,,,,,,,,[]
라마52a42a,INSUFFICIENT_DATA,"[""elderly_ratio""]",,,,,,,,,,[]
라마52a45a,INSUFFICIENT_DATA,"[""elderly_ratio""]",,,,,,,,,,[]
라마52a45b,INSUFFICIENT_DATA,"[""elderly_ratio""]",,,,,,,,,,[]
라마52a46a,INSUFFICIENT_DATA,"[""elderly_ratio""]",,,,,,,,,,[]
라마52a46b,INSUFFICIENT_DATA,"[""elderly_ratio""]",,,,,,,,,,[]
라마52a47a,INSUFFICIENT_DATA,"[""elderly_ratio""]",,,,,,,,,,[]
라마52a47b,INSUFFICIENT_DATA,"[""elderly_ratio""]",,,,,,,,,,[]
라마52a48a,INSUFFICIENT_DATA,"[""elderly_ratio""]",,,,,,,,,,[]
라마52a48b,INSUFFICIENT_DATA,"[""elderly_ratio""]",,,,,,,,,,[]
라마52a49a,INSUFFICIENT_DATA,"[""elderly_ratio""]",,,,,,,,,,[]
라마52a49b,OK,[],50.0,59.76,32.71,90.15,47.49,MODERATE,58.16,146.0,False,"[""LOW_SHELTER_ACCESSIBILITY"",""HIGH_ELDERLY_RATIO"",""HIGH_HEAT""]"
라마52a50a,INSUFFICIENT_DATA,"[""elderly_ratio""]",,,,,,,,,,[]
라마52a50b,OK,[],50.0,66.11,37.49,100.0,51.2,HIGH,63.4,60.0,True,"[""LOW_SHELTER_ACCESSIBILITY"",""HIGH_ELDERLY_RATIO"",""HIGH_HEAT""]"
라마52a51a,INSUFFICIENT_DATA,"[""elderly_ratio""]",,,,,,,,,,[]
라마52a51b,INSUFFICIENT_DATA,"[""elderly_ratio""]",,,,,,,,,,[]
라마52a52a,INSUFFICIENT_DATA,"[""elderly_ratio""]",,,,,,,,,,[]
라마52a52b,INSUFFICIENT_DATA,"[""elderly_ratio""]",,,,,,,,,,[]
라마52a53a,INSUFFICIENT_DATA,"[""elderly_ratio""]",,,,,,,,,,[]
라마52a53b,INSUFFICIENT_DATA,"[""elderly_ratio""]",,,,,,,,,,[]
라마52a54a,INSUFFICIENT_DATA,"[""elderly_ratio""]",,,,,,,,,,[]
라마52a54b,INSUFFICIENT_DATA,"[""elderly_ratio""]",,,,,,,,,,[]
라마52a55a,OK,[],50.0,100.0,4.88,100.0,51.63,HIGH,63.72,57.0,True,"[""HIGH_ELDERLY_RATIO"",""LOW_SHELTER_ACCESSIBILITY"",""HIGH_HEAT""]"
라마52a55b,OK,[],50.0,77.78,0.0,100.0,42.59,MODERATE,56.95,175.0,False,"[""LOW_SHELTER_ACCESSIBILITY"",""HIGH_ELDERLY_RATIO"",""HIGH_HEAT""]"
라마52a56a,INSUFFICIENT_DATA,"[""elderly_ratio""]",,,,,,,,,,[]
라마52a56b,INSUFFICIENT_DATA,"[""elderly_ratio""]",,,,,,,,,,[]
라마52a57a,INSUFFICIENT_DATA,"[""elderly_ratio""]",,,,,,,,,,[]
라마52b10b,INSUFFICIENT_DATA,"[""elderly_ratio""]",,,,,,,,,,[]
라마52b11a,INSUFFICIENT_DATA,"[""elderly_ratio""]",,,,,,,,,,[]
라마52b11b,INSUFFICIENT_DATA,"[""elderly_ratio""]",,,,,,,,,,[]
라마52b12a,INSUFFICIENT_DATA,"[""elderly_ratio""]",,,,,,,,,,[]
라마52b12b,INSUFFICIENT_DATA,"[""elderly_ratio""]",,,,,,,,,,[]
라마52b13a,OK,[],50.0,72.92,59.34,80.75,60.75,HIGH,65.75,29.0,True,"[""LOW_SHELTER_ACCESSIBILITY"",""HIGH_ELDERLY_RATIO"",""HIGH_FARMLAND_RATIO""]"
라마52b13b,INSUFFICIENT_DATA,"[""elderly_ratio""]",,,,,,,,,,[]
라마52b14a,INSUFFICIENT_DATA,"[""elderly_ratio""]",,,,,,,,,,[]
라마52b14b,INSUFFICIENT_DATA,"[""elderly_ratio""]",,,,,,,,,,[]
라마52b15a,INSUFFICIENT_DATA,"[""elderly_ratio""]",,,,,,,,,,[]
라마52b15b,INSUFFICIENT_DATA,"[""elderly_ratio""]",,,,,,,,,,[]
라마52b16a,INSUFFICIENT_DATA,"[""elderly_ratio""]",,,,,,,,,,[]
라마52b16b,INSUFFICIENT_DATA,"[""elderly_ratio""]",,,,,,,,,,[]
라마52b17a,INSUFFICIENT_DATA,"[""elderly_ratio""]",,,,,,,,,,[]
라마52b17b,INSUFFICIENT_DATA,"[""elderly_ratio""]",,,,,,,,,,[]
라마52b18a,INSUFFICIENT_DATA,"[""elderly_ratio""]",,,,,,,,,,[]
라마52b18b,INSUFFICIENT_DATA,"[""elderly_ratio""]",,,,,,,,,,[]
라마52b19a,INSUFFICIENT_DATA,"[""elderly_ratio""]",,,,,,,,,,[]
라마52b19b,INSUFFICIENT_DATA,"[""elderly_ratio""]",,,,,,,,,,[]
라마52b20a,INSUFFICIENT_DATA,"[""elderly_ratio""]",,,,,,,,,,[]
라마52b20b,INSUFFICIENT_DATA,"[""elderly_ratio""]",,,,,,,,,,[]
라마52b21a,INSUFFICIENT_DATA,"[""elderly_ratio""]",,,,,,,,,,[]
라마52b21b,INSUFFICIENT_DATA,"[""elderly_ratio""]",,,,,,,,,,[]
라마52b22a,INSUFFICIENT_DATA,"[""elderly_ratio""]",,,,,,,,,,[]
라마52b22b,INSUFFICIENT_DATA,"[""elderly_ratio""]",,,,,,,,,,[]
라마52b23a,INSUFFICIENT_DATA,"[""elderly_ratio""]",,,,,,,,,,[]
라마52b23b,INSUFFICIENT_DATA,"[""elderly_ratio""]",,,,,,,,,,[]
라마52b24a,OK,[],50.0,85.26,33.34,0.0,56.2,HIGH,42.15,569.0,False,"[""HIGH_ELDERLY_RATIO"",""HIGH_HEAT""]"
라마52b24b,INSUFFICIENT_DATA,"[""elderly_ratio""]",,,,,,,,,,[]
라마52b25a,INSUFFICIENT_DATA,"[""elderly_ratio""]",,,,,,,,,,[]
라마52b25b,INSUFFICIENT_DATA,"[""elderly_ratio""]",,,,,,,,,,[]
라마52b26a,INSUFFICIENT_DATA,"[""elderly_ratio""]",,,,,,,,,,[]
라마52b26b,INSUFFICIENT_DATA,"[""elderly_ratio""]",,,,,,,,,,[]
라마52b27a,OK,[],50.0,80.21,8.96,46.39,46.39,MODERATE,46.39,457.0,False,"[""HIGH_ELDERLY_RATIO"",""HIGH_HEAT""]"
라마52b27b,INSUFFICIENT_DATA,"[""elderly_ratio""]",,,,,,,,,,[]
라마52b28a,INSUFFICIENT_DATA,"[""elderly_ratio""]",,,,,,,,,,[]
라마52b28b,INSUFFICIENT_DATA,"[""elderly_ratio""]",,,,,,,,,,[]
라마52b29a,INSUFFICIENT_DATA,"[""elderly_ratio""]",,,,,,,,,,[]
라마52b29b,INSUFFICIENT_DATA,"[""elderly_ratio""]",,,,,,,,,,[]
라마52b30a,INSUFFICIENT_DATA,"[""elderly_ratio""]",,,,,,,,,,[]
라마52b30b,INSUFFICIENT_DATA,"[""elderly_ratio""]",,,,,,,,,,[]
라마52b31a,INSUFFICIENT_DATA,"[""elderly_ratio""]",,,,,,,,,,[]
라마52b31b,INSUFFICIENT_DATA,"[""elderly_ratio""]",,,,,,,,,,[]
라마52b32a,INSUFFICIENT_DATA,"[""elderly_ratio""]",,,,,,,,,,[]
라마52b32b,INSUFFICIENT_DATA,"[""elderly_ratio""]",,,,,,,,,,[]
라마52b33a,INSUFFICIENT_DATA,"[""elderly_ratio""]",,,,,,,,,,[]
라마52b33b,INSUFFICIENT_DATA,"[""elderly_ratio""]",,,,,,,,,,[]
라마52b34a,INSUFFICIENT_DATA,"[""elderly_ratio""]",,,,,,,,,,[]
라마52b34b,INSUFFICIENT_DATA,"[""elderly_ratio""]",,,,,,,,,,[]
라마52b35a,INSUFFICIENT_DATA,"[""elderly_ratio""]",,,,,,,,,,[]
라마52b35b,INSUFFICIENT_DATA,"[""elderly_ratio""]",,,,,,,,,,[]
라마52b36a,INSUFFICIENT_DATA,"[""elderly_ratio""]",,,,,,,,,,[]
라마52b36b,INSUFFICIENT_DATA,"[""elderly_ratio""]",,,,,,,,,,[]
라마52b37a,INSUFFICIENT_DATA,"[""elderly_ratio""]",,,,,,,,,,[]
라마52b37b,INSUFFICIENT_DATA,"[""elderly_ratio""]",,,,,,,,,,[]
라마52b38a,INSUFFICIENT_DATA,"[""elderly_ratio""]",,,,,,,,,,[]
라마52b38b,INSUFFICIENT_DATA,"[""elderly_ratio""]",,,,,,,,,,[]
라마52b39a,INSUFFICIENT_DATA,"[""elderly_ratio""]",,,,,,,,,,[]
라마52b39b,INSUFFICIENT_DATA,"[""elderly_ratio""]",,,,,,,,,,[]
라마52b40a,INSUFFICIENT_DATA,"[""elderly_ratio""]",,,,,,,,,,[]
라마52b40b,INSUFFICIENT_DATA,"[""elderly_ratio""]",,,,,,,,,,[]
라마52b41a,INSUFFICIENT_DATA,"[""elderly_ratio""]",,,,,,,,,,[]
라마52b41b,INSUFFICIENT_DATA,"[""elderly_ratio""]",,,,,,,,,,[]
라마52b42a,INSUFFICIENT_DATA,"[""elderly_ratio""]",,,,,,,,,,[]
라마52b42b,INSUFFICIENT_DATA,"[""elderly_ratio""]",,,,,,,,,,[]
라마52b43a,INSUFFICIENT_DATA,"[""elderly_ratio""]",,,,,,,,,,[]
라마52b44b,INSUFFICIENT_DATA,"[""elderly_ratio""]",,,,,,,,,,[]
라마52b45a,INSUFFICIENT_DATA,"[""elderly_ratio""]",,,,,,,,,,[]
라마52b45b,INSUFFICIENT_DATA,"[""elderly_ratio""]",,,,,,,,,,[]
라마52b46a,INSUFFICIENT_DATA,"[""elderly_ratio""]",,,,,,,,,,[]
라마52b46b,INSUFFICIENT_DATA,"[""elderly_ratio""]",,,,,,,,,,[]
라마52b47a,INSUFFICIENT_DATA,"[""elderly_ratio""]",,,,,,,,,,[]
라마52b47b,INSUFFICIENT_DATA,"[""elderly_ratio""]",,,,,,,,,,[]
라마52b48a,INSUFFICIENT_DATA,"[""elderly_ratio""]",,,,,,,,,,[]
라마52b48b,INSUFFICIENT_DATA,"[""elderly_ratio""]",,,,,,,,,,[]
라마52b49a,INSUFFICIENT_DATA,"[""elderly_ratio""]",,,,,,,,,,[]
라마52b49b,INSUFFICIENT_DATA,"[""elderly_ratio""]",,,,,,,,,,[]
라마52b50a,INSUFFICIENT_DATA,"[""elderly_ratio""]",,,,,,,,,,[]
라마52b50b,INSUFFICIENT_DATA,"[""elderly_ratio""]",,,,,,,,,,[]
라마52b51a,INSUFFICIENT_DATA,"[""elderly_ratio""]",,,,,,,,,,[]
라마52b51b,INSUFFICIENT_DATA,"[""elderly_ratio""]",,,,,,,,,,[]
라마52b52a,INSUFFICIENT_DATA,"[""elderly_ratio""]",,,,,,,,,,[]
라마52b52b,INSUFFICIENT_DATA,"[""elderly_ratio""]",,,,,,,,,,[]
라마52b53a,INSUFFICIENT_DATA,"[""elderly_ratio""]",,,,,,,,,,[]
라마52b53b,INSUFFICIENT_DATA,"[""elderly_ratio""]",,,,,,,,,,[]
라마52b54a,INSUFFICIENT_DATA,"[""elderly_ratio""]",,,,,,,,,,[]
라마52b54b,INSUFFICIENT_DATA,"[""elderly_ratio""]",,,,,,,,,,[]
라마52b55a,OK,[],50.0,69.53,2.84,100.0,40.79,MODERATE,55.59,206.0,False,"[""LOW_SHELTER_ACCESSIBILITY"",""HIGH_ELDERLY_RATIO"",""HIGH_HEAT""]"
라마52b55b,INSUFFICIENT_DATA,"[""elderly_ratio""]",,,,,,,,,,[]
라마52b56a,INSUFFICIENT_DATA,"[""elderly_ratio""]",,,,,,,,,,[]
라마52b56b,INSUFFICIENT_DATA,"[""elderly_ratio""]",,,,,,,,,,[]
라마52b57a,INSUFFICIENT_DATA,"[""elderly_ratio""]",,,,,,,,,,[]
라마52b57b,INSUFFICIENT_DATA,"[""elderly_ratio""]",,,,,,,,,,[]
라마53a08b,OK,[],50.0,58.33,7.79,12.08,38.71,MODERATE,32.05,823.0,False,"[""HIGH_ELDERLY_RATIO"",""HIGH_HEAT""]"
라마53a10a,INSUFFICIENT_DATA,"[""elderly_ratio""]",,,,,,,,,,[]
라마53a10b,OK,[],50.0,100.0,39.45,34.32,63.15,HIGH,55.94,200.0,True,"[""HIGH_ELDERLY_RATIO"",""HIGH_HEAT""]"
라마53a11a,INSUFFICIENT_DATA,"[""elderly_ratio""]",,,,,,,,,,[]
라마53a11b,OK,[],50.0,77.78,55.45,58.59,61.08,HIGH,60.45,101.0,True,"[""HIGH_ELDERLY_RATIO"",""LOW_SHELTER_ACCESSIBILITY"",""HIGH_FARMLAND_RATIO""]"
라마53a12a,OK,[],50.0,77.78,14.83,72.77,47.54,MODERATE,53.84,254.0,False,"[""HIGH_ELDERLY_RATIO"",""LOW_SHELTER_ACCESSIBILITY"",""HIGH_HEAT""]"
라마53a12b,OK,[],50.0,80.77,41.38,86.02,57.38,HIGH,64.54,43.0,True,"[""LOW_SHELTER_ACCESSIBILITY"",""HIGH_ELDERLY_RATIO"",""HIGH_HEAT""]"
라마53a13a,OK,[],50.0,91.67,24.46,80.78,55.38,HIGH,61.73,80.0,True,"[""HIGH_ELDERLY_RATIO"",""LOW_SHELTER_ACCESSIBILITY"",""HIGH_HEAT""]"
라마53a13b,INSUFFICIENT_DATA,"[""elderly_ratio""]",,,,,,,,,,[]
라마53a14a,INSUFFICIENT_DATA,"[""elderly_ratio""]",,,,,,,,,,[]
라마53a14b,INSUFFICIENT_DATA,"[""elderly_ratio""]",,,,,,,,,,[]
라마53a15a,INSUFFICIENT_DATA,"[""elderly_ratio""]",,,,,,,,,,[]
라마53a15b,INSUFFICIENT_DATA,"[""elderly_ratio""]",,,,,,,,,,[]
라마53a16a,INSUFFICIENT_DATA,"[""elderly_ratio""]",,,,,,,,,,[]
라마53a16b,INSUFFICIENT_DATA,"[""elderly_ratio""]",,,,,,,,,,[]
라마53a17a,INSUFFICIENT_DATA,"[""elderly_ratio""]",,,,,,,,,,[]
라마53a17b,INSUFFICIENT_DATA,"[""elderly_ratio""]",,,,,,,,,,[]
라마53a18a,OK,[],50.0,0.0,0.0,67.08,16.67,LOW,29.27,860.0,False,"[""LOW_SHELTER_ACCESSIBILITY"",""HIGH_HEAT""]"
라마53a18b,INSUFFICIENT_DATA,"[""elderly_ratio""]",,,,,,,,,,[]
라마53a19a,INSUFFICIENT_DATA,"[""elderly_ratio""]",,,,,,,,,,[]
라마53a19b,INSUFFICIENT_DATA,"[""elderly_ratio""]",,,,,,,,,,[]
라마53a20a,INSUFFICIENT_DATA,"[""elderly_ratio""]",,,,,,,,,,[]
라마53a20b,INSUFFICIENT_DATA,"[""elderly_ratio""]",,,,,,,,,,[]
라마53a21a,INSUFFICIENT_DATA,"[""elderly_ratio""]",,,,,,,,,,[]
라마53a21b,INSUFFICIENT_DATA,"[""elderly_ratio""]",,,,,,,,,,[]
라마53a22a,INSUFFICIENT_DATA,"[""elderly_ratio""]",,,,,,,,,,[]
라마53a22b,INSUFFICIENT_DATA,"[""elderly_ratio""]",,,,,,,,,,[]
라마53a23a,INSUFFICIENT_DATA,"[""elderly_ratio""]",,,,,,,,,,[]
라마53a23b,INSUFFICIENT_DATA,"[""elderly_ratio""]",,,,,,,,,,[]
라마53a24a,OK,[],50.0,82.35,29.6,13.56,53.98,HIGH,43.88,524.0,True,"[""HIGH_ELDERLY_RATIO"",""HIGH_HEAT""]"
라마53a24b,INSUFFICIENT_DATA,"[""elderly_ratio""]",,,,,,,,,,[]
라마53a25a,INSUFFICIENT_DATA,"[""elderly_ratio""]",,,,,,,,,,[]
라마53a25b,OK,[],50.0,58.33,26.37,0.0,44.9,MODERATE,33.67,789.0,False,"[""HIGH_ELDERLY_RATIO"",""HIGH_HEAT""]"
라마53a26a,INSUFFICIENT_DATA,"[""elderly_ratio""]",,,,,,,,,,[]
라마53a26b,INSUFFICIENT_DATA,"[""elderly_ratio""]",,,,,,,,,,[]
라마53a27a,INSUFFICIENT_DATA,"[""elderly_ratio""]",,,,,,,,,,[]
라마53a27b,INSUFFICIENT_DATA,"[""elderly_ratio""]",,,,,,,,,,[]
라마53a28a,OK,[],50.0,60.14,42.96,73.39,51.03,HIGH,56.62,186.0,True,"[""LOW_SHELTER_ACCESSIBILITY"",""HIGH_ELDERLY_RATIO"",""HIGH_HEAT""]"
라마53a28b,INSUFFICIENT_DATA,"[""elderly_ratio""]",,,,,,,,,,[]
라마53a29a,INSUFFICIENT_DATA,"[""elderly_ratio""]",,,,,,,,,,[]
라마53a29b,INSUFFICIENT_DATA,"[""elderly_ratio""]",,,,,,,,,,[]
라마53a30a,INSUFFICIENT_DATA,"[""elderly_ratio""]",,,,,,,,,,[]
라마53a30b,INSUFFICIENT_DATA,"[""elderly_ratio""]",,,,,,,,,,[]
라마53a31a,INSUFFICIENT_DATA,"[""elderly_ratio""]",,,,,,,,,,[]
라마53a31b,INSUFFICIENT_DATA,"[""elderly_ratio""]",,,,,,,,,,[]
라마53a32a,INSUFFICIENT_DATA,"[""elderly_ratio""]",,,,,,,,,,[]
라마53a32b,INSUFFICIENT_DATA,"[""elderly_ratio""]",,,,,,,,,,[]
라마53a33a,INSUFFICIENT_DATA,"[""elderly_ratio""]",,,,,,,,,,[]
라마53a33b,INSUFFICIENT_DATA,"[""elderly_ratio""]",,,,,,,,,,[]
라마53a34a,INSUFFICIENT_DATA,"[""elderly_ratio""]",,,,,,,,,,[]
라마53a34b,INSUFFICIENT_DATA,"[""elderly_ratio""]",,,,,,,,,,[]
라마53a35a,INSUFFICIENT_DATA,"[""elderly_ratio""]",,,,,,,,,,[]
라마53a35b,OK,[],50.0,77.78,24.23,73.12,50.67,HIGH,56.28,194.0,True,"[""HIGH_ELDERLY_RATIO"",""LOW_SHELTER_ACCESSIBILITY"",""HIGH_HEAT""]"
라마53a36a,INSUFFICIENT_DATA,"[""elderly_ratio""]",,,,,,,,,,[]
라마53a36b,INSUFFICIENT_DATA,"[""elderly_ratio""]",,,,,,,,,,[]
라마53a37a,INSUFFICIENT_DATA,"[""elderly_ratio""]",,,,,,,,,,[]
라마53a37b,INSUFFICIENT_DATA,"[""elderly_ratio""]",,,,,,,,,,[]
라마53a38a,INSUFFICIENT_DATA,"[""elderly_ratio""]",,,,,,,,,,[]
라마53a38b,INSUFFICIENT_DATA,"[""elderly_ratio""]",,,,,,,,,,[]
라마53a39a,INSUFFICIENT_DATA,"[""elderly_ratio""]",,,,,,,,,,[]
라마53a39b,OK,[],50.0,68.29,15.52,86.82,44.6,MODERATE,55.16,215.0,False,"[""LOW_SHELTER_ACCESSIBILITY"",""HIGH_ELDERLY_RATIO"",""HIGH_HEAT""]"
라마53a40a,INSUFFICIENT_DATA,"[""elderly_ratio""]",,,,,,,,,,[]
라마53a40b,INSUFFICIENT_DATA,"[""elderly_ratio""]",,,,,,,,,,[]
라마53a41a,INSUFFICIENT_DATA,"[""elderly_ratio""]",,,,,,,,,,[]
라마53a41b,INSUFFICIENT_DATA,"[""elderly_ratio""]",,,,,,,,,,[]
라마53a42a,INSUFFICIENT_DATA,"[""elderly_ratio""]",,,,,,,,,,[]
라마53a42b,INSUFFICIENT_DATA,"[""elderly_ratio""]",,,,,,,,,,[]
라마53a43a,INSUFFICIENT_DATA,"[""elderly_ratio""]",,,,,,,,,,[]
라마53a44b,INSUFFICIENT_DATA,"[""elderly_ratio""]",,,,,,,,,,[]
라마53a45a,INSUFFICIENT_DATA,"[""elderly_ratio""]",,,,,,,,,,[]
라마53a45b,INSUFFICIENT_DATA,"[""elderly_ratio""]",,,,,,,,,,[]
라마53a46a,INSUFFICIENT_DATA,"[""elderly_ratio""]",,,,,,,,,,[]
라마53a46b,INSUFFICIENT_DATA,"[""elderly_ratio""]",,,,,,,,,,[]
라마53a47a,INSUFFICIENT_DATA,"[""elderly_ratio""]",,,,,,,,,,[]
라마53a47b,INSUFFICIENT_DATA,"[""elderly_ratio""]",,,,,,,,,,[]
라마53a48a,INSUFFICIENT_DATA,"[""elderly_ratio""]",,,,,,,,,,[]
라마53a48b,OK,[],50.0,0.0,28.94,50.86,26.31,MODERATE,32.45,813.0,False,"[""LOW_SHELTER_ACCESSIBILITY"",""HIGH_HEAT""]"
라마53a49a,OK,[],50.0,76.09,68.23,54.66,64.77,HIGH,62.25,75.0,True,"[""HIGH_ELDERLY_RATIO"",""HIGH_FARMLAND_RATIO"",""LOW_SHELTER_ACCESSIBILITY""]"
라마53a49b,OK,[],50.0,62.82,64.58,62.07,59.13,HIGH,59.87,108.0,True,"[""HIGH_FARMLAND_RATIO"",""HIGH_ELDERLY_RATIO"",""LOW_SHELTER_ACCESSIBILITY""]"
라마53a50a,OK,[],50.0,75.68,36.31,72.05,54.0,HIGH,58.51,132.0,True,"[""HIGH_ELDERLY_RATIO"",""LOW_SHELTER_ACCESSIBILITY"",""HIGH_HEAT""]"
라마53a50b,OK,[],50.0,0.0,12.58,77.78,20.86,LOW,35.09,761.0,False,"[""LOW_SHELTER_ACCESSIBILITY"",""HIGH_HEAT""]"
라마53a51a,INSUFFICIENT_DATA,"[""elderly_ratio""]",,,,,,,,,,[]
라마53a51b,INSUFFICIENT_DATA,"[""elderly_ratio""]",,,,,,,,,,[]
라마53a52a,INSUFFICIENT_DATA,"[""elderly_ratio""]",,,,,,,,,,[]
라마53a52b,INSUFFICIENT_DATA,"[""elderly_ratio""]",,,,,,,,,,[]
라마53a53a,INSUFFICIENT_DATA,"[""elderly_ratio""]",,,,,,,,,,[]
라마53a53b,INSUFFICIENT_DATA,"[""elderly_ratio""]",,,,,,,,,,[]
라마53a54a,INSUFFICIENT_DATA,"[""elderly_ratio""]",,,,,,,,,,[]
라마53a54b,INSUFFICIENT_DATA,"[""elderly_ratio""]",,,,,,,,,,[]
라마53a55a,OK,[],50.0,66.47,0.0,100.0,38.82,MODERATE,54.12,247.0,False,"[""LOW_SHELTER_ACCESSIBILITY"",""HIGH_ELDERLY_RATIO"",""HIGH_HEAT""]"
라마53a55b,OK,[],50.0,0.0,0.0,100.0,16.67,LOW,37.5,712.0,False,"[""LOW_SHELTER_ACCESSIBILITY"",""HIGH_HEAT""]"
라마53a56a,INSUFFICIENT_DATA,"[""elderly_ratio""]",,,,,,,,,,[]
라마53a56b,INSUFFICIENT_DATA,"[""elderly_ratio""]",,,,,,,,,,[]
라마53a57a,INSUFFICIENT_DATA,"[""elderly_ratio""]",,,,,,,,,,[]
라마53a57b,INSUFFICIENT_DATA,"[""elderly_ratio""]",,,,,,,,,,[]
라마53a58a,INSUFFICIENT_DATA,"[""elderly_ratio""]",,,,,,,,,,[]
라마53a58b,INSUFFICIENT_DATA,"[""elderly_ratio""]",,,,,,,,,,[]
라마53a59a,INSUFFICIENT_DATA,"[""elderly_ratio""]",,,,,,,,,,[]
라마53b08a,INSUFFICIENT_DATA,"[""elderly_ratio""]",,,,,,,,,,[]
라마53b08b,OK,[],50.0,52.69,13.51,0.0,38.73,MODERATE,29.05,866.0,False,"[""HIGH_ELDERLY_RATIO"",""HIGH_HEAT""]"
라마53b09a,INSUFFICIENT_DATA,"[""elderly_ratio""]",,,,,,,,,,[]
라마53b09b,INSUFFICIENT_DATA,"[""elderly_ratio""]",,,,,,,,,,[]
라마53b10a,INSUFFICIENT_DATA,"[""elderly_ratio""]",,,,,,,,,,[]
라마53b10b,OK,[],50.0,73.33,11.4,23.15,44.91,MODERATE,39.47,658.0,False,"[""HIGH_ELDERLY_RATIO"",""HIGH_HEAT""]"
라마53b11a,INSUFFICIENT_DATA,"[""elderly_ratio""]",,,,,,,,,,[]
라마53b11b,OK,[],50.0,86.23,46.95,52.27,61.06,HIGH,58.86,122.0,True,"[""HIGH_ELDERLY_RATIO"",""LOW_SHELTER_ACCESSIBILITY"",""HIGH_HEAT""]"
라마53b12a,OK,[],50.0,0.0,4.63,67.68,18.21,LOW,30.58,840.0,False,"[""LOW_SHELTER_ACCESSIBILITY"",""HIGH_HEAT""]"
라마53b12b,OK,[],50.0,61.76,98.78,71.18,70.18,HIGH,70.43,10.0,True,"[""HIGH_FARMLAND_RATIO"",""LOW_SHELTER_ACCESSIBILITY"",""HIGH_ELDERLY_RATIO""]"
라마53b13a,INSUFFICIENT_DATA,"[""elderly_ratio""]",,,,,,,,,,[]
라마53b13b,INSUFFICIENT_DATA,"[""elderly_ratio""]",,,,,,,,,,[]
라마53b14a,INSUFFICIENT_DATA,"[""elderly_ratio""]",,,,,,,,,,[]
라마53b14b,INSUFFICIENT_DATA,"[""elderly_ratio""]",,,,,,,,,,[]
라마53b15a,INSUFFICIENT_DATA,"[""elderly_ratio""]",,,,,,,,,,[]
라마53b15b,INSUFFICIENT_DATA,"[""elderly_ratio""]",,,,,,,,,,[]
라마53b16a,INSUFFICIENT_DATA,"[""elderly_ratio""]",,,,,,,,,,[]
라마53b16b,INSUFFICIENT_DATA,"[""elderly_ratio""]",,,,,,,,,,[]
라마53b17a,INSUFFICIENT_DATA,"[""elderly_ratio""]",,,,,,,,,,[]
라마53b17b,OK,[],50.0,71.01,29.87,55.61,50.29,HIGH,51.62,301.0,True,"[""HIGH_ELDERLY_RATIO"",""LOW_SHELTER_ACCESSIBILITY"",""HIGH_HEAT""]"
라마53b18a,INSUFFICIENT_DATA,"[""elderly_ratio""]",,,,,,,,,,[]
라마53b18b,INSUFFICIENT_DATA,"[""elderly_ratio""]",,,,,,,,,,[]
라마53b19a,INSUFFICIENT_DATA,"[""elderly_ratio""]",,,,,,,,,,[]
라마53b19b,INSUFFICIENT_DATA,"[""elderly_ratio""]",,,,,,,,,,[]
라마53b20a,INSUFFICIENT_DATA,"[""elderly_ratio""]",,,,,,,,,,[]
라마53b20b,INSUFFICIENT_DATA,"[""elderly_ratio""]",,,,,,,,,,[]
라마53b21a,INSUFFICIENT_DATA,"[""elderly_ratio""]",,,,,,,,,,[]
라마53b21b,OK,[],50.0,0.0,12.53,76.78,20.84,LOW,34.83,768.0,False,"[""LOW_SHELTER_ACCESSIBILITY"",""HIGH_HEAT""]"
라마53b22a,INSUFFICIENT_DATA,"[""elderly_ratio""]",,,,,,,,,,[]
라마53b22b,INSUFFICIENT_DATA,"[""elderly_ratio""]",,,,,,,,,,[]
라마53b23a,INSUFFICIENT_DATA,"[""elderly_ratio""]",,,,,,,,,,[]
라마53b23b,INSUFFICIENT_DATA,"[""elderly_ratio""]",,,,,,,,,,[]
라마53b24a,INSUFFICIENT_DATA,"[""elderly_ratio""]",,,,,,,,,,[]
라마53b24b,INSUFFICIENT_DATA,"[""elderly_ratio""]",,,,,,,,,,[]
라마53b25a,INSUFFICIENT_DATA,"[""elderly_ratio""]",,,,,,,,,,[]
라마53b25b,INSUFFICIENT_DATA,"[""elderly_ratio""]",,,,,,,,,,[]
라마53b26a,INSUFFICIENT_DATA,"[""elderly_ratio""]",,,,,,,,,,[]
라마53b26b,INSUFFICIENT_DATA,"[""elderly_ratio""]",,,,,,,,,,[]
라마53b27a,OK,[],50.0,42.29,9.99,43.65,34.09,MODERATE,36.48,736.0,False,"[""HIGH_HEAT""]"
라마53b27b,INSUFFICIENT_DATA,"[""elderly_ratio""]",,,,,,,,,,[]
라마53b28a,OK,[],50.0,0.0,27.01,65.52,25.67,MODERATE,35.63,754.0,False,"[""LOW_SHELTER_ACCESSIBILITY"",""HIGH_HEAT""]"
라마53b28b,INSUFFICIENT_DATA,"[""elderly_ratio""]",,,,,,,,,,[]
라마53b29a,INSUFFICIENT_DATA,"[""elderly_ratio""]",,,,,,,,,,[]
라마53b29b,INSUFFICIENT_DATA,"[""elderly_ratio""]",,,,,,,,,,[]
라마53b30a,INSUFFICIENT_DATA,"[""elderly_ratio""]",,,,,,,,,,[]
라마53b30b,INSUFFICIENT_DATA,"[""elderly_ratio""]",,,,,,,,,,[]
라마53b31a,INSUFFICIENT_DATA,"[""elderly_ratio""]",,,,,,,,,,[]
라마53b31b,INSUFFICIENT_DATA,"[""elderly_ratio""]",,,,,,,,,,[]
라마53b32a,INSUFFICIENT_DATA,"[""elderly_ratio""]",,,,,,,,,,[]
라마53b32b,INSUFFICIENT_DATA,"[""elderly_ratio""]",,,,,,,,,,[]
라마53b33a,INSUFFICIENT_DATA,"[""elderly_ratio""]",,,,,,,,,,[]
라마53b33b,INSUFFICIENT_DATA,"[""elderly_ratio""]",,,,,,,,,,[]
라마53b34a,INSUFFICIENT_DATA,"[""elderly_ratio""]",,,,,,,,,,[]
라마53b34b,INSUFFICIENT_DATA,"[""elderly_ratio""]",,,,,,,,,,[]
라마53b35a,INSUFFICIENT_DATA,"[""elderly_ratio""]",,,,,,,,,,[]
라마53b35b,INSUFFICIENT_DATA,"[""elderly_ratio""]",,,,,,,,,,[]
라마53b36a,INSUFFICIENT_DATA,"[""elderly_ratio""]",,,,,,,,,,[]
라마53b36b,OK,[],50.0,70.0,0.0,70.93,40.0,MODERATE,47.73,410.0,False,"[""LOW_SHELTER_ACCESSIBILITY"",""HIGH_ELDERLY_RATIO"",""HIGH_HEAT""]"
라마53b37a,OK,[],50.0,94.09,26.79,79.29,56.96,HIGH,62.54,70.0,True,"[""HIGH_ELDERLY_RATIO"",""LOW_SHELTER_ACCESSIBILITY"",""HIGH_HEAT""]"
라마53b37b,INSUFFICIENT_DATA,"[""elderly_ratio""]",,,,,,,,,,[]
라마53b38a,INSUFFICIENT_DATA,"[""elderly_ratio""]",,,,,,,,,,[]
라마53b38b,OK,[],50.0,0.0,13.32,66.13,21.11,LOW,32.36,815.0,False,"[""LOW_SHELTER_ACCESSIBILITY"",""HIGH_HEAT""]"
라마53b39a,OK,[],50.0,82.35,35.28,67.36,55.88,HIGH,58.75,125.0,True,"[""HIGH_ELDERLY_RATIO"",""LOW_SHELTER_ACCESSIBILITY"",""HIGH_HEAT""]"
라마53b39b,INSUFFICIENT_DATA,"[""elderly_ratio""]",,,,,,,,,,[]
라마53b40a,INSUFFICIENT_DATA,"[""elderly_ratio""]",,,,,,,,,,[]
라마53b40b,OK,[],50.0,30.43,24.64,88.64,35.02,MODERATE,48.43,396.0,False,"[""LOW_SHELTER_ACCESSIBILITY"",""HIGH_HEAT""]"
라마53b41a,INSUFFICIENT_DATA,"[""elderly_ratio""]",,,,,,,,,,[]
라마53b41b,INSUFFICIENT_DATA,"[""elderly_ratio""]",,,,,,,,,,[]
라마53b42a,INSUFFICIENT_DATA,"[""elderly_ratio""]",,,,,,,,,,[]
라마53b42b,INSUFFICIENT_DATA,"[""elderly_ratio""]",,,,,,,,,,[]
라마53b43a,INSUFFICIENT_DATA,"[""elderly_ratio""]",,,,,,,,,,[]
라마53b43b,INSUFFICIENT_DATA,"[""elderly_ratio""]",,,,,,,,,,[]
라마53b44a,INSUFFICIENT_DATA,"[""elderly_ratio""]",,,,,,,,,,[]
라마53b44b,INSUFFICIENT_DATA,"[""elderly_ratio""]",,,,,,,,,,[]
라마53b45a,INSUFFICIENT_DATA,"[""elderly_ratio""]",,,,,,,,,,[]
라마53b45b,INSUFFICIENT_DATA,"[""elderly_ratio""]",,,,,,,,,,[]
라마53b46a,INSUFFICIENT_DATA,"[""elderly_ratio""]",,,,,,,,,,[]
라마53b46b,INSUFFICIENT_DATA,"[""elderly_ratio""]",,,,,,,,,,[]
라마53b47a,INSUFFICIENT_DATA,"[""elderly_ratio""]",,,,,,,,,,[]
라마53b47b,INSUFFICIENT_DATA,"[""elderly_ratio""]",,,,,,,,,,[]
라마53b48a,OK,[],50.0,64.81,36.15,29.1,50.32,HIGH,45.02,496.0,True,"[""HIGH_ELDERLY_RATIO"",""HIGH_HEAT""]"
라마53b48b,OK,[],50.0,58.33,63.51,35.07,57.28,HIGH,51.73,300.0,True,"[""HIGH_FARMLAND_RATIO"",""HIGH_ELDERLY_RATIO"",""HIGH_HEAT""]"
라마53b49a,OK,[],50.0,68.8,100.0,40.19,72.93,HIGH,64.75,38.0,True,"[""HIGH_FARMLAND_RATIO"",""HIGH_ELDERLY_RATIO"",""HIGH_HEAT""]"
라마53b49b,OK,[],50.0,86.75,45.6,49.56,60.78,HIGH,57.98,154.0,True,"[""HIGH_ELDERLY_RATIO"",""HIGH_HEAT""]"
라마53b50a,INSUFFICIENT_DATA,"[""elderly_ratio""]",,,,,,,,,,[]
라마53b50b,INSUFFICIENT_DATA,"[""elderly_ratio""]",,,,,,,,,,[]
라마53b51a,INSUFFICIENT_DATA,"[""elderly_ratio""]",,,,,,,,,,[]
라마53b51b,INSUFFICIENT_DATA,"[""elderly_ratio""]",,,,,,,,,,[]
라마53b52a,INSUFFICIENT_DATA,"[""elderly_ratio""]",,,,,,,,,,[]
라마53b52b,INSUFFICIENT_DATA,"[""elderly_ratio""]",,,,,,,,,,[]
라마53b53a,INSUFFICIENT_DATA,"[""elderly_ratio""]",,,,,,,,,,[]
라마53b53b,INSUFFICIENT_DATA,"[""elderly_ratio""]",,,,,,,,,,[]
라마53b54a,INSUFFICIENT_DATA,"[""elderly_ratio""]",,,,,,,,,,[]
라마53b54b,INSUFFICIENT_DATA,"[""elderly_ratio""]",,,,,,,,,,[]
라마53b55a,OK,[],50.0,100.0,0.0,100.0,50.0,MODERATE,62.5,71.0,False,"[""HIGH_ELDERLY_RATIO"",""LOW_SHELTER_ACCESSIBILITY"",""HIGH_HEAT""]"
라마53b55b,INSUFFICIENT_DATA,"[""elderly_ratio""]",,,,,,,,,,[]
라마53b56a,OK,[],50.0,50.0,0.0,100.0,33.33,MODERATE,50.0,347.0,False,"[""LOW_SHELTER_ACCESSIBILITY"",""HIGH_HEAT"",""HIGH_ELDERLY_RATIO""]"
라마53b56b,INSUFFICIENT_DATA,"[""elderly_ratio""]",,,,,,,,,,[]
라마53b57a,INSUFFICIENT_DATA,"[""elderly_ratio""]",,,,,,,,,,[]
라마53b57b,INSUFFICIENT_DATA,"[""elderly_ratio""]",,,,,,,,,,[]
라마53b58a,INSUFFICIENT_DATA,"[""elderly_ratio""]",,,,,,,,,,[]
라마53b58b,INSUFFICIENT_DATA,"[""elderly_ratio""]",,,,,,,,,,[]
라마53b59a,INSUFFICIENT_DATA,"[""elderly_ratio""]",,,,,,,,,,[]
라마54a08a,INSUFFICIENT_DATA,"[""elderly_ratio""]",,,,,,,,,,[]
라마54a08b,OK,[],50.0,48.04,38.98,7.67,45.67,MODERATE,36.17,744.0,False,"[""HIGH_HEAT""]"
라마54a09a,INSUFFICIENT_DATA,"[""elderly_ratio""]",,,,,,,,,,[]
라마54a09b,OK,[],50.0,82.64,28.99,1.65,53.88,HIGH,40.82,611.0,False,"[""HIGH_ELDERLY_RATIO"",""HIGH_HEAT""]"
라마54a10a,OK,[],50.0,58.33,86.55,2.18,64.96,HIGH,49.27,370.0,False,"[""HIGH_FARMLAND_RATIO"",""HIGH_ELDERLY_RATIO"",""HIGH_HEAT""]"
라마54a10b,INSUFFICIENT_DATA,"[""elderly_ratio""]",,,,,,,,,,[]
라마54a11a,INSUFFICIENT_DATA,"[""elderly_ratio""]",,,,,,,,,,[]
라마54a11b,INSUFFICIENT_DATA,"[""elderly_ratio""]",,,,,,,,,,[]
라마54a12a,OK,[],50.0,84.85,24.44,57.35,53.1,HIGH,54.16,245.0,True,"[""HIGH_ELDERLY_RATIO"",""LOW_SHELTER_ACCESSIBILITY"",""HIGH_HEAT""]"
라마54a12b,OK,[],50.0,87.5,23.7,56.32,53.73,HIGH,54.38,242.0,True,"[""HIGH_ELDERLY_RATIO"",""LOW_SHELTER_ACCESSIBILITY"",""HIGH_HEAT""]"
라마54a13a,OK,[],50.0,71.64,71.66,50.9,64.43,HIGH,61.05,88.0,True,"[""HIGH_FARMLAND_RATIO"",""HIGH_ELDERLY_RATIO"",""LOW_SHELTER_ACCESSIBILITY""]"
라마54a13b,OK,[],50.0,87.5,3.18,49.04,46.89,MODERATE,47.43,423.0,False,"[""HIGH_ELDERLY_RATIO"",""HIGH_HEAT""]"
라마54a14a,INSUFFICIENT_DATA,"[""elderly_ratio""]",,,,,,,,,,[]
라마54a14b,OK,[],50.0,94.44,15.71,49.6,53.38,HIGH,52.44,285.0,True,"[""HIGH_ELDERLY_RATIO"",""HIGH_HEAT""]"
라마54a15a,OK,[],50.0,100.0,40.54,39.97,63.51,HIGH,57.63,159.0,True,"[""HIGH_ELDERLY_RATIO"",""HIGH_HEAT""]"
라마54a15b,OK,[],50.0,100.0,33.62,34.52,61.21,HIGH,54.53,236.0,True,"[""HIGH_ELDERLY_RATIO"",""HIGH_HEAT""]"
라마54a16a,INSUFFICIENT_DATA,"[""elderly_ratio""]",,,,,,,,,,[]
라마54a16b,INSUFFICIENT_DATA,"[""elderly_ratio""]",,,,,,,,,,[]
라마54a17a,INSUFFICIENT_DATA,"[""elderly_ratio""]",,,,,,,,,,[]
라마54a17b,INSUFFICIENT_DATA,"[""elderly_ratio""]",,,,,,,,,,[]
라마54a18a,INSUFFICIENT_DATA,"[""elderly_ratio""]",,,,,,,,,,[]
라마54a18b,INSUFFICIENT_DATA,"[""elderly_ratio""]",,,,,,,,,,[]
라마54a19a,OK,[],50.0,67.54,25.23,67.81,47.59,MODERATE,52.65,281.0,False,"[""LOW_SHELTER_ACCESSIBILITY"",""HIGH_ELDERLY_RATIO"",""HIGH_HEAT""]"
라마54a19b,INSUFFICIENT_DATA,"[""elderly_ratio""]",,,,,,,,,,[]
라마54a20a,INSUFFICIENT_DATA,"[""elderly_ratio""]",,,,,,,,,,[]
라마54a20b,INSUFFICIENT_DATA,"[""elderly_ratio""]",,,,,,,,,,[]
라마54a21a,INSUFFICIENT_DATA,"[""elderly_ratio""]",,,,,,,,,,[]
라마54a21b,OK,[],50.0,0.0,54.11,84.67,34.7,MODERATE,47.2,432.0,False,"[""LOW_SHELTER_ACCESSIBILITY"",""HIGH_FARMLAND_RATIO"",""HIGH_HEAT""]"
라마54a22a,INSUFFICIENT_DATA,"[""elderly_ratio""]",,,,,,,,,,[]
라마54a22b,INSUFFICIENT_DATA,"[""elderly_ratio""]",,,,,,,,,,[]
라마54a23a,INSUFFICIENT_DATA,"[""elderly_ratio""]",,,,,,,,,,[]
라마54a23b,INSUFFICIENT_DATA,"[""elderly_ratio""]",,,,,,,,,,[]
라마54a24a,INSUFFICIENT_DATA,"[""elderly_ratio""]",,,,,,,,,,[]
라마54a24b,INSUFFICIENT_DATA,"[""elderly_ratio""]",,,,,,,,,,[]
라마54a25a,INSUFFICIENT_DATA,"[""elderly_ratio""]",,,,,,,,,,[]
라마54a25b,INSUFFICIENT_DATA,"[""elderly_ratio""]",,,,,,,,,,[]
라마54a26a,INSUFFICIENT_DATA,"[""elderly_ratio""]",,,,,,,,,,[]
라마54a26b,OK,[],50.0,73.75,100.0,36.43,74.58,HIGH,65.05,35.0,True,"[""HIGH_FARMLAND_RATIO"",""HIGH_ELDERLY_RATIO"",""HIGH_HEAT""]"
라마54a27a,OK,[],50.0,67.08,39.91,40.72,52.33,HIGH,49.43,364.0,True,"[""HIGH_ELDERLY_RATIO"",""HIGH_HEAT""]"
라마54a27b,OK,[],50.0,0.0,54.03,44.27,34.68,MODERATE,37.08,725.0,False,"[""HIGH_FARMLAND_RATIO"",""HIGH_HEAT""]"
라마54a28a,INSUFFICIENT_DATA,"[""elderly_ratio""]",,,,,,,,,,[]
라마54a28b,INSUFFICIENT_DATA,"[""elderly_ratio""]",,,,,,,,,,[]
라마54a29a,INSUFFICIENT_DATA,"[""elderly_ratio""]",,,,,,,,,,[]
라마54a29b,INSUFFICIENT_DATA,"[""elderly_ratio""]",,,,,,,,,,[]
라마54a30a,INSUFFICIENT_DATA,"[""elderly_ratio""]",,,,,,,,,,[]
라마54a30b,OK,[],50.0,77.78,21.02,15.78,49.6,MODERATE,41.15,606.0,False,"[""HIGH_ELDERLY_RATIO"",""HIGH_HEAT""]"
라마54a31a,OK,[],50.0,65.12,40.44,23.4,51.85,HIGH,44.74,505.0,True,"[""HIGH_ELDERLY_RATIO"",""HIGH_HEAT""]"
라마54a31b,OK,[],50.0,65.33,51.95,35.95,55.76,HIGH,50.81,328.0,True,"[""HIGH_ELDERLY_RATIO"",""HIGH_FARMLAND_RATIO"",""HIGH_HEAT""]"
라마54a32a,INSUFFICIENT_DATA,"[""elderly_ratio""]",,,,,,,,,,[]
라마54a32b,INSUFFICIENT_DATA,"[""elderly_ratio""]",,,,,,,,,,[]
라마54a33a,INSUFFICIENT_DATA,"[""elderly_ratio""]",,,,,,,,,,[]
라마54a33b,INSUFFICIENT_DATA,"[""elderly_ratio""]",,,,,,,,,,[]
라마54a34a,OK,[],50.0,58.33,45.41,51.28,51.25,HIGH,51.25,316.0,True,"[""HIGH_ELDERLY_RATIO"",""LOW_SHELTER_ACCESSIBILITY"",""HIGH_HEAT""]"
라마54a34b,OK,[],50.0,85.14,18.37,43.52,51.17,HIGH,49.26,371.0,True,"[""HIGH_ELDERLY_RATIO"",""HIGH_HEAT""]"
라마54a35a,INSUFFICIENT_DATA,"[""elderly_ratio""]",,,,,,,,,,[]
라마54a35b,INSUFFICIENT_DATA,"[""elderly_ratio""]",,,,,,,,,,[]
라마54a36a,INSUFFICIENT_DATA,"[""elderly_ratio""]",,,,,,,,,,[]
라마54a36b,INSUFFICIENT_DATA,"[""elderly_ratio""]",,,,,,,,,,[]
라마54a37a,INSUFFICIENT_DATA,"[""elderly_ratio""]",,,,,,,,,,[]
라마54a37b,OK,[],50.0,0.0,6.01,59.73,18.67,LOW,28.93,868.0,False,"[""LOW_SHELTER_ACCESSIBILITY"",""HIGH_HEAT""]"
라마54a38a,INSUFFICIENT_DATA,"[""elderly_ratio""]",,,,,,,,,,[]
라마54a38b,INSUFFICIENT_DATA,"[""elderly_ratio""]",,,,,,,,,,[]
라마54a39a,OK,[],50.0,0.0,4.5,51.8,18.17,LOW,26.57,900.0,False,"[""LOW_SHELTER_ACCESSIBILITY"",""HIGH_HEAT""]"
라마54a39b,INSUFFICIENT_DATA,"[""elderly_ratio""]",,,,,,,,,,[]
라마54a40a,INSUFFICIENT_DATA,"[""elderly_ratio""]",,,,,,,,,,[]
라마54a40b,INSUFFICIENT_DATA,"[""elderly_ratio""]",,,,,,,,,,[]
라마54a41a,INSUFFICIENT_DATA,"[""elderly_ratio""]",,,,,,,,,,[]
라마54a41b,INSUFFICIENT_DATA,"[""elderly_ratio""]",,,,,,,,,,[]
라마54a42a,INSUFFICIENT_DATA,"[""elderly_ratio""]",,,,,,,,,,[]
라마54a42b,INSUFFICIENT_DATA,"[""elderly_ratio""]",,,,,,,,,,[]
라마54a43a,INSUFFICIENT_DATA,"[""elderly_ratio""]",,,,,,,,,,[]
라마54a43b,INSUFFICIENT_DATA,"[""elderly_ratio""]",,,,,,,,,,[]
라마54a44a,INSUFFICIENT_DATA,"[""elderly_ratio""]",,,,,,,,,,[]
라마54a44b,INSUFFICIENT_DATA,"[""elderly_ratio""]",,,,,,,,,,[]
라마54a45a,INSUFFICIENT_DATA,"[""elderly_ratio""]",,,,,,,,,,[]
라마54a45b,INSUFFICIENT_DATA,"[""elderly_ratio""]",,,,,,,,,,[]
라마54a46a,INSUFFICIENT_DATA,"[""elderly_ratio""]",,,,,,,,,,[]
라마54a46b,OK,[],50.0,100.0,28.7,12.51,59.57,HIGH,47.8,407.0,True,"[""HIGH_ELDERLY_RATIO"",""HIGH_HEAT""]"
라마54a47a,OK,[],50.0,35.51,17.94,5.63,34.48,MODERATE,27.27,891.0,False,"[""HIGH_HEAT""]"
라마54a47b,OK,[],50.0,51.85,46.1,6.6,49.32,MODERATE,38.64,680.0,False,"[""HIGH_ELDERLY_RATIO"",""HIGH_HEAT""]"
라마54a48a,OK,[],50.0,66.67,50.76,20.22,55.81,HIGH,46.91,444.0,True,"[""HIGH_ELDERLY_RATIO"",""HIGH_FARMLAND_RATIO"",""HIGH_HEAT""]"
라마54a48b,OK,[],50.0,58.33,94.32,19.44,67.55,HIGH,55.52,207.0,True,"[""HIGH_FARMLAND_RATIO"",""HIGH_ELDERLY_RATIO"",""HIGH_HEAT""]"
라마54a49a,OK,[],50.0,80.46,99.98,27.07,76.81,VERY_HIGH,64.38,47.0,True,"[""HIGH_FARMLAND_RATIO"",""HIGH_ELDERLY_RATIO"",""HIGH_HEAT""]"
라마54a49b,OK,[],50.0,46.67,29.83,39.24,42.17,MODERATE,41.44,598.0,False,"[""HIGH_HEAT""]"
라마54a50a,OK,[],50.0,66.67,20.47,48.18,45.71,MODERATE,46.33,459.0,False,"[""HIGH_ELDERLY_RATIO"",""HIGH_HEAT""]"
라마54a50b,INSUFFICIENT_DATA,"[""elderly_ratio""]",,,,,,,,,,[]
라마54a51a,INSUFFICIENT_DATA,"[""elderly_ratio""]",,,,,,,,,,[]
라마54a51b,INSUFFICIENT_DATA,"[""elderly_ratio""]",,,,,,,,,,[]
라마54a52a,INSUFFICIENT_DATA,"[""elderly_ratio""]",,,,,,,,,,[]
라마54a52b,INSUFFICIENT_DATA,"[""elderly_ratio""]",,,,,,,,,,[]
라마54a53a,INSUFFICIENT_DATA,"[""elderly_ratio""]",,,,,,,,,,[]
라마54a53b,INSUFFICIENT_DATA,"[""elderly_ratio""]",,,,,,,,,,[]
라마54a54a,INSUFFICIENT_DATA,"[""elderly_ratio""]",,,,,,,,,,[]
라마54a54b,INSUFFICIENT_DATA,"[""elderly_ratio""]",,,,,,,,,,[]
라마54a55a,INSUFFICIENT_DATA,"[""elderly_ratio""]",,,,,,,,,,[]
라마54a55b,OK,[],50.0,0.0,0.0,100.0,16.67,LOW,37.5,713.0,False,"[""LOW_SHELTER_ACCESSIBILITY"",""HIGH_HEAT""]"
라마54a56a,OK,[],50.0,22.16,0.0,100.0,24.05,LOW,43.04,553.0,False,"[""LOW_SHELTER_ACCESSIBILITY"",""HIGH_HEAT""]"
라마54a56b,INSUFFICIENT_DATA,"[""elderly_ratio""]",,,,,,,,,,[]
라마54a57a,INSUFFICIENT_DATA,"[""elderly_ratio""]",,,,,,,,,,[]
라마54a57b,INSUFFICIENT_DATA,"[""elderly_ratio""]",,,,,,,,,,[]
라마54a58a,INSUFFICIENT_DATA,"[""elderly_ratio""]",,,,,,,,,,[]
라마54a58b,INSUFFICIENT_DATA,"[""elderly_ratio""]",,,,,,,,,,[]
라마54a59a,INSUFFICIENT_DATA,"[""elderly_ratio""]",,,,,,,,,,[]
라마54b08b,OK,[],50.0,100.0,34.74,23.57,61.58,HIGH,52.08,292.0,True,"[""HIGH_ELDERLY_RATIO"",""HIGH_HEAT""]"
라마54b09a,INSUFFICIENT_DATA,"[""elderly_ratio""]",,,,,,,,,,[]
라마54b09b,OK,[],50.0,82.35,53.14,11.13,61.83,HIGH,49.16,374.0,True,"[""HIGH_ELDERLY_RATIO"",""HIGH_FARMLAND_RATIO"",""HIGH_HEAT""]"
라마54b10a,INSUFFICIENT_DATA,"[""elderly_ratio""]",,,,,,,,,,[]
라마54b10b,OK,[],50.0,80.77,2.29,22.55,44.35,MODERATE,38.9,672.0,False,"[""HIGH_ELDERLY_RATIO"",""HIGH_HEAT""]"
라마54b11a,INSUFFICIENT_DATA,"[""elderly_ratio""]",,,,,,,,,,[]
라마54b11b,INSUFFICIENT_DATA,"[""elderly_ratio""]",,,,,,,,,,[]
라마54b12a,INSUFFICIENT_DATA,"[""elderly_ratio""]",,,,,,,,,,[]
라마54b12b,INSUFFICIENT_DATA,"[""elderly_ratio""]",,,,,,,,,,[]
라마54b13a,INSUFFICIENT_DATA,"[""elderly_ratio""]",,,,,,,,,,[]
라마54b13b,INSUFFICIENT_DATA,"[""elderly_ratio""]",,,,,,,,,,[]
라마54b14a,INSUFFICIENT_DATA,"[""elderly_ratio""]",,,,,,,,,,[]
라마54b14b,INSUFFICIENT_DATA,"[""elderly_ratio""]",,,,,,,,,,[]
라마54b15a,INSUFFICIENT_DATA,"[""elderly_ratio""]",,,,,,,,,,[]
라마54b15b,OK,[],50.0,0.0,2.26,50.27,17.42,LOW,25.63,909.0,False,"[""LOW_SHELTER_ACCESSIBILITY"",""HIGH_HEAT""]"
라마54b16a,INSUFFICIENT_DATA,"[""elderly_ratio""]",,,,,,,,,,[]
라마54b16b,OK,[],50.0,85.56,15.18,46.23,50.25,HIGH,49.24,372.0,True,"[""HIGH_ELDERLY_RATIO"",""HIGH_HEAT""]"
라마54b17a,INSUFFICIENT_DATA,"[""elderly_ratio""]",,,,,,,,,,[]
라마54b17b,INSUFFICIENT_DATA,"[""elderly_ratio""]",,,,,,,,,,[]
라마54b18a,INSUFFICIENT_DATA,"[""elderly_ratio""]",,,,,,,,,,[]
라마54b18b,INSUFFICIENT_DATA,"[""elderly_ratio""]",,,,,,,,,,[]
라마54b19a,OK,[],50.0,73.68,7.65,51.91,43.78,MODERATE,45.81,475.0,False,"[""HIGH_ELDERLY_RATIO"",""LOW_SHELTER_ACCESSIBILITY"",""HIGH_HEAT""]"
라마54b19b,INSUFFICIENT_DATA,"[""elderly_ratio""]",,,,,,,,,,[]
라마54b20a,INSUFFICIENT_DATA,"[""elderly_ratio""]",,,,,,,,,,[]
라마54b20b,INSUFFICIENT_DATA,"[""elderly_ratio""]",,,,,,,,,,[]
라마54b21a,INSUFFICIENT_DATA,"[""elderly_ratio""]",,,,,,,,,,[]
라마54b21b,OK,[],50.0,0.0,3.32,90.56,17.77,LOW,35.97,747.0,False,"[""LOW_SHELTER_ACCESSIBILITY"",""HIGH_HEAT""]"
라마54b22a,INSUFFICIENT_DATA,"[""elderly_ratio""]",,,,,,,,,,[]
라마54b22b,OK,[],50.0,0.0,18.28,73.56,22.76,LOW,35.46,758.0,False,"[""LOW_SHELTER_ACCESSIBILITY"",""HIGH_HEAT""]"
라마54b23a,OK,[],50.0,84.85,37.05,66.16,57.3,HIGH,59.52,115.0,True,"[""HIGH_ELDERLY_RATIO"",""LOW_SHELTER_ACCESSIBILITY"",""HIGH_HEAT""]"
라마54b23b,OK,[],50.0,0.0,43.96,61.75,31.32,MODERATE,38.93,670.0,False,"[""LOW_SHELTER_ACCESSIBILITY"",""HIGH_HEAT""]"
라마54b24a,INSUFFICIENT_DATA,"[""elderly_ratio""]",,,,,,,,,,[]
라마54b24b,INSUFFICIENT_DATA,"[""elderly_ratio""]",,,,,,,,,,[]
라마54b25a,INSUFFICIENT_DATA,"[""elderly_ratio""]",,,,,,,,,,[]
라마54b25b,INSUFFICIENT_DATA,"[""elderly_ratio""]",,,,,,,,,,[]
라마54b26a,INSUFFICIENT_DATA,"[""elderly_ratio""]",,,,,,,,,,[]
라마54b26b,OK,[],50.0,76.56,100.0,27.37,75.52,VERY_HIGH,63.48,59.0,True,"[""HIGH_FARMLAND_RATIO"",""HIGH_ELDERLY_RATIO"",""HIGH_HEAT""]"
라마54b27a,INSUFFICIENT_DATA,"[""elderly_ratio""]",,,,,,,,,,[]
라마54b27b,OK,[],50.0,58.33,100.0,30.0,69.44,HIGH,59.58,114.0,True,"[""HIGH_FARMLAND_RATIO"",""HIGH_ELDERLY_RATIO"",""HIGH_HEAT""]"
라마54b28a,INSUFFICIENT_DATA,"[""elderly_ratio""]",,,,,,,,,,[]
라마54b28b,OK,[],50.0,0.0,6.93,53.18,18.98,LOW,27.53,889.0,False,"[""LOW_SHELTER_ACCESSIBILITY"",""HIGH_HEAT""]"
라마54b29a,OK,[],50.0,0.0,0.0,37.71,16.67,LOW,21.93,946.0,False,"[""HIGH_HEAT""]"
라마54b29b,INSUFFICIENT_DATA,"[""elderly_ratio""]",,,,,,,,,,[]
라마54b30a,INSUFFICIENT_DATA,"[""elderly_ratio""]",,,,,,,,,,[]
라마54b30b,OK,[],50.0,47.16,14.17,0.93,37.11,MODERATE,28.06,881.0,False,"[""HIGH_HEAT""]"
라마54b31a,INSUFFICIENT_DATA,"[""elderly_ratio""]",,,,,,,,,,[]
라마54b31b,INSUFFICIENT_DATA,"[""elderly_ratio""]",,,,,,,,,,[]
라마54b32a,INSUFFICIENT_DATA,"[""elderly_ratio""]",,,,,,,,,,[]
라마54b32b,INSUFFICIENT_DATA,"[""elderly_ratio""]",,,,,,,,,,[]
라마54b33a,INSUFFICIENT_DATA,"[""elderly_ratio""]",,,,,,,,,,[]
라마54b33b,INSUFFICIENT_DATA,"[""elderly_ratio""]",,,,,,,,,,[]
라마54b34a,INSUFFICIENT_DATA,"[""elderly_ratio""]",,,,,,,,,,[]
라마54b34b,OK,[],50.0,56.91,78.62,29.19,61.84,HIGH,53.68,258.0,True,"[""HIGH_FARMLAND_RATIO"",""HIGH_ELDERLY_RATIO"",""HIGH_HEAT""]"
라마54b35a,OK,[],50.0,96.08,22.04,24.26,56.04,HIGH,48.09,402.0,True,"[""HIGH_ELDERLY_RATIO"",""HIGH_HEAT""]"
라마54b35b,INSUFFICIENT_DATA,"[""elderly_ratio""]",,,,,,,,,,[]
라마54b36a,INSUFFICIENT_DATA,"[""elderly_ratio""]",,,,,,,,,,[]
라마54b36b,INSUFFICIENT_DATA,"[""elderly_ratio""]",,,,,,,,,,[]
라마54b37a,INSUFFICIENT_DATA,"[""elderly_ratio""]",,,,,,,,,,[]
라마54b37b,INSUFFICIENT_DATA,"[""elderly_ratio""]",,,,,,,,,,[]
라마54b38a,OK,[],50.0,88.89,26.46,38.19,55.12,HIGH,50.88,326.0,True,"[""HIGH_ELDERLY_RATIO"",""HIGH_HEAT""]"
라마54b38b,OK,[],50.0,87.5,3.52,34.33,47.01,MODERATE,43.84,526.0,False,"[""HIGH_ELDERLY_RATIO"",""HIGH_HEAT""]"
라마54b39a,INSUFFICIENT_DATA,"[""elderly_ratio""]",,,,,,,,,,[]
라마54b39b,INSUFFICIENT_DATA,"[""elderly_ratio""]",,,,,,,,,,[]
라마54b40a,OK,[],50.0,82.64,24.51,54.68,52.38,HIGH,52.96,273.0,True,"[""HIGH_ELDERLY_RATIO"",""LOW_SHELTER_ACCESSIBILITY"",""HIGH_HEAT""]"
라마54b40b,OK,[],50.0,89.5,44.77,67.35,61.42,HIGH,62.91,67.0,True,"[""HIGH_ELDERLY_RATIO"",""LOW_SHELTER_ACCESSIBILITY"",""HIGH_HEAT""]"
라마54b41a,INSUFFICIENT_DATA,"[""elderly_ratio""]",,,,,,,,,,[]
라마54b41b,INSUFFICIENT_DATA,"[""elderly_ratio""]",,,,,,,,,,[]
라마54b42a,INSUFFICIENT_DATA,"[""elderly_ratio""]",,,,,,,,,,[]
라마54b42b,INSUFFICIENT_DATA,"[""elderly_ratio""]",,,,,,,,,,[]
라마54b43a,INSUFFICIENT_DATA,"[""elderly_ratio""]",,,,,,,,,,[]
라마54b43b,INSUFFICIENT_DATA,"[""elderly_ratio""]",,,,,,,,,,[]
라마54b44a,INSUFFICIENT_DATA,"[""elderly_ratio""]",,,,,,,,,,[]
라마54b44b,INSUFFICIENT_DATA,"[""elderly_ratio""]",,,,,,,,,,[]
라마54b45a,INSUFFICIENT_DATA,"[""elderly_ratio""]",,,,,,,,,,[]
라마54b45b,INSUFFICIENT_DATA,"[""elderly_ratio""]",,,,,,,,,,[]
라마54b46a,OK,[],50.0,72.22,22.65,17.49,48.29,MODERATE,40.59,620.0,False,"[""HIGH_ELDERLY_RATIO"",""HIGH_HEAT""]"
라마54b46b,OK,[],50.0,95.83,51.92,1.62,65.92,HIGH,49.84,355.0,False,"[""HIGH_ELDERLY_RATIO"",""HIGH_FARMLAND_RATIO"",""HIGH_HEAT""]"
라마54b47a,OK,[],50.0,74.24,100.0,2.3,74.75,HIGH,56.63,185.0,False,"[""HIGH_FARMLAND_RATIO"",""HIGH_ELDERLY_RATIO"",""HIGH_HEAT""]"
라마54b47b,OK,[],50.0,100.0,85.96,4.93,78.65,VERY_HIGH,60.22,103.0,True,"[""HIGH_ELDERLY_RATIO"",""HIGH_FARMLAND_RATIO"",""HIGH_HEAT""]"
라마54b48a,OK,[],50.0,57.49,76.31,7.15,61.27,HIGH,47.74,409.0,True,"[""HIGH_FARMLAND_RATIO"",""HIGH_ELDERLY_RATIO"",""HIGH_HEAT""]"
라마54b48b,OK,[],50.0,83.01,86.02,4.68,73.01,HIGH,55.93,202.0,True,"[""HIGH_FARMLAND_RATIO"",""HIGH_ELDERLY_RATIO"",""HIGH_HEAT""]"
라마54b49a,OK,[],50.0,0.0,70.57,17.66,40.19,MODERATE,34.56,773.0,False,"[""HIGH_FARMLAND_RATIO"",""HIGH_HEAT""]"
라마54b49b,OK,[],50.0,44.44,39.14,32.89,44.53,MODERATE,41.62,591.0,False,"[""HIGH_HEAT""]"
라마54b50a,INSUFFICIENT_DATA,"[""elderly_ratio""]",,,,,,,,,,[]
라마54b50b,INSUFFICIENT_DATA,"[""elderly_ratio""]",,,,,,,,,,[]
라마54b51a,INSUFFICIENT_DATA,"[""elderly_ratio""]",,,,,,,,,,[]
라마54b51b,INSUFFICIENT_DATA,"[""elderly_ratio""]",,,,,,,,,,[]
라마54b52a,INSUFFICIENT_DATA,"[""elderly_ratio""]",,,,,,,,,,[]
라마54b52b,INSUFFICIENT_DATA,"[""elderly_ratio""]",,,,,,,,,,[]
라마54b53a,INSUFFICIENT_DATA,"[""elderly_ratio""]",,,,,,,,,,[]
라마54b53b,INSUFFICIENT_DATA,"[""elderly_ratio""]",,,,,,,,,,[]
라마54b54a,INSUFFICIENT_DATA,"[""elderly_ratio""]",,,,,,,,,,[]
라마54b54b,INSUFFICIENT_DATA,"[""elderly_ratio""]",,,,,,,,,,[]
라마54b55a,INSUFFICIENT_DATA,"[""elderly_ratio""]",,,,,,,,,,[]
라마54b55b,INSUFFICIENT_DATA,"[""elderly_ratio""]",,,,,,,,,,[]
라마54b56a,INSUFFICIENT_DATA,"[""elderly_ratio""]",,,,,,,,,,[]
라마54b56b,INSUFFICIENT_DATA,"[""elderly_ratio""]",,,,,,,,,,[]
라마54b57a,INSUFFICIENT_DATA,"[""elderly_ratio""]",,,,,,,,,,[]
라마54b57b,INSUFFICIENT_DATA,"[""elderly_ratio""]",,,,,,,,,,[]
라마54b58a,INSUFFICIENT_DATA,"[""elderly_ratio""]",,,,,,,,,,[]
라마54b58b,INSUFFICIENT_DATA,"[""elderly_ratio""]",,,,,,,,,,[]
라마55a09b,INSUFFICIENT_DATA,"[""elderly_ratio""]",,,,,,,,,,[]
라마55a10a,INSUFFICIENT_DATA,"[""elderly_ratio""]",,,,,,,,,,[]
라마55a10b,INSUFFICIENT_DATA,"[""elderly_ratio""]",,,,,,,,,,[]
라마55a11a,INSUFFICIENT_DATA,"[""elderly_ratio""]",,,,,,,,,,[]
라마55a11b,INSUFFICIENT_DATA,"[""elderly_ratio""]",,,,,,,,,,[]
라마55a12a,INSUFFICIENT_DATA,"[""elderly_ratio""]",,,,,,,,,,[]
라마55a12b,OK,[],50.0,82.35,14.36,24.62,48.9,MODERATE,42.83,556.0,False,"[""HIGH_ELDERLY_RATIO"",""HIGH_HEAT""]"
라마55a13a,INSUFFICIENT_DATA,"[""elderly_ratio""]",,,,,,,,,,[]
라마55a13b,INSUFFICIENT_DATA,"[""elderly_ratio""]",,,,,,,,,,[]
라마55a14a,OK,[],50.0,74.67,23.98,22.93,49.55,MODERATE,42.9,555.0,False,"[""HIGH_ELDERLY_RATIO"",""HIGH_HEAT""]"
라마55a14b,OK,[],50.0,100.0,21.58,34.5,57.19,HIGH,51.52,304.0,True,"[""HIGH_ELDERLY_RATIO"",""HIGH_HEAT""]"
라마55a15a,INSUFFICIENT_DATA,"[""elderly_ratio""]",,,,,,,,,,[]
라마55a15b,INSUFFICIENT_DATA,"[""elderly_ratio""]",,,,,,,,,,[]
라마55a16a,INSUFFICIENT_DATA,"[""elderly_ratio""]",,,,,,,,,,[]
라마55a16b,INSUFFICIENT_DATA,"[""elderly_ratio""]",,,,,,,,,,[]
라마55a17a,INSUFFICIENT_DATA,"[""elderly_ratio""]",,,,,,,,,,[]
라마55a17b,INSUFFICIENT_DATA,"[""elderly_ratio""]",,,,,,,,,,[]
라마55a18a,INSUFFICIENT_DATA,"[""elderly_ratio""]",,,,,,,,,,[]
라마55a18b,INSUFFICIENT_DATA,"[""elderly_ratio""]",,,,,,,,,,[]
라마55a19a,INSUFFICIENT_DATA,"[""elderly_ratio""]",,,,,,,,,,[]
라마55a19b,INSUFFICIENT_DATA,"[""elderly_ratio""]",,,,,,,,,,[]
라마55a20a,INSUFFICIENT_DATA,"[""elderly_ratio""]",,,,,,,,,,[]
라마55a20b,INSUFFICIENT_DATA,"[""elderly_ratio""]",,,,,,,,,,[]
라마55a21a,INSUFFICIENT_DATA,"[""elderly_ratio""]",,,,,,,,,,[]
라마55a21b,INSUFFICIENT_DATA,"[""elderly_ratio""]",,,,,,,,,,[]
라마55a22a,INSUFFICIENT_DATA,"[""elderly_ratio""]",,,,,,,,,,[]
라마55a22b,INSUFFICIENT_DATA,"[""elderly_ratio""]",,,,,,,,,,[]
라마55a23a,INSUFFICIENT_DATA,"[""elderly_ratio""]",,,,,,,,,,[]
라마55a23b,OK,[],50.0,79.67,59.67,61.69,63.11,HIGH,62.76,68.0,True,"[""HIGH_ELDERLY_RATIO"",""LOW_SHELTER_ACCESSIBILITY"",""HIGH_FARMLAND_RATIO""]"
라마55a24a,INSUFFICIENT_DATA,"[""elderly_ratio""]",,,,,,,,,,[]
라마55a24b,INSUFFICIENT_DATA,"[""elderly_ratio""]",,,,,,,,,,[]
라마55a25a,INSUFFICIENT_DATA,"[""elderly_ratio""]",,,,,,,,,,[]
라마55a25b,INSUFFICIENT_DATA,"[""elderly_ratio""]",,,,,,,,,,[]
라마55a26a,INSUFFICIENT_DATA,"[""elderly_ratio""]",,,,,,,,,,[]
라마55a26b,INSUFFICIENT_DATA,"[""elderly_ratio""]",,,,,,,,,,[]
라마55a27a,OK,[],50.0,73.98,4.22,9.08,42.73,MODERATE,34.32,777.0,False,"[""HIGH_ELDERLY_RATIO"",""HIGH_HEAT""]"
라마55a27b,OK,[],50.0,0.0,5.55,17.9,18.52,LOW,18.36,982.0,False,"[""HIGH_HEAT""]"
라마55a28a,INSUFFICIENT_DATA,"[""elderly_ratio""]",,,,,,,,,,[]
라마55a28b,OK,[],50.0,93.33,100.0,46.69,81.11,VERY_HIGH,72.5,3.0,True,"[""HIGH_FARMLAND_RATIO"",""HIGH_ELDERLY_RATIO"",""HIGH_HEAT""]"
라마55a29a,OK,[],50.0,70.83,26.96,38.6,49.26,MODERATE,46.6,451.0,False,"[""HIGH_ELDERLY_RATIO"",""HIGH_HEAT""]"
라마55a29b,INSUFFICIENT_DATA,"[""elderly_ratio""]",,,,,,,,,,[]
라마55a30a,INSUFFICIENT_DATA,"[""elderly_ratio""]",,,,,,,,,,[]
라마55a30b,INSUFFICIENT_DATA,"[""elderly_ratio""]",,,,,,,,,,[]
라마55a31a,INSUFFICIENT_DATA,"[""elderly_ratio""]",,,,,,,,,,[]
라마55a31b,INSUFFICIENT_DATA,"[""elderly_ratio""]",,,,,,,,,,[]
라마55a32a,INSUFFICIENT_DATA,"[""elderly_ratio""]",,,,,,,,,,[]
라마55a32b,INSUFFICIENT_DATA,"[""elderly_ratio""]",,,,,,,,,,[]
라마55a33a,INSUFFICIENT_DATA,"[""elderly_ratio""]",,,,,,,,,,[]
라마55a33b,INSUFFICIENT_DATA,"[""elderly_ratio""]",,,,,,,,,,[]
라마55a34a,INSUFFICIENT_DATA,"[""elderly_ratio""]",,,,,,,,,,[]
라마55a34b,OK,[],50.0,83.33,77.49,17.03,70.27,HIGH,56.96,174.0,True,"[""HIGH_ELDERLY_RATIO"",""HIGH_FARMLAND_RATIO"",""HIGH_HEAT""]"
라마55a35a,INSUFFICIENT_DATA,"[""elderly_ratio""]",,,,,,,,,,[]
라마55a35b,INSUFFICIENT_DATA,"[""elderly_ratio""]",,,,,,,,,,[]
라마55a36a,INSUFFICIENT_DATA,"[""elderly_ratio""]",,,,,,,,,,[]
라마55a36b,INSUFFICIENT_DATA,"[""elderly_ratio""]",,,,,,,,,,[]
라마55a37a,INSUFFICIENT_DATA,"[""elderly_ratio""]",,,,,,,,,,[]
라마55a37b,INSUFFICIENT_DATA,"[""elderly_ratio""]",,,,,,,,,,[]
라마55a38a,OK,[],50.0,87.5,65.04,24.41,67.51,HIGH,56.74,181.0,True,"[""HIGH_ELDERLY_RATIO"",""HIGH_FARMLAND_RATIO"",""HIGH_HEAT""]"
라마55a38b,INSUFFICIENT_DATA,"[""elderly_ratio""]",,,,,,,,,,[]
라마55a39a,INSUFFICIENT_DATA,"[""elderly_ratio""]",,,,,,,,,,[]
라마55a39b,INSUFFICIENT_DATA,"[""elderly_ratio""]",,,,,,,,,,[]
라마55a40a,OK,[],50.0,66.52,38.57,45.51,51.7,HIGH,50.15,343.0,True,"[""HIGH_ELDERLY_RATIO"",""HIGH_HEAT""]"
라마55a40b,OK,[],50.0,0.0,28.74,59.96,26.25,MODERATE,34.67,770.0,False,"[""LOW_SHELTER_ACCESSIBILITY"",""HIGH_HEAT""]"
라마55a41a,INSUFFICIENT_DATA,"[""elderly_ratio""]",,,,,,,,,,[]
라마55a41b,INSUFFICIENT_DATA,"[""elderly_ratio""]",,,,,,,,,,[]
라마55a42a,INSUFFICIENT_DATA,"[""elderly_ratio""]",,,,,,,,,,[]
라마55a42b,INSUFFICIENT_DATA,"[""elderly_ratio""]",,,,,,,,,,[]
라마55a43a,INSUFFICIENT_DATA,"[""elderly_ratio""]",,,,,,,,,,[]
라마55a43b,INSUFFICIENT_DATA,"[""elderly_ratio""]",,,,,,,,,,[]
라마55a44a,INSUFFICIENT_DATA,"[""elderly_ratio""]",,,,,,,,,,[]
라마55a44b,INSUFFICIENT_DATA,"[""elderly_ratio""]",,,,,,,,,,[]
라마55a45a,INSUFFICIENT_DATA,"[""elderly_ratio""]",,,,,,,,,,[]
라마55a45b,INSUFFICIENT_DATA,"[""elderly_ratio""]",,,,,,,,,,[]
라마55a46a,INSUFFICIENT_DATA,"[""elderly_ratio""]",,,,,,,,,,[]
라마55a46b,INSUFFICIENT_DATA,"[""elderly_ratio""]",,,,,,,,,,[]
라마55a47a,INSUFFICIENT_DATA,"[""elderly_ratio""]",,,,,,,,,,[]
라마55a47b,INSUFFICIENT_DATA,"[""elderly_ratio""]",,,,,,,,,,[]
라마55a48a,OK,[],50.0,75.64,88.08,6.03,71.24,HIGH,54.94,220.0,True,"[""HIGH_FARMLAND_RATIO"",""HIGH_ELDERLY_RATIO"",""HIGH_HEAT""]"
라마55a48b,OK,[],50.0,50.72,48.6,3.27,49.77,MODERATE,38.15,694.0,False,"[""HIGH_ELDERLY_RATIO"",""HIGH_HEAT""]"
라마55a49a,OK,[],50.0,0.0,18.03,17.06,22.68,LOW,21.27,955.0,False,"[""HIGH_HEAT""]"
라마55a49b,OK,[],50.0,51.85,20.52,31.19,40.79,MODERATE,38.39,690.0,False,"[""HIGH_ELDERLY_RATIO"",""HIGH_HEAT""]"
라마55a50a,INSUFFICIENT_DATA,"[""elderly_ratio""]",,,,,,,,,,[]
라마55a50b,INSUFFICIENT_DATA,"[""elderly_ratio""]",,,,,,,,,,[]
라마55a51a,INSUFFICIENT_DATA,"[""elderly_ratio""]",,,,,,,,,,[]
라마55a51b,INSUFFICIENT_DATA,"[""elderly_ratio""]",,,,,,,,,,[]
라마55a52a,INSUFFICIENT_DATA,"[""elderly_ratio""]",,,,,,,,,,[]
라마55a52b,INSUFFICIENT_DATA,"[""elderly_ratio""]",,,,,,,,,,[]
라마55a53a,INSUFFICIENT_DATA,"[""elderly_ratio""]",,,,,,,,,,[]
라마55a53b,INSUFFICIENT_DATA,"[""elderly_ratio""]",,,,,,,,,,[]
라마55a54a,OK,[],50.0,0.0,0.0,99.44,16.67,LOW,37.36,717.0,False,"[""LOW_SHELTER_ACCESSIBILITY"",""HIGH_HEAT""]"
라마55a54b,INSUFFICIENT_DATA,"[""elderly_ratio""]",,,,,,,,,,[]
라마55a55a,INSUFFICIENT_DATA,"[""elderly_ratio""]",,,,,,,,,,[]
라마55a55b,INSUFFICIENT_DATA,"[""elderly_ratio""]",,,,,,,,,,[]
라마55a56a,INSUFFICIENT_DATA,"[""elderly_ratio""]",,,,,,,,,,[]
라마55a56b,INSUFFICIENT_DATA,"[""elderly_ratio""]",,,,,,,,,,[]
라마55a57a,INSUFFICIENT_DATA,"[""elderly_ratio""]",,,,,,,,,,[]
라마55a57b,INSUFFICIENT_DATA,"[""elderly_ratio""]",,,,,,,,,,[]
라마55a58a,INSUFFICIENT_DATA,"[""elderly_ratio""]",,,,,,,,,,[]
라마55a58b,INSUFFICIENT_DATA,"[""elderly_ratio""]",,,,,,,,,,[]
라마55b09b,INSUFFICIENT_DATA,"[""elderly_ratio""]",,,,,,,,,,[]
라마55b10a,OK,[],50.0,0.0,1.96,41.85,17.32,LOW,23.45,924.0,False,"[""HIGH_HEAT""]"
라마55b10b,INSUFFICIENT_DATA,"[""elderly_ratio""]",,,,,,,,,,[]
라마55b11a,OK,[],50.0,43.75,0.0,40.11,31.25,MODERATE,33.47,791.0,False,"[""HIGH_HEAT""]"
라마55b11b,OK,[],50.0,87.5,0.0,25.4,45.83,MODERATE,40.73,612.0,False,"[""HIGH_ELDERLY_RATIO"",""HIGH_HEAT""]"
라마55b12a,INSUFFICIENT_DATA,"[""elderly_ratio""]",,,,,,,,,,[]
라마55b12b,OK,[],50.0,54.17,36.23,8.97,46.8,MODERATE,37.34,719.0,False,"[""HIGH_ELDERLY_RATIO"",""HIGH_HEAT""]"
라마55b13a,OK,[],50.0,70.0,46.21,10.19,55.4,HIGH,44.1,518.0,True,"[""HIGH_ELDERLY_RATIO"",""HIGH_HEAT""]"
라마55b13b,OK,[],50.0,17.54,6.7,1.41,24.75,LOW,18.91,976.0,False,"[""HIGH_HEAT""]"
라마55b14a,INSUFFICIENT_DATA,"[""elderly_ratio""]",,,,,,,,,,[]
라마55b14b,OK,[],50.0,82.1,75.17,27.98,69.09,HIGH,58.81,124.0,True,"[""HIGH_ELDERLY_RATIO"",""HIGH_FARMLAND_RATIO"",""HIGH_HEAT""]"
라마55b15a,INSUFFICIENT_DATA,"[""elderly_ratio""]",,,,,,,,,,[]
라마55b15b,INSUFFICIENT_DATA,"[""elderly_ratio""]",,,,,,,,,,[]
라마55b16a,INSUFFICIENT_DATA,"[""elderly_ratio""]",,,,,,,,,,[]
라마55b16b,INSUFFICIENT_DATA,"[""elderly_ratio""]",,,,,,,,,,[]
라마55b17a,INSUFFICIENT_DATA,"[""elderly_ratio""]",,,,,,,,,,[]
라마55b17b,INSUFFICIENT_DATA,"[""elderly_ratio""]",,,,,,,,,,[]
라마55b18a,INSUFFICIENT_DATA,"[""elderly_ratio""]",,,,,,,,,,[]
라마55b18b,OK,[],50.0,0.0,0.0,25.73,16.67,LOW,18.93,975.0,False,"[""HIGH_HEAT""]"
라마55b19a,OK,[],50.0,0.0,0.0,20.13,16.67,LOW,17.53,988.0,False,"[""HIGH_HEAT""]"
라마55b19b,INSUFFICIENT_DATA,"[""elderly_ratio""]",,,,,,,,,,[]
라마55b20a,INSUFFICIENT_DATA,"[""elderly_ratio""]",,,,,,,,,,[]
라마55b20b,INSUFFICIENT_DATA,"[""elderly_ratio""]",,,,,,,,,,[]
라마55b21a,INSUFFICIENT_DATA,"[""elderly_ratio""]",,,,,,,,,,[]
라마55b21b,INSUFFICIENT_DATA,"[""elderly_ratio""]",,,,,,,,,,[]
라마55b22a,INSUFFICIENT_DATA,"[""elderly_ratio""]",,,,,,,,,,[]
라마55b22b,INSUFFICIENT_DATA,"[""elderly_ratio""]",,,,,,,,,,[]
라마55b23a,OK,[],50.0,66.67,2.48,68.53,39.72,MODERATE,46.92,443.0,False,"[""LOW_SHELTER_ACCESSIBILITY"",""HIGH_ELDERLY_RATIO"",""HIGH_HEAT""]"
라마55b23b,OK,[],50.0,71.79,39.53,53.69,53.77,HIGH,53.75,256.0,True,"[""HIGH_ELDERLY_RATIO"",""LOW_SHELTER_ACCESSIBILITY"",""HIGH_HEAT""]"
라마55b24a,INSUFFICIENT_DATA,"[""elderly_ratio""]",,,,,,,,,,[]
라마55b24b,INSUFFICIENT_DATA,"[""elderly_ratio""]",,,,,,,,,,[]
라마55b25a,INSUFFICIENT_DATA,"[""elderly_ratio""]",,,,,,,,,,[]
라마55b25b,OK,[],50.0,80.21,0.29,19.66,43.5,MODERATE,37.54,710.0,False,"[""HIGH_ELDERLY_RATIO"",""HIGH_HEAT""]"
라마55b26a,INSUFFICIENT_DATA,"[""elderly_ratio""]",,,,,,,,,,[]
라마55b26b,OK,[],50.0,0.0,16.61,7.02,22.2,LOW,18.41,981.0,False,"[""HIGH_HEAT""]"
라마55b27a,OK,[],50.0,86.82,25.9,0.0,54.24,HIGH,40.68,613.0,False,"[""HIGH_ELDERLY_RATIO"",""HIGH_HEAT""]"
라마55b27b,OK,[],50.0,91.3,65.0,12.76,68.77,HIGH,54.77,226.0,True,"[""HIGH_ELDERLY_RATIO"",""HIGH_FARMLAND_RATIO"",""HIGH_HEAT""]"
라마55b28a,INSUFFICIENT_DATA,"[""elderly_ratio""]",,,,,,,,,,[]
라마55b28b,INSUFFICIENT_DATA,"[""elderly_ratio""]",,,,,,,,,,[]
라마55b29a,INSUFFICIENT_DATA,"[""elderly_ratio""]",,,,,,,,,,[]
라마55b29b,INSUFFICIENT_DATA,"[""elderly_ratio""]",,,,,,,,,,[]
라마55b30a,OK,[],50.0,89.74,53.25,22.71,64.33,HIGH,53.92,249.0,True,"[""HIGH_ELDERLY_RATIO"",""HIGH_FARMLAND_RATIO"",""HIGH_HEAT""]"
라마55b30b,INSUFFICIENT_DATA,"[""elderly_ratio""]",,,,,,,,,,[]
라마55b31a,INSUFFICIENT_DATA,"[""elderly_ratio""]",,,,,,,,,,[]
라마55b31b,INSUFFICIENT_DATA,"[""elderly_ratio""]",,,,,,,,,,[]
라마55b32a,OK,[],50.0,70.0,18.73,52.28,46.24,MODERATE,47.75,408.0,False,"[""HIGH_ELDERLY_RATIO"",""LOW_SHELTER_ACCESSIBILITY"",""HIGH_HEAT""]"
라마55b32b,INSUFFICIENT_DATA,"[""elderly_ratio""]",,,,,,,,,,[]
라마55b33a,INSUFFICIENT_DATA,"[""elderly_ratio""]",,,,,,,,,,[]
라마55b33b,INSUFFICIENT_DATA,"[""elderly_ratio""]",,,,,,,,,,[]
라마55b34a,INSUFFICIENT_DATA,"[""elderly_ratio""]",,,,,,,,,,[]
라마55b34b,OK,[],50.0,73.68,42.93,12.12,55.54,HIGH,44.68,506.0,True,"[""HIGH_ELDERLY_RATIO"",""HIGH_HEAT""]"
라마55b35a,OK,[],50.0,73.46,66.71,0.0,63.39,HIGH,47.54,419.0,False,"[""HIGH_ELDERLY_RATIO"",""HIGH_FARMLAND_RATIO"",""HIGH_HEAT""]"
라마55b35b,INSUFFICIENT_DATA,"[""elderly_ratio""]",,,,,,,,,,[]
라마55b36a,INSUFFICIENT_DATA,"[""elderly_ratio""]",,,,,,,,,,[]
라마55b36b,INSUFFICIENT_DATA,"[""elderly_ratio""]",,,,,,,,,,[]
라마55b37a,INSUFFICIENT_DATA,"[""elderly_ratio""]",,,,,,,,,,[]
라마55b37b,INSUFFICIENT_DATA,"[""elderly_ratio""]",,,,,,,,,,[]
라마55b38a,OK,[],50.0,34.03,33.17,14.05,39.07,MODERATE,32.81,808.0,False,"[""HIGH_HEAT""]"
라마55b38b,OK,[],50.0,88.67,67.02,2.74,68.56,HIGH,52.11,291.0,False,"[""HIGH_ELDERLY_RATIO"",""HIGH_FARMLAND_RATIO"",""HIGH_HEAT""]"
라마55b39a,INSUFFICIENT_DATA,"[""elderly_ratio""]",,,,,,,,,,[]
라마55b39b,INSUFFICIENT_DATA,"[""elderly_ratio""]",,,,,,,,,,[]
라마55b40a,OK,[],50.0,61.49,4.42,40.15,38.64,MODERATE,39.02,667.0,False,"[""HIGH_ELDERLY_RATIO"",""HIGH_HEAT""]"
라마55b40b,OK,[],50.0,0.0,5.65,55.87,18.55,LOW,27.88,883.0,False,"[""LOW_SHELTER_ACCESSIBILITY"",""HIGH_HEAT""]"
라마55b41a,INSUFFICIENT_DATA,"[""elderly_ratio""]",,,,,,,,,,[]
라마55b41b,OK,[],50.0,100.0,30.3,51.71,60.1,HIGH,58.0,153.0,True,"[""HIGH_ELDERLY_RATIO"",""LOW_SHELTER_ACCESSIBILITY"",""HIGH_HEAT""]"
라마55b42a,INSUFFICIENT_DATA,"[""elderly_ratio""]",,,,,,,,,,[]
라마55b42b,INSUFFICIENT_DATA,"[""elderly_ratio""]",,,,,,,,,,[]
라마55b43a,INSUFFICIENT_DATA,"[""elderly_ratio""]",,,,,,,,,,[]
라마55b43b,INSUFFICIENT_DATA,"[""elderly_ratio""]",,,,,,,,,,[]
라마55b44a,INSUFFICIENT_DATA,"[""elderly_ratio""]",,,,,,,,,,[]
라마55b44b,INSUFFICIENT_DATA,"[""elderly_ratio""]",,,,,,,,,,[]
라마55b45a,INSUFFICIENT_DATA,"[""elderly_ratio""]",,,,,,,,,,[]
라마55b45b,INSUFFICIENT_DATA,"[""elderly_ratio""]",,,,,,,,,,[]
라마55b46a,INSUFFICIENT_DATA,"[""elderly_ratio""]",,,,,,,,,,[]
라마55b46b,INSUFFICIENT_DATA,"[""elderly_ratio""]",,,,,,,,,,[]
라마55b47a,INSUFFICIENT_DATA,"[""elderly_ratio""]",,,,,,,,,,[]
라마55b47b,INSUFFICIENT_DATA,"[""elderly_ratio""]",,,,,,,,,,[]
라마55b48a,OK,[],50.0,74.43,94.4,18.93,72.94,HIGH,59.44,116.0,True,"[""HIGH_FARMLAND_RATIO"",""HIGH_ELDERLY_RATIO"",""HIGH_HEAT""]"
라마55b48b,OK,[],50.0,0.0,27.09,16.71,25.7,MODERATE,23.45,925.0,False,"[""HIGH_HEAT""]"
라마55b49a,INSUFFICIENT_DATA,"[""elderly_ratio""]",,,,,,,,,,[]
라마55b49b,OK,[],50.0,98.44,20.57,25.54,56.34,HIGH,48.64,391.0,True,"[""HIGH_ELDERLY_RATIO"",""HIGH_HEAT""]"
라마55b50a,OK,[],50.0,0.0,19.72,9.92,23.24,LOW,19.91,967.0,False,"[""HIGH_HEAT""]"
라마55b50b,OK,[],50.0,59.36,51.55,0.0,53.64,HIGH,40.23,631.0,False,"[""HIGH_ELDERLY_RATIO"",""HIGH_FARMLAND_RATIO"",""HIGH_HEAT""]"
라마55b51a,INSUFFICIENT_DATA,"[""elderly_ratio""]",,,,,,,,,,[]
라마55b51b,INSUFFICIENT_DATA,"[""elderly_ratio""]",,,,,,,,,,[]
라마55b52a,INSUFFICIENT_DATA,"[""elderly_ratio""]",,,,,,,,,,[]
라마55b52b,INSUFFICIENT_DATA,"[""elderly_ratio""]",,,,,,,,,,[]
라마55b53a,INSUFFICIENT_DATA,"[""elderly_ratio""]",,,,,,,,,,[]
라마55b53b,INSUFFICIENT_DATA,"[""elderly_ratio""]",,,,,,,,,,[]
라마55b54a,OK,[],50.0,73.46,2.73,88.03,42.06,MODERATE,53.55,260.0,False,"[""LOW_SHELTER_ACCESSIBILITY"",""HIGH_ELDERLY_RATIO"",""HIGH_HEAT""]"
라마55b54b,INSUFFICIENT_DATA,"[""elderly_ratio""]",,,,,,,,,,[]
라마55b55a,INSUFFICIENT_DATA,"[""elderly_ratio""]",,,,,,,,,,[]
라마55b55b,INSUFFICIENT_DATA,"[""elderly_ratio""]",,,,,,,,,,[]
라마55b56a,INSUFFICIENT_DATA,"[""elderly_ratio""]",,,,,,,,,,[]
라마55b56b,INSUFFICIENT_DATA,"[""elderly_ratio""]",,,,,,,,,,[]
라마55b57a,INSUFFICIENT_DATA,"[""elderly_ratio""]",,,,,,,,,,[]
라마55b57b,INSUFFICIENT_DATA,"[""elderly_ratio""]",,,,,,,,,,[]
라마55b58a,INSUFFICIENT_DATA,"[""elderly_ratio""]",,,,,,,,,,[]
라마55b58b,INSUFFICIENT_DATA,"[""elderly_ratio""]",,,,,,,,,,[]
라마56a09b,OK,[],50.0,66.29,6.12,57.52,40.8,MODERATE,44.98,499.0,False,"[""HIGH_ELDERLY_RATIO"",""LOW_SHELTER_ACCESSIBILITY"",""HIGH_HEAT""]"
라마56a10a,OK,[],50.0,84.85,63.13,57.59,65.99,HIGH,63.89,54.0,True,"[""HIGH_ELDERLY_RATIO"",""HIGH_FARMLAND_RATIO"",""LOW_SHELTER_ACCESSIBILITY""]"
라마56a10b,OK,[],50.0,75.49,80.56,53.7,68.68,HIGH,64.94,36.0,True,"[""HIGH_FARMLAND_RATIO"",""HIGH_ELDERLY_RATIO"",""LOW_SHELTER_ACCESSIBILITY""]"
라마56a11a,OK,[],50.0,71.51,76.06,37.79,65.86,HIGH,58.84,123.0,True,"[""HIGH_FARMLAND_RATIO"",""HIGH_ELDERLY_RATIO"",""HIGH_HEAT""]"
라마56a11b,OK,[],50.0,61.76,100.0,21.89,70.59,HIGH,58.41,138.0,True,"[""HIGH_FARMLAND_RATIO"",""HIGH_ELDERLY_RATIO"",""HIGH_HEAT""]"
라마56a12a,INSUFFICIENT_DATA,"[""elderly_ratio""]",,,,,,,,,,[]
라마56a12b,OK,[],50.0,59.38,38.89,0.0,49.42,MODERATE,37.07,726.0,False,"[""HIGH_ELDERLY_RATIO"",""HIGH_HEAT""]"
라마56a13a,OK,[],50.0,65.91,10.4,1.48,42.1,MODERATE,31.95,824.0,False,"[""HIGH_ELDERLY_RATIO"",""HIGH_HEAT""]"
라마56a13b,OK,[],50.0,39.39,39.67,2.63,43.02,MODERATE,32.92,804.0,False,"[""HIGH_HEAT""]"
라마56a14a,INSUFFICIENT_DATA,"[""elderly_ratio""]",,,,,,,,,,[]
라마56a14b,INSUFFICIENT_DATA,"[""elderly_ratio""]",,,,,,,,,,[]
라마56a15a,INSUFFICIENT_DATA,"[""elderly_ratio""]",,,,,,,,,,[]
라마56a15b,OK,[],50.0,81.16,17.88,48.25,49.68,MODERATE,49.32,367.0,False,"[""HIGH_ELDERLY_RATIO"",""HIGH_HEAT""]"
라마56a16a,INSUFFICIENT_DATA,"[""elderly_ratio""]",,,,,,,,,,[]
라마56a16b,INSUFFICIENT_DATA,"[""elderly_ratio""]",,,,,,,,,,[]
라마56a17a,INSUFFICIENT_DATA,"[""elderly_ratio""]",,,,,,,,,,[]
라마56a17b,OK,[],50.0,79.03,3.91,0.0,44.31,MODERATE,33.23,798.0,False,"[""HIGH_ELDERLY_RATIO"",""HIGH_HEAT""]"
라마56a18a,INSUFFICIENT_DATA,"[""elderly_ratio""]",,,,,,,,,,[]
라마56a18b,INSUFFICIENT_DATA,"[""elderly_ratio""]",,,,,,,,,,[]
라마56a19a,INSUFFICIENT_DATA,"[""elderly_ratio""]",,,,,,,,,,[]
라마56a19b,INSUFFICIENT_DATA,"[""elderly_ratio""]",,,,,,,,,,[]
라마56a20a,INSUFFICIENT_DATA,"[""elderly_ratio""]",,,,,,,,,,[]
라마56a20b,OK,[],50.0,77.78,14.12,40.57,47.3,MODERATE,45.62,483.0,False,"[""HIGH_ELDERLY_RATIO"",""HIGH_HEAT""]"
라마56a21a,INSUFFICIENT_DATA,"[""elderly_ratio""]",,,,,,,,,,[]
라마56a21b,INSUFFICIENT_DATA,"[""elderly_ratio""]",,,,,,,,,,[]
라마56a22a,INSUFFICIENT_DATA,"[""elderly_ratio""]",,,,,,,,,,[]
라마56a22b,INSUFFICIENT_DATA,"[""elderly_ratio""]",,,,,,,,,,[]
라마56a23a,INSUFFICIENT_DATA,"[""elderly_ratio""]",,,,,,,,,,[]
라마56a23b,INSUFFICIENT_DATA,"[""elderly_ratio""]",,,,,,,,,,[]
라마56a24a,INSUFFICIENT_DATA,"[""elderly_ratio""]",,,,,,,,,,[]
라마56a24b,INSUFFICIENT_DATA,"[""elderly_ratio""]",,,,,,,,,,[]
라마56a25a,INSUFFICIENT_DATA,"[""elderly_ratio""]",,,,,,,,,,[]
라마56a25b,INSUFFICIENT_DATA,"[""elderly_ratio""]",,,,,,,,,,[]
라마56a26a,OK,[],50.0,90.74,78.22,7.24,72.99,HIGH,56.55,187.0,True,"[""HIGH_ELDERLY_RATIO"",""HIGH_FARMLAND_RATIO"",""HIGH_HEAT""]"
라마56a26b,OK,[],50.0,87.5,70.2,3.06,69.23,HIGH,52.69,280.0,False,"[""HIGH_ELDERLY_RATIO"",""HIGH_FARMLAND_RATIO"",""HIGH_HEAT""]"
라마56a27a,INSUFFICIENT_DATA,"[""elderly_ratio""]",,,,,,,,,,[]
라마56a27b,INSUFFICIENT_DATA,"[""elderly_ratio""]",,,,,,,,,,[]
라마56a28a,INSUFFICIENT_DATA,"[""elderly_ratio""]",,,,,,,,,,[]
라마56a28b,INSUFFICIENT_DATA,"[""elderly_ratio""]",,,,,,,,,,[]
라마56a29a,OK,[],50.0,0.0,10.34,27.1,20.11,LOW,21.86,947.0,False,"[""HIGH_HEAT""]"
라마56a29b,INSUFFICIENT_DATA,"[""elderly_ratio""]",,,,,,,,,,[]
라마56a30a,OK,[],50.0,67.08,100.0,37.75,72.36,HIGH,63.71,58.0,True,"[""HIGH_FARMLAND_RATIO"",""HIGH_ELDERLY_RATIO"",""HIGH_HEAT""]"
라마56a30b,INSUFFICIENT_DATA,"[""elderly_ratio""]",,,,,,,,,,[]
라마56a31a,INSUFFICIENT_DATA,"[""elderly_ratio""]",,,,,,,,,,[]
라마56a31b,OK,[],50.0,72.12,76.5,49.54,66.21,HIGH,62.04,77.0,True,"[""HIGH_FARMLAND_RATIO"",""HIGH_ELDERLY_RATIO"",""HIGH_HEAT""]"
라마56a32a,OK,[],50.0,44.14,34.92,60.99,43.02,MODERATE,47.51,421.0,False,"[""LOW_SHELTER_ACCESSIBILITY"",""HIGH_HEAT""]"
라마56a32b,INSUFFICIENT_DATA,"[""elderly_ratio""]",,,,,,,,,,[]
라마56a33a,INSUFFICIENT_DATA,"[""elderly_ratio""]",,,,,,,,,,[]
라마56a33b,INSUFFICIENT_DATA,"[""elderly_ratio""]",,,,,,,,,,[]
라마56a34a,INSUFFICIENT_DATA,"[""elderly_ratio""]",,,,,,,,,,[]
라마56a34b,INSUFFICIENT_DATA,"[""elderly_ratio""]",,,,,,,,,,[]
라마56a35a,OK,[],50.0,0.0,28.91,11.58,26.3,MODERATE,22.62,936.0,False,"[""HIGH_HEAT""]"
라마56a35b,OK,[],50.0,70.0,43.12,16.18,54.37,HIGH,44.83,503.0,True,"[""HIGH_ELDERLY_RATIO"",""HIGH_HEAT""]"
라마56a36a,INSUFFICIENT_DATA,"[""elderly_ratio""]",,,,,,,,,,[]
라마56a36b,INSUFFICIENT_DATA,"[""elderly_ratio""]",,,,,,,,,,[]
라마56a37a,INSUFFICIENT_DATA,"[""elderly_ratio""]",,,,,,,,,,[]
라마56a37b,INSUFFICIENT_DATA,"[""elderly_ratio""]",,,,,,,,,,[]
라마56a38a,INSUFFICIENT_DATA,"[""elderly_ratio""]",,,,,,,,,,[]
라마56a38b,OK,[],50.0,94.79,97.02,1.71,80.6,VERY_HIGH,60.88,91.0,False,"[""HIGH_FARMLAND_RATIO"",""HIGH_ELDERLY_RATIO"",""HIGH_HEAT""]"
라마56a39a,OK,[],50.0,44.44,33.59,9.43,42.68,MODERATE,34.37,776.0,False,"[""HIGH_HEAT""]"
라마56a39b,INSUFFICIENT_DATA,"[""elderly_ratio""]",,,,,,,,,,[]
라마56a40a,INSUFFICIENT_DATA,"[""elderly_ratio""]",,,,,,,,,,[]
라마56a40b,OK,[],50.0,90.32,60.28,54.96,66.87,HIGH,63.89,55.0,True,"[""HIGH_ELDERLY_RATIO"",""HIGH_FARMLAND_RATIO"",""LOW_SHELTER_ACCESSIBILITY""]"
라마56a41a,INSUFFICIENT_DATA,"[""elderly_ratio""]",,,,,,,,,,[]
라마56a41b,OK,[],50.0,79.25,22.36,36.46,50.54,HIGH,47.02,436.0,True,"[""HIGH_ELDERLY_RATIO"",""HIGH_HEAT""]"
라마56a42a,INSUFFICIENT_DATA,"[""elderly_ratio""]",,,,,,,,,,[]
라마56a42b,INSUFFICIENT_DATA,"[""elderly_ratio""]",,,,,,,,,,[]
라마56a43a,INSUFFICIENT_DATA,"[""elderly_ratio""]",,,,,,,,,,[]
라마56a43b,INSUFFICIENT_DATA,"[""elderly_ratio""]",,,,,,,,,,[]
라마56a44a,INSUFFICIENT_DATA,"[""elderly_ratio""]",,,,,,,,,,[]
라마56a44b,INSUFFICIENT_DATA,"[""elderly_ratio""]",,,,,,,,,,[]
라마56a45a,OK,[],50.0,80.77,16.05,66.38,48.94,MODERATE,53.3,265.0,False,"[""HIGH_ELDERLY_RATIO"",""LOW_SHELTER_ACCESSIBILITY"",""HIGH_HEAT""]"
라마56a45b,INSUFFICIENT_DATA,"[""elderly_ratio""]",,,,,,,,,,[]
라마56a46a,INSUFFICIENT_DATA,"[""elderly_ratio""]",,,,,,,,,,[]
라마56a46b,INSUFFICIENT_DATA,"[""elderly_ratio""]",,,,,,,,,,[]
라마56a47a,INSUFFICIENT_DATA,"[""elderly_ratio""]",,,,,,,,,,[]
라마56a47b,OK,[],50.0,84.26,29.98,31.51,54.75,HIGH,48.94,382.0,True,"[""HIGH_ELDERLY_RATIO"",""HIGH_HEAT""]"
라마56a48a,OK,[],50.0,53.03,100.0,15.97,67.68,HIGH,54.75,227.0,True,"[""HIGH_FARMLAND_RATIO"",""HIGH_ELDERLY_RATIO"",""HIGH_HEAT""]"
라마56a48b,OK,[],50.0,0.0,82.77,2.08,44.26,MODERATE,33.71,787.0,False,"[""HIGH_FARMLAND_RATIO"",""HIGH_HEAT""]"
라마56a49a,OK,[],50.0,42.42,66.37,6.33,52.93,HIGH,41.28,602.0,True,"[""HIGH_FARMLAND_RATIO"",""HIGH_HEAT""]"
라마56a49b,INSUFFICIENT_DATA,"[""elderly_ratio""]",,,,,,,,,,[]
라마56a50a,OK,[],50.0,56.0,43.36,13.25,49.79,MODERATE,40.65,616.0,False,"[""HIGH_ELDERLY_RATIO"",""HIGH_HEAT""]"
라마56a50b,OK,[],50.0,66.67,17.99,5.6,44.89,MODERATE,35.06,762.0,False,"[""HIGH_ELDERLY_RATIO"",""HIGH_HEAT""]"
라마56a51a,INSUFFICIENT_DATA,"[""elderly_ratio""]",,,,,,,,,,[]
라마56a51b,INSUFFICIENT_DATA,"[""elderly_ratio""]",,,,,,,,,,[]
라마56a52a,INSUFFICIENT_DATA,"[""elderly_ratio""]",,,,,,,,,,[]
라마56a52b,OK,[],50.0,88.51,8.47,46.26,48.99,MODERATE,48.31,398.0,False,"[""HIGH_ELDERLY_RATIO"",""HIGH_HEAT""]"
라마56a53a,INSUFFICIENT_DATA,"[""elderly_ratio""]",,,,,,,,,,[]
라마56a53b,OK,[],50.0,0.0,2.53,65.56,17.51,LOW,29.52,855.0,False,"[""LOW_SHELTER_ACCESSIBILITY"",""HIGH_HEAT""]"
라마56a54a,OK,[],50.0,63.64,26.07,78.11,46.57,MODERATE,54.45,238.0,False,"[""LOW_SHELTER_ACCESSIBILITY"",""HIGH_ELDERLY_RATIO"",""HIGH_HEAT""]"
라마56a54b,INSUFFICIENT_DATA,"[""elderly_ratio""]",,,,,,,,,,[]
라마56a55a,INSUFFICIENT_DATA,"[""elderly_ratio""]",,,,,,,,,,[]
라마56a55b,INSUFFICIENT_DATA,"[""elderly_ratio""]",,,,,,,,,,[]
라마56a56a,INSUFFICIENT_DATA,"[""elderly_ratio""]",,,,,,,,,,[]
라마56a56b,INSUFFICIENT_DATA,"[""elderly_ratio""]",,,,,,,,,,[]
라마56a58a,INSUFFICIENT_DATA,"[""elderly_ratio""]",,,,,,,,,,[]
라마56b09a,INSUFFICIENT_DATA,"[""elderly_ratio""]",,,,,,,,,,[]
라마56b09b,OK,[],50.0,77.78,42.31,73.34,56.7,HIGH,60.86,92.0,True,"[""HIGH_ELDERLY_RATIO"",""LOW_SHELTER_ACCESSIBILITY"",""HIGH_HEAT""]"
라마56b10a,INSUFFICIENT_DATA,"[""elderly_ratio""]",,,,,,,,,,[]
라마56b10b,INSUFFICIENT_DATA,"[""elderly_ratio""]",,,,,,,,,,[]
라마56b11a,INSUFFICIENT_DATA,"[""elderly_ratio""]",,,,,,,,,,[]
라마56b11b,INSUFFICIENT_DATA,"[""elderly_ratio""]",,,,,,,,,,[]
라마56b12a,INSUFFICIENT_DATA,"[""elderly_ratio""]",,,,,,,,,,[]
라마56b12b,OK,[],50.0,95.45,12.75,8.72,52.73,HIGH,41.73,583.0,True,"[""HIGH_ELDERLY_RATIO"",""HIGH_HEAT""]"
라마56b13a,OK,[],50.0,56.94,13.52,0.0,40.15,MODERATE,30.11,848.0,False,"[""HIGH_ELDERLY_RATIO"",""HIGH_HEAT""]"
라마56b13b,OK,[],50.0,51.85,18.37,9.08,40.07,MODERATE,32.33,817.0,False,"[""HIGH_ELDERLY_RATIO"",""HIGH_HEAT""]"
라마56b14a,INSUFFICIENT_DATA,"[""elderly_ratio""]",,,,,,,,,,[]
라마56b14b,INSUFFICIENT_DATA,"[""elderly_ratio""]",,,,,,,,,,[]
라마56b15a,INSUFFICIENT_DATA,"[""elderly_ratio""]",,,,,,,,,,[]
라마56b15b,INSUFFICIENT_DATA,"[""elderly_ratio""]",,,,,,,,,,[]
라마56b16a,INSUFFICIENT_DATA,"[""elderly_ratio""]",,,,,,,,,,[]
라마56b16b,INSUFFICIENT_DATA,"[""elderly_ratio""]",,,,,,,,,,[]
라마56b17a,INSUFFICIENT_DATA,"[""elderly_ratio""]",,,,,,,,,,[]
라마56b17b,INSUFFICIENT_DATA,"[""elderly_ratio""]",,,,,,,,,,[]
라마56b18a,INSUFFICIENT_DATA,"[""elderly_ratio""]",,,,,,,,,,[]
라마56b18b,OK,[],50.0,62.22,21.25,12.98,44.49,MODERATE,36.61,733.0,False,"[""HIGH_ELDERLY_RATIO"",""HIGH_HEAT""]"
라마56b19a,OK,[],50.0,90.74,14.9,0.1,51.88,HIGH,38.94,669.0,False,"[""HIGH_ELDERLY_RATIO"",""HIGH_HEAT""]"
라마56b19b,INSUFFICIENT_DATA,"[""elderly_ratio""]",,,,,,,,,,[]
라마56b20a,INSUFFICIENT_DATA,"[""elderly_ratio""]",,,,,,,,,,[]
라마56b20b,OK,[],50.0,88.29,22.82,39.8,53.7,HIGH,50.23,341.0,True,"[""HIGH_ELDERLY_RATIO"",""HIGH_HEAT""]"
라마56b21a,OK,[],50.0,98.25,18.03,55.62,55.43,HIGH,55.48,208.0,True,"[""HIGH_ELDERLY_RATIO"",""LOW_SHELTER_ACCESSIBILITY"",""HIGH_HEAT""]"
라마56b21b,INSUFFICIENT_DATA,"[""elderly_ratio""]",,,,,,,,,,[]
라마56b22a,INSUFFICIENT_DATA,"[""elderly_ratio""]",,,,,,,,,,[]
라마56b22b,INSUFFICIENT_DATA,"[""elderly_ratio""]",,,,,,,,,,[]
라마56b23a,INSUFFICIENT_DATA,"[""elderly_ratio""]",,,,,,,,,,[]
라마56b23b,INSUFFICIENT_DATA,"[""elderly_ratio""]",,,,,,,,,,[]
라마56b24a,INSUFFICIENT_DATA,"[""elderly_ratio""]",,,,,,,,,,[]
라마56b24b,INSUFFICIENT_DATA,"[""elderly_ratio""]",,,,,,,,,,[]
라마56b25a,OK,[],50.0,70.0,30.7,4.32,50.23,HIGH,38.76,675.0,True,"[""HIGH_ELDERLY_RATIO"",""HIGH_HEAT""]"
라마56b25b,OK,[],50.0,65.62,0.0,5.79,38.54,MODERATE,30.35,844.0,False,"[""HIGH_ELDERLY_RATIO"",""HIGH_HEAT""]"
라마56b26a,INSUFFICIENT_DATA,"[""elderly_ratio""]",,,,,,,,,,[]
라마56b26b,INSUFFICIENT_DATA,"[""elderly_ratio""]",,,,,,,,,,[]
라마56b27a,INSUFFICIENT_DATA,"[""elderly_ratio""]",,,,,,,,,,[]
라마56b27b,INSUFFICIENT_DATA,"[""elderly_ratio""]",,,,,,,,,,[]
라마56b28a,INSUFFICIENT_DATA,"[""elderly_ratio""]",,,,,,,,,,[]
라마56b28b,OK,[],50.0,76.52,73.18,5.61,66.57,HIGH,51.33,314.0,True,"[""HIGH_ELDERLY_RATIO"",""HIGH_FARMLAND_RATIO"",""HIGH_HEAT""]"
라마56b29a,OK,[],50.0,65.12,81.58,16.04,65.57,HIGH,53.19,267.0,True,"[""HIGH_FARMLAND_RATIO"",""HIGH_ELDERLY_RATIO"",""HIGH_HEAT""]"
라마56b29b,INSUFFICIENT_DATA,"[""elderly_ratio""]",,,,,,,,,,[]
라마56b30a,INSUFFICIENT_DATA,"[""elderly_ratio""]",,,,,,,,,,[]
라마56b30b,INSUFFICIENT_DATA,"[""elderly_ratio""]",,,,,,,,,,[]
라마56b31a,INSUFFICIENT_DATA,"[""elderly_ratio""]",,,,,,,,,,[]
라마56b31b,INSUFFICIENT_DATA,"[""elderly_ratio""]",,,,,,,,,,[]
라마56b32a,INSUFFICIENT_DATA,"[""elderly_ratio""]",,,,,,,,,,[]
라마56b32b,INSUFFICIENT_DATA,"[""elderly_ratio""]",,,,,,,,,,[]
라마56b33a,OK,[],50.0,77.78,17.32,58.97,48.37,MODERATE,51.02,324.0,False,"[""HIGH_ELDERLY_RATIO"",""LOW_SHELTER_ACCESSIBILITY"",""HIGH_HEAT""]"
라마56b33b,INSUFFICIENT_DATA,"[""elderly_ratio""]",,,,,,,,,,[]
라마56b34a,INSUFFICIENT_DATA,"[""elderly_ratio""]",,,,,,,,,,[]
라마56b34b,INSUFFICIENT_DATA,"[""elderly_ratio""]",,,,,,,,,,[]
라마56b35a,INSUFFICIENT_DATA,"[""elderly_ratio""]",,,,,,,,,,[]
라마56b35b,OK,[],50.0,85.96,22.94,30.07,52.97,HIGH,47.24,430.0,True,"[""HIGH_ELDERLY_RATIO"",""HIGH_HEAT""]"
라마56b36a,INSUFFICIENT_DATA,"[""elderly_ratio""]",,,,,,,,,,[]
라마56b36b,OK,[],50.0,74.24,19.54,50.43,47.93,MODERATE,48.55,395.0,False,"[""HIGH_ELDERLY_RATIO"",""LOW_SHELTER_ACCESSIBILITY"",""HIGH_HEAT""]"
라마56b37a,INSUFFICIENT_DATA,"[""elderly_ratio""]",,,,,,,,,,[]
라마56b37b,INSUFFICIENT_DATA,"[""elderly_ratio""]",,,,,,,,,,[]
라마56b38a,INSUFFICIENT_DATA,"[""elderly_ratio""]",,,,,,,,,,[]
라마56b38b,INSUFFICIENT_DATA,"[""elderly_ratio""]",,,,,,,,,,[]
라마56b39a,OK,[],50.0,63.41,72.83,20.95,62.08,HIGH,51.8,298.0,True,"[""HIGH_FARMLAND_RATIO"",""HIGH_ELDERLY_RATIO"",""HIGH_HEAT""]"
라마56b39b,OK,[],50.0,81.67,21.69,31.56,51.12,HIGH,46.23,463.0,True,"[""HIGH_ELDERLY_RATIO"",""HIGH_HEAT""]"
라마56b40a,OK,[],50.0,61.98,30.98,45.01,47.65,MODERATE,46.99,439.0,False,"[""HIGH_ELDERLY_RATIO"",""HIGH_HEAT""]"
라마56b40b,OK,[],50.0,77.78,57.32,45.91,61.7,HIGH,57.75,157.0,True,"[""HIGH_ELDERLY_RATIO"",""HIGH_FARMLAND_RATIO"",""HIGH_HEAT""]"
라마56b41a,OK,[],50.0,0.0,29.95,32.54,26.65,MODERATE,28.12,879.0,False,"[""HIGH_HEAT""]"
라마56b41b,OK,[],50.0,94.79,59.3,21.97,68.03,HIGH,56.52,189.0,True,"[""HIGH_ELDERLY_RATIO"",""HIGH_FARMLAND_RATIO"",""HIGH_HEAT""]"
라마56b42a,OK,[],50.0,68.39,71.34,18.18,63.24,HIGH,51.98,295.0,True,"[""HIGH_FARMLAND_RATIO"",""HIGH_ELDERLY_RATIO"",""HIGH_HEAT""]"
라마56b42b,INSUFFICIENT_DATA,"[""elderly_ratio""]",,,,,,,,,,[]
라마56b43a,INSUFFICIENT_DATA,"[""elderly_ratio""]",,,,,,,,,,[]
라마56b43b,INSUFFICIENT_DATA,"[""elderly_ratio""]",,,,,,,,,,[]
라마56b44a,INSUFFICIENT_DATA,"[""elderly_ratio""]",,,,,,,,,,[]
라마56b44b,OK,[],50.0,100.0,8.5,75.22,52.83,HIGH,58.43,136.0,True,"[""HIGH_ELDERLY_RATIO"",""LOW_SHELTER_ACCESSIBILITY"",""HIGH_HEAT""]"
라마56b45a,INSUFFICIENT_DATA,"[""elderly_ratio""]",,,,,,,,,,[]
라마56b45b,INSUFFICIENT_DATA,"[""elderly_ratio""]",,,,,,,,,,[]
라마56b46a,INSUFFICIENT_DATA,"[""elderly_ratio""]",,,,,,,,,,[]
라마56b46b,INSUFFICIENT_DATA,"[""elderly_ratio""]",,,,,,,,,,[]
라마56b47a,OK,[],50.0,67.83,34.04,47.77,50.62,HIGH,49.91,352.0,True,"[""HIGH_ELDERLY_RATIO"",""HIGH_HEAT""]"
라마56b47b,INSUFFICIENT_DATA,"[""elderly_ratio""]",,,,,,,,,,[]
라마56b48a,INSUFFICIENT_DATA,"[""elderly_ratio""]",,,,,,,,,,[]
라마56b48b,OK,[],50.0,60.22,69.07,4.92,59.76,HIGH,46.05,469.0,True,"[""HIGH_FARMLAND_RATIO"",""HIGH_ELDERLY_RATIO"",""HIGH_HEAT""]"
라마56b49a,OK,[],50.0,63.64,12.23,8.36,41.96,MODERATE,33.56,790.0,False,"[""HIGH_ELDERLY_RATIO"",""HIGH_HEAT""]"
라마56b49b,INSUFFICIENT_DATA,"[""elderly_ratio""]",,,,,,,,,,[]
라마56b50a,OK,[],50.0,0.0,42.19,25.51,30.73,MODERATE,29.43,858.0,False,"[""HIGH_HEAT""]"
라마56b50b,OK,[],50.0,70.71,38.54,21.51,53.08,HIGH,45.19,494.0,True,"[""HIGH_ELDERLY_RATIO"",""HIGH_HEAT""]"
라마56b51a,INSUFFICIENT_DATA,"[""elderly_ratio""]",,,,,,,,,,[]
라마56b51b,INSUFFICIENT_DATA,"[""elderly_ratio""]",,,,,,,,,,[]
라마56b52a,INSUFFICIENT_DATA,"[""elderly_ratio""]",,,,,,,,,,[]
라마56b52b,OK,[],50.0,46.67,29.81,32.34,42.16,MODERATE,39.7,650.0,False,"[""HIGH_HEAT""]"
라마56b53a,OK,[],50.0,79.58,14.61,43.1,48.06,MODERATE,46.82,447.0,False,"[""HIGH_ELDERLY_RATIO"",""HIGH_HEAT""]"
라마56b53b,OK,[],50.0,54.44,6.34,56.12,36.93,MODERATE,41.73,584.0,False,"[""LOW_SHELTER_ACCESSIBILITY"",""HIGH_ELDERLY_RATIO"",""HIGH_HEAT""]"
라마56b54a,OK,[],50.0,64.98,25.07,70.24,46.68,MODERATE,52.57,283.0,False,"[""LOW_SHELTER_ACCESSIBILITY"",""HIGH_ELDERLY_RATIO"",""HIGH_HEAT""]"
라마56b54b,INSUFFICIENT_DATA,"[""elderly_ratio""]",,,,,,,,,,[]
라마56b55a,INSUFFICIENT_DATA,"[""elderly_ratio""]",,,,,,,,,,[]
라마57a10b,INSUFFICIENT_DATA,"[""elderly_ratio""]",,,,,,,,,,[]
라마57a11a,INSUFFICIENT_DATA,"[""elderly_ratio""]",,,,,,,,,,[]
라마57a11b,INSUFFICIENT_DATA,"[""elderly_ratio""]",,,,,,,,,,[]
라마57a12a,INSUFFICIENT_DATA,"[""elderly_ratio""]",,,,,,,,,,[]
라마57a12b,OK,[],50.0,70.0,10.21,18.2,43.4,MODERATE,37.1,724.0,False,"[""HIGH_ELDERLY_RATIO"",""HIGH_HEAT""]"
라마57a13a,OK,[],50.0,0.0,43.94,13.58,31.31,MODERATE,26.88,895.0,False,"[""HIGH_HEAT""]"
라마57a13b,OK,[],50.0,73.68,89.28,20.2,70.99,HIGH,58.29,142.0,True,"[""HIGH_FARMLAND_RATIO"",""HIGH_ELDERLY_RATIO"",""HIGH_HEAT""]"
라마57a14a,OK,[],50.0,76.28,85.37,17.41,70.55,HIGH,57.27,166.0,True,"[""HIGH_FARMLAND_RATIO"",""HIGH_ELDERLY_RATIO"",""HIGH_HEAT""]"
라마57a14b,OK,[],50.0,65.62,3.38,14.23,39.67,MODERATE,33.31,796.0,False,"[""HIGH_ELDERLY_RATIO"",""HIGH_HEAT""]"
라마57a15a,INSUFFICIENT_DATA,"[""elderly_ratio""]",,,,,,,,,,[]
라마57a15b,INSUFFICIENT_DATA,"[""elderly_ratio""]",,,,,,,,,,[]
라마57a16a,INSUFFICIENT_DATA,"[""elderly_ratio""]",,,,,,,,,,[]
라마57a16b,OK,[],50.0,90.32,23.7,35.15,54.67,HIGH,49.79,356.0,True,"[""HIGH_ELDERLY_RATIO"",""HIGH_HEAT""]"
라마57a17a,INSUFFICIENT_DATA,"[""elderly_ratio""]",,,,,,,,,,[]
라마57a17b,INSUFFICIENT_DATA,"[""elderly_ratio""]",,,,,,,,,,[]
라마57a18a,INSUFFICIENT_DATA,"[""elderly_ratio""]",,,,,,,,,,[]
라마57a18b,INSUFFICIENT_DATA,"[""elderly_ratio""]",,,,,,,,,,[]
라마57a19a,INSUFFICIENT_DATA,"[""elderly_ratio""]",,,,,,,,,,[]
라마57a19b,INSUFFICIENT_DATA,"[""elderly_ratio""]",,,,,,,,,,[]
라마57a20a,INSUFFICIENT_DATA,"[""elderly_ratio""]",,,,,,,,,,[]
라마57a20b,INSUFFICIENT_DATA,"[""elderly_ratio""]",,,,,,,,,,[]
라마57a21a,INSUFFICIENT_DATA,"[""elderly_ratio""]",,,,,,,,,,[]
라마57a21b,INSUFFICIENT_DATA,"[""elderly_ratio""]",,,,,,,,,,[]
라마57a22a,INSUFFICIENT_DATA,"[""elderly_ratio""]",,,,,,,,,,[]
라마57a22b,INSUFFICIENT_DATA,"[""elderly_ratio""]",,,,,,,,,,[]
라마57a23a,INSUFFICIENT_DATA,"[""elderly_ratio""]",,,,,,,,,,[]
라마57a23b,INSUFFICIENT_DATA,"[""elderly_ratio""]",,,,,,,,,,[]
라마57a24a,INSUFFICIENT_DATA,"[""elderly_ratio""]",,,,,,,,,,[]
라마57a24b,INSUFFICIENT_DATA,"[""elderly_ratio""]",,,,,,,,,,[]
라마57a25a,INSUFFICIENT_DATA,"[""elderly_ratio""]",,,,,,,,,,[]
라마57a25b,INSUFFICIENT_DATA,"[""elderly_ratio""]",,,,,,,,,,[]
라마57a26a,INSUFFICIENT_DATA,"[""elderly_ratio""]",,,,,,,,,,[]
라마57a26b,OK,[],50.0,0.0,15.61,18.66,21.87,LOW,21.07,957.0,False,"[""HIGH_HEAT""]"
라마57a27a,INSUFFICIENT_DATA,"[""elderly_ratio""]",,,,,,,,,,[]
라마57a27b,INSUFFICIENT_DATA,"[""elderly_ratio""]",,,,,,,,,,[]
라마57a28a,INSUFFICIENT_DATA,"[""elderly_ratio""]",,,,,,,,,,[]
라마57a28b,OK,[],50.0,79.03,100.0,0.0,76.34,VERY_HIGH,57.26,167.0,False,"[""HIGH_FARMLAND_RATIO"",""HIGH_ELDERLY_RATIO"",""HIGH_HEAT""]"
라마57a29a,INSUFFICIENT_DATA,"[""elderly_ratio""]",,,,,,,,,,[]
라마57a29b,INSUFFICIENT_DATA,"[""elderly_ratio""]",,,,,,,,,,[]
라마57a30a,INSUFFICIENT_DATA,"[""elderly_ratio""]",,,,,,,,,,[]
라마57a30b,OK,[],50.0,0.0,69.09,60.86,39.7,MODERATE,44.99,498.0,False,"[""HIGH_FARMLAND_RATIO"",""LOW_SHELTER_ACCESSIBILITY"",""HIGH_HEAT""]"
라마57a31a,OK,[],50.0,0.0,4.32,70.73,18.11,LOW,31.26,833.0,False,"[""LOW_SHELTER_ACCESSIBILITY"",""HIGH_HEAT""]"
라마57a31b,INSUFFICIENT_DATA,"[""elderly_ratio""]",,,,,,,,,,[]
라마57a32a,INSUFFICIENT_DATA,"[""elderly_ratio""]",,,,,,,,,,[]
라마57a32b,INSUFFICIENT_DATA,"[""elderly_ratio""]",,,,,,,,,,[]
라마57a33a,INSUFFICIENT_DATA,"[""elderly_ratio""]",,,,,,,,,,[]
라마57a33b,INSUFFICIENT_DATA,"[""elderly_ratio""]",,,,,,,,,,[]
라마57a34a,INSUFFICIENT_DATA,"[""elderly_ratio""]",,,,,,,,,,[]
라마57a34b,INSUFFICIENT_DATA,"[""elderly_ratio""]",,,,,,,,,,[]
라마57a35a,INSUFFICIENT_DATA,"[""elderly_ratio""]",,,,,,,,,,[]
라마57a35b,INSUFFICIENT_DATA,"[""elderly_ratio""]",,,,,,,,,,[]
라마57a36a,OK,[],50.0,77.78,8.58,51.49,45.45,MODERATE,46.96,440.0,False,"[""HIGH_ELDERLY_RATIO"",""LOW_SHELTER_ACCESSIBILITY"",""HIGH_HEAT""]"
라마57a36b,INSUFFICIENT_DATA,"[""elderly_ratio""]",,,,,,,,,,[]
라마57a37a,INSUFFICIENT_DATA,"[""elderly_ratio""]",,,,,,,,,,[]
라마57a37b,INSUFFICIENT_DATA,"[""elderly_ratio""]",,,,,,,,,,[]
라마57a38a,INSUFFICIENT_DATA,"[""elderly_ratio""]",,,,,,,,,,[]
라마57a38b,INSUFFICIENT_DATA,"[""elderly_ratio""]",,,,,,,,,,[]
라마57a39a,OK,[],50.0,0.0,41.8,35.48,30.6,MODERATE,31.82,827.0,False,"[""HIGH_HEAT""]"
라마57a39b,OK,[],50.0,70.0,49.62,43.05,56.54,HIGH,53.17,268.0,True,"[""HIGH_ELDERLY_RATIO"",""HIGH_HEAT""]"
라마57a40a,OK,[],50.0,77.78,9.61,53.97,45.8,MODERATE,47.84,406.0,False,"[""HIGH_ELDERLY_RATIO"",""LOW_SHELTER_ACCESSIBILITY"",""HIGH_HEAT""]"
라마57a40b,INSUFFICIENT_DATA,"[""elderly_ratio""]",,,,,,,,,,[]
라마57a41a,INSUFFICIENT_DATA,"[""elderly_ratio""]",,,,,,,,,,[]
라마57a41b,INSUFFICIENT_DATA,"[""elderly_ratio""]",,,,,,,,,,[]
라마57a42a,OK,[],50.0,94.79,55.36,2.38,66.72,HIGH,50.63,332.0,False,"[""HIGH_ELDERLY_RATIO"",""HIGH_FARMLAND_RATIO"",""HIGH_HEAT""]"
라마57a42b,OK,[],50.0,77.78,26.87,13.43,51.55,HIGH,42.02,574.0,True,"[""HIGH_ELDERLY_RATIO"",""HIGH_HEAT""]"
라마57a43a,OK,[],50.0,66.67,15.13,28.51,43.93,MODERATE,40.08,636.0,False,"[""HIGH_ELDERLY_RATIO"",""HIGH_HEAT""]"
라마57a43b,OK,[],50.0,0.0,7.93,44.08,19.31,LOW,25.5,912.0,False,"[""HIGH_HEAT""]"
라마57a44a,OK,[],50.0,41.18,10.36,56.61,33.85,MODERATE,39.54,657.0,False,"[""LOW_SHELTER_ACCESSIBILITY"",""HIGH_HEAT""]"
라마57a44b,INSUFFICIENT_DATA,"[""elderly_ratio""]",,,,,,,,,,[]
라마57a45a,INSUFFICIENT_DATA,"[""elderly_ratio""]",,,,,,,,,,[]
라마57a45b,INSUFFICIENT_DATA,"[""elderly_ratio""]",,,,,,,,,,[]
라마57a46a,OK,[],50.0,0.0,12.38,58.15,20.79,LOW,30.13,847.0,False,"[""LOW_SHELTER_ACCESSIBILITY"",""HIGH_HEAT""]"
라마57a46b,INSUFFICIENT_DATA,"[""elderly_ratio""]",,,,,,,,,,[]
라마57a47a,INSUFFICIENT_DATA,"[""elderly_ratio""]",,,,,,,,,,[]
라마57a47b,INSUFFICIENT_DATA,"[""elderly_ratio""]",,,,,,,,,,[]
라마57a48a,INSUFFICIENT_DATA,"[""elderly_ratio""]",,,,,,,,,,[]
라마57a48b,INSUFFICIENT_DATA,"[""elderly_ratio""]",,,,,,,,,,[]
라마57a49a,OK,[],50.0,77.78,8.76,21.66,45.51,MODERATE,39.55,656.0,False,"[""HIGH_ELDERLY_RATIO"",""HIGH_HEAT""]"
라마57a49b,INSUFFICIENT_DATA,"[""elderly_ratio""]",,,,,,,,,,[]
라마57a50a,INSUFFICIENT_DATA,"[""elderly_ratio""]",,,,,,,,,,[]
라마57a50b,OK,[],50.0,0.0,25.51,37.42,25.17,MODERATE,28.23,876.0,False,"[""HIGH_HEAT""]"
라마57a51a,OK,[],50.0,66.29,24.32,24.07,46.87,MODERATE,41.17,605.0,False,"[""HIGH_ELDERLY_RATIO"",""HIGH_HEAT""]"
라마57a51b,OK,[],50.0,49.69,37.01,12.73,45.57,MODERATE,37.36,718.0,False,"[""HIGH_HEAT""]"
라마57a52a,OK,[],50.0,46.67,25.85,10.75,40.84,MODERATE,33.32,795.0,False,"[""HIGH_HEAT""]"
라마57a52b,OK,[],50.0,59.43,25.05,20.74,44.83,MODERATE,38.8,674.0,False,"[""HIGH_ELDERLY_RATIO"",""HIGH_HEAT""]"
라마57a53a,INSUFFICIENT_DATA,"[""elderly_ratio""]",,,,,,,,,,[]
라마57a53b,INSUFFICIENT_DATA,"[""elderly_ratio""]",,,,,,,,,,[]
라마57a54a,INSUFFICIENT_DATA,"[""elderly_ratio""]",,,,,,,,,,[]
라마57b10b,INSUFFICIENT_DATA,"[""elderly_ratio""]",,,,,,,,,,[]
라마57b11a,OK,[],50.0,72.92,42.6,59.79,55.17,HIGH,56.33,192.0,True,"[""HIGH_ELDERLY_RATIO"",""LOW_SHELTER_ACCESSIBILITY"",""HIGH_HEAT""]"
라마57b11b,OK,[],50.0,87.5,7.72,50.46,48.41,MODERATE,48.92,384.0,False,"[""HIGH_ELDERLY_RATIO"",""LOW_SHELTER_ACCESSIBILITY"",""HIGH_HEAT""]"
라마57b12a,INSUFFICIENT_DATA,"[""elderly_ratio""]",,,,,,,,,,[]
라마57b12b,OK,[],50.0,80.21,11.57,32.21,47.26,MODERATE,43.5,541.0,False,"[""HIGH_ELDERLY_RATIO"",""HIGH_HEAT""]"
라마57b13a,INSUFFICIENT_DATA,"[""elderly_ratio""]",,,,,,,,,,[]
라마57b13b,INSUFFICIENT_DATA,"[""elderly_ratio""]",,,,,,,,,,[]
라마57b14a,OK,[],50.0,0.0,62.07,6.92,37.36,MODERATE,29.75,853.0,False,"[""HIGH_FARMLAND_RATIO"",""HIGH_HEAT""]"
라마57b14b,OK,[],50.0,75.0,6.16,0.0,43.72,MODERATE,32.79,809.0,False,"[""HIGH_ELDERLY_RATIO"",""HIGH_HEAT""]"
라마57b15a,INSUFFICIENT_DATA,"[""elderly_ratio""]",,,,,,,,,,[]
라마57b15b,OK,[],50.0,76.09,5.54,0.99,43.88,MODERATE,33.16,800.0,False,"[""HIGH_ELDERLY_RATIO"",""HIGH_HEAT""]"
라마57b16a,OK,[],50.0,98.0,55.72,13.71,67.91,HIGH,54.36,243.0,True,"[""HIGH_ELDERLY_RATIO"",""HIGH_FARMLAND_RATIO"",""HIGH_HEAT""]"
라마57b16b,INSUFFICIENT_DATA,"[""elderly_ratio""]",,,,,,,,,,[]
라마57b17a,INSUFFICIENT_DATA,"[""elderly_ratio""]",,,,,,,,,,[]
라마57b17b,INSUFFICIENT_DATA,"[""elderly_ratio""]",,,,,,,,,,[]
라마57b18a,OK,[],50.0,71.51,42.53,44.65,54.68,HIGH,52.17,290.0,True,"[""HIGH_ELDERLY_RATIO"",""HIGH_HEAT""]"
라마57b18b,OK,[],50.0,54.44,9.58,35.66,38.01,MODERATE,37.42,715.0,False,"[""HIGH_ELDERLY_RATIO"",""HIGH_HEAT""]"
라마57b19a,OK,[],50.0,73.68,13.95,31.57,45.88,MODERATE,42.3,565.0,False,"[""HIGH_ELDERLY_RATIO"",""HIGH_HEAT""]"
라마57b19b,OK,[],50.0,100.0,42.86,33.92,64.29,HIGH,56.7,182.0,True,"[""HIGH_ELDERLY_RATIO"",""HIGH_HEAT""]"
라마57b20a,INSUFFICIENT_DATA,"[""elderly_ratio""]",,,,,,,,,,[]
라마57b20b,INSUFFICIENT_DATA,"[""elderly_ratio""]",,,,,,,,,,[]
라마57b21a,INSUFFICIENT_DATA,"[""elderly_ratio""]",,,,,,,,,,[]
라마57b21b,INSUFFICIENT_DATA,"[""elderly_ratio""]",,,,,,,,,,[]
라마57b22a,INSUFFICIENT_DATA,"[""elderly_ratio""]",,,,,,,,,,[]
라마57b22b,INSUFFICIENT_DATA,"[""elderly_ratio""]",,,,,,,,,,[]
라마57b23a,INSUFFICIENT_DATA,"[""elderly_ratio""]",,,,,,,,,,[]
라마57b23b,INSUFFICIENT_DATA,"[""elderly_ratio""]",,,,,,,,,,[]
라마57b24a,INSUFFICIENT_DATA,"[""elderly_ratio""]",,,,,,,,,,[]
라마57b24b,INSUFFICIENT_DATA,"[""elderly_ratio""]",,,,,,,,,,[]
라마57b25a,OK,[],50.0,58.33,23.32,34.1,43.88,MODERATE,41.44,599.0,False,"[""HIGH_ELDERLY_RATIO"",""HIGH_HEAT""]"
라마57b25b,OK,[],50.0,53.85,8.55,34.51,37.47,MODERATE,36.73,731.0,False,"[""HIGH_ELDERLY_RATIO"",""HIGH_HEAT""]"
라마57b26a,INSUFFICIENT_DATA,"[""elderly_ratio""]",,,,,,,,,,[]
라마57b26b,INSUFFICIENT_DATA,"[""elderly_ratio""]",,,,,,,,,,[]
라마57b27a,INSUFFICIENT_DATA,"[""elderly_ratio""]",,,,,,,,,,[]
라마57b27b,INSUFFICIENT_DATA,"[""elderly_ratio""]",,,,,,,,,,[]
라마57b28a,INSUFFICIENT_DATA,"[""elderly_ratio""]",,,,,,,,,,[]
라마57b28b,OK,[],50.0,51.85,100.0,14.75,67.28,HIGH,54.15,246.0,True,"[""HIGH_FARMLAND_RATIO"",""HIGH_ELDERLY_RATIO"",""HIGH_HEAT""]"
라마57b29a,OK,[],50.0,56.84,75.95,21.96,60.93,HIGH,51.19,320.0,True,"[""HIGH_FARMLAND_RATIO"",""HIGH_ELDERLY_RATIO"",""HIGH_HEAT""]"
라마57b29b,INSUFFICIENT_DATA,"[""elderly_ratio""]",,,,,,,,,,[]
라마57b30a,INSUFFICIENT_DATA,"[""elderly_ratio""]",,,,,,,,,,[]
라마57b30b,INSUFFICIENT_DATA,"[""elderly_ratio""]",,,,,,,,,,[]
라마57b31a,INSUFFICIENT_DATA,"[""elderly_ratio""]",,,,,,,,,,[]
라마57b31b,INSUFFICIENT_DATA,"[""elderly_ratio""]",,,,,,,,,,[]
라마57b32a,INSUFFICIENT_DATA,"[""elderly_ratio""]",,,,,,,,,,[]
라마57b32b,INSUFFICIENT_DATA,"[""elderly_ratio""]",,,,,,,,,,[]
라마57b33a,INSUFFICIENT_DATA,"[""elderly_ratio""]",,,,,,,,,,[]
라마57b33b,INSUFFICIENT_DATA,"[""elderly_ratio""]",,,,,,,,,,[]
라마57b34a,INSUFFICIENT_DATA,"[""elderly_ratio""]",,,,,,,,,,[]
라마57b34b,INSUFFICIENT_DATA,"[""elderly_ratio""]",,,,,,,,,,[]
라마57b35a,INSUFFICIENT_DATA,"[""elderly_ratio""]",,,,,,,,,,[]
라마57b35b,INSUFFICIENT_DATA,"[""elderly_ratio""]",,,,,,,,,,[]
라마57b36a,OK,[],50.0,0.0,13.59,65.6,21.2,LOW,32.3,819.0,False,"[""LOW_SHELTER_ACCESSIBILITY"",""HIGH_HEAT""]"
라마57b36b,OK,[],50.0,0.0,28.42,73.52,26.14,MODERATE,37.98,699.0,False,"[""LOW_SHELTER_ACCESSIBILITY"",""HIGH_HEAT""]"
라마57b37a,OK,[],50.0,65.81,59.12,68.43,58.31,HIGH,60.84,93.0,True,"[""LOW_SHELTER_ACCESSIBILITY"",""HIGH_ELDERLY_RATIO"",""HIGH_FARMLAND_RATIO""]"
라마57b37b,OK,[],50.0,77.78,14.62,58.82,47.47,MODERATE,50.3,338.0,False,"[""HIGH_ELDERLY_RATIO"",""LOW_SHELTER_ACCESSIBILITY"",""HIGH_HEAT""]"
라마57b38a,OK,[],50.0,0.0,13.92,52.04,21.31,LOW,28.99,867.0,False,"[""LOW_SHELTER_ACCESSIBILITY"",""HIGH_HEAT""]"
라마57b38b,INSUFFICIENT_DATA,"[""elderly_ratio""]",,,,,,,,,,[]
라마57b39a,INSUFFICIENT_DATA,"[""elderly_ratio""]",,,,,,,,,,[]
라마57b39b,INSUFFICIENT_DATA,"[""elderly_ratio""]",,,,,,,,,,[]
라마57b40a,INSUFFICIENT_DATA,"[""elderly_ratio""]",,,,,,,,,,[]
라마57b40b,INSUFFICIENT_DATA,"[""elderly_ratio""]",,,,,,,,,,[]
라마57b41a,OK,[],50.0,0.0,13.56,24.99,21.19,LOW,22.14,939.0,False,"[""HIGH_HEAT""]"
라마57b41b,INSUFFICIENT_DATA,"[""elderly_ratio""]",,,,,,,,,,[]
라마57b42a,OK,[],50.0,89.04,64.72,1.79,67.92,HIGH,51.39,311.0,False,"[""HIGH_ELDERLY_RATIO"",""HIGH_FARMLAND_RATIO"",""HIGH_HEAT""]"
라마57b42b,INSUFFICIENT_DATA,"[""elderly_ratio""]",,,,,,,,,,[]
라마57b43a,OK,[],50.0,0.0,45.25,21.58,31.75,MODERATE,29.21,862.0,False,"[""HIGH_HEAT""]"
라마57b43b,INSUFFICIENT_DATA,"[""elderly_ratio""]",,,,,,,,,,[]
라마57b44a,INSUFFICIENT_DATA,"[""elderly_ratio""]",,,,,,,,,,[]
라마57b44b,INSUFFICIENT_DATA,"[""elderly_ratio""]",,,,,,,,,,[]
라마57b45a,OK,[],50.0,80.21,30.91,40.13,53.71,HIGH,50.31,336.0,True,"[""HIGH_ELDERLY_RATIO"",""HIGH_HEAT""]"
라마57b45b,OK,[],50.0,60.49,15.54,39.05,42.01,MODERATE,41.27,603.0,False,"[""HIGH_ELDERLY_RATIO"",""HIGH_HEAT""]"
라마57b46a,INSUFFICIENT_DATA,"[""elderly_ratio""]",,,,,,,,,,[]
라마57b46b,INSUFFICIENT_DATA,"[""elderly_ratio""]",,,,,,,,,,[]
라마57b47a,INSUFFICIENT_DATA,"[""elderly_ratio""]",,,,,,,,,,[]
라마57b47b,INSUFFICIENT_DATA,"[""elderly_ratio""]",,,,,,,,,,[]
라마57b48a,INSUFFICIENT_DATA,"[""elderly_ratio""]",,,,,,,,,,[]
라마57b48b,OK,[],50.0,79.03,18.73,35.76,49.25,MODERATE,45.88,473.0,False,"[""HIGH_ELDERLY_RATIO"",""HIGH_HEAT""]"
라마57b49a,INSUFFICIENT_DATA,"[""elderly_ratio""]",,,,,,,,,,[]
라마57b49b,INSUFFICIENT_DATA,"[""elderly_ratio""]",,,,,,,,,,[]
라마57b50a,INSUFFICIENT_DATA,"[""elderly_ratio""]",,,,,,,,,,[]
라마57b50b,INSUFFICIENT_DATA,"[""elderly_ratio""]",,,,,,,,,,[]
라마57b51a,OK,[],50.0,42.42,24.2,18.68,38.87,MODERATE,33.83,785.0,False,"[""HIGH_HEAT""]"
라마57b51b,OK,[],50.0,45.49,22.61,2.83,39.37,MODERATE,30.23,846.0,False,"[""HIGH_HEAT""]"
라마57b52a,OK,[],50.0,44.29,31.22,0.0,41.84,MODERATE,31.38,831.0,False,"[""HIGH_HEAT""]"
라마57b52b,OK,[],50.0,59.43,41.56,15.59,50.33,HIGH,41.65,589.0,True,"[""HIGH_ELDERLY_RATIO"",""HIGH_HEAT""]"
라마57b53a,INSUFFICIENT_DATA,"[""elderly_ratio""]",,,,,,,,,,[]
라마57b53b,INSUFFICIENT_DATA,"[""elderly_ratio""]",,,,,,,,,,[]
라마57b54a,INSUFFICIENT_DATA,"[""elderly_ratio""]",,,,,,,,,,[]
라마58a10a,INSUFFICIENT_DATA,"[""elderly_ratio""]",,,,,,,,,,[]
라마58a10b,INSUFFICIENT_DATA,"[""elderly_ratio""]",,,,,,,,,,[]
라마58a11a,INSUFFICIENT_DATA,"[""elderly_ratio""]",,,,,,,,,,[]
라마58a11b,OK,[],50.0,0.0,66.61,63.03,38.87,MODERATE,44.91,501.0,False,"[""HIGH_FARMLAND_RATIO"",""LOW_SHELTER_ACCESSIBILITY"",""HIGH_HEAT""]"
라마58a12a,INSUFFICIENT_DATA,"[""elderly_ratio""]",,,,,,,,,,[]
라마58a12b,INSUFFICIENT_DATA,"[""elderly_ratio""]",,,,,,,,,,[]
라마58a13a,INSUFFICIENT_DATA,"[""elderly_ratio""]",,,,,,,,,,[]
라마58a13b,OK,[],50.0,63.19,68.1,24.57,60.43,HIGH,51.46,306.0,True,"[""HIGH_FARMLAND_RATIO"",""HIGH_ELDERLY_RATIO"",""HIGH_HEAT""]"
라마58a14a,OK,[],50.0,65.62,48.06,11.04,54.56,HIGH,43.68,533.0,True,"[""HIGH_ELDERLY_RATIO"",""HIGH_HEAT""]"
라마58a14b,OK,[],50.0,45.37,60.43,6.32,51.93,HIGH,40.53,623.0,True,"[""HIGH_FARMLAND_RATIO"",""HIGH_HEAT""]"
라마58a15a,INSUFFICIENT_DATA,"[""elderly_ratio""]",,,,,,,,,,[]
라마58a15b,OK,[],50.0,0.0,64.34,3.76,38.11,MODERATE,29.53,854.0,False,"[""HIGH_FARMLAND_RATIO"",""HIGH_HEAT""]"
라마58a16a,OK,[],50.0,64.37,32.71,14.86,49.03,MODERATE,40.48,625.0,False,"[""HIGH_ELDERLY_RATIO"",""HIGH_HEAT""]"
라마58a16b,INSUFFICIENT_DATA,"[""elderly_ratio""]",,,,,,,,,,[]
라마58a17a,INSUFFICIENT_DATA,"[""elderly_ratio""]",,,,,,,,,,[]
라마58a17b,INSUFFICIENT_DATA,"[""elderly_ratio""]",,,,,,,,,,[]
라마58a18a,INSUFFICIENT_DATA,"[""elderly_ratio""]",,,,,,,,,,[]
라마58a18b,INSUFFICIENT_DATA,"[""elderly_ratio""]",,,,,,,,,,[]
라마58a19a,INSUFFICIENT_DATA,"[""elderly_ratio""]",,,,,,,,,,[]
라마58a19b,INSUFFICIENT_DATA,"[""elderly_ratio""]",,,,,,,,,,[]
라마58a20a,OK,[],50.0,0.0,14.88,55.06,21.63,LOW,29.98,851.0,False,"[""LOW_SHELTER_ACCESSIBILITY"",""HIGH_HEAT""]"
라마58a20b,INSUFFICIENT_DATA,"[""elderly_ratio""]",,,,,,,,,,[]
라마58a21a,INSUFFICIENT_DATA,"[""elderly_ratio""]",,,,,,,,,,[]
라마58a21b,INSUFFICIENT_DATA,"[""elderly_ratio""]",,,,,,,,,,[]
라마58a22a,INSUFFICIENT_DATA,"[""elderly_ratio""]",,,,,,,,,,[]
라마58a22b,OK,[],50.0,91.3,22.65,61.27,54.65,HIGH,56.3,193.0,True,"[""HIGH_ELDERLY_RATIO"",""LOW_SHELTER_ACCESSIBILITY"",""HIGH_HEAT""]"
라마58a23a,OK,[],50.0,0.0,0.0,67.07,16.67,LOW,29.27,861.0,False,"[""LOW_SHELTER_ACCESSIBILITY"",""HIGH_HEAT""]"
라마58a23b,INSUFFICIENT_DATA,"[""elderly_ratio""]",,,,,,,,,,[]
라마58a24a,INSUFFICIENT_DATA,"[""elderly_ratio""]",,,,,,,,,,[]
라마58a24b,INSUFFICIENT_DATA,"[""elderly_ratio""]",,,,,,,,,,[]
라마58a25a,INSUFFICIENT_DATA,"[""elderly_ratio""]",,,,,,,,,,[]
라마58a25b,OK,[],50.0,65.94,46.43,50.14,54.12,HIGH,53.13,269.0,True,"[""HIGH_ELDERLY_RATIO"",""LOW_SHELTER_ACCESSIBILITY"",""HIGH_HEAT""]"
라마58a26a,INSUFFICIENT_DATA,"[""elderly_ratio""]",,,,,,,,,,[]
라마58a26b,INSUFFICIENT_DATA,"[""elderly_ratio""]",,,,,,,,,,[]
라마58a27a,INSUFFICIENT_DATA,"[""elderly_ratio""]",,,,,,,,,,[]
라마58a27b,INSUFFICIENT_DATA,"[""elderly_ratio""]",,,,,,,,,,[]
라마58a28a,INSUFFICIENT_DATA,"[""elderly_ratio""]",,,,,,,,,,[]
라마58a28b,OK,[],50.0,54.44,22.87,30.56,42.44,MODERATE,39.47,659.0,False,"[""HIGH_ELDERLY_RATIO"",""HIGH_HEAT""]"
라마58a29a,INSUFFICIENT_DATA,"[""elderly_ratio""]",,,,,,,,,,[]
라마58a29b,INSUFFICIENT_DATA,"[""elderly_ratio""]",,,,,,,,,,[]
라마58a30a,INSUFFICIENT_DATA,"[""elderly_ratio""]",,,,,,,,,,[]
라마58a30b,OK,[],50.0,75.22,5.46,36.31,43.56,MODERATE,41.75,581.0,False,"[""HIGH_ELDERLY_RATIO"",""HIGH_HEAT""]"
라마58a31a,OK,[],50.0,58.33,49.56,45.33,52.63,HIGH,50.8,330.0,True,"[""HIGH_ELDERLY_RATIO"",""HIGH_HEAT""]"
라마58a31b,INSUFFICIENT_DATA,"[""elderly_ratio""]",,,,,,,,,,[]
라마58a32a,OK,[],50.0,0.0,43.08,38.36,31.03,MODERATE,32.86,807.0,False,"[""HIGH_HEAT""]"
라마58a32b,OK,[],50.0,65.62,20.73,24.19,45.45,MODERATE,40.14,633.0,False,"[""HIGH_ELDERLY_RATIO"",""HIGH_HEAT""]"
라마58a33a,INSUFFICIENT_DATA,"[""elderly_ratio""]",,,,,,,,,,[]
라마58a33b,OK,[],50.0,84.85,74.76,11.79,69.87,HIGH,55.35,211.0,True,"[""HIGH_ELDERLY_RATIO"",""HIGH_FARMLAND_RATIO"",""HIGH_HEAT""]"
라마58a34a,INSUFFICIENT_DATA,"[""elderly_ratio""]",,,,,,,,,,[]
라마58a34b,INSUFFICIENT_DATA,"[""elderly_ratio""]",,,,,,,,,,[]
라마58a35a,INSUFFICIENT_DATA,"[""elderly_ratio""]",,,,,,,,,,[]
라마58a35b,OK,[],50.0,0.0,5.57,60.73,18.52,LOW,29.07,864.0,False,"[""LOW_SHELTER_ACCESSIBILITY"",""HIGH_HEAT""]"
라마58a36a,INSUFFICIENT_DATA,"[""elderly_ratio""]",,,,,,,,,,[]
라마58a36b,INSUFFICIENT_DATA,"[""elderly_ratio""]",,,,,,,,,,[]
라마58a37a,INSUFFICIENT_DATA,"[""elderly_ratio""]",,,,,,,,,,[]
라마58a37b,OK,[],50.0,63.84,70.92,72.8,61.59,HIGH,64.39,46.0,True,"[""LOW_SHELTER_ACCESSIBILITY"",""HIGH_FARMLAND_RATIO"",""HIGH_ELDERLY_RATIO""]"
라마58a38a,OK,[],50.0,93.33,31.38,67.32,58.24,HIGH,60.51,99.0,True,"[""HIGH_ELDERLY_RATIO"",""LOW_SHELTER_ACCESSIBILITY"",""HIGH_HEAT""]"
라마58a38b,INSUFFICIENT_DATA,"[""elderly_ratio""]",,,,,,,,,,[]
라마58a39a,INSUFFICIENT_DATA,"[""elderly_ratio""]",,,,,,,,,,[]
라마58a39b,INSUFFICIENT_DATA,"[""elderly_ratio""]",,,,,,,,,,[]
라마58a40a,INSUFFICIENT_DATA,"[""elderly_ratio""]",,,,,,,,,,[]
라마58a40b,INSUFFICIENT_DATA,"[""elderly_ratio""]",,,,,,,,,,[]
라마58a41a,INSUFFICIENT_DATA,"[""elderly_ratio""]",,,,,,,,,,[]
라마58a41b,OK,[],50.0,84.85,10.68,21.27,48.51,MODERATE,41.7,587.0,False,"[""HIGH_ELDERLY_RATIO"",""HIGH_HEAT""]"
라마58a42a,OK,[],50.0,0.0,37.73,5.53,29.24,MODERATE,23.31,926.0,False,"[""HIGH_HEAT""]"
라마58a42b,OK,[],50.0,53.85,55.32,0.0,53.06,HIGH,39.79,647.0,False,"[""HIGH_FARMLAND_RATIO"",""HIGH_ELDERLY_RATIO"",""HIGH_HEAT""]"
라마58a43a,INSUFFICIENT_DATA,"[""elderly_ratio""]",,,,,,,,,,[]
라마58a43b,INSUFFICIENT_DATA,"[""elderly_ratio""]",,,,,,,,,,[]
라마58a44a,INSUFFICIENT_DATA,"[""elderly_ratio""]",,,,,,,,,,[]
라마58a44b,INSUFFICIENT_DATA,"[""elderly_ratio""]",,,,,,,,,,[]
라마58a45a,INSUFFICIENT_DATA,"[""elderly_ratio""]",,,,,,,,,,[]
라마58a45b,INSUFFICIENT_DATA,"[""elderly_ratio""]",,,,,,,,,,[]
라마58a46a,INSUFFICIENT_DATA,"[""elderly_ratio""]",,,,,,,,,,[]
라마58a46b,INSUFFICIENT_DATA,"[""elderly_ratio""]",,,,,,,,,,[]
라마58a47a,INSUFFICIENT_DATA,"[""elderly_ratio""]",,,,,,,,,,[]
라마58a47b,INSUFFICIENT_DATA,"[""elderly_ratio""]",,,,,,,,,,[]
라마58a48a,INSUFFICIENT_DATA,"[""elderly_ratio""]",,,,,,,,,,[]
라마58a48b,INSUFFICIENT_DATA,"[""elderly_ratio""]",,,,,,,,,,[]
라마58a49a,INSUFFICIENT_DATA,"[""elderly_ratio""]",,,,,,,,,,[]
라마58a49b,OK,[],50.0,73.46,34.3,34.06,52.59,HIGH,47.95,405.0,True,"[""HIGH_ELDERLY_RATIO"",""HIGH_HEAT""]"
라마58a50a,INSUFFICIENT_DATA,"[""elderly_ratio""]",,,,,,,,,,[]
라마58a50b,INSUFFICIENT_DATA,"[""elderly_ratio""]",,,,,,,,,,[]
라마58a51a,INSUFFICIENT_DATA,"[""elderly_ratio""]",,,,,,,,,,[]
라마58a51b,INSUFFICIENT_DATA,"[""elderly_ratio""]",,,,,,,,,,[]
라마58a52a,OK,[],50.0,0.0,0.0,10.16,16.67,LOW,15.04,995.0,False,"[""HIGH_HEAT""]"
라마58a52b,INSUFFICIENT_DATA,"[""elderly_ratio""]",,,,,,,,,,[]
라마58a53a,INSUFFICIENT_DATA,"[""elderly_ratio""]",,,,,,,,,,[]
라마58a53b,OK,[],50.0,53.67,26.32,49.77,43.33,MODERATE,44.94,500.0,False,"[""HIGH_ELDERLY_RATIO"",""HIGH_HEAT""]"
라마58a54a,INSUFFICIENT_DATA,"[""elderly_ratio""]",,,,,,,,,,[]
라마58b10a,INSUFFICIENT_DATA,"[""elderly_ratio""]",,,,,,,,,,[]
라마58b10b,INSUFFICIENT_DATA,"[""elderly_ratio""]",,,,,,,,,,[]
라마58b11a,INSUFFICIENT_DATA,"[""elderly_ratio""]",,,,,,,,,,[]
라마58b11b,OK,[],50.0,77.78,44.75,73.98,57.51,HIGH,61.63,83.0,True,"[""HIGH_ELDERLY_RATIO"",""LOW_SHELTER_ACCESSIBILITY"",""HIGH_HEAT""]"
라마58b12a,INSUFFICIENT_DATA,"[""elderly_ratio""]",,,,,,,,,,[]
라마58b12b,INSUFFICIENT_DATA,"[""elderly_ratio""]",,,,,,,,,,[]
라마58b13a,INSUFFICIENT_DATA,"[""elderly_ratio""]",,,,,,,,,,[]
라마58b13b,OK,[],50.0,76.53,70.23,33.55,65.59,HIGH,57.58,161.0,True,"[""HIGH_ELDERLY_RATIO"",""HIGH_FARMLAND_RATIO"",""HIGH_HEAT""]"
라마58b14a,INSUFFICIENT_DATA,"[""elderly_ratio""]",,,,,,,,,,[]
라마58b14b,INSUFFICIENT_DATA,"[""elderly_ratio""]",,,,,,,,,,[]
라마58b15a,OK,[],50.0,0.0,18.86,22.49,22.95,LOW,22.84,931.0,False,"[""HIGH_HEAT""]"
라마58b15b,OK,[],50.0,0.0,7.09,19.43,19.03,LOW,19.13,973.0,False,"[""HIGH_HEAT""]"
라마58b16a,OK,[],50.0,61.6,24.0,25.41,45.2,MODERATE,40.25,628.0,False,"[""HIGH_ELDERLY_RATIO"",""HIGH_HEAT""]"
라마58b16b,OK,[],50.0,100.0,24.53,36.82,58.18,HIGH,52.84,275.0,True,"[""HIGH_ELDERLY_RATIO"",""HIGH_HEAT""]"
라마58b17a,OK,[],50.0,0.0,11.62,50.44,20.54,LOW,28.02,882.0,False,"[""LOW_SHELTER_ACCESSIBILITY"",""HIGH_HEAT""]"
라마58b17b,INSUFFICIENT_DATA,"[""elderly_ratio""]",,,,,,,,,,[]
라마58b18a,INSUFFICIENT_DATA,"[""elderly_ratio""]",,,,,,,,,,[]
라마58b18b,OK,[],50.0,85.96,33.25,65.67,56.4,HIGH,58.72,127.0,True,"[""HIGH_ELDERLY_RATIO"",""LOW_SHELTER_ACCESSIBILITY"",""HIGH_HEAT""]"
라마58b19a,INSUFFICIENT_DATA,"[""elderly_ratio""]",,,,,,,,,,[]
라마58b19b,OK,[],50.0,54.9,2.72,64.67,35.87,MODERATE,43.07,552.0,False,"[""LOW_SHELTER_ACCESSIBILITY"",""HIGH_ELDERLY_RATIO"",""HIGH_HEAT""]"
라마58b20a,INSUFFICIENT_DATA,"[""elderly_ratio""]",,,,,,,,,,[]
라마58b20b,INSUFFICIENT_DATA,"[""elderly_ratio""]",,,,,,,,,,[]
라마58b21a,INSUFFICIENT_DATA,"[""elderly_ratio""]",,,,,,,,,,[]
라마58b21b,INSUFFICIENT_DATA,"[""elderly_ratio""]",,,,,,,,,,[]
라마58b22a,INSUFFICIENT_DATA,"[""elderly_ratio""]",,,,,,,,,,[]
라마58b22b,INSUFFICIENT_DATA,"[""elderly_ratio""]",,,,,,,,,,[]
라마58b23a,INSUFFICIENT_DATA,"[""elderly_ratio""]",,,,,,,,,,[]
라마58b23b,INSUFFICIENT_DATA,"[""elderly_ratio""]",,,,,,,,,,[]
라마58b24a,INSUFFICIENT_DATA,"[""elderly_ratio""]",,,,,,,,,,[]
라마58b24b,INSUFFICIENT_DATA,"[""elderly_ratio""]",,,,,,,,,,[]
라마58b25a,INSUFFICIENT_DATA,"[""elderly_ratio""]",,,,,,,,,,[]
라마58b25b,OK,[],50.0,100.0,7.57,41.96,52.52,HIGH,49.88,354.0,True,"[""HIGH_ELDERLY_RATIO"",""HIGH_HEAT""]"
라마58b26a,INSUFFICIENT_DATA,"[""elderly_ratio""]",,,,,,,,,,[]
라마58b26b,INSUFFICIENT_DATA,"[""elderly_ratio""]",,,,,,,,,,[]
라마58b27a,INSUFFICIENT_DATA,"[""elderly_ratio""]",,,,,,,,,,[]
라마58b27b,INSUFFICIENT_DATA,"[""elderly_ratio""]",,,,,,,,,,[]
라마58b28a,OK,[],50.0,0.0,10.74,41.13,20.25,LOW,25.47,913.0,False,"[""HIGH_HEAT""]"
라마58b28b,OK,[],50.0,31.41,18.23,39.87,33.21,MODERATE,34.88,767.0,False,"[""HIGH_HEAT""]"
라마58b29a,INSUFFICIENT_DATA,"[""elderly_ratio""]",,,,,,,,,,[]
라마58b29b,INSUFFICIENT_DATA,"[""elderly_ratio""]",,,,,,,,,,[]
라마58b30a,OK,[],50.0,0.0,30.75,16.26,26.92,MODERATE,24.25,921.0,False,"[""HIGH_HEAT""]"
라마58b30b,OK,[],50.0,90.32,76.07,22.87,72.13,HIGH,59.81,111.0,True,"[""HIGH_ELDERLY_RATIO"",""HIGH_FARMLAND_RATIO"",""HIGH_HEAT""]"
라마58b31a,INSUFFICIENT_DATA,"[""elderly_ratio""]",,,,,,,,,,[]
라마58b31b,INSUFFICIENT_DATA,"[""elderly_ratio""]",,,,,,,,,,[]
라마58b32a,OK,[],50.0,92.36,56.23,35.14,66.2,HIGH,58.43,137.0,True,"[""HIGH_ELDERLY_RATIO"",""HIGH_FARMLAND_RATIO"",""HIGH_HEAT""]"
라마58b32b,INSUFFICIENT_DATA,"[""elderly_ratio""]",,,,,,,,,,[]
라마58b33a,OK,[],50.0,0.0,42.06,3.33,30.69,MODERATE,23.85,922.0,False,"[""HIGH_HEAT""]"
라마58b33b,OK,[],50.0,55.26,39.85,0.52,48.37,MODERATE,36.41,738.0,False,"[""HIGH_ELDERLY_RATIO"",""HIGH_HEAT""]"
라마58b34a,INSUFFICIENT_DATA,"[""elderly_ratio""]",,,,,,,,,,[]
라마58b34b,INSUFFICIENT_DATA,"[""elderly_ratio""]",,,,,,,,,,[]
라마58b35a,INSUFFICIENT_DATA,"[""elderly_ratio""]",,,,,,,,,,[]
라마58b35b,INSUFFICIENT_DATA,"[""elderly_ratio""]",,,,,,,,,,[]
라마58b36a,INSUFFICIENT_DATA,"[""elderly_ratio""]",,,,,,,,,,[]
라마58b36b,INSUFFICIENT_DATA,"[""elderly_ratio""]",,,,,,,,,,[]
라마58b37a,INSUFFICIENT_DATA,"[""elderly_ratio""]",,,,,,,,,,[]
라마58b37b,OK,[],50.0,61.11,24.63,86.92,45.25,MODERATE,55.66,204.0,False,"[""LOW_SHELTER_ACCESSIBILITY"",""HIGH_ELDERLY_RATIO"",""HIGH_HEAT""]"
라마58b38a,OK,[],50.0,93.33,56.26,82.82,66.53,HIGH,70.6,9.0,True,"[""HIGH_ELDERLY_RATIO"",""LOW_SHELTER_ACCESSIBILITY"",""HIGH_FARMLAND_RATIO""]"
라마58b38b,OK,[],50.0,73.46,15.26,80.96,46.24,MODERATE,54.92,221.0,False,"[""LOW_SHELTER_ACCESSIBILITY"",""HIGH_ELDERLY_RATIO"",""HIGH_HEAT""]"
라마58b39a,INSUFFICIENT_DATA,"[""elderly_ratio""]",,,,,,,,,,[]
라마58b39b,INSUFFICIENT_DATA,"[""elderly_ratio""]",,,,,,,,,,[]
라마58b40a,INSUFFICIENT_DATA,"[""elderly_ratio""]",,,,,,,,,,[]
라마58b40b,INSUFFICIENT_DATA,"[""elderly_ratio""]",,,,,,,,,,[]
라마58b41a,INSUFFICIENT_DATA,"[""elderly_ratio""]",,,,,,,,,,[]
라마58b41b,OK,[],50.0,79.82,63.53,24.23,64.45,HIGH,54.39,241.0,True,"[""HIGH_ELDERLY_RATIO"",""HIGH_FARMLAND_RATIO"",""HIGH_HEAT""]"
라마58b42a,INSUFFICIENT_DATA,"[""elderly_ratio""]",,,,,,,,,,[]
라마58b42b,OK,[],50.0,88.51,43.88,8.04,60.8,HIGH,47.61,417.0,True,"[""HIGH_ELDERLY_RATIO"",""HIGH_HEAT""]"
라마58b43a,INSUFFICIENT_DATA,"[""elderly_ratio""]",,,,,,,,,,[]
라마58b43b,INSUFFICIENT_DATA,"[""elderly_ratio""]",,,,,,,,,,[]
라마58b44a,INSUFFICIENT_DATA,"[""elderly_ratio""]",,,,,,,,,,[]
라마58b44b,INSUFFICIENT_DATA,"[""elderly_ratio""]",,,,,,,,,,[]
라마58b45a,INSUFFICIENT_DATA,"[""elderly_ratio""]",,,,,,,,,,[]
라마58b45b,OK,[],50.0,58.33,28.77,7.83,45.7,MODERATE,36.23,741.0,False,"[""HIGH_ELDERLY_RATIO"",""HIGH_HEAT""]"
라마58b46a,INSUFFICIENT_DATA,"[""elderly_ratio""]",,,,,,,,,,[]
라마58b46b,INSUFFICIENT_DATA,"[""elderly_ratio""]",,,,,,,,,,[]
라마58b47a,INSUFFICIENT_DATA,"[""elderly_ratio""]",,,,,,,,,,[]
라마58b47b,INSUFFICIENT_DATA,"[""elderly_ratio""]",,,,,,,,,,[]
라마58b48a,INSUFFICIENT_DATA,"[""elderly_ratio""]",,,,,,,,,,[]
라마58b48b,INSUFFICIENT_DATA,"[""elderly_ratio""]",,,,,,,,,,[]
라마58b49a,INSUFFICIENT_DATA,"[""elderly_ratio""]",,,,,,,,,,[]
라마58b49b,INSUFFICIENT_DATA,"[""elderly_ratio""]",,,,,,,,,,[]
라마58b50a,OK,[],50.0,74.5,35.69,12.51,53.4,HIGH,43.17,549.0,True,"[""HIGH_ELDERLY_RATIO"",""HIGH_HEAT""]"
라마58b50b,INSUFFICIENT_DATA,"[""elderly_ratio""]",,,,,,,,,,[]
라마58b51a,OK,[],50.0,45.37,12.29,24.79,35.89,MODERATE,33.11,802.0,False,"[""HIGH_HEAT""]"
라마58b51b,INSUFFICIENT_DATA,"[""elderly_ratio""]",,,,,,,,,,[]
라마58b52a,INSUFFICIENT_DATA,"[""elderly_ratio""]",,,,,,,,,,[]
라마58b52b,INSUFFICIENT_DATA,"[""elderly_ratio""]",,,,,,,,,,[]
라마58b53a,INSUFFICIENT_DATA,"[""elderly_ratio""]",,,,,,,,,,[]
라마58b53b,INSUFFICIENT_DATA,"[""elderly_ratio""]",,,,,,,,,,[]
라마58b54a,INSUFFICIENT_DATA,"[""elderly_ratio""]",,,,,,,,,,[]
라마59a10b,INSUFFICIENT_DATA,"[""elderly_ratio""]",,,,,,,,,,[]
라마59a11a,INSUFFICIENT_DATA,"[""elderly_ratio""]",,,,,,,,,,[]
라마59a11b,INSUFFICIENT_DATA,"[""elderly_ratio""]",,,,,,,,,,[]
라마59a12a,INSUFFICIENT_DATA,"[""elderly_ratio""]",,,,,,,,,,[]
라마59a12b,INSUFFICIENT_DATA,"[""elderly_ratio""]",,,,,,,,,,[]
라마59a13a,INSUFFICIENT_DATA,"[""elderly_ratio""]",,,,,,,,,,[]
라마59a13b,OK,[],50.0,87.5,100.0,45.96,79.17,VERY_HIGH,70.86,8.0,True,"[""HIGH_FARMLAND_RATIO"",""HIGH_ELDERLY_RATIO"",""HIGH_HEAT""]"
라마59a14a,INSUFFICIENT_DATA,"[""elderly_ratio""]",,,,,,,,,,[]
라마59a14b,INSUFFICIENT_DATA,"[""elderly_ratio""]",,,,,,,,,,[]
라마59a15a,INSUFFICIENT_DATA,"[""elderly_ratio""]",,,,,,,,,,[]
라마59a15b,INSUFFICIENT_DATA,"[""elderly_ratio""]",,,,,,,,,,[]
라마59a16a,OK,[],50.0,68.88,65.94,39.22,61.61,HIGH,56.01,198.0,True,"[""HIGH_ELDERLY_RATIO"",""HIGH_FARMLAND_RATIO"",""HIGH_HEAT""]"
라마59a16b,OK,[],50.0,0.0,40.4,47.77,30.13,MODERATE,34.54,774.0,False,"[""HIGH_HEAT""]"
라마59a17a,INSUFFICIENT_DATA,"[""elderly_ratio""]",,,,,,,,,,[]
라마59a17b,INSUFFICIENT_DATA,"[""elderly_ratio""]",,,,,,,,,,[]
라마59a18a,INSUFFICIENT_DATA,"[""elderly_ratio""]",,,,,,,,,,[]
라마59a18b,INSUFFICIENT_DATA,"[""elderly_ratio""]",,,,,,,,,,[]
라마59a19a,OK,[],50.0,100.0,23.76,79.28,57.92,HIGH,63.26,64.0,True,"[""HIGH_ELDERLY_RATIO"",""LOW_SHELTER_ACCESSIBILITY"",""HIGH_HEAT""]"
라마59a19b,OK,[],50.0,72.22,24.82,68.5,49.01,MODERATE,53.88,253.0,False,"[""HIGH_ELDERLY_RATIO"",""LOW_SHELTER_ACCESSIBILITY"",""HIGH_HEAT""]"
라마59a20a,INSUFFICIENT_DATA,"[""elderly_ratio""]",,,,,,,,,,[]
라마59a20b,INSUFFICIENT_DATA,"[""elderly_ratio""]",,,,,,,,,,[]
라마59a21a,INSUFFICIENT_DATA,"[""elderly_ratio""]",,,,,,,,,,[]
라마59a21b,INSUFFICIENT_DATA,"[""elderly_ratio""]",,,,,,,,,,[]
라마59a22a,INSUFFICIENT_DATA,"[""elderly_ratio""]",,,,,,,,,,[]
라마59a22b,OK,[],50.0,71.79,34.53,34.24,52.11,HIGH,47.64,413.0,True,"[""HIGH_ELDERLY_RATIO"",""HIGH_HEAT""]"
라마59a23a,OK,[],50.0,100.0,33.17,35.24,61.06,HIGH,54.6,232.0,True,"[""HIGH_ELDERLY_RATIO"",""HIGH_HEAT""]"
라마59a23b,INSUFFICIENT_DATA,"[""elderly_ratio""]",,,,,,,,,,[]
라마59a24a,INSUFFICIENT_DATA,"[""elderly_ratio""]",,,,,,,,,,[]
라마59a24b,INSUFFICIENT_DATA,"[""elderly_ratio""]",,,,,,,,,,[]
라마59a25a,INSUFFICIENT_DATA,"[""elderly_ratio""]",,,,,,,,,,[]
라마59a25b,INSUFFICIENT_DATA,"[""elderly_ratio""]",,,,,,,,,,[]
라마59a26a,INSUFFICIENT_DATA,"[""elderly_ratio""]",,,,,,,,,,[]
라마59a26b,INSUFFICIENT_DATA,"[""elderly_ratio""]",,,,,,,,,,[]
라마59a27a,INSUFFICIENT_DATA,"[""elderly_ratio""]",,,,,,,,,,[]
라마59a27b,INSUFFICIENT_DATA,"[""elderly_ratio""]",,,,,,,,,,[]
라마59a28a,INSUFFICIENT_DATA,"[""elderly_ratio""]",,,,,,,,,,[]
라마59a28b,OK,[],50.0,58.33,29.3,32.37,45.88,MODERATE,42.5,563.0,False,"[""HIGH_ELDERLY_RATIO"",""HIGH_HEAT""]"
라마59a29a,INSUFFICIENT_DATA,"[""elderly_ratio""]",,,,,,,,,,[]
라마59a29b,OK,[],50.0,22.64,2.59,6.77,25.08,MODERATE,20.5,961.0,False,"[""HIGH_HEAT""]"
라마59a30a,OK,[],50.0,35.93,19.23,0.74,35.05,MODERATE,26.48,903.0,False,"[""HIGH_HEAT""]"
라마59a30b,OK,[],50.0,24.31,59.54,13.57,44.62,MODERATE,36.85,728.0,False,"[""HIGH_FARMLAND_RATIO"",""HIGH_HEAT""]"
라마59a31a,OK,[],50.0,0.0,2.61,29.03,17.54,LOW,20.41,962.0,False,"[""HIGH_HEAT""]"
라마59a31b,INSUFFICIENT_DATA,"[""elderly_ratio""]",,,,,,,,,,[]
라마59a32a,OK,[],50.0,53.85,19.3,37.86,41.05,MODERATE,40.25,629.0,False,"[""HIGH_ELDERLY_RATIO"",""HIGH_HEAT""]"
라마59a32b,INSUFFICIENT_DATA,"[""elderly_ratio""]",,,,,,,,,,[]
라마59a33a,INSUFFICIENT_DATA,"[""elderly_ratio""]",,,,,,,,,,[]
라마59a33b,INSUFFICIENT_DATA,"[""elderly_ratio""]",,,,,,,,,,[]
라마59a34a,INSUFFICIENT_DATA,"[""elderly_ratio""]",,,,,,,,,,[]
라마59a34b,INSUFFICIENT_DATA,"[""elderly_ratio""]",,,,,,,,,,[]
라마59a35a,INSUFFICIENT_DATA,"[""elderly_ratio""]",,,,,,,,,,[]
라마59a35b,INSUFFICIENT_DATA,"[""elderly_ratio""]",,,,,,,,,,[]
라마59a36a,INSUFFICIENT_DATA,"[""elderly_ratio""]",,,,,,,,,,[]
라마59a36b,INSUFFICIENT_DATA,"[""elderly_ratio""]",,,,,,,,,,[]
라마59a37a,INSUFFICIENT_DATA,"[""elderly_ratio""]",,,,,,,,,,[]
라마59a37b,OK,[],50.0,93.33,9.81,79.58,51.05,HIGH,58.18,145.0,True,"[""HIGH_ELDERLY_RATIO"",""LOW_SHELTER_ACCESSIBILITY"",""HIGH_HEAT""]"
라마59a38a,OK,[],50.0,83.33,27.34,94.44,53.56,HIGH,63.78,56.0,True,"[""LOW_SHELTER_ACCESSIBILITY"",""HIGH_ELDERLY_RATIO"",""HIGH_HEAT""]"
라마59a38b,INSUFFICIENT_DATA,"[""elderly_ratio""]",,,,,,,,,,[]
라마59a39a,INSUFFICIENT_DATA,"[""elderly_ratio""]",,,,,,,,,,[]
라마59a39b,INSUFFICIENT_DATA,"[""elderly_ratio""]",,,,,,,,,,[]
라마59a40a,INSUFFICIENT_DATA,"[""elderly_ratio""]",,,,,,,,,,[]
라마59a40b,INSUFFICIENT_DATA,"[""elderly_ratio""]",,,,,,,,,,[]
라마59a41a,INSUFFICIENT_DATA,"[""elderly_ratio""]",,,,,,,,,,[]
라마59a41b,OK,[],50.0,56.84,25.37,33.88,44.07,MODERATE,41.52,594.0,False,"[""HIGH_ELDERLY_RATIO"",""HIGH_HEAT""]"
라마59a42a,INSUFFICIENT_DATA,"[""elderly_ratio""]",,,,,,,,,,[]
라마59a42b,INSUFFICIENT_DATA,"[""elderly_ratio""]",,,,,,,,,,[]
라마59a43a,INSUFFICIENT_DATA,"[""elderly_ratio""]",,,,,,,,,,[]
라마59a43b,OK,[],50.0,0.0,18.83,40.67,22.94,LOW,27.38,890.0,False,"[""HIGH_HEAT""]"
라마59a44a,INSUFFICIENT_DATA,"[""elderly_ratio""]",,,,,,,,,,[]
라마59a44b,INSUFFICIENT_DATA,"[""elderly_ratio""]",,,,,,,,,,[]
라마59a45a,INSUFFICIENT_DATA,"[""elderly_ratio""]",,,,,,,,,,[]
라마59a45b,OK,[],50.0,67.45,52.08,0.0,56.51,HIGH,42.38,564.0,False,"[""HIGH_ELDERLY_RATIO"",""HIGH_FARMLAND_RATIO"",""HIGH_HEAT""]"
라마59a46a,OK,[],50.0,44.44,24.35,14.91,39.6,MODERATE,33.42,792.0,False,"[""HIGH_HEAT""]"
라마59a46b,INSUFFICIENT_DATA,"[""elderly_ratio""]",,,,,,,,,,[]
라마59a47a,INSUFFICIENT_DATA,"[""elderly_ratio""]",,,,,,,,,,[]
라마59a47b,INSUFFICIENT_DATA,"[""elderly_ratio""]",,,,,,,,,,[]
라마59a48a,OK,[],50.0,0.0,22.53,63.99,24.18,LOW,34.13,779.0,False,"[""LOW_SHELTER_ACCESSIBILITY"",""HIGH_HEAT""]"
라마59a48b,OK,[],50.0,90.48,64.72,48.08,68.4,HIGH,63.32,63.0,True,"[""HIGH_ELDERLY_RATIO"",""HIGH_FARMLAND_RATIO"",""HIGH_HEAT""]"
라마59a49a,OK,[],50.0,31.82,26.07,32.18,35.96,MODERATE,35.02,763.0,False,"[""HIGH_HEAT""]"
라마59a49b,OK,[],50.0,100.0,8.06,16.28,52.69,HIGH,43.59,539.0,True,"[""HIGH_ELDERLY_RATIO"",""HIGH_HEAT""]"
라마59a50a,OK,[],50.0,64.81,36.87,0.5,50.56,HIGH,38.05,697.0,False,"[""HIGH_ELDERLY_RATIO"",""HIGH_HEAT""]"
라마59a50b,OK,[],50.0,77.78,1.65,3.6,43.14,MODERATE,33.26,797.0,False,"[""HIGH_ELDERLY_RATIO"",""HIGH_HEAT""]"
라마59a51a,INSUFFICIENT_DATA,"[""elderly_ratio""]",,,,,,,,,,[]
라마59a51b,OK,[],50.0,51.04,15.75,35.33,38.93,MODERATE,38.03,698.0,False,"[""HIGH_ELDERLY_RATIO"",""HIGH_HEAT""]"
라마59a52a,INSUFFICIENT_DATA,"[""elderly_ratio""]",,,,,,,,,,[]
라마59a52b,INSUFFICIENT_DATA,"[""elderly_ratio""]",,,,,,,,,,[]
라마59a53a,INSUFFICIENT_DATA,"[""elderly_ratio""]",,,,,,,,,,[]
라마59a53b,INSUFFICIENT_DATA,"[""elderly_ratio""]",,,,,,,,,,[]
라마59a54a,INSUFFICIENT_DATA,"[""elderly_ratio""]",,,,,,,,,,[]
라마59b11a,INSUFFICIENT_DATA,"[""elderly_ratio""]",,,,,,,,,,[]
라마59b11b,OK,[],50.0,0.0,8.89,47.18,19.63,LOW,26.52,901.0,False,"[""HIGH_HEAT""]"
라마59b12a,OK,[],50.0,85.56,47.32,38.4,60.96,HIGH,55.32,213.0,True,"[""HIGH_ELDERLY_RATIO"",""HIGH_HEAT""]"
라마59b12b,INSUFFICIENT_DATA,"[""elderly_ratio""]",,,,,,,,,,[]
라마59b13a,INSUFFICIENT_DATA,"[""elderly_ratio""]",,,,,,,,,,[]
라마59b13b,INSUFFICIENT_DATA,"[""elderly_ratio""]",,,,,,,,,,[]
라마59b14a,INSUFFICIENT_DATA,"[""elderly_ratio""]",,,,,,,,,,[]
라마59b14b,INSUFFICIENT_DATA,"[""elderly_ratio""]",,,,,,,,,,[]
라마59b15a,INSUFFICIENT_DATA,"[""elderly_ratio""]",,,,,,,,,,[]
라마59b15b,OK,[],50.0,61.11,100.0,51.17,70.37,HIGH,65.57,31.0,True,"[""HIGH_FARMLAND_RATIO"",""HIGH_ELDERLY_RATIO"",""LOW_SHELTER_ACCESSIBILITY""]"
라마59b16a,INSUFFICIENT_DATA,"[""elderly_ratio""]",,,,,,,,,,[]
라마59b16b,OK,[],50.0,0.0,27.55,60.76,25.85,MODERATE,34.58,771.0,False,"[""LOW_SHELTER_ACCESSIBILITY"",""HIGH_HEAT""]"
라마59b17a,OK,[],50.0,0.0,63.04,70.22,37.68,MODERATE,45.81,476.0,False,"[""LOW_SHELTER_ACCESSIBILITY"",""HIGH_FARMLAND_RATIO"",""HIGH_HEAT""]"
라마59b17b,OK,[],50.0,70.0,3.81,81.57,41.27,MODERATE,51.34,313.0,False,"[""LOW_SHELTER_ACCESSIBILITY"",""HIGH_ELDERLY_RATIO"",""HIGH_HEAT""]"
라마59b18a,INSUFFICIENT_DATA,"[""elderly_ratio""]",,,,,,,,,,[]
라마59b18b,INSUFFICIENT_DATA,"[""elderly_ratio""]",,,,,,,,,,[]
라마59b19a,INSUFFICIENT_DATA,"[""elderly_ratio""]",,,,,,,,,,[]
라마59b19b,INSUFFICIENT_DATA,"[""elderly_ratio""]",,,,,,,,,,[]
라마59b20a,OK,[],50.0,0.0,31.9,48.18,27.3,MODERATE,32.52,812.0,False,"[""HIGH_HEAT""]"
라마59b20b,INSUFFICIENT_DATA,"[""elderly_ratio""]",,,,,,,,,,[]
라마59b21a,INSUFFICIENT_DATA,"[""elderly_ratio""]",,,,,,,,,,[]
라마59b21b,INSUFFICIENT_DATA,"[""elderly_ratio""]",,,,,,,,,,[]
라마59b22a,INSUFFICIENT_DATA,"[""elderly_ratio""]",,,,,,,,,,[]
라마59b22b,INSUFFICIENT_DATA,"[""elderly_ratio""]",,,,,,,,,,[]
라마59b23a,INSUFFICIENT_DATA,"[""elderly_ratio""]",,,,,,,,,,[]
라마59b23b,INSUFFICIENT_DATA,"[""elderly_ratio""]",,,,,,,,,,[]
라마59b24a,INSUFFICIENT_DATA,"[""elderly_ratio""]",,,,,,,,,,[]
라마59b24b,OK,[],50.0,48.61,9.52,0.44,36.04,MODERATE,27.14,892.0,False,"[""HIGH_HEAT""]"
라마59b25a,INSUFFICIENT_DATA,"[""elderly_ratio""]",,,,,,,,,,[]
라마59b25b,INSUFFICIENT_DATA,"[""elderly_ratio""]",,,,,,,,,,[]
라마59b26a,INSUFFICIENT_DATA,"[""elderly_ratio""]",,,,,,,,,,[]
라마59b26b,INSUFFICIENT_DATA,"[""elderly_ratio""]",,,,,,,,,,[]
라마59b27a,INSUFFICIENT_DATA,"[""elderly_ratio""]",,,,,,,,,,[]
라마59b27b,INSUFFICIENT_DATA,"[""elderly_ratio""]",,,,,,,,,,[]
라마59b28a,INSUFFICIENT_DATA,"[""elderly_ratio""]",,,,,,,,,,[]
라마59b28b,OK,[],50.0,55.09,0.0,30.68,35.03,MODERATE,33.94,783.0,False,"[""HIGH_ELDERLY_RATIO"",""HIGH_HEAT""]"
라마59b29a,INSUFFICIENT_DATA,"[""elderly_ratio""]",,,,,,,,,,[]
라마59b29b,OK,[],50.0,23.35,0.0,0.09,24.45,LOW,18.36,983.0,False,"[""HIGH_HEAT""]"
라마59b30a,OK,[],50.0,37.87,0.0,0.0,29.29,MODERATE,21.97,945.0,False,"[""HIGH_HEAT""]"
라마59b30b,OK,[],50.0,28.59,24.28,12.67,34.29,MODERATE,28.89,869.0,False,"[""HIGH_HEAT""]"
라마59b31a,OK,[],50.0,44.44,27.2,20.95,40.55,MODERATE,35.65,753.0,False,"[""HIGH_HEAT""]"
라마59b31b,INSUFFICIENT_DATA,"[""elderly_ratio""]",,,,,,,,,,[]
라마59b32a,INSUFFICIENT_DATA,"[""elderly_ratio""]",,,,,,,,,,[]
라마59b32b,INSUFFICIENT_DATA,"[""elderly_ratio""]",,,,,,,,,,[]
라마59b33a,INSUFFICIENT_DATA,"[""elderly_ratio""]",,,,,,,,,,[]
라마59b33b,INSUFFICIENT_DATA,"[""elderly_ratio""]",,,,,,,,,,[]
라마59b34a,INSUFFICIENT_DATA,"[""elderly_ratio""]",,,,,,,,,,[]
라마59b34b,INSUFFICIENT_DATA,"[""elderly_ratio""]",,,,,,,,,,[]
라마59b35a,INSUFFICIENT_DATA,"[""elderly_ratio""]",,,,,,,,,,[]
라마59b35b,INSUFFICIENT_DATA,"[""elderly_ratio""]",,,,,,,,,,[]
라마59b36a,INSUFFICIENT_DATA,"[""elderly_ratio""]",,,,,,,,,,[]
라마59b36b,INSUFFICIENT_DATA,"[""elderly_ratio""]",,,,,,,,,,[]
라마59b37a,INSUFFICIENT_DATA,"[""elderly_ratio""]",,,,,,,,,,[]
라마59b37b,INSUFFICIENT_DATA,"[""elderly_ratio""]",,,,,,,,,,[]
라마59b38a,INSUFFICIENT_DATA,"[""elderly_ratio""]",,,,,,,,,,[]
라마59b38b,INSUFFICIENT_DATA,"[""elderly_ratio""]",,,,,,,,,,[]
라마59b39a,INSUFFICIENT_DATA,"[""elderly_ratio""]",,,,,,,,,,[]
라마59b39b,INSUFFICIENT_DATA,"[""elderly_ratio""]",,,,,,,,,,[]
라마59b40b,INSUFFICIENT_DATA,"[""elderly_ratio""]",,,,,,,,,,[]
라마59b41b,INSUFFICIENT_DATA,"[""elderly_ratio""]",,,,,,,,,,[]
라마59b42a,INSUFFICIENT_DATA,"[""elderly_ratio""]",,,,,,,,,,[]
라마59b42b,OK,[],50.0,95.06,21.46,38.34,55.51,HIGH,51.22,317.0,True,"[""HIGH_ELDERLY_RATIO"",""HIGH_HEAT""]"
라마59b43a,INSUFFICIENT_DATA,"[""elderly_ratio""]",,,,,,,,,,[]
라마59b43b,INSUFFICIENT_DATA,"[""elderly_ratio""]",,,,,,,,,,[]
라마59b44a,INSUFFICIENT_DATA,"[""elderly_ratio""]",,,,,,,,,,[]
라마59b44b,OK,[],50.0,0.0,6.21,15.37,18.74,LOW,17.89,985.0,False,"[""HIGH_HEAT""]"
라마59b45a,INSUFFICIENT_DATA,"[""elderly_ratio""]",,,,,,,,,,[]
라마59b45b,OK,[],50.0,61.64,48.73,13.37,53.46,HIGH,43.44,543.0,True,"[""HIGH_ELDERLY_RATIO"",""HIGH_HEAT""]"
라마59b46a,OK,[],50.0,97.22,21.28,21.96,56.17,HIGH,47.62,415.0,True,"[""HIGH_ELDERLY_RATIO"",""HIGH_HEAT""]"
라마59b46b,OK,[],50.0,50.85,63.52,31.35,54.79,HIGH,48.93,383.0,True,"[""HIGH_FARMLAND_RATIO"",""HIGH_ELDERLY_RATIO"",""HIGH_HEAT""]"
라마59b47a,OK,[],50.0,0.0,41.02,33.94,30.34,MODERATE,31.24,834.0,False,"[""HIGH_HEAT""]"
라마59b47b,INSUFFICIENT_DATA,"[""elderly_ratio""]",,,,,,,,,,[]
라마59b48a,OK,[],50.0,64.81,0.53,53.27,38.45,MODERATE,42.15,570.0,False,"[""HIGH_ELDERLY_RATIO"",""LOW_SHELTER_ACCESSIBILITY"",""HIGH_HEAT""]"
라마59b48b,OK,[],50.0,62.4,23.81,49.94,45.4,MODERATE,46.54,452.0,False,"[""HIGH_ELDERLY_RATIO"",""HIGH_HEAT""]"
라마59b49a,INSUFFICIENT_DATA,"[""elderly_ratio""]",,,,,,,,,,[]
라마59b49b,INSUFFICIENT_DATA,"[""elderly_ratio""]",,,,,,,,,,[]
라마59b50a,INSUFFICIENT_DATA,"[""elderly_ratio""]",,,,,,,,,,[]
라마59b50b,INSUFFICIENT_DATA,"[""elderly_ratio""]",,,,,,,,,,[]
라마59b51a,INSUFFICIENT_DATA,"[""elderly_ratio""]",,,,,,,,,,[]
라마59b51b,INSUFFICIENT_DATA,"[""elderly_ratio""]",,,,,,,,,,[]
라마59b52a,INSUFFICIENT_DATA,"[""elderly_ratio""]",,,,,,,,,,[]
라마59b52b,INSUFFICIENT_DATA,"[""elderly_ratio""]",,,,,,,,,,[]
라마59b53a,INSUFFICIENT_DATA,"[""elderly_ratio""]",,,,,,,,,,[]
라마60a11a,INSUFFICIENT_DATA,"[""elderly_ratio""]",,,,,,,,,,[]
라마60a11b,INSUFFICIENT_DATA,"[""elderly_ratio""]",,,,,,,,,,[]
라마60a12a,OK,[],50.0,100.0,29.44,24.77,59.81,HIGH,51.05,323.0,True,"[""HIGH_ELDERLY_RATIO"",""HIGH_HEAT""]"
라마60a12b,INSUFFICIENT_DATA,"[""elderly_ratio""]",,,,,,,,,,[]
라마60a13a,INSUFFICIENT_DATA,"[""elderly_ratio""]",,,,,,,,,,[]
라마60a13b,INSUFFICIENT_DATA,"[""elderly_ratio""]",,,,,,,,,,[]
라마60a14a,INSUFFICIENT_DATA,"[""elderly_ratio""]",,,,,,,,,,[]
라마60a14b,INSUFFICIENT_DATA,"[""elderly_ratio""]",,,,,,,,,,[]
라마60a15a,INSUFFICIENT_DATA,"[""elderly_ratio""]",,,,,,,,,,[]
라마60a15b,INSUFFICIENT_DATA,"[""elderly_ratio""]",,,,,,,,,,[]
라마60a16a,INSUFFICIENT_DATA,"[""elderly_ratio""]",,,,,,,,,,[]
라마60a16b,INSUFFICIENT_DATA,"[""elderly_ratio""]",,,,,,,,,,[]
라마60a17a,INSUFFICIENT_DATA,"[""elderly_ratio""]",,,,,,,,,,[]
라마60a17b,OK,[],50.0,60.67,62.6,72.01,57.76,HIGH,61.32,87.0,True,"[""LOW_SHELTER_ACCESSIBILITY"",""HIGH_FARMLAND_RATIO"",""HIGH_ELDERLY_RATIO""]"
라마60a18a,OK,[],50.0,0.0,7.97,82.04,19.32,LOW,35.0,764.0,False,"[""LOW_SHELTER_ACCESSIBILITY"",""HIGH_HEAT""]"
라마60a18b,INSUFFICIENT_DATA,"[""elderly_ratio""]",,,,,,,,,,[]
라마60a19a,INSUFFICIENT_DATA,"[""elderly_ratio""]",,,,,,,,,,[]
라마60a19b,INSUFFICIENT_DATA,"[""elderly_ratio""]",,,,,,,,,,[]
라마60a20a,INSUFFICIENT_DATA,"[""elderly_ratio""]",,,,,,,,,,[]
라마60a20b,INSUFFICIENT_DATA,"[""elderly_ratio""]",,,,,,,,,,[]
라마60a21a,INSUFFICIENT_DATA,"[""elderly_ratio""]",,,,,,,,,,[]
라마60a21b,OK,[],50.0,63.89,24.95,0.0,46.28,MODERATE,34.71,769.0,False,"[""HIGH_ELDERLY_RATIO"",""HIGH_HEAT""]"
라마60a22a,OK,[],50.0,0.0,33.1,5.35,27.7,MODERATE,22.11,940.0,False,"[""HIGH_HEAT""]"
라마60a22b,INSUFFICIENT_DATA,"[""elderly_ratio""]",,,,,,,,,,[]
라마60a23a,OK,[],50.0,77.78,12.05,3.42,46.61,MODERATE,35.81,749.0,False,"[""HIGH_ELDERLY_RATIO"",""HIGH_HEAT""]"
라마60a23b,INSUFFICIENT_DATA,"[""elderly_ratio""]",,,,,,,,,,[]
라마60a24a,INSUFFICIENT_DATA,"[""elderly_ratio""]",,,,,,,,,,[]
라마60a24b,INSUFFICIENT_DATA,"[""elderly_ratio""]",,,,,,,,,,[]
라마60a25a,OK,[],50.0,70.0,2.66,10.7,40.89,MODERATE,33.34,794.0,False,"[""HIGH_ELDERLY_RATIO"",""HIGH_HEAT""]"
라마60a25b,OK,[],50.0,55.26,25.01,25.02,43.42,MODERATE,38.82,673.0,False,"[""HIGH_ELDERLY_RATIO"",""HIGH_HEAT""]"
라마60a26a,OK,[],50.0,0.0,0.0,38.19,16.67,LOW,22.05,942.0,False,"[""HIGH_HEAT""]"
라마60a26b,INSUFFICIENT_DATA,"[""elderly_ratio""]",,,,,,,,,,[]
라마60a27a,INSUFFICIENT_DATA,"[""elderly_ratio""]",,,,,,,,,,[]
라마60a27b,OK,[],50.0,100.0,12.13,0.08,54.04,HIGH,40.55,622.0,False,"[""HIGH_ELDERLY_RATIO"",""HIGH_HEAT""]"
라마60a28a,OK,[],50.0,0.0,0.0,14.2,16.67,LOW,16.05,993.0,False,"[""HIGH_HEAT""]"
라마60a28b,OK,[],50.0,7.03,0.0,29.86,19.01,LOW,21.72,950.0,False,"[""HIGH_HEAT""]"
라마60a29a,OK,[],50.0,15.77,0.0,22.59,21.92,LOW,22.09,941.0,False,"[""HIGH_HEAT""]"
라마60a29b,OK,[],50.0,37.63,8.87,14.38,32.17,MODERATE,27.72,886.0,False,"[""HIGH_HEAT""]"
라마60a30a,OK,[],50.0,27.74,7.47,14.4,28.4,MODERATE,24.9,917.0,False,"[""HIGH_HEAT""]"
라마60a30b,OK,[],50.0,26.75,46.04,21.23,40.93,MODERATE,36.01,746.0,False,"[""HIGH_HEAT""]"
라마60a31a,OK,[],50.0,100.0,16.62,8.82,55.54,HIGH,43.86,525.0,True,"[""HIGH_ELDERLY_RATIO"",""HIGH_HEAT""]"
라마60a31b,OK,[],50.0,47.48,59.61,2.62,52.36,HIGH,39.93,640.0,False,"[""HIGH_FARMLAND_RATIO"",""HIGH_HEAT""]"
라마60a32a,OK,[],50.0,81.67,10.12,14.82,47.26,MODERATE,39.15,663.0,False,"[""HIGH_ELDERLY_RATIO"",""HIGH_HEAT""]"
라마60a32b,INSUFFICIENT_DATA,"[""elderly_ratio""]",,,,,,,,,,[]
라마60a33a,INSUFFICIENT_DATA,"[""elderly_ratio""]",,,,,,,,,,[]
라마60a33b,INSUFFICIENT_DATA,"[""elderly_ratio""]",,,,,,,,,,[]
라마60a34a,INSUFFICIENT_DATA,"[""elderly_ratio""]",,,,,,,,,,[]
라마60a34b,OK,[],50.0,66.67,49.86,10.53,55.51,HIGH,44.27,513.0,True,"[""HIGH_ELDERLY_RATIO"",""HIGH_HEAT""]"
라마60a35a,OK,[],50.0,60.87,40.32,0.0,50.4,HIGH,37.8,705.0,False,"[""HIGH_ELDERLY_RATIO"",""HIGH_HEAT""]"
라마60a35b,OK,[],50.0,72.41,36.88,9.29,53.1,HIGH,42.14,571.0,True,"[""HIGH_ELDERLY_RATIO"",""HIGH_HEAT""]"
라마60a36a,OK,[],50.0,81.45,41.37,25.18,57.61,HIGH,49.5,363.0,True,"[""HIGH_ELDERLY_RATIO"",""HIGH_HEAT""]"
라마60a36b,INSUFFICIENT_DATA,"[""elderly_ratio""]",,,,,,,,,,[]
라마60a37a,INSUFFICIENT_DATA,"[""elderly_ratio""]",,,,,,,,,,[]
라마60a37b,INSUFFICIENT_DATA,"[""elderly_ratio""]",,,,,,,,,,[]
라마60a38a,OK,[],50.0,100.0,26.83,88.82,58.94,HIGH,66.41,22.0,True,"[""HIGH_ELDERLY_RATIO"",""LOW_SHELTER_ACCESSIBILITY"",""HIGH_HEAT""]"
라마60a38b,INSUFFICIENT_DATA,"[""elderly_ratio""]",,,,,,,,,,[]
라마60a39a,INSUFFICIENT_DATA,"[""elderly_ratio""]",,,,,,,,,,[]
라마60a39b,INSUFFICIENT_DATA,"[""elderly_ratio""]",,,,,,,,,,[]
라마60a42a,INSUFFICIENT_DATA,"[""elderly_ratio""]",,,,,,,,,,[]
라마60a42b,OK,[],50.0,0.0,24.4,28.13,24.8,LOW,25.63,910.0,False,"[""HIGH_HEAT""]"
라마60a43a,INSUFFICIENT_DATA,"[""elderly_ratio""]",,,,,,,,,,[]
라마60a43b,INSUFFICIENT_DATA,"[""elderly_ratio""]",,,,,,,,,,[]
라마60a44a,INSUFFICIENT_DATA,"[""elderly_ratio""]",,,,,,,,,,[]
라마60a44b,OK,[],50.0,59.61,52.93,0.0,54.18,HIGH,40.63,617.0,False,"[""HIGH_ELDERLY_RATIO"",""HIGH_FARMLAND_RATIO"",""HIGH_HEAT""]"
라마60a45a,OK,[],50.0,44.25,34.74,12.95,43.0,MODERATE,35.48,756.0,False,"[""HIGH_HEAT""]"
라마60a45b,OK,[],50.0,46.44,19.41,28.51,38.62,MODERATE,36.09,745.0,False,"[""HIGH_HEAT""]"
라마60a46a,OK,[],50.0,38.89,9.71,21.69,32.87,MODERATE,30.07,849.0,False,"[""HIGH_HEAT""]"
라마60a46b,OK,[],50.0,0.0,39.98,15.47,29.99,MODERATE,26.36,904.0,False,"[""HIGH_HEAT""]"
라마60a47a,OK,[],50.0,51.52,20.67,19.7,40.73,MODERATE,35.47,757.0,False,"[""HIGH_ELDERLY_RATIO"",""HIGH_HEAT""]"
라마60a47b,OK,[],50.0,70.0,29.08,30.95,49.69,MODERATE,45.01,497.0,False,"[""HIGH_ELDERLY_RATIO"",""HIGH_HEAT""]"
라마60a48a,INSUFFICIENT_DATA,"[""elderly_ratio""]",,,,,,,,,,[]
라마60a48b,OK,[],50.0,48.04,20.8,55.97,39.61,MODERATE,43.7,531.0,False,"[""LOW_SHELTER_ACCESSIBILITY"",""HIGH_HEAT""]"
라마60a49a,OK,[],50.0,47.73,7.43,42.7,35.05,MODERATE,36.97,727.0,False,"[""HIGH_HEAT""]"
라마60a49b,INSUFFICIENT_DATA,"[""elderly_ratio""]",,,,,,,,,,[]
라마60a50a,INSUFFICIENT_DATA,"[""elderly_ratio""]",,,,,,,,,,[]
라마60a50b,INSUFFICIENT_DATA,"[""elderly_ratio""]",,,,,,,,,,[]
라마60a51a,INSUFFICIENT_DATA,"[""elderly_ratio""]",,,,,,,,,,[]
라마60a51b,INSUFFICIENT_DATA,"[""elderly_ratio""]",,,,,,,,,,[]
라마60b11a,INSUFFICIENT_DATA,"[""elderly_ratio""]",,,,,,,,,,[]
라마60b11b,INSUFFICIENT_DATA,"[""elderly_ratio""]",,,,,,,,,,[]
라마60b12a,INSUFFICIENT_DATA,"[""elderly_ratio""]",,,,,,,,,,[]
라마60b12b,INSUFFICIENT_DATA,"[""elderly_ratio""]",,,,,,,,,,[]
라마60b13a,OK,[],50.0,82.47,64.33,9.27,65.6,HIGH,51.52,305.0,True,"[""HIGH_ELDERLY_RATIO"",""HIGH_FARMLAND_RATIO"",""HIGH_HEAT""]"
라마60b13b,OK,[],50.0,99.17,16.19,23.89,55.12,HIGH,47.31,427.0,True,"[""HIGH_ELDERLY_RATIO"",""HIGH_HEAT""]"
라마60b14a,OK,[],50.0,0.0,32.75,39.39,27.58,MODERATE,30.54,842.0,False,"[""HIGH_HEAT""]"
라마60b14b,INSUFFICIENT_DATA,"[""elderly_ratio""]",,,,,,,,,,[]
라마60b15a,INSUFFICIENT_DATA,"[""elderly_ratio""]",,,,,,,,,,[]
라마60b15b,INSUFFICIENT_DATA,"[""elderly_ratio""]",,,,,,,,,,[]
라마60b16a,OK,[],50.0,65.86,57.39,42.35,57.75,HIGH,53.9,252.0,True,"[""HIGH_ELDERLY_RATIO"",""HIGH_FARMLAND_RATIO"",""HIGH_HEAT""]"
라마60b16b,INSUFFICIENT_DATA,"[""elderly_ratio""]",,,,,,,,,,[]
라마60b17a,INSUFFICIENT_DATA,"[""elderly_ratio""]",,,,,,,,,,[]
라마60b17b,INSUFFICIENT_DATA,"[""elderly_ratio""]",,,,,,,,,,[]
라마60b18a,OK,[],50.0,86.67,60.39,71.21,65.69,HIGH,67.07,19.0,True,"[""HIGH_ELDERLY_RATIO"",""LOW_SHELTER_ACCESSIBILITY"",""HIGH_FARMLAND_RATIO""]"
라마60b18b,INSUFFICIENT_DATA,"[""elderly_ratio""]",,,,,,,,,,[]
라마60b19a,INSUFFICIENT_DATA,"[""elderly_ratio""]",,,,,,,,,,[]
라마60b19b,INSUFFICIENT_DATA,"[""elderly_ratio""]",,,,,,,,,,[]
라마60b20a,OK,[],50.0,53.03,3.64,49.36,35.56,MODERATE,39.01,668.0,False,"[""HIGH_ELDERLY_RATIO"",""HIGH_HEAT""]"
라마60b20b,INSUFFICIENT_DATA,"[""elderly_ratio""]",,,,,,,,,,[]
라마60b21a,INSUFFICIENT_DATA,"[""elderly_ratio""]",,,,,,,,,,[]
라마60b21b,INSUFFICIENT_DATA,"[""elderly_ratio""]",,,,,,,,,,[]
라마60b22a,INSUFFICIENT_DATA,"[""elderly_ratio""]",,,,,,,,,,[]
라마60b22b,INSUFFICIENT_DATA,"[""elderly_ratio""]",,,,,,,,,,[]
라마60b23a,OK,[],50.0,48.19,31.08,0.38,43.09,MODERATE,32.41,814.0,False,"[""HIGH_HEAT""]"
라마60b23b,INSUFFICIENT_DATA,"[""elderly_ratio""]",,,,,,,,,,[]
라마60b24a,OK,[],50.0,89.74,0.0,11.43,46.58,MODERATE,37.79,706.0,False,"[""HIGH_ELDERLY_RATIO"",""HIGH_HEAT""]"
라마60b24b,INSUFFICIENT_DATA,"[""elderly_ratio""]",,,,,,,,,,[]
라마60b25a,OK,[],50.0,75.0,57.89,14.35,60.96,HIGH,49.31,368.0,True,"[""HIGH_ELDERLY_RATIO"",""HIGH_FARMLAND_RATIO"",""HIGH_HEAT""]"
라마60b25b,OK,[],50.0,95.45,58.91,28.4,68.12,HIGH,58.19,144.0,True,"[""HIGH_ELDERLY_RATIO"",""HIGH_FARMLAND_RATIO"",""HIGH_HEAT""]"
라마60b26a,OK,[],50.0,41.18,22.56,42.58,37.91,MODERATE,39.08,666.0,False,"[""HIGH_HEAT""]"
라마60b26b,INSUFFICIENT_DATA,"[""elderly_ratio""]",,,,,,,,,,[]
라마60b27a,INSUFFICIENT_DATA,"[""elderly_ratio""]",,,,,,,,,,[]
라마60b27b,OK,[],50.0,0.0,26.02,15.04,25.34,MODERATE,22.77,934.0,False,"[""HIGH_HEAT""]"
라마60b28a,INSUFFICIENT_DATA,"[""elderly_ratio""]",,,,,,,,,,[]
라마60b28b,INSUFFICIENT_DATA,"[""elderly_ratio""]",,,,,,,,,,[]
라마60b29a,INSUFFICIENT_DATA,"[""elderly_ratio""]",,,,,,,,,,[]
라마60b29b,INSUFFICIENT_DATA,"[""elderly_ratio""]",,,,,,,,,,[]
라마60b30a,OK,[],50.0,17.06,20.05,30.26,29.04,MODERATE,29.34,859.0,False,"[""HIGH_HEAT""]"
라마60b30b,OK,[],50.0,0.0,29.71,23.48,26.57,MODERATE,25.8,907.0,False,"[""HIGH_HEAT""]"
라마60b31a,INSUFFICIENT_DATA,"[""elderly_ratio""]",,,,,,,,,,[]
라마60b31b,OK,[],50.0,0.0,0.0,2.53,16.67,LOW,13.13,996.0,False,"[""HIGH_HEAT""]"
라마60b32a,OK,[],50.0,0.0,0.0,14.78,16.67,LOW,16.2,992.0,False,"[""HIGH_HEAT""]"
라마60b32b,INSUFFICIENT_DATA,"[""elderly_ratio""]",,,,,,,,,,[]
라마60b33a,OK,[],50.0,53.03,54.74,45.66,52.59,HIGH,50.86,327.0,True,"[""HIGH_FARMLAND_RATIO"",""HIGH_ELDERLY_RATIO"",""HIGH_HEAT""]"
라마60b33b,INSUFFICIENT_DATA,"[""elderly_ratio""]",,,,,,,,,,[]
라마60b34a,INSUFFICIENT_DATA,"[""elderly_ratio""]",,,,,,,,,,[]
라마60b34b,INSUFFICIENT_DATA,"[""elderly_ratio""]",,,,,,,,,,[]
라마60b35a,INSUFFICIENT_DATA,"[""elderly_ratio""]",,,,,,,,,,[]
라마60b35b,INSUFFICIENT_DATA,"[""elderly_ratio""]",,,,,,,,,,[]
라마60b36a,INSUFFICIENT_DATA,"[""elderly_ratio""]",,,,,,,,,,[]
라마60b36b,OK,[],50.0,0.0,27.94,43.26,25.98,MODERATE,30.3,845.0,False,"[""HIGH_HEAT""]"
라마60b37a,OK,[],50.0,52.5,28.79,58.64,43.76,MODERATE,47.48,422.0,False,"[""LOW_SHELTER_ACCESSIBILITY"",""HIGH_ELDERLY_RATIO"",""HIGH_HEAT""]"
라마60b37b,INSUFFICIENT_DATA,"[""elderly_ratio""]",,,,,,,,,,[]
라마60b38a,INSUFFICIENT_DATA,"[""elderly_ratio""]",,,,,,,,,,[]
라마60b38b,INSUFFICIENT_DATA,"[""elderly_ratio""]",,,,,,,,,,[]
라마60b39a,INSUFFICIENT_DATA,"[""elderly_ratio""]",,,,,,,,,,[]
라마60b39b,INSUFFICIENT_DATA,"[""elderly_ratio""]",,,,,,,,,,[]
라마60b42a,INSUFFICIENT_DATA,"[""elderly_ratio""]",,,,,,,,,,[]
라마60b42b,INSUFFICIENT_DATA,"[""elderly_ratio""]",,,,,,,,,,[]
라마60b43a,INSUFFICIENT_DATA,"[""elderly_ratio""]",,,,,,,,,,[]
라마60b43b,OK,[],50.0,58.33,16.12,0.0,41.48,MODERATE,31.11,836.0,False,"[""HIGH_ELDERLY_RATIO"",""HIGH_HEAT""]"
라마60b44a,OK,[],50.0,90.74,7.38,11.13,49.37,MODERATE,39.81,646.0,False,"[""HIGH_ELDERLY_RATIO"",""HIGH_HEAT""]"
라마60b44b,OK,[],50.0,70.0,73.96,4.71,64.65,HIGH,49.67,359.0,True,"[""HIGH_FARMLAND_RATIO"",""HIGH_ELDERLY_RATIO"",""HIGH_HEAT""]"
라마60b45a,OK,[],50.0,60.49,100.0,14.99,70.16,HIGH,56.37,191.0,True,"[""HIGH_FARMLAND_RATIO"",""HIGH_ELDERLY_RATIO"",""HIGH_HEAT""]"
라마60b45b,OK,[],50.0,55.05,59.06,19.11,54.7,HIGH,45.8,477.0,True,"[""HIGH_FARMLAND_RATIO"",""HIGH_ELDERLY_RATIO"",""HIGH_HEAT""]"
라마60b46a,OK,[],50.0,71.79,100.0,12.38,73.93,HIGH,58.54,130.0,True,"[""HIGH_FARMLAND_RATIO"",""HIGH_ELDERLY_RATIO"",""HIGH_HEAT""]"
라마60b46b,OK,[],50.0,69.59,61.72,0.0,60.44,HIGH,45.33,491.0,False,"[""HIGH_ELDERLY_RATIO"",""HIGH_FARMLAND_RATIO"",""HIGH_HEAT""]"
라마60b47a,INSUFFICIENT_DATA,"[""elderly_ratio""]",,,,,,,,,,[]
라마60b47b,INSUFFICIENT_DATA,"[""elderly_ratio""]",,,,,,,,,,[]
라마60b48a,INSUFFICIENT_DATA,"[""elderly_ratio""]",,,,,,,,,,[]
라마60b48b,OK,[],50.0,0.0,21.37,56.17,23.79,LOW,31.89,825.0,False,"[""LOW_SHELTER_ACCESSIBILITY"",""HIGH_HEAT""]"
라마60b49a,INSUFFICIENT_DATA,"[""elderly_ratio""]",,,,,,,,,,[]
라마60b49b,OK,[],50.0,100.0,20.12,45.25,56.71,HIGH,53.84,255.0,True,"[""HIGH_ELDERLY_RATIO"",""HIGH_HEAT""]"
라마60b50a,INSUFFICIENT_DATA,"[""elderly_ratio""]",,,,,,,,,,[]
라마60b50b,OK,[],50.0,0.0,0.0,41.13,16.67,LOW,22.78,933.0,False,"[""HIGH_HEAT""]"
라마60b51a,OK,[],50.0,66.67,10.21,46.7,42.29,MODERATE,43.4,546.0,False,"[""HIGH_ELDERLY_RATIO"",""HIGH_HEAT""]"
라마61a11a,INSUFFICIENT_DATA,"[""elderly_ratio""]",,,,,,,,,,[]
라마61a11b,INSUFFICIENT_DATA,"[""elderly_ratio""]",,,,,,,,,,[]
라마61a12a,INSUFFICIENT_DATA,"[""elderly_ratio""]",,,,,,,,,,[]
라마61a12b,OK,[],50.0,80.21,51.7,2.08,60.64,HIGH,46.0,470.0,False,"[""HIGH_ELDERLY_RATIO"",""HIGH_FARMLAND_RATIO"",""HIGH_HEAT""]"
라마61a13a,OK,[],50.0,79.33,29.29,8.83,52.87,HIGH,41.86,578.0,True,"[""HIGH_ELDERLY_RATIO"",""HIGH_HEAT""]"
라마61a13b,INSUFFICIENT_DATA,"[""elderly_ratio""]",,,,,,,,,,[]
라마61a14a,INSUFFICIENT_DATA,"[""elderly_ratio""]",,,,,,,,,,[]
라마61a14b,INSUFFICIENT_DATA,"[""elderly_ratio""]",,,,,,,,,,[]
라마61a15a,OK,[],50.0,0.0,6.55,41.74,18.85,LOW,24.57,920.0,False,"[""HIGH_HEAT""]"
라마61a15b,INSUFFICIENT_DATA,"[""elderly_ratio""]",,,,,,,,,,[]
라마61a16a,OK,[],50.0,82.8,73.92,26.49,68.91,HIGH,58.3,141.0,True,"[""HIGH_ELDERLY_RATIO"",""HIGH_FARMLAND_RATIO"",""HIGH_HEAT""]"
라마61a16b,INSUFFICIENT_DATA,"[""elderly_ratio""]",,,,,,,,,,[]
라마61a17a,INSUFFICIENT_DATA,"[""elderly_ratio""]",,,,,,,,,,[]
라마61a17b,INSUFFICIENT_DATA,"[""elderly_ratio""]",,,,,,,,,,[]
라마61a18a,OK,[],50.0,97.22,63.76,62.41,70.33,HIGH,68.35,14.0,True,"[""HIGH_ELDERLY_RATIO"",""HIGH_FARMLAND_RATIO"",""LOW_SHELTER_ACCESSIBILITY""]"
라마61a18b,INSUFFICIENT_DATA,"[""elderly_ratio""]",,,,,,,,,,[]
라마61a19a,INSUFFICIENT_DATA,"[""elderly_ratio""]",,,,,,,,,,[]
라마61a19b,INSUFFICIENT_DATA,"[""elderly_ratio""]",,,,,,,,,,[]
라마61a20a,INSUFFICIENT_DATA,"[""elderly_ratio""]",,,,,,,,,,[]
라마61a20b,INSUFFICIENT_DATA,"[""elderly_ratio""]",,,,,,,,,,[]
라마61a21a,INSUFFICIENT_DATA,"[""elderly_ratio""]",,,,,,,,,,[]
라마61a21b,INSUFFICIENT_DATA,"[""elderly_ratio""]",,,,,,,,,,[]
라마61a22a,INSUFFICIENT_DATA,"[""elderly_ratio""]",,,,,,,,,,[]
라마61a22b,INSUFFICIENT_DATA,"[""elderly_ratio""]",,,,,,,,,,[]
라마61a23a,OK,[],50.0,84.26,68.88,16.29,67.71,HIGH,54.86,223.0,True,"[""HIGH_ELDERLY_RATIO"",""HIGH_FARMLAND_RATIO"",""HIGH_HEAT""]"
라마61a23b,INSUFFICIENT_DATA,"[""elderly_ratio""]",,,,,,,,,,[]
라마61a24a,INSUFFICIENT_DATA,"[""elderly_ratio""]",,,,,,,,,,[]
라마61a24b,OK,[],50.0,68.8,42.19,0.0,53.66,HIGH,40.25,630.0,False,"[""HIGH_ELDERLY_RATIO"",""HIGH_HEAT""]"
라마61a25a,INSUFFICIENT_DATA,"[""elderly_ratio""]",,,,,,,,,,[]
라마61a25b,INSUFFICIENT_DATA,"[""elderly_ratio""]",,,,,,,,,,[]
라마61a26a,OK,[],50.0,0.0,22.72,38.53,24.24,LOW,27.81,885.0,False,"[""HIGH_HEAT""]"
라마61a26b,INSUFFICIENT_DATA,"[""elderly_ratio""]",,,,,,,,,,[]
라마61a27a,INSUFFICIENT_DATA,"[""elderly_ratio""]",,,,,,,,,,[]
라마61a27b,INSUFFICIENT_DATA,"[""elderly_ratio""]",,,,,,,,,,[]
라마61a28a,INSUFFICIENT_DATA,"[""elderly_ratio""]",,,,,,,,,,[]
라마61a28b,INSUFFICIENT_DATA,"[""elderly_ratio""]",,,,,,,,,,[]
라마61a29a,INSUFFICIENT_DATA,"[""elderly_ratio""]",,,,,,,,,,[]
라마61a29b,INSUFFICIENT_DATA,"[""elderly_ratio""]",,,,,,,,,,[]
라마61a30a,OK,[],50.0,71.79,2.72,43.91,41.5,MODERATE,42.11,572.0,False,"[""HIGH_ELDERLY_RATIO"",""HIGH_HEAT""]"
라마61a30b,OK,[],50.0,64.17,20.58,31.05,44.92,MODERATE,41.45,596.0,False,"[""HIGH_ELDERLY_RATIO"",""HIGH_HEAT""]"
라마61a31a,OK,[],50.0,61.76,72.12,20.86,61.29,HIGH,51.19,321.0,True,"[""HIGH_FARMLAND_RATIO"",""HIGH_ELDERLY_RATIO"",""HIGH_HEAT""]"
라마61a31b,INSUFFICIENT_DATA,"[""elderly_ratio""]",,,,,,,,,,[]
라마61a32a,INSUFFICIENT_DATA,"[""elderly_ratio""]",,,,,,,,,,[]
라마61a32b,OK,[],50.0,0.0,27.25,36.44,25.75,MODERATE,28.42,875.0,False,"[""HIGH_HEAT""]"
라마61a33a,OK,[],50.0,65.94,8.5,50.33,41.48,MODERATE,43.69,532.0,False,"[""HIGH_ELDERLY_RATIO"",""LOW_SHELTER_ACCESSIBILITY"",""HIGH_HEAT""]"
라마61a33b,INSUFFICIENT_DATA,"[""elderly_ratio""]",,,,,,,,,,[]
라마61a34a,INSUFFICIENT_DATA,"[""elderly_ratio""]",,,,,,,,,,[]
라마61a34b,OK,[],50.0,75.0,13.19,28.61,46.06,MODERATE,41.7,588.0,False,"[""HIGH_ELDERLY_RATIO"",""HIGH_HEAT""]"
라마61a35a,INSUFFICIENT_DATA,"[""elderly_ratio""]",,,,,,,,,,[]
라마61a35b,INSUFFICIENT_DATA,"[""elderly_ratio""]",,,,,,,,,,[]
라마61a36a,INSUFFICIENT_DATA,"[""elderly_ratio""]",,,,,,,,,,[]
라마61a36b,INSUFFICIENT_DATA,"[""elderly_ratio""]",,,,,,,,,,[]
라마61a37a,INSUFFICIENT_DATA,"[""elderly_ratio""]",,,,,,,,,,[]
라마61a37b,INSUFFICIENT_DATA,"[""elderly_ratio""]",,,,,,,,,,[]
라마61a38a,INSUFFICIENT_DATA,"[""elderly_ratio""]",,,,,,,,,,[]
라마61a38b,INSUFFICIENT_DATA,"[""elderly_ratio""]",,,,,,,,,,[]
라마61a39a,INSUFFICIENT_DATA,"[""elderly_ratio""]",,,,,,,,,,[]
라마61a39b,INSUFFICIENT_DATA,"[""elderly_ratio""]",,,,,,,,,,[]
라마61a40a,INSUFFICIENT_DATA,"[""elderly_ratio""]",,,,,,,,,,[]
라마61a42a,OK,[],50.0,100.0,24.05,41.64,58.02,HIGH,53.92,250.0,True,"[""HIGH_ELDERLY_RATIO"",""HIGH_HEAT""]"
라마61a42b,INSUFFICIENT_DATA,"[""elderly_ratio""]",,,,,,,,,,[]
라마61a43a,INSUFFICIENT_DATA,"[""elderly_ratio""]",,,,,,,,,,[]
라마61a43b,OK,[],50.0,0.0,34.08,8.68,28.03,MODERATE,23.19,928.0,False,"[""HIGH_HEAT""]"
라마61a44a,INSUFFICIENT_DATA,"[""elderly_ratio""]",,,,,,,,,,[]
라마61a44b,INSUFFICIENT_DATA,"[""elderly_ratio""]",,,,,,,,,,[]
라마61a45a,INSUFFICIENT_DATA,"[""elderly_ratio""]",,,,,,,,,,[]
라마61a45b,INSUFFICIENT_DATA,"[""elderly_ratio""]",,,,,,,,,,[]
라마61a46a,OK,[],50.0,77.0,50.47,0.0,59.16,HIGH,44.37,512.0,False,"[""HIGH_ELDERLY_RATIO"",""HIGH_FARMLAND_RATIO"",""HIGH_HEAT""]"
라마61a46b,OK,[],50.0,98.72,5.22,4.44,51.31,HIGH,39.59,653.0,True,"[""HIGH_ELDERLY_RATIO"",""HIGH_HEAT""]"
라마61a47a,INSUFFICIENT_DATA,"[""elderly_ratio""]",,,,,,,,,,[]
라마61a47b,INSUFFICIENT_DATA,"[""elderly_ratio""]",,,,,,,,,,[]
라마61a48a,INSUFFICIENT_DATA,"[""elderly_ratio""]",,,,,,,,,,[]
라마61a48b,INSUFFICIENT_DATA,"[""elderly_ratio""]",,,,,,,,,,[]
라마61a49a,INSUFFICIENT_DATA,"[""elderly_ratio""]",,,,,,,,,,[]
라마61a49b,OK,[],50.0,100.0,7.78,59.95,52.59,HIGH,54.43,239.0,True,"[""HIGH_ELDERLY_RATIO"",""LOW_SHELTER_ACCESSIBILITY"",""HIGH_HEAT""]"
라마61a50a,INSUFFICIENT_DATA,"[""elderly_ratio""]",,,,,,,,,,[]
라마61a50b,INSUFFICIENT_DATA,"[""elderly_ratio""]",,,,,,,,,,[]
라마61a51a,INSUFFICIENT_DATA,"[""elderly_ratio""]",,,,,,,,,,[]
라마61b11b,INSUFFICIENT_DATA,"[""elderly_ratio""]",,,,,,,,,,[]
라마61b12a,INSUFFICIENT_DATA,"[""elderly_ratio""]",,,,,,,,,,[]
라마61b12b,INSUFFICIENT_DATA,"[""elderly_ratio""]",,,,,,,,,,[]
라마61b13a,INSUFFICIENT_DATA,"[""elderly_ratio""]",,,,,,,,,,[]
라마61b13b,INSUFFICIENT_DATA,"[""elderly_ratio""]",,,,,,,,,,[]
라마61b14a,INSUFFICIENT_DATA,"[""elderly_ratio""]",,,,,,,,,,[]
라마61b14b,INSUFFICIENT_DATA,"[""elderly_ratio""]",,,,,,,,,,[]
라마61b15a,INSUFFICIENT_DATA,"[""elderly_ratio""]",,,,,,,,,,[]
라마61b15b,OK,[],50.0,86.42,45.52,19.27,60.65,HIGH,50.3,339.0,True,"[""HIGH_ELDERLY_RATIO"",""HIGH_HEAT""]"
라마61b16a,INSUFFICIENT_DATA,"[""elderly_ratio""]",,,,,,,,,,[]
라마61b16b,OK,[],50.0,0.0,50.21,14.66,33.4,MODERATE,28.72,872.0,False,"[""HIGH_FARMLAND_RATIO"",""HIGH_HEAT""]"
라마61b17a,INSUFFICIENT_DATA,"[""elderly_ratio""]",,,,,,,,,,[]
라마61b17b,INSUFFICIENT_DATA,"[""elderly_ratio""]",,,,,,,,,,[]
라마61b18a,OK,[],50.0,0.0,21.96,56.47,23.99,LOW,32.11,822.0,False,"[""LOW_SHELTER_ACCESSIBILITY"",""HIGH_HEAT""]"
라마61b18b,OK,[],50.0,73.33,51.45,71.94,58.26,HIGH,61.68,81.0,True,"[""HIGH_ELDERLY_RATIO"",""LOW_SHELTER_ACCESSIBILITY"",""HIGH_FARMLAND_RATIO""]"
라마61b19a,OK,[],50.0,100.0,10.9,75.21,53.63,HIGH,59.03,119.0,True,"[""HIGH_ELDERLY_RATIO"",""LOW_SHELTER_ACCESSIBILITY"",""HIGH_HEAT""]"
라마61b19b,INSUFFICIENT_DATA,"[""elderly_ratio""]",,,,,,,,,,[]
라마61b20a,INSUFFICIENT_DATA,"[""elderly_ratio""]",,,,,,,,,,[]
라마61b20b,INSUFFICIENT_DATA,"[""elderly_ratio""]",,,,,,,,,,[]
라마61b21a,INSUFFICIENT_DATA,"[""elderly_ratio""]",,,,,,,,,,[]
라마61b21b,OK,[],50.0,71.51,27.03,0.0,49.51,MODERATE,37.14,723.0,False,"[""HIGH_ELDERLY_RATIO"",""HIGH_HEAT""]"
라마61b22a,OK,[],50.0,0.0,43.41,9.01,31.14,MODERATE,25.61,911.0,False,"[""HIGH_HEAT""]"
라마61b22b,INSUFFICIENT_DATA,"[""elderly_ratio""]",,,,,,,,,,[]
라마61b23a,INSUFFICIENT_DATA,"[""elderly_ratio""]",,,,,,,,,,[]
라마61b23b,OK,[],50.0,77.78,48.41,27.66,58.73,HIGH,50.96,325.0,True,"[""HIGH_ELDERLY_RATIO"",""HIGH_HEAT""]"
라마61b24a,OK,[],50.0,0.0,57.95,16.39,35.98,MODERATE,31.09,838.0,False,"[""HIGH_FARMLAND_RATIO"",""HIGH_HEAT""]"
라마61b24b,OK,[],50.0,62.82,28.26,13.38,47.03,MODERATE,38.62,681.0,False,"[""HIGH_ELDERLY_RATIO"",""HIGH_HEAT""]"
라마61b25a,OK,[],50.0,38.89,94.41,11.12,61.1,HIGH,48.6,392.0,True,"[""HIGH_FARMLAND_RATIO"",""HIGH_HEAT""]"
라마61b25b,INSUFFICIENT_DATA,"[""elderly_ratio""]",,,,,,,,,,[]
라마61b26a,OK,[],50.0,100.0,14.63,28.45,54.88,HIGH,48.27,399.0,True,"[""HIGH_ELDERLY_RATIO"",""HIGH_HEAT""]"
라마61b26b,INSUFFICIENT_DATA,"[""elderly_ratio""]",,,,,,,,,,[]
라마61b27a,OK,[],50.0,51.04,14.5,44.0,38.51,MODERATE,39.88,642.0,False,"[""HIGH_ELDERLY_RATIO"",""HIGH_HEAT""]"
라마61b27b,INSUFFICIENT_DATA,"[""elderly_ratio""]",,,,,,,,,,[]
라마61b28a,INSUFFICIENT_DATA,"[""elderly_ratio""]",,,,,,,,,,[]
라마61b28b,INSUFFICIENT_DATA,"[""elderly_ratio""]",,,,,,,,,,[]
라마61b29a,INSUFFICIENT_DATA,"[""elderly_ratio""]",,,,,,,,,,[]
라마61b29b,INSUFFICIENT_DATA,"[""elderly_ratio""]",,,,,,,,,,[]
라마61b30a,INSUFFICIENT_DATA,"[""elderly_ratio""]",,,,,,,,,,[]
라마61b30b,INSUFFICIENT_DATA,"[""elderly_ratio""]",,,,,,,,,,[]
라마61b31a,OK,[],50.0,49.36,30.62,29.36,43.33,MODERATE,39.84,644.0,False,"[""HIGH_HEAT""]"
라마61b31b,OK,[],50.0,37.12,8.05,33.82,31.72,MODERATE,32.25,821.0,False,"[""HIGH_HEAT""]"
라마61b32a,INSUFFICIENT_DATA,"[""elderly_ratio""]",,,,,,,,,,[]
라마61b32b,INSUFFICIENT_DATA,"[""elderly_ratio""]",,,,,,,,,,[]
라마61b33a,OK,[],50.0,0.0,65.74,58.68,38.58,MODERATE,43.6,538.0,False,"[""HIGH_FARMLAND_RATIO"",""LOW_SHELTER_ACCESSIBILITY"",""HIGH_HEAT""]"
라마61b33b,OK,[],50.0,65.62,17.76,60.95,44.46,MODERATE,48.58,394.0,False,"[""HIGH_ELDERLY_RATIO"",""LOW_SHELTER_ACCESSIBILITY"",""HIGH_HEAT""]"
라마61b34a,OK,[],50.0,76.44,5.96,50.55,44.13,MODERATE,45.74,480.0,False,"[""HIGH_ELDERLY_RATIO"",""LOW_SHELTER_ACCESSIBILITY"",""HIGH_HEAT""]"
라마61b34b,INSUFFICIENT_DATA,"[""elderly_ratio""]",,,,,,,,,,[]
라마61b35a,INSUFFICIENT_DATA,"[""elderly_ratio""]",,,,,,,,,,[]
라마61b35b,INSUFFICIENT_DATA,"[""elderly_ratio""]",,,,,,,,,,[]
라마61b36a,INSUFFICIENT_DATA,"[""elderly_ratio""]",,,,,,,,,,[]
라마61b36b,INSUFFICIENT_DATA,"[""elderly_ratio""]",,,,,,,,,,[]
라마61b37a,INSUFFICIENT_DATA,"[""elderly_ratio""]",,,,,,,,,,[]
라마61b37b,INSUFFICIENT_DATA,"[""elderly_ratio""]",,,,,,,,,,[]
라마61b38a,INSUFFICIENT_DATA,"[""elderly_ratio""]",,,,,,,,,,[]
라마61b38b,INSUFFICIENT_DATA,"[""elderly_ratio""]",,,,,,,,,,[]
라마61b39a,INSUFFICIENT_DATA,"[""elderly_ratio""]",,,,,,,,,,[]
라마61b39b,INSUFFICIENT_DATA,"[""elderly_ratio""]",,,,,,,,,,[]
라마61b40a,INSUFFICIENT_DATA,"[""elderly_ratio""]",,,,,,,,,,[]
라마61b42b,INSUFFICIENT_DATA,"[""elderly_ratio""]",,,,,,,,,,[]
라마61b43a,OK,[],50.0,58.33,9.49,27.31,39.27,MODERATE,36.28,740.0,False,"[""HIGH_ELDERLY_RATIO"",""HIGH_HEAT""]"
라마61b43b,INSUFFICIENT_DATA,"[""elderly_ratio""]",,,,,,,,,,[]
라마61b44a,INSUFFICIENT_DATA,"[""elderly_ratio""]",,,,,,,,,,[]
라마61b44b,OK,[],50.0,95.45,1.69,36.35,49.05,MODERATE,45.87,474.0,False,"[""HIGH_ELDERLY_RATIO"",""HIGH_HEAT""]"
라마61b45a,OK,[],50.0,64.81,53.03,28.44,55.95,HIGH,49.07,379.0,True,"[""HIGH_ELDERLY_RATIO"",""HIGH_FARMLAND_RATIO"",""HIGH_HEAT""]"
라마61b45b,OK,[],50.0,87.5,41.41,14.45,59.64,HIGH,48.34,397.0,True,"[""HIGH_ELDERLY_RATIO"",""HIGH_HEAT""]"
라마61b46a,OK,[],50.0,58.33,80.57,6.51,62.97,HIGH,48.85,385.0,True,"[""HIGH_FARMLAND_RATIO"",""HIGH_ELDERLY_RATIO"",""HIGH_HEAT""]"
라마61b46b,OK,[],50.0,37.63,38.78,13.99,42.14,MODERATE,35.1,760.0,False,"[""HIGH_HEAT""]"
라마61b47a,INSUFFICIENT_DATA,"[""elderly_ratio""]",,,,,,,,,,[]
라마61b47b,INSUFFICIENT_DATA,"[""elderly_ratio""]",,,,,,,,,,[]
라마61b48a,OK,[],50.0,0.0,22.92,46.98,24.31,LOW,29.98,852.0,False,"[""HIGH_HEAT""]"
라마61b48b,INSUFFICIENT_DATA,"[""elderly_ratio""]",,,,,,,,,,[]
라마61b49a,INSUFFICIENT_DATA,"[""elderly_ratio""]",,,,,,,,,,[]
라마61b49b,INSUFFICIENT_DATA,"[""elderly_ratio""]",,,,,,,,,,[]
라마61b50a,INSUFFICIENT_DATA,"[""elderly_ratio""]",,,,,,,,,,[]
라마61b50b,INSUFFICIENT_DATA,"[""elderly_ratio""]",,,,,,,,,,[]
라마62a11b,INSUFFICIENT_DATA,"[""elderly_ratio""]",,,,,,,,,,[]
라마62a12a,INSUFFICIENT_DATA,"[""elderly_ratio""]",,,,,,,,,,[]
라마62a12b,INSUFFICIENT_DATA,"[""elderly_ratio""]",,,,,,,,,,[]
라마62a13a,INSUFFICIENT_DATA,"[""elderly_ratio""]",,,,,,,,,,[]
라마62a13b,INSUFFICIENT_DATA,"[""elderly_ratio""]",,,,,,,,,,[]
라마62a14a,INSUFFICIENT_DATA,"[""elderly_ratio""]",,,,,,,,,,[]
라마62a14b,INSUFFICIENT_DATA,"[""elderly_ratio""]",,,,,,,,,,[]
라마62a15a,INSUFFICIENT_DATA,"[""elderly_ratio""]",,,,,,,,,,[]
라마62a15b,INSUFFICIENT_DATA,"[""elderly_ratio""]",,,,,,,,,,[]
라마62a16a,OK,[],50.0,84.85,25.45,0.0,53.43,HIGH,40.07,637.0,False,"[""HIGH_ELDERLY_RATIO"",""HIGH_HEAT""]"
라마62a16b,OK,[],50.0,100.0,63.15,6.53,71.05,HIGH,54.92,222.0,True,"[""HIGH_ELDERLY_RATIO"",""HIGH_FARMLAND_RATIO"",""HIGH_HEAT""]"
라마62a17a,INSUFFICIENT_DATA,"[""elderly_ratio""]",,,,,,,,,,[]
라마62a17b,INSUFFICIENT_DATA,"[""elderly_ratio""]",,,,,,,,,,[]
라마62a18a,INSUFFICIENT_DATA,"[""elderly_ratio""]",,,,,,,,,,[]
라마62a18b,OK,[],50.0,0.0,21.85,70.18,23.95,LOW,35.51,755.0,False,"[""LOW_SHELTER_ACCESSIBILITY"",""HIGH_HEAT""]"
라마62a19a,INSUFFICIENT_DATA,"[""elderly_ratio""]",,,,,,,,,,[]
라마62a19b,INSUFFICIENT_DATA,"[""elderly_ratio""]",,,,,,,,,,[]
라마62a20a,INSUFFICIENT_DATA,"[""elderly_ratio""]",,,,,,,,,,[]
라마62a20b,OK,[],50.0,0.0,0.0,29.19,16.67,LOW,19.8,970.0,False,"[""HIGH_HEAT""]"
라마62a21a,INSUFFICIENT_DATA,"[""elderly_ratio""]",,,,,,,,,,[]
라마62a21b,INSUFFICIENT_DATA,"[""elderly_ratio""]",,,,,,,,,,[]
라마62a22a,OK,[],50.0,53.85,39.63,12.2,47.83,MODERATE,38.92,671.0,False,"[""HIGH_ELDERLY_RATIO"",""HIGH_HEAT""]"
라마62a22b,OK,[],50.0,70.0,0.05,26.24,40.02,MODERATE,36.57,735.0,False,"[""HIGH_ELDERLY_RATIO"",""HIGH_HEAT""]"
라마62a23a,INSUFFICIENT_DATA,"[""elderly_ratio""]",,,,,,,,,,[]
라마62a23b,OK,[],50.0,0.0,16.24,38.61,22.08,LOW,26.21,905.0,False,"[""HIGH_HEAT""]"
라마62a24a,INSUFFICIENT_DATA,"[""elderly_ratio""]",,,,,,,,,,[]
라마62a24b,INSUFFICIENT_DATA,"[""elderly_ratio""]",,,,,,,,,,[]
라마62a25a,OK,[],50.0,73.68,87.26,0.0,70.31,HIGH,52.73,279.0,False,"[""HIGH_FARMLAND_RATIO"",""HIGH_ELDERLY_RATIO"",""HIGH_HEAT""]"
라마62a25b,INSUFFICIENT_DATA,"[""elderly_ratio""]",,,,,,,,,,[]
라마62a26a,INSUFFICIENT_DATA,"[""elderly_ratio""]",,,,,,,,,,[]
라마62a26b,INSUFFICIENT_DATA,"[""elderly_ratio""]",,,,,,,,,,[]
라마62a27a,OK,[],50.0,100.0,0.58,28.09,50.19,HIGH,44.67,507.0,True,"[""HIGH_ELDERLY_RATIO"",""HIGH_HEAT""]"
라마62a27b,INSUFFICIENT_DATA,"[""elderly_ratio""]",,,,,,,,,,[]
라마62a28a,INSUFFICIENT_DATA,"[""elderly_ratio""]",,,,,,,,,,[]
라마62a28b,INSUFFICIENT_DATA,"[""elderly_ratio""]",,,,,,,,,,[]
라마62a29a,INSUFFICIENT_DATA,"[""elderly_ratio""]",,,,,,,,,,[]
라마62a29b,INSUFFICIENT_DATA,"[""elderly_ratio""]",,,,,,,,,,[]
라마62a30a,OK,[],50.0,0.0,15.56,16.07,21.85,LOW,20.41,963.0,False,"[""HIGH_HEAT""]"
라마62a30b,INSUFFICIENT_DATA,"[""elderly_ratio""]",,,,,,,,,,[]
라마62a31a,OK,[],50.0,58.33,4.5,16.4,37.61,MODERATE,32.31,818.0,False,"[""HIGH_ELDERLY_RATIO"",""HIGH_HEAT""]"
라마62a31b,OK,[],50.0,60.67,47.54,29.6,52.74,HIGH,46.95,442.0,True,"[""HIGH_ELDERLY_RATIO"",""HIGH_HEAT""]"
라마62a32a,INSUFFICIENT_DATA,"[""elderly_ratio""]",,,,,,,,,,[]
라마62a32b,INSUFFICIENT_DATA,"[""elderly_ratio""]",,,,,,,,,,[]
라마62a33a,INSUFFICIENT_DATA,"[""elderly_ratio""]",,,,,,,,,,[]
라마62a33b,OK,[],50.0,0.0,82.04,72.81,44.01,MODERATE,51.21,318.0,False,"[""HIGH_FARMLAND_RATIO"",""LOW_SHELTER_ACCESSIBILITY"",""HIGH_HEAT""]"
라마62a34a,INSUFFICIENT_DATA,"[""elderly_ratio""]",,,,,,,,,,[]
라마62a34b,OK,[],50.0,74.24,29.65,53.87,51.3,HIGH,51.94,296.0,True,"[""HIGH_ELDERLY_RATIO"",""LOW_SHELTER_ACCESSIBILITY"",""HIGH_HEAT""]"
라마62a35a,INSUFFICIENT_DATA,"[""elderly_ratio""]",,,,,,,,,,[]
라마62a35b,INSUFFICIENT_DATA,"[""elderly_ratio""]",,,,,,,,,,[]
라마62a36a,INSUFFICIENT_DATA,"[""elderly_ratio""]",,,,,,,,,,[]
라마62a36b,OK,[],50.0,91.67,19.87,11.87,53.85,HIGH,43.35,547.0,True,"[""HIGH_ELDERLY_RATIO"",""HIGH_HEAT""]"
라마62a37a,INSUFFICIENT_DATA,"[""elderly_ratio""]",,,,,,,,,,[]
라마62a37b,INSUFFICIENT_DATA,"[""elderly_ratio""]",,,,,,,,,,[]
라마62a38a,OK,[],50.0,96.38,33.25,50.4,59.88,HIGH,57.51,162.0,True,"[""HIGH_ELDERLY_RATIO"",""LOW_SHELTER_ACCESSIBILITY"",""HIGH_HEAT""]"
라마62a38b,INSUFFICIENT_DATA,"[""elderly_ratio""]",,,,,,,,,,[]
라마62a39a,INSUFFICIENT_DATA,"[""elderly_ratio""]",,,,,,,,,,[]
라마62a39b,INSUFFICIENT_DATA,"[""elderly_ratio""]",,,,,,,,,,[]
라마62a40a,INSUFFICIENT_DATA,"[""elderly_ratio""]",,,,,,,,,,[]
라마62a43a,INSUFFICIENT_DATA,"[""elderly_ratio""]",,,,,,,,,,[]
라마62a43b,INSUFFICIENT_DATA,"[""elderly_ratio""]",,,,,,,,,,[]
라마62a44a,INSUFFICIENT_DATA,"[""elderly_ratio""]",,,,,,,,,,[]
라마62a44b,INSUFFICIENT_DATA,"[""elderly_ratio""]",,,,,,,,,,[]
라마62a45a,INSUFFICIENT_DATA,"[""elderly_ratio""]",,,,,,,,,,[]
라마62a45b,OK,[],50.0,77.78,7.79,26.71,45.19,MODERATE,40.57,621.0,False,"[""HIGH_ELDERLY_RATIO"",""HIGH_HEAT""]"
라마62a46a,OK,[],50.0,72.92,20.5,22.43,47.81,MODERATE,41.46,595.0,False,"[""HIGH_ELDERLY_RATIO"",""HIGH_HEAT""]"
라마62a46b,INSUFFICIENT_DATA,"[""elderly_ratio""]",,,,,,,,,,[]
라마62a47a,INSUFFICIENT_DATA,"[""elderly_ratio""]",,,,,,,,,,[]
라마62a47b,OK,[],50.0,81.67,22.41,45.8,51.36,HIGH,49.97,350.0,True,"[""HIGH_ELDERLY_RATIO"",""HIGH_HEAT""]"
라마62a48a,OK,[],50.0,66.67,0.0,56.41,38.89,MODERATE,43.27,548.0,False,"[""HIGH_ELDERLY_RATIO"",""LOW_SHELTER_ACCESSIBILITY"",""HIGH_HEAT""]"
라마62a48b,INSUFFICIENT_DATA,"[""elderly_ratio""]",,,,,,,,,,[]
라마62a49a,INSUFFICIENT_DATA,"[""elderly_ratio""]",,,,,,,,,,[]
라마62a49b,INSUFFICIENT_DATA,"[""elderly_ratio""]",,,,,,,,,,[]
라마62a50a,INSUFFICIENT_DATA,"[""elderly_ratio""]",,,,,,,,,,[]
라마62a50b,INSUFFICIENT_DATA,"[""elderly_ratio""]",,,,,,,,,,[]
라마62b12b,INSUFFICIENT_DATA,"[""elderly_ratio""]",,,,,,,,,,[]
라마62b14b,INSUFFICIENT_DATA,"[""elderly_ratio""]",,,,,,,,,,[]
라마62b15a,INSUFFICIENT_DATA,"[""elderly_ratio""]",,,,,,,,,,[]
라마62b15b,INSUFFICIENT_DATA,"[""elderly_ratio""]",,,,,,,,,,[]
라마62b16a,INSUFFICIENT_DATA,"[""elderly_ratio""]",,,,,,,,,,[]
라마62b16b,OK,[],50.0,0.0,53.99,13.8,34.66,MODERATE,29.45,857.0,False,"[""HIGH_FARMLAND_RATIO"",""HIGH_HEAT""]"
라마62b17a,OK,[],50.0,73.68,3.67,26.32,42.45,MODERATE,38.42,689.0,False,"[""HIGH_ELDERLY_RATIO"",""HIGH_HEAT""]"
라마62b17b,INSUFFICIENT_DATA,"[""elderly_ratio""]",,,,,,,,,,[]
라마62b18a,INSUFFICIENT_DATA,"[""elderly_ratio""]",,,,,,,,,,[]
라마62b18b,INSUFFICIENT_DATA,"[""elderly_ratio""]",,,,,,,,,,[]
라마62b19a,INSUFFICIENT_DATA,"[""elderly_ratio""]",,,,,,,,,,[]
라마62b19b,OK,[],50.0,74.24,35.59,64.61,53.28,HIGH,56.11,197.0,True,"[""HIGH_ELDERLY_RATIO"",""LOW_SHELTER_ACCESSIBILITY"",""HIGH_HEAT""]"
라마62b20a,INSUFFICIENT_DATA,"[""elderly_ratio""]",,,,,,,,,,[]
라마62b20b,INSUFFICIENT_DATA,"[""elderly_ratio""]",,,,,,,,,,[]
라마62b21a,INSUFFICIENT_DATA,"[""elderly_ratio""]",,,,,,,,,,[]
라마62b21b,INSUFFICIENT_DATA,"[""elderly_ratio""]",,,,,,,,,,[]
라마62b22a,INSUFFICIENT_DATA,"[""elderly_ratio""]",,,,,,,,,,[]
라마62b22b,OK,[],50.0,93.33,7.13,34.64,50.15,HIGH,46.27,462.0,True,"[""HIGH_ELDERLY_RATIO"",""HIGH_HEAT""]"
라마62b23a,INSUFFICIENT_DATA,"[""elderly_ratio""]",,,,,,,,,,[]
라마62b23b,OK,[],50.0,64.17,15.72,45.68,43.3,MODERATE,43.89,523.0,False,"[""HIGH_ELDERLY_RATIO"",""HIGH_HEAT""]"
라마62b24a,INSUFFICIENT_DATA,"[""elderly_ratio""]",,,,,,,,,,[]
라마62b24b,INSUFFICIENT_DATA,"[""elderly_ratio""]",,,,,,,,,,[]
라마62b25a,OK,[],50.0,62.22,78.85,8.8,63.69,HIGH,49.97,351.0,True,"[""HIGH_FARMLAND_RATIO"",""HIGH_ELDERLY_RATIO"",""HIGH_HEAT""]"
라마62b25b,INSUFFICIENT_DATA,"[""elderly_ratio""]",,,,,,,,,,[]
라마62b26a,INSUFFICIENT_DATA,"[""elderly_ratio""]",,,,,,,,,,[]
라마62b26b,INSUFFICIENT_DATA,"[""elderly_ratio""]",,,,,,,,,,[]
라마62b27a,INSUFFICIENT_DATA,"[""elderly_ratio""]",,,,,,,,,,[]
라마62b27b,INSUFFICIENT_DATA,"[""elderly_ratio""]",,,,,,,,,,[]
라마62b28a,INSUFFICIENT_DATA,"[""elderly_ratio""]",,,,,,,,,,[]
라마62b28b,INSUFFICIENT_DATA,"[""elderly_ratio""]",,,,,,,,,,[]
라마62b29a,OK,[],50.0,70.83,51.99,11.54,57.61,HIGH,46.09,466.0,True,"[""HIGH_ELDERLY_RATIO"",""HIGH_FARMLAND_RATIO"",""HIGH_HEAT""]"
라마62b29b,OK,[],50.0,0.0,76.59,13.16,42.2,MODERATE,34.94,766.0,False,"[""HIGH_FARMLAND_RATIO"",""HIGH_HEAT""]"
라마62b30a,OK,[],50.0,43.75,87.32,9.62,60.36,HIGH,47.67,412.0,True,"[""HIGH_FARMLAND_RATIO"",""HIGH_HEAT""]"
라마62b30b,OK,[],50.0,73.89,35.77,0.0,53.22,HIGH,39.91,641.0,False,"[""HIGH_ELDERLY_RATIO"",""HIGH_HEAT""]"
라마62b31a,INSUFFICIENT_DATA,"[""elderly_ratio""]",,,,,,,,,,[]
라마62b31b,OK,[],50.0,56.17,100.0,26.0,68.72,HIGH,58.04,149.0,True,"[""HIGH_FARMLAND_RATIO"",""HIGH_ELDERLY_RATIO"",""HIGH_HEAT""]"
라마62b32a,INSUFFICIENT_DATA,"[""elderly_ratio""]",,,,,,,,,,[]
라마62b32b,INSUFFICIENT_DATA,"[""elderly_ratio""]",,,,,,,,,,[]
라마62b33a,INSUFFICIENT_DATA,"[""elderly_ratio""]",,,,,,,,,,[]
라마62b33b,INSUFFICIENT_DATA,"[""elderly_ratio""]",,,,,,,,,,[]
라마62b34a,INSUFFICIENT_DATA,"[""elderly_ratio""]",,,,,,,,,,[]
라마62b34b,OK,[],50.0,62.82,72.89,48.08,61.9,HIGH,58.45,135.0,True,"[""HIGH_FARMLAND_RATIO"",""HIGH_ELDERLY_RATIO"",""HIGH_HEAT""]"
라마62b35a,OK,[],50.0,0.0,4.4,35.55,18.13,LOW,22.49,937.0,False,"[""HIGH_HEAT""]"
라마62b35b,OK,[],50.0,90.74,23.52,19.64,54.75,HIGH,45.98,472.0,True,"[""HIGH_ELDERLY_RATIO"",""HIGH_HEAT""]"
라마62b36a,OK,[],50.0,73.68,62.69,3.75,62.12,HIGH,47.53,420.0,True,"[""HIGH_ELDERLY_RATIO"",""HIGH_FARMLAND_RATIO"",""HIGH_HEAT""]"
라마62b36b,OK,[],50.0,74.24,44.73,0.15,56.32,HIGH,42.28,567.0,False,"[""HIGH_ELDERLY_RATIO"",""HIGH_HEAT""]"
라마62b37a,INSUFFICIENT_DATA,"[""elderly_ratio""]",,,,,,,,,,[]
라마62b37b,INSUFFICIENT_DATA,"[""elderly_ratio""]",,,,,,,,,,[]
라마62b38a,INSUFFICIENT_DATA,"[""elderly_ratio""]",,,,,,,,,,[]
라마62b38b,INSUFFICIENT_DATA,"[""elderly_ratio""]",,,,,,,,,,[]
라마62b39a,OK,[],50.0,62.22,13.84,79.66,42.02,MODERATE,51.43,310.0,False,"[""LOW_SHELTER_ACCESSIBILITY"",""HIGH_ELDERLY_RATIO"",""HIGH_HEAT""]"
라마62b39b,INSUFFICIENT_DATA,"[""elderly_ratio""]",,,,,,,,,,[]
라마62b43a,INSUFFICIENT_DATA,"[""elderly_ratio""]",,,,,,,,,,[]
라마62b43b,INSUFFICIENT_DATA,"[""elderly_ratio""]",,,,,,,,,,[]
라마62b44a,INSUFFICIENT_DATA,"[""elderly_ratio""]",,,,,,,,,,[]
라마62b44b,INSUFFICIENT_DATA,"[""elderly_ratio""]",,,,,,,,,,[]
라마62b45a,INSUFFICIENT_DATA,"[""elderly_ratio""]",,,,,,,,,,[]
라마62b45b,INSUFFICIENT_DATA,"[""elderly_ratio""]",,,,,,,,,,[]
라마62b46a,INSUFFICIENT_DATA,"[""elderly_ratio""]",,,,,,,,,,[]
라마62b46b,INSUFFICIENT_DATA,"[""elderly_ratio""]",,,,,,,,,,[]
라마62b47a,INSUFFICIENT_DATA,"[""elderly_ratio""]",,,,,,,,,,[]
라마62b47b,OK,[],50.0,100.0,18.32,58.92,56.11,HIGH,56.81,179.0,True,"[""HIGH_ELDERLY_RATIO"",""LOW_SHELTER_ACCESSIBILITY"",""HIGH_HEAT""]"
라마62b48a,INSUFFICIENT_DATA,"[""elderly_ratio""]",,,,,,,,,,[]
라마62b48b,INSUFFICIENT_DATA,"[""elderly_ratio""]",,,,,,,,,,[]
라마62b49a,INSUFFICIENT_DATA,"[""elderly_ratio""]",,,,,,,,,,[]
라마63a15a,INSUFFICIENT_DATA,"[""elderly_ratio""]",,,,,,,,,,[]
라마63a15b,INSUFFICIENT_DATA,"[""elderly_ratio""]",,,,,,,,,,[]
라마63a16a,INSUFFICIENT_DATA,"[""elderly_ratio""]",,,,,,,,,,[]
라마63a16b,OK,[],50.0,0.0,10.52,27.66,20.17,LOW,22.05,943.0,False,"[""HIGH_HEAT""]"
라마63a17a,INSUFFICIENT_DATA,"[""elderly_ratio""]",,,,,,,,,,[]
라마63a17b,INSUFFICIENT_DATA,"[""elderly_ratio""]",,,,,,,,,,[]
라마63a18a,INSUFFICIENT_DATA,"[""elderly_ratio""]",,,,,,,,,,[]
라마63a18b,INSUFFICIENT_DATA,"[""elderly_ratio""]",,,,,,,,,,[]
라마63a19a,OK,[],50.0,74.24,31.96,85.83,52.07,HIGH,60.51,100.0,True,"[""LOW_SHELTER_ACCESSIBILITY"",""HIGH_ELDERLY_RATIO"",""HIGH_HEAT""]"
라마63a19b,INSUFFICIENT_DATA,"[""elderly_ratio""]",,,,,,,,,,[]
라마63a20a,INSUFFICIENT_DATA,"[""elderly_ratio""]",,,,,,,,,,[]
라마63a20b,INSUFFICIENT_DATA,"[""elderly_ratio""]",,,,,,,,,,[]
라마63a21a,INSUFFICIENT_DATA,"[""elderly_ratio""]",,,,,,,,,,[]
라마63a21b,OK,[],50.0,53.85,19.62,37.1,41.16,MODERATE,40.14,634.0,False,"[""HIGH_ELDERLY_RATIO"",""HIGH_HEAT""]"
라마63a22a,INSUFFICIENT_DATA,"[""elderly_ratio""]",,,,,,,,,,[]
라마63a22b,INSUFFICIENT_DATA,"[""elderly_ratio""]",,,,,,,,,,[]
라마63a23a,INSUFFICIENT_DATA,"[""elderly_ratio""]",,,,,,,,,,[]
라마63a23b,INSUFFICIENT_DATA,"[""elderly_ratio""]",,,,,,,,,,[]
라마63a24a,INSUFFICIENT_DATA,"[""elderly_ratio""]",,,,,,,,,,[]
라마63a24b,INSUFFICIENT_DATA,"[""elderly_ratio""]",,,,,,,,,,[]
라마63a25a,INSUFFICIENT_DATA,"[""elderly_ratio""]",,,,,,,,,,[]
라마63a25b,OK,[],50.0,50.0,33.52,27.67,44.51,MODERATE,40.3,626.0,False,"[""HIGH_HEAT"",""HIGH_ELDERLY_RATIO""]"
라마63a26a,INSUFFICIENT_DATA,"[""elderly_ratio""]",,,,,,,,,,[]
라마63a26b,INSUFFICIENT_DATA,"[""elderly_ratio""]",,,,,,,,,,[]
라마63a27a,OK,[],50.0,66.11,27.77,0.0,47.96,MODERATE,35.97,748.0,False,"[""HIGH_ELDERLY_RATIO"",""HIGH_HEAT""]"
라마63a27b,INSUFFICIENT_DATA,"[""elderly_ratio""]",,,,,,,,,,[]
라마63a28a,INSUFFICIENT_DATA,"[""elderly_ratio""]",,,,,,,,,,[]
라마63a28b,INSUFFICIENT_DATA,"[""elderly_ratio""]",,,,,,,,,,[]
라마63a29a,OK,[],50.0,85.26,25.56,0.04,53.61,HIGH,40.22,632.0,False,"[""HIGH_ELDERLY_RATIO"",""HIGH_HEAT""]"
라마63a29b,INSUFFICIENT_DATA,"[""elderly_ratio""]",,,,,,,,,,[]
라마63a30a,INSUFFICIENT_DATA,"[""elderly_ratio""]",,,,,,,,,,[]
라마63a30b,INSUFFICIENT_DATA,"[""elderly_ratio""]",,,,,,,,,,[]
라마63a31a,INSUFFICIENT_DATA,"[""elderly_ratio""]",,,,,,,,,,[]
라마63a31b,INSUFFICIENT_DATA,"[""elderly_ratio""]",,,,,,,,,,[]
라마63a32a,INSUFFICIENT_DATA,"[""elderly_ratio""]",,,,,,,,,,[]
라마63a32b,INSUFFICIENT_DATA,"[""elderly_ratio""]",,,,,,,,,,[]
라마63a33a,INSUFFICIENT_DATA,"[""elderly_ratio""]",,,,,,,,,,[]
라마63a33b,INSUFFICIENT_DATA,"[""elderly_ratio""]",,,,,,,,,,[]
라마63a34a,INSUFFICIENT_DATA,"[""elderly_ratio""]",,,,,,,,,,[]
라마63a34b,OK,[],50.0,0.0,29.9,32.42,26.63,MODERATE,28.08,880.0,False,"[""HIGH_HEAT""]"
라마63a35a,OK,[],50.0,55.68,25.87,32.31,43.85,MODERATE,40.97,608.0,False,"[""HIGH_ELDERLY_RATIO"",""HIGH_HEAT""]"
라마63a35b,INSUFFICIENT_DATA,"[""elderly_ratio""]",,,,,,,,,,[]
라마63a36a,INSUFFICIENT_DATA,"[""elderly_ratio""]",,,,,,,,,,[]
라마63a36b,INSUFFICIENT_DATA,"[""elderly_ratio""]",,,,,,,,,,[]
라마63a37a,INSUFFICIENT_DATA,"[""elderly_ratio""]",,,,,,,,,,[]
라마63a37b,OK,[],50.0,100.0,4.45,34.76,51.48,HIGH,47.3,428.0,True,"[""HIGH_ELDERLY_RATIO"",""HIGH_HEAT""]"
라마63a38a,INSUFFICIENT_DATA,"[""elderly_ratio""]",,,,,,,,,,[]
라마63a38b,INSUFFICIENT_DATA,"[""elderly_ratio""]",,,,,,,,,,[]
라마63a39a,INSUFFICIENT_DATA,"[""elderly_ratio""]",,,,,,,,,,[]
라마63a43b,OK,[],50.0,0.0,0.0,72.2,16.67,LOW,30.55,841.0,False,"[""LOW_SHELTER_ACCESSIBILITY"",""HIGH_HEAT""]"
라마63a44a,OK,[],50.0,95.45,19.25,74.26,54.9,HIGH,59.74,113.0,True,"[""HIGH_ELDERLY_RATIO"",""LOW_SHELTER_ACCESSIBILITY"",""HIGH_HEAT""]"
라마63a44b,INSUFFICIENT_DATA,"[""elderly_ratio""]",,,,,,,,,,[]
라마63a45a,INSUFFICIENT_DATA,"[""elderly_ratio""]",,,,,,,,,,[]
라마63a45b,INSUFFICIENT_DATA,"[""elderly_ratio""]",,,,,,,,,,[]
라마63a46a,OK,[],50.0,86.23,11.58,54.26,49.27,MODERATE,50.52,334.0,False,"[""HIGH_ELDERLY_RATIO"",""LOW_SHELTER_ACCESSIBILITY"",""HIGH_HEAT""]"
라마63a46b,INSUFFICIENT_DATA,"[""elderly_ratio""]",,,,,,,,,,[]
라마63a47a,INSUFFICIENT_DATA,"[""elderly_ratio""]",,,,,,,,,,[]
라마63a47b,INSUFFICIENT_DATA,"[""elderly_ratio""]",,,,,,,,,,[]
라마63b16a,INSUFFICIENT_DATA,"[""elderly_ratio""]",,,,,,,,,,[]
라마63b16b,INSUFFICIENT_DATA,"[""elderly_ratio""]",,,,,,,,,,[]
라마63b17a,INSUFFICIENT_DATA,"[""elderly_ratio""]",,,,,,,,,,[]
라마63b17b,OK,[],50.0,84.85,6.87,58.75,47.24,MODERATE,50.12,344.0,False,"[""HIGH_ELDERLY_RATIO"",""LOW_SHELTER_ACCESSIBILITY"",""HIGH_HEAT""]"
라마63b18a,OK,[],50.0,0.0,1.59,70.54,17.2,LOW,30.53,843.0,False,"[""LOW_SHELTER_ACCESSIBILITY"",""HIGH_HEAT""]"
라마63b18b,INSUFFICIENT_DATA,"[""elderly_ratio""]",,,,,,,,,,[]
라마63b19a,INSUFFICIENT_DATA,"[""elderly_ratio""]",,,,,,,,,,[]
라마63b19b,INSUFFICIENT_DATA,"[""elderly_ratio""]",,,,,,,,,,[]
라마63b20b,INSUFFICIENT_DATA,"[""elderly_ratio""]",,,,,,,,,,[]
라마63b21a,INSUFFICIENT_DATA,"[""elderly_ratio""]",,,,,,,,,,[]
라마63b21b,INSUFFICIENT_DATA,"[""elderly_ratio""]",,,,,,,,,,[]
라마63b22a,INSUFFICIENT_DATA,"[""elderly_ratio""]",,,,,,,,,,[]
라마63b22b,INSUFFICIENT_DATA,"[""elderly_ratio""]",,,,,,,,,,[]
라마63b23a,INSUFFICIENT_DATA,"[""elderly_ratio""]",,,,,,,,,,[]
라마63b23b,INSUFFICIENT_DATA,"[""elderly_ratio""]",,,,,,,,,,[]
라마63b24a,INSUFFICIENT_DATA,"[""elderly_ratio""]",,,,,,,,,,[]
라마63b24b,OK,[],50.0,58.33,38.42,43.78,48.92,MODERATE,47.63,414.0,False,"[""HIGH_ELDERLY_RATIO"",""HIGH_HEAT""]"
라마63b25a,OK,[],50.0,77.78,13.71,40.55,47.16,MODERATE,45.51,488.0,False,"[""HIGH_ELDERLY_RATIO"",""HIGH_HEAT""]"
라마63b25b,INSUFFICIENT_DATA,"[""elderly_ratio""]",,,,,,,,,,[]
라마63b26a,INSUFFICIENT_DATA,"[""elderly_ratio""]",,,,,,,,,,[]
라마63b26b,INSUFFICIENT_DATA,"[""elderly_ratio""]",,,,,,,,,,[]
라마63b27a,INSUFFICIENT_DATA,"[""elderly_ratio""]",,,,,,,,,,[]
라마63b27b,INSUFFICIENT_DATA,"[""elderly_ratio""]",,,,,,,,,,[]
라마63b28a,INSUFFICIENT_DATA,"[""elderly_ratio""]",,,,,,,,,,[]
라마63b28b,INSUFFICIENT_DATA,"[""elderly_ratio""]",,,,,,,,,,[]
라마63b29a,INSUFFICIENT_DATA,"[""elderly_ratio""]",,,,,,,,,,[]
라마63b29b,INSUFFICIENT_DATA,"[""elderly_ratio""]",,,,,,,,,,[]
라마63b30a,OK,[],50.0,0.0,0.0,23.9,16.67,LOW,18.48,980.0,False,"[""HIGH_HEAT""]"
라마63b30b,INSUFFICIENT_DATA,"[""elderly_ratio""]",,,,,,,,,,[]
라마63b31a,OK,[],50.0,0.0,85.9,29.9,45.3,MODERATE,41.45,597.0,False,"[""HIGH_FARMLAND_RATIO"",""HIGH_HEAT""]"
라마63b31b,OK,[],50.0,63.06,12.18,39.33,41.75,MODERATE,41.14,607.0,False,"[""HIGH_ELDERLY_RATIO"",""HIGH_HEAT""]"
라마63b32a,INSUFFICIENT_DATA,"[""elderly_ratio""]",,,,,,,,,,[]
라마63b32b,INSUFFICIENT_DATA,"[""elderly_ratio""]",,,,,,,,,,[]
라마63b33a,INSUFFICIENT_DATA,"[""elderly_ratio""]",,,,,,,,,,[]
라마63b33b,INSUFFICIENT_DATA,"[""elderly_ratio""]",,,,,,,,,,[]
라마63b34a,INSUFFICIENT_DATA,"[""elderly_ratio""]",,,,,,,,,,[]
라마63b34b,INSUFFICIENT_DATA,"[""elderly_ratio""]",,,,,,,,,,[]
라마63b35a,INSUFFICIENT_DATA,"[""elderly_ratio""]",,,,,,,,,,[]
라마63b35b,INSUFFICIENT_DATA,"[""elderly_ratio""]",,,,,,,,,,[]
라마63b36a,INSUFFICIENT_DATA,"[""elderly_ratio""]",,,,,,,,,,[]
라마63b36b,INSUFFICIENT_DATA,"[""elderly_ratio""]",,,,,,,,,,[]
라마63b37a,INSUFFICIENT_DATA,"[""elderly_ratio""]",,,,,,,,,,[]
라마63b37b,INSUFFICIENT_DATA,"[""elderly_ratio""]",,,,,,,,,,[]
라마63b38a,OK,[],50.0,0.0,0.0,56.05,16.67,LOW,26.51,902.0,False,"[""LOW_SHELTER_ACCESSIBILITY"",""HIGH_HEAT""]"
라마63b38b,INSUFFICIENT_DATA,"[""elderly_ratio""]",,,,,,,,,,[]
라마64a17b,INSUFFICIENT_DATA,"[""elderly_ratio""]",,,,,,,,,,[]
라마64a18b,INSUFFICIENT_DATA,"[""elderly_ratio""]",,,,,,,,,,[]
라마64a19a,INSUFFICIENT_DATA,"[""elderly_ratio""]",,,,,,,,,,[]
라마64a21a,INSUFFICIENT_DATA,"[""elderly_ratio""]",,,,,,,,,,[]
라마64a21b,INSUFFICIENT_DATA,"[""elderly_ratio""]",,,,,,,,,,[]
라마64a22a,INSUFFICIENT_DATA,"[""elderly_ratio""]",,,,,,,,,,[]
라마64a22b,OK,[],50.0,46.67,15.65,74.78,37.44,MODERATE,46.77,448.0,False,"[""LOW_SHELTER_ACCESSIBILITY"",""HIGH_HEAT""]"
라마64a23a,INSUFFICIENT_DATA,"[""elderly_ratio""]",,,,,,,,,,[]
라마64a23b,INSUFFICIENT_DATA,"[""elderly_ratio""]",,,,,,,,,,[]
라마64a24a,INSUFFICIENT_DATA,"[""elderly_ratio""]",,,,,,,,,,[]
라마64a24b,INSUFFICIENT_DATA,"[""elderly_ratio""]",,,,,,,,,,[]
라마64a25a,INSUFFICIENT_DATA,"[""elderly_ratio""]",,,,,,,,,,[]
라마64a25b,INSUFFICIENT_DATA,"[""elderly_ratio""]",,,,,,,,,,[]
라마64a26a,INSUFFICIENT_DATA,"[""elderly_ratio""]",,,,,,,,,,[]
라마64a26b,INSUFFICIENT_DATA,"[""elderly_ratio""]",,,,,,,,,,[]
라마64a27a,INSUFFICIENT_DATA,"[""elderly_ratio""]",,,,,,,,,,[]
라마64a27b,INSUFFICIENT_DATA,"[""elderly_ratio""]",,,,,,,,,,[]
라마64a28a,INSUFFICIENT_DATA,"[""elderly_ratio""]",,,,,,,,,,[]
라마64a28b,INSUFFICIENT_DATA,"[""elderly_ratio""]",,,,,,,,,,[]
라마64a29a,INSUFFICIENT_DATA,"[""elderly_ratio""]",,,,,,,,,,[]
라마64a29b,INSUFFICIENT_DATA,"[""elderly_ratio""]",,,,,,,,,,[]
라마64a30a,OK,[],50.0,77.78,59.0,27.83,62.26,HIGH,53.65,259.0,True,"[""HIGH_ELDERLY_RATIO"",""HIGH_FARMLAND_RATIO"",""HIGH_HEAT""]"
라마64a30b,OK,[],50.0,54.9,27.74,20.44,44.21,MODERATE,38.27,692.0,False,"[""HIGH_ELDERLY_RATIO"",""HIGH_HEAT""]"
라마64a31a,INSUFFICIENT_DATA,"[""elderly_ratio""]",,,,,,,,,,[]
라마64a31b,INSUFFICIENT_DATA,"[""elderly_ratio""]",,,,,,,,,,[]
라마64a32a,OK,[],50.0,32.05,42.03,42.97,41.36,MODERATE,41.76,580.0,False,"[""HIGH_HEAT""]"
라마64a32b,OK,[],50.0,71.51,46.05,57.06,55.85,HIGH,56.16,196.0,True,"[""HIGH_ELDERLY_RATIO"",""LOW_SHELTER_ACCESSIBILITY"",""HIGH_HEAT""]"
라마64a33a,INSUFFICIENT_DATA,"[""elderly_ratio""]",,,,,,,,,,[]
라마64a33b,OK,[],50.0,75.0,9.39,34.42,44.8,MODERATE,42.2,568.0,False,"[""HIGH_ELDERLY_RATIO"",""HIGH_HEAT""]"
라마64a34a,OK,[],50.0,0.0,0.0,18.77,16.67,LOW,17.19,989.0,False,"[""HIGH_HEAT""]"
라마64a34b,INSUFFICIENT_DATA,"[""elderly_ratio""]",,,,,,,,,,[]
라마64a35a,OK,[],50.0,67.74,2.26,3.54,40.0,MODERATE,30.88,839.0,False,"[""HIGH_ELDERLY_RATIO"",""HIGH_HEAT""]"
라마64a35b,INSUFFICIENT_DATA,"[""elderly_ratio""]",,,,,,,,,,[]
라마64a36a,INSUFFICIENT_DATA,"[""elderly_ratio""]",,,,,,,,,,[]
라마64a36b,INSUFFICIENT_DATA,"[""elderly_ratio""]",,,,,,,,,,[]
라마64a37a,INSUFFICIENT_DATA,"[""elderly_ratio""]",,,,,,,,,,[]
라마64a37b,INSUFFICIENT_DATA,"[""elderly_ratio""]",,,,,,,,,,[]
라마64a38a,INSUFFICIENT_DATA,"[""elderly_ratio""]",,,,,,,,,,[]
라마64a38b,INSUFFICIENT_DATA,"[""elderly_ratio""]",,,,,,,,,,[]
라마64b18b,INSUFFICIENT_DATA,"[""elderly_ratio""]",,,,,,,,,,[]
라마64b21a,INSUFFICIENT_DATA,"[""elderly_ratio""]",,,,,,,,,,[]
라마64b21b,INSUFFICIENT_DATA,"[""elderly_ratio""]",,,,,,,,,,[]
라마64b22a,OK,[],50.0,66.67,9.66,85.94,42.11,MODERATE,53.07,271.0,False,"[""LOW_SHELTER_ACCESSIBILITY"",""HIGH_ELDERLY_RATIO"",""HIGH_HEAT""]"
라마64b22b,OK,[],50.0,82.89,35.12,89.72,56.0,HIGH,64.43,44.0,True,"[""LOW_SHELTER_ACCESSIBILITY"",""HIGH_ELDERLY_RATIO"",""HIGH_HEAT""]"
라마64b23a,INSUFFICIENT_DATA,"[""elderly_ratio""]",,,,,,,,,,[]
라마64b23b,INSUFFICIENT_DATA,"[""elderly_ratio""]",,,,,,,,,,[]
라마64b24a,INSUFFICIENT_DATA,"[""elderly_ratio""]",,,,,,,,,,[]
라마64b24b,INSUFFICIENT_DATA,"[""elderly_ratio""]",,,,,,,,,,[]
라마64b25a,INSUFFICIENT_DATA,"[""elderly_ratio""]",,,,,,,,,,[]
라마64b25b,INSUFFICIENT_DATA,"[""elderly_ratio""]",,,,,,,,,,[]
라마64b26a,INSUFFICIENT_DATA,"[""elderly_ratio""]",,,,,,,,,,[]
라마64b26b,INSUFFICIENT_DATA,"[""elderly_ratio""]",,,,,,,,,,[]
라마64b27a,INSUFFICIENT_DATA,"[""elderly_ratio""]",,,,,,,,,,[]
라마64b27b,INSUFFICIENT_DATA,"[""elderly_ratio""]",,,,,,,,,,[]
라마64b28a,INSUFFICIENT_DATA,"[""elderly_ratio""]",,,,,,,,,,[]
라마64b28b,INSUFFICIENT_DATA,"[""elderly_ratio""]",,,,,,,,,,[]
라마64b29a,OK,[],50.0,0.0,26.39,41.47,25.46,MODERATE,29.46,856.0,False,"[""HIGH_HEAT""]"
라마64b29b,OK,[],50.0,82.1,44.61,33.09,58.9,HIGH,52.45,284.0,True,"[""HIGH_ELDERLY_RATIO"",""HIGH_HEAT""]"
라마64b30a,INSUFFICIENT_DATA,"[""elderly_ratio""]",,,,,,,,,,[]
라마64b30b,OK,[],50.0,0.0,5.51,5.53,18.5,LOW,15.26,994.0,False,"[""HIGH_HEAT""]"
라마64b31a,OK,[],50.0,30.33,12.87,7.9,31.07,MODERATE,25.27,915.0,False,"[""HIGH_HEAT""]"
라마64b31b,INSUFFICIENT_DATA,"[""elderly_ratio""]",,,,,,,,,,[]
라마64b32a,OK,[],50.0,74.24,68.11,36.79,64.12,HIGH,57.28,165.0,True,"[""HIGH_ELDERLY_RATIO"",""HIGH_FARMLAND_RATIO"",""HIGH_HEAT""]"
라마64b32b,OK,[],50.0,74.79,86.48,52.39,70.42,HIGH,65.92,25.0,True,"[""HIGH_FARMLAND_RATIO"",""HIGH_ELDERLY_RATIO"",""LOW_SHELTER_ACCESSIBILITY""]"
라마64b33a,INSUFFICIENT_DATA,"[""elderly_ratio""]",,,,,,,,,,[]
라마64b33b,OK,[],50.0,67.08,10.27,35.27,42.45,MODERATE,40.66,615.0,False,"[""HIGH_ELDERLY_RATIO"",""HIGH_HEAT""]"
라마64b34a,INSUFFICIENT_DATA,"[""elderly_ratio""]",,,,,,,,,,[]
라마64b34b,OK,[],50.0,0.0,97.73,7.01,49.24,MODERATE,38.69,677.0,False,"[""HIGH_FARMLAND_RATIO"",""HIGH_HEAT""]"
라마64b35a,INSUFFICIENT_DATA,"[""elderly_ratio""]",,,,,,,,,,[]
라마64b35b,INSUFFICIENT_DATA,"[""elderly_ratio""]",,,,,,,,,,[]
라마64b36a,INSUFFICIENT_DATA,"[""elderly_ratio""]",,,,,,,,,,[]
라마64b36b,INSUFFICIENT_DATA,"[""elderly_ratio""]",,,,,,,,,,[]
라마64b37a,INSUFFICIENT_DATA,"[""elderly_ratio""]",,,,,,,,,,[]
라마64b37b,INSUFFICIENT_DATA,"[""elderly_ratio""]",,,,,,,,,,[]
라마64b38a,INSUFFICIENT_DATA,"[""elderly_ratio""]",,,,,,,,,,[]
라마65a21b,INSUFFICIENT_DATA,"[""elderly_ratio""]",,,,,,,,,,[]
라마65a22a,OK,[],50.0,58.33,64.08,100.0,57.47,HIGH,68.1,15.0,True,"[""LOW_SHELTER_ACCESSIBILITY"",""HIGH_FARMLAND_RATIO"",""HIGH_ELDERLY_RATIO""]"
라마65a22b,OK,[],50.0,77.78,35.5,100.0,54.43,HIGH,65.82,28.0,True,"[""LOW_SHELTER_ACCESSIBILITY"",""HIGH_ELDERLY_RATIO"",""HIGH_HEAT""]"
라마65a23a,OK,[],50.0,53.85,45.7,100.0,49.85,MODERATE,62.39,73.0,False,"[""LOW_SHELTER_ACCESSIBILITY"",""HIGH_ELDERLY_RATIO"",""HIGH_HEAT""]"
라마65a23b,OK,[],50.0,81.67,34.52,95.18,55.4,HIGH,65.34,34.0,True,"[""LOW_SHELTER_ACCESSIBILITY"",""HIGH_ELDERLY_RATIO"",""HIGH_HEAT""]"
라마65a24a,INSUFFICIENT_DATA,"[""elderly_ratio""]",,,,,,,,,,[]
라마65a24b,INSUFFICIENT_DATA,"[""elderly_ratio""]",,,,,,,,,,[]
라마65a25a,INSUFFICIENT_DATA,"[""elderly_ratio""]",,,,,,,,,,[]
라마65a25b,INSUFFICIENT_DATA,"[""elderly_ratio""]",,,,,,,,,,[]
라마65a26a,INSUFFICIENT_DATA,"[""elderly_ratio""]",,,,,,,,,,[]
라마65a26b,INSUFFICIENT_DATA,"[""elderly_ratio""]",,,,,,,,,,[]
라마65a27a,INSUFFICIENT_DATA,"[""elderly_ratio""]",,,,,,,,,,[]
라마65a27b,INSUFFICIENT_DATA,"[""elderly_ratio""]",,,,,,,,,,[]
라마65a28a,INSUFFICIENT_DATA,"[""elderly_ratio""]",,,,,,,,,,[]
라마65a28b,INSUFFICIENT_DATA,"[""elderly_ratio""]",,,,,,,,,,[]
라마65a29a,INSUFFICIENT_DATA,"[""elderly_ratio""]",,,,,,,,,,[]
라마65a29b,INSUFFICIENT_DATA,"[""elderly_ratio""]",,,,,,,,,,[]
라마65a30a,OK,[],50.0,58.33,15.43,16.72,41.25,MODERATE,35.12,759.0,False,"[""HIGH_ELDERLY_RATIO"",""HIGH_HEAT""]"
라마65a30b,OK,[],50.0,65.54,24.83,2.48,46.79,MODERATE,35.71,752.0,False,"[""HIGH_ELDERLY_RATIO"",""HIGH_HEAT""]"
라마65a31a,OK,[],50.0,93.33,47.73,5.5,63.69,HIGH,49.14,375.0,True,"[""HIGH_ELDERLY_RATIO"",""HIGH_HEAT""]"
라마65a31b,OK,[],50.0,0.0,100.0,20.41,50.0,MODERATE,42.6,560.0,False,"[""HIGH_FARMLAND_RATIO"",""HIGH_HEAT""]"
라마65a32a,OK,[],50.0,0.0,51.76,36.06,33.92,MODERATE,34.45,775.0,False,"[""HIGH_FARMLAND_RATIO"",""HIGH_HEAT""]"
라마65a32b,INSUFFICIENT_DATA,"[""elderly_ratio""]",,,,,,,,,,[]
라마65a33a,INSUFFICIENT_DATA,"[""elderly_ratio""]",,,,,,,,,,[]
라마65a33b,INSUFFICIENT_DATA,"[""elderly_ratio""]",,,,,,,,,,[]
라마65a34a,INSUFFICIENT_DATA,"[""elderly_ratio""]",,,,,,,,,,[]
라마65a34b,INSUFFICIENT_DATA,"[""elderly_ratio""]",,,,,,,,,,[]
라마65a35a,INSUFFICIENT_DATA,"[""elderly_ratio""]",,,,,,,,,,[]
라마65a35b,OK,[],50.0,100.0,6.02,29.1,52.01,HIGH,46.28,461.0,True,"[""HIGH_ELDERLY_RATIO"",""HIGH_HEAT""]"
라마65a36a,INSUFFICIENT_DATA,"[""elderly_ratio""]",,,,,,,,,,[]
라마65a36b,INSUFFICIENT_DATA,"[""elderly_ratio""]",,,,,,,,,,[]
라마65a37a,OK,[],50.0,64.81,16.53,69.89,43.78,MODERATE,50.31,337.0,False,"[""LOW_SHELTER_ACCESSIBILITY"",""HIGH_ELDERLY_RATIO"",""HIGH_HEAT""]"
라마65a37b,OK,[],50.0,0.0,15.15,81.27,21.72,LOW,36.6,734.0,False,"[""LOW_SHELTER_ACCESSIBILITY"",""HIGH_HEAT""]"
라마65a38a,INSUFFICIENT_DATA,"[""elderly_ratio""]",,,,,,,,,,[]
라마65b21b,INSUFFICIENT_DATA,"[""elderly_ratio""]",,,,,,,,,,[]
라마65b22a,INSUFFICIENT_DATA,"[""elderly_ratio""]",,,,,,,,,,[]
라마65b22b,INSUFFICIENT_DATA,"[""elderly_ratio""]",,,,,,,,,,[]
라마65b23a,OK,[],50.0,0.0,3.93,97.47,17.98,LOW,37.85,703.0,False,"[""LOW_SHELTER_ACCESSIBILITY"",""HIGH_HEAT""]"
라마65b23b,INSUFFICIENT_DATA,"[""elderly_ratio""]",,,,,,,,,,[]
라마65b24a,INSUFFICIENT_DATA,"[""elderly_ratio""]",,,,,,,,,,[]
라마65b24b,INSUFFICIENT_DATA,"[""elderly_ratio""]",,,,,,,,,,[]
라마65b25a,INSUFFICIENT_DATA,"[""elderly_ratio""]",,,,,,,,,,[]
라마65b25b,INSUFFICIENT_DATA,"[""elderly_ratio""]",,,,,,,,,,[]
라마65b26a,INSUFFICIENT_DATA,"[""elderly_ratio""]",,,,,,,,,,[]
라마65b26b,INSUFFICIENT_DATA,"[""elderly_ratio""]",,,,,,,,,,[]
라마65b27a,INSUFFICIENT_DATA,"[""elderly_ratio""]",,,,,,,,,,[]
라마65b27b,INSUFFICIENT_DATA,"[""elderly_ratio""]",,,,,,,,,,[]
라마65b28a,INSUFFICIENT_DATA,"[""elderly_ratio""]",,,,,,,,,,[]
라마65b28b,INSUFFICIENT_DATA,"[""elderly_ratio""]",,,,,,,,,,[]
라마65b29a,INSUFFICIENT_DATA,"[""elderly_ratio""]",,,,,,,,,,[]
라마65b29b,INSUFFICIENT_DATA,"[""elderly_ratio""]",,,,,,,,,,[]
라마65b30a,INSUFFICIENT_DATA,"[""elderly_ratio""]",,,,,,,,,,[]
라마65b30b,INSUFFICIENT_DATA,"[""elderly_ratio""]",,,,,,,,,,[]
라마65b31a,OK,[],50.0,83.33,14.86,17.99,49.4,MODERATE,41.55,593.0,False,"[""HIGH_ELDERLY_RATIO"",""HIGH_HEAT""]"
라마65b31b,OK,[],50.0,80.77,80.8,27.79,70.52,HIGH,59.84,109.0,True,"[""HIGH_FARMLAND_RATIO"",""HIGH_ELDERLY_RATIO"",""HIGH_HEAT""]"
라마65b32a,INSUFFICIENT_DATA,"[""elderly_ratio""]",,,,,,,,,,[]
라마65b32b,INSUFFICIENT_DATA,"[""elderly_ratio""]",,,,,,,,,,[]
라마65b33a,INSUFFICIENT_DATA,"[""elderly_ratio""]",,,,,,,,,,[]
라마65b33b,INSUFFICIENT_DATA,"[""elderly_ratio""]",,,,,,,,,,[]
라마65b34a,INSUFFICIENT_DATA,"[""elderly_ratio""]",,,,,,,,,,[]
라마65b34b,INSUFFICIENT_DATA,"[""elderly_ratio""]",,,,,,,,,,[]
라마65b35a,INSUFFICIENT_DATA,"[""elderly_ratio""]",,,,,,,,,,[]
라마65b35b,INSUFFICIENT_DATA,"[""elderly_ratio""]",,,,,,,,,,[]
라마65b36a,INSUFFICIENT_DATA,"[""elderly_ratio""]",,,,,,,,,,[]
라마65b36b,INSUFFICIENT_DATA,"[""elderly_ratio""]",,,,,,,,,,[]
라마65b37a,INSUFFICIENT_DATA,"[""elderly_ratio""]",,,,,,,,,,[]
라마65b37b,INSUFFICIENT_DATA,"[""elderly_ratio""]",,,,,,,,,,[]
라마65b38a,INSUFFICIENT_DATA,"[""elderly_ratio""]",,,,,,,,,,[]
라마66a22a,INSUFFICIENT_DATA,"[""elderly_ratio""]",,,,,,,,,,[]
라마66a22b,OK,[],50.0,72.52,47.52,100.0,56.68,HIGH,67.51,17.0,True,"[""LOW_SHELTER_ACCESSIBILITY"",""HIGH_ELDERLY_RATIO"",""HIGH_HEAT""]"
라마66a23a,OK,[],50.0,100.0,18.58,88.84,56.19,HIGH,64.36,48.0,True,"[""HIGH_ELDERLY_RATIO"",""LOW_SHELTER_ACCESSIBILITY"",""HIGH_HEAT""]"
라마66a23b,INSUFFICIENT_DATA,"[""elderly_ratio""]",,,,,,,,,,[]
라마66a24a,INSUFFICIENT_DATA,"[""elderly_ratio""]",,,,,,,,,,[]
라마66a24b,INSUFFICIENT_DATA,"[""elderly_ratio""]",,,,,,,,,,[]
라마66a25a,INSUFFICIENT_DATA,"[""elderly_ratio""]",,,,,,,,,,[]
라마66a25b,INSUFFICIENT_DATA,"[""elderly_ratio""]",,,,,,,,,,[]
라마66a26a,INSUFFICIENT_DATA,"[""elderly_ratio""]",,,,,,,,,,[]
라마66a26b,INSUFFICIENT_DATA,"[""elderly_ratio""]",,,,,,,,,,[]
라마66a27a,INSUFFICIENT_DATA,"[""elderly_ratio""]",,,,,,,,,,[]
라마66a27b,INSUFFICIENT_DATA,"[""elderly_ratio""]",,,,,,,,,,[]
라마66a28a,INSUFFICIENT_DATA,"[""elderly_ratio""]",,,,,,,,,,[]
라마66a28b,INSUFFICIENT_DATA,"[""elderly_ratio""]",,,,,,,,,,[]
라마66a29a,INSUFFICIENT_DATA,"[""elderly_ratio""]",,,,,,,,,,[]
라마66a29b,INSUFFICIENT_DATA,"[""elderly_ratio""]",,,,,,,,,,[]
라마66a30a,INSUFFICIENT_DATA,"[""elderly_ratio""]",,,,,,,,,,[]
라마66a30b,OK,[],50.0,77.78,17.53,32.28,48.44,MODERATE,44.4,510.0,False,"[""HIGH_ELDERLY_RATIO"",""HIGH_HEAT""]"
라마66a31a,OK,[],50.0,0.0,55.21,33.06,35.07,MODERATE,34.57,772.0,False,"[""HIGH_FARMLAND_RATIO"",""HIGH_HEAT""]"
라마66a31b,INSUFFICIENT_DATA,"[""elderly_ratio""]",,,,,,,,,,[]
라마66a32a,OK,[],50.0,67.41,28.83,50.25,48.75,MODERATE,49.12,378.0,False,"[""HIGH_ELDERLY_RATIO"",""LOW_SHELTER_ACCESSIBILITY"",""HIGH_HEAT""]"
라마66a32b,OK,[],50.0,100.0,11.95,62.87,53.98,HIGH,56.2,195.0,True,"[""HIGH_ELDERLY_RATIO"",""LOW_SHELTER_ACCESSIBILITY"",""HIGH_HEAT""]"
라마66a33a,INSUFFICIENT_DATA,"[""elderly_ratio""]",,,,,,,,,,[]
라마66a33b,OK,[],50.0,79.33,33.03,64.35,54.12,HIGH,56.68,183.0,True,"[""HIGH_ELDERLY_RATIO"",""LOW_SHELTER_ACCESSIBILITY"",""HIGH_HEAT""]"
라마66a34a,OK,[],50.0,88.67,2.95,56.67,47.21,MODERATE,49.57,360.0,False,"[""HIGH_ELDERLY_RATIO"",""LOW_SHELTER_ACCESSIBILITY"",""HIGH_HEAT""]"
라마66a34b,INSUFFICIENT_DATA,"[""elderly_ratio""]",,,,,,,,,,[]
라마66a35a,INSUFFICIENT_DATA,"[""elderly_ratio""]",,,,,,,,,,[]
라마66a35b,INSUFFICIENT_DATA,"[""elderly_ratio""]",,,,,,,,,,[]
라마66a36a,INSUFFICIENT_DATA,"[""elderly_ratio""]",,,,,,,,,,[]
라마66a36b,INSUFFICIENT_DATA,"[""elderly_ratio""]",,,,,,,,,,[]
라마66a37a,INSUFFICIENT_DATA,"[""elderly_ratio""]",,,,,,,,,,[]
라마66a37b,INSUFFICIENT_DATA,"[""elderly_ratio""]",,,,,,,,,,[]
라마66a38a,INSUFFICIENT_DATA,"[""elderly_ratio""]",,,,,,,,,,[]
라마66b22b,INSUFFICIENT_DATA,"[""elderly_ratio""]",,,,,,,,,,[]
라마66b23a,INSUFFICIENT_DATA,"[""elderly_ratio""]",,,,,,,,,,[]
라마66b23b,INSUFFICIENT_DATA,"[""elderly_ratio""]",,,,,,,,,,[]
라마66b24a,INSUFFICIENT_DATA,"[""elderly_ratio""]",,,,,,,,,,[]
라마66b24b,INSUFFICIENT_DATA,"[""elderly_ratio""]",,,,,,,,,,[]
라마66b25a,INSUFFICIENT_DATA,"[""elderly_ratio""]",,,,,,,,,,[]
라마66b25b,INSUFFICIENT_DATA,"[""elderly_ratio""]",,,,,,,,,,[]
라마66b26a,INSUFFICIENT_DATA,"[""elderly_ratio""]",,,,,,,,,,[]
라마66b26b,INSUFFICIENT_DATA,"[""elderly_ratio""]",,,,,,,,,,[]
라마66b27a,OK,[],50.0,52.3,77.26,4.78,59.85,HIGH,46.09,467.0,True,"[""HIGH_FARMLAND_RATIO"",""HIGH_ELDERLY_RATIO"",""HIGH_HEAT""]"
라마66b27b,OK,[],50.0,0.0,44.46,16.34,31.49,MODERATE,27.7,887.0,False,"[""HIGH_HEAT""]"
라마66b28a,OK,[],50.0,71.3,35.44,31.25,52.25,HIGH,47.0,438.0,True,"[""HIGH_ELDERLY_RATIO"",""HIGH_HEAT""]"
라마66b28b,OK,[],50.0,83.33,35.55,46.75,56.29,HIGH,53.91,251.0,True,"[""HIGH_ELDERLY_RATIO"",""HIGH_HEAT""]"
라마66b29a,INSUFFICIENT_DATA,"[""elderly_ratio""]",,,,,,,,,,[]
라마66b29b,INSUFFICIENT_DATA,"[""elderly_ratio""]",,,,,,,,,,[]
라마66b30a,INSUFFICIENT_DATA,"[""elderly_ratio""]",,,,,,,,,,[]
라마66b30b,INSUFFICIENT_DATA,"[""elderly_ratio""]",,,,,,,,,,[]
라마66b31a,OK,[],50.0,87.5,11.05,48.61,49.52,MODERATE,49.29,369.0,False,"[""HIGH_ELDERLY_RATIO"",""HIGH_HEAT""]"
라마66b31b,INSUFFICIENT_DATA,"[""elderly_ratio""]",,,,,,,,,,[]
라마66b32a,OK,[],50.0,83.33,3.44,61.98,45.59,MODERATE,49.69,358.0,False,"[""HIGH_ELDERLY_RATIO"",""LOW_SHELTER_ACCESSIBILITY"",""HIGH_HEAT""]"
라마66b32b,INSUFFICIENT_DATA,"[""elderly_ratio""]",,,,,,,,,,[]
라마66b33a,INSUFFICIENT_DATA,"[""elderly_ratio""]",,,,,,,,,,[]
라마66b33b,INSUFFICIENT_DATA,"[""elderly_ratio""]",,,,,,,,,,[]
라마66b34a,INSUFFICIENT_DATA,"[""elderly_ratio""]",,,,,,,,,,[]
라마66b34b,INSUFFICIENT_DATA,"[""elderly_ratio""]",,,,,,,,,,[]
라마66b35a,OK,[],50.0,67.63,43.42,68.15,53.68,HIGH,57.3,164.0,True,"[""LOW_SHELTER_ACCESSIBILITY"",""HIGH_ELDERLY_RATIO"",""HIGH_HEAT""]"
라마66b35b,OK,[],50.0,56.67,80.2,71.43,62.29,HIGH,64.58,42.0,True,"[""HIGH_FARMLAND_RATIO"",""LOW_SHELTER_ACCESSIBILITY"",""HIGH_ELDERLY_RATIO""]"
라마66b36a,INSUFFICIENT_DATA,"[""elderly_ratio""]",,,,,,,,,,[]
라마66b36b,INSUFFICIENT_DATA,"[""elderly_ratio""]",,,,,,,,,,[]
라마66b37a,INSUFFICIENT_DATA,"[""elderly_ratio""]",,,,,,,,,,[]
라마66b37b,INSUFFICIENT_DATA,"[""elderly_ratio""]",,,,,,,,,,[]
라마66b38a,INSUFFICIENT_DATA,"[""elderly_ratio""]",,,,,,,,,,[]
라마66b38b,INSUFFICIENT_DATA,"[""elderly_ratio""]",,,,,,,,,,[]
라마66b39a,INSUFFICIENT_DATA,"[""elderly_ratio""]",,,,,,,,,,[]
라마66b39b,INSUFFICIENT_DATA,"[""elderly_ratio""]",,,,,,,,,,[]
라마67a22b,INSUFFICIENT_DATA,"[""elderly_ratio""]",,,,,,,,,,[]
라마67a23a,INSUFFICIENT_DATA,"[""elderly_ratio""]",,,,,,,,,,[]
라마67a23b,INSUFFICIENT_DATA,"[""elderly_ratio""]",,,,,,,,,,[]
라마67a24a,INSUFFICIENT_DATA,"[""elderly_ratio""]",,,,,,,,,,[]
라마67a24b,INSUFFICIENT_DATA,"[""elderly_ratio""]",,,,,,,,,,[]
라마67a25a,INSUFFICIENT_DATA,"[""elderly_ratio""]",,,,,,,,,,[]
라마67a25b,INSUFFICIENT_DATA,"[""elderly_ratio""]",,,,,,,,,,[]
라마67a26a,OK,[],50.0,71.79,36.45,0.0,52.75,HIGH,39.56,654.0,False,"[""HIGH_ELDERLY_RATIO"",""HIGH_HEAT""]"
라마67a26b,OK,[],50.0,0.0,41.61,7.13,30.54,MODERATE,24.68,919.0,False,"[""HIGH_HEAT""]"
라마67a27a,OK,[],50.0,77.78,100.0,1.11,75.93,VERY_HIGH,57.22,168.0,False,"[""HIGH_FARMLAND_RATIO"",""HIGH_ELDERLY_RATIO"",""HIGH_HEAT""]"
라마67a27b,OK,[],50.0,46.67,88.69,14.8,61.79,HIGH,50.04,345.0,True,"[""HIGH_FARMLAND_RATIO"",""HIGH_HEAT""]"
라마67a28a,OK,[],50.0,52.5,88.57,30.35,63.69,HIGH,55.35,212.0,True,"[""HIGH_FARMLAND_RATIO"",""HIGH_ELDERLY_RATIO"",""HIGH_HEAT""]"
라마67a28b,OK,[],50.0,72.22,100.0,46.12,74.07,HIGH,67.08,18.0,True,"[""HIGH_FARMLAND_RATIO"",""HIGH_ELDERLY_RATIO"",""HIGH_HEAT""]"
라마67a29a,OK,[],50.0,80.21,91.86,61.96,74.02,HIGH,71.01,7.0,True,"[""HIGH_FARMLAND_RATIO"",""HIGH_ELDERLY_RATIO"",""LOW_SHELTER_ACCESSIBILITY""]"
라마67a29b,INSUFFICIENT_DATA,"[""elderly_ratio""]",,,,,,,,,,[]
라마67a30a,INSUFFICIENT_DATA,"[""elderly_ratio""]",,,,,,,,,,[]
라마67a30b,INSUFFICIENT_DATA,"[""elderly_ratio""]",,,,,,,,,,[]
라마67a31a,INSUFFICIENT_DATA,"[""elderly_ratio""]",,,,,,,,,,[]
라마67a31b,INSUFFICIENT_DATA,"[""elderly_ratio""]",,,,,,,,,,[]
라마67a32a,OK,[],50.0,77.78,0.85,47.98,42.88,MODERATE,44.15,515.0,False,"[""HIGH_ELDERLY_RATIO"",""HIGH_HEAT""]"
라마67a32b,OK,[],50.0,83.33,7.11,43.56,46.81,MODERATE,46.0,471.0,False,"[""HIGH_ELDERLY_RATIO"",""HIGH_HEAT""]"
라마67a33a,INSUFFICIENT_DATA,"[""elderly_ratio""]",,,,,,,,,,[]
라마67a33b,INSUFFICIENT_DATA,"[""elderly_ratio""]",,,,,,,,,,[]
라마67a34a,INSUFFICIENT_DATA,"[""elderly_ratio""]",,,,,,,,,,[]
라마67a34b,INSUFFICIENT_DATA,"[""elderly_ratio""]",,,,,,,,,,[]
라마67a35a,INSUFFICIENT_DATA,"[""elderly_ratio""]",,,,,,,,,,[]
라마67a35b,INSUFFICIENT_DATA,"[""elderly_ratio""]",,,,,,,,,,[]
라마67a36a,INSUFFICIENT_DATA,"[""elderly_ratio""]",,,,,,,,,,[]
라마67a36b,INSUFFICIENT_DATA,"[""elderly_ratio""]",,,,,,,,,,[]
라마67a37a,INSUFFICIENT_DATA,"[""elderly_ratio""]",,,,,,,,,,[]
라마67a37b,INSUFFICIENT_DATA,"[""elderly_ratio""]",,,,,,,,,,[]
라마67a38a,INSUFFICIENT_DATA,"[""elderly_ratio""]",,,,,,,,,,[]
라마67a38b,INSUFFICIENT_DATA,"[""elderly_ratio""]",,,,,,,,,,[]
라마67a39a,INSUFFICIENT_DATA,"[""elderly_ratio""]",,,,,,,,,,[]
라마67a39b,INSUFFICIENT_DATA,"[""elderly_ratio""]",,,,,,,,,,[]
라마67b22b,INSUFFICIENT_DATA,"[""elderly_ratio""]",,,,,,,,,,[]
라마67b23a,INSUFFICIENT_DATA,"[""elderly_ratio""]",,,,,,,,,,[]
라마67b23b,INSUFFICIENT_DATA,"[""elderly_ratio""]",,,,,,,,,,[]
라마67b24a,INSUFFICIENT_DATA,"[""elderly_ratio""]",,,,,,,,,,[]
라마67b24b,INSUFFICIENT_DATA,"[""elderly_ratio""]",,,,,,,,,,[]
라마67b25a,OK,[],50.0,84.85,16.74,13.47,50.53,HIGH,41.27,604.0,True,"[""HIGH_ELDERLY_RATIO"",""HIGH_HEAT""]"
라마67b25b,OK,[],50.0,78.57,71.58,0.0,66.72,HIGH,50.04,346.0,False,"[""HIGH_ELDERLY_RATIO"",""HIGH_FARMLAND_RATIO"",""HIGH_HEAT""]"
라마67b26a,OK,[],50.0,0.0,100.0,6.48,50.0,MODERATE,39.12,664.0,False,"[""HIGH_FARMLAND_RATIO"",""HIGH_HEAT""]"
라마67b26b,OK,[],50.0,0.0,100.0,16.99,50.0,MODERATE,41.75,582.0,False,"[""HIGH_FARMLAND_RATIO"",""HIGH_HEAT""]"
라마67b27a,OK,[],50.0,87.5,100.0,16.11,79.17,VERY_HIGH,63.4,61.0,True,"[""HIGH_FARMLAND_RATIO"",""HIGH_ELDERLY_RATIO"",""HIGH_HEAT""]"
라마67b27b,OK,[],50.0,76.25,100.0,23.53,75.42,VERY_HIGH,62.45,72.0,True,"[""HIGH_FARMLAND_RATIO"",""HIGH_ELDERLY_RATIO"",""HIGH_HEAT""]"
라마67b28a,OK,[],50.0,87.5,100.0,35.96,79.17,VERY_HIGH,68.36,13.0,True,"[""HIGH_FARMLAND_RATIO"",""HIGH_ELDERLY_RATIO"",""HIGH_HEAT""]"
라마67b28b,INSUFFICIENT_DATA,"[""elderly_ratio""]",,,,,,,,,,[]
라마67b29a,INSUFFICIENT_DATA,"[""elderly_ratio""]",,,,,,,,,,[]
라마67b29b,OK,[],50.0,82.16,34.2,64.12,55.45,HIGH,57.62,160.0,True,"[""HIGH_ELDERLY_RATIO"",""LOW_SHELTER_ACCESSIBILITY"",""HIGH_HEAT""]"
라마67b30a,OK,[],50.0,0.0,17.98,76.77,22.66,LOW,36.19,743.0,False,"[""LOW_SHELTER_ACCESSIBILITY"",""HIGH_HEAT""]"
라마67b30b,INSUFFICIENT_DATA,"[""elderly_ratio""]",,,,,,,,,,[]
라마67b31a,INSUFFICIENT_DATA,"[""elderly_ratio""]",,,,,,,,,,[]
라마67b31b,INSUFFICIENT_DATA,"[""elderly_ratio""]",,,,,,,,,,[]
라마67b32a,INSUFFICIENT_DATA,"[""elderly_ratio""]",,,,,,,,,,[]
라마67b32b,OK,[],50.0,100.0,40.57,27.84,63.52,HIGH,54.6,233.0,True,"[""HIGH_ELDERLY_RATIO"",""HIGH_HEAT""]"
라마67b33a,INSUFFICIENT_DATA,"[""elderly_ratio""]",,,,,,,,,,[]
라마67b33b,INSUFFICIENT_DATA,"[""elderly_ratio""]",,,,,,,,,,[]
라마67b34a,INSUFFICIENT_DATA,"[""elderly_ratio""]",,,,,,,,,,[]
라마67b34b,OK,[],50.0,0.0,78.77,60.14,42.92,MODERATE,47.23,431.0,False,"[""HIGH_FARMLAND_RATIO"",""LOW_SHELTER_ACCESSIBILITY"",""HIGH_HEAT""]"
라마67b35a,INSUFFICIENT_DATA,"[""elderly_ratio""]",,,,,,,,,,[]
라마67b35b,INSUFFICIENT_DATA,"[""elderly_ratio""]",,,,,,,,,,[]
라마67b36a,OK,[],50.0,87.5,17.75,50.57,51.75,HIGH,51.45,307.0,True,"[""HIGH_ELDERLY_RATIO"",""LOW_SHELTER_ACCESSIBILITY"",""HIGH_HEAT""]"
라마67b36b,OK,[],50.0,90.74,18.49,35.8,53.08,HIGH,48.76,387.0,True,"[""HIGH_ELDERLY_RATIO"",""HIGH_HEAT""]"
라마67b37a,OK,[],50.0,63.64,56.57,22.29,56.74,HIGH,48.12,401.0,True,"[""HIGH_ELDERLY_RATIO"",""HIGH_FARMLAND_RATIO"",""HIGH_HEAT""]"
라마67b37b,OK,[],50.0,84.85,28.06,12.97,54.3,HIGH,43.97,522.0,True,"[""HIGH_ELDERLY_RATIO"",""HIGH_HEAT""]"
라마67b38a,OK,[],50.0,86.23,35.2,14.61,57.14,HIGH,46.51,454.0,True,"[""HIGH_ELDERLY_RATIO"",""HIGH_HEAT""]"
라마67b38b,INSUFFICIENT_DATA,"[""elderly_ratio""]",,,,,,,,,,[]
라마67b39a,INSUFFICIENT_DATA,"[""elderly_ratio""]",,,,,,,,,,[]
라마67b39b,INSUFFICIENT_DATA,"[""elderly_ratio""]",,,,,,,,,,[]
라마68a22b,INSUFFICIENT_DATA,"[""elderly_ratio""]",,,,,,,,,,[]
라마68a23a,INSUFFICIENT_DATA,"[""elderly_ratio""]",,,,,,,,,,[]
라마68a23b,INSUFFICIENT_DATA,"[""elderly_ratio""]",,,,,,,,,,[]
라마68a24a,INSUFFICIENT_DATA,"[""elderly_ratio""]",,,,,,,,,,[]
라마68a24b,INSUFFICIENT_DATA,"[""elderly_ratio""]",,,,,,,,,,[]
라마68a25a,INSUFFICIENT_DATA,"[""elderly_ratio""]",,,,,,,,,,[]
라마68a25b,INSUFFICIENT_DATA,"[""elderly_ratio""]",,,,,,,,,,[]
라마68a26a,OK,[],50.0,91.84,100.0,5.69,80.61,VERY_HIGH,61.88,78.0,True,"[""HIGH_FARMLAND_RATIO"",""HIGH_ELDERLY_RATIO"",""HIGH_HEAT""]"
라마68a26b,OK,[],50.0,79.82,100.0,13.29,76.61,VERY_HIGH,60.78,97.0,True,"[""HIGH_FARMLAND_RATIO"",""HIGH_ELDERLY_RATIO"",""HIGH_HEAT""]"
라마68a27a,INSUFFICIENT_DATA,"[""elderly_ratio""]",,,,,,,,,,[]
라마68a27b,OK,[],50.0,87.5,100.0,26.11,79.17,VERY_HIGH,65.9,26.0,True,"[""HIGH_FARMLAND_RATIO"",""HIGH_ELDERLY_RATIO"",""HIGH_HEAT""]"
라마68a28a,OK,[],50.0,85.07,100.0,24.65,78.36,VERY_HIGH,64.93,37.0,True,"[""HIGH_FARMLAND_RATIO"",""HIGH_ELDERLY_RATIO"",""HIGH_HEAT""]"
라마68a28b,INSUFFICIENT_DATA,"[""elderly_ratio""]",,,,,,,,,,[]
라마68a29a,INSUFFICIENT_DATA,"[""elderly_ratio""]",,,,,,,,,,[]
라마68a29b,OK,[],50.0,73.68,84.13,54.84,69.27,HIGH,65.66,30.0,True,"[""HIGH_FARMLAND_RATIO"",""HIGH_ELDERLY_RATIO"",""LOW_SHELTER_ACCESSIBILITY""]"
라마68a30a,INSUFFICIENT_DATA,"[""elderly_ratio""]",,,,,,,,,,[]
라마68a30b,INSUFFICIENT_DATA,"[""elderly_ratio""]",,,,,,,,,,[]
라마68a31a,INSUFFICIENT_DATA,"[""elderly_ratio""]",,,,,,,,,,[]
라마68a31b,INSUFFICIENT_DATA,"[""elderly_ratio""]",,,,,,,,,,[]
라마68a32a,INSUFFICIENT_DATA,"[""elderly_ratio""]",,,,,,,,,,[]
라마68a32b,INSUFFICIENT_DATA,"[""elderly_ratio""]",,,,,,,,,,[]
라마68a33a,OK,[],50.0,86.42,21.85,13.73,52.76,HIGH,43.0,554.0,True,"[""HIGH_ELDERLY_RATIO"",""HIGH_HEAT""]"
라마68a33b,OK,[],50.0,97.22,12.73,24.7,53.32,HIGH,46.16,465.0,True,"[""HIGH_ELDERLY_RATIO"",""HIGH_HEAT""]"
라마68a34a,INSUFFICIENT_DATA,"[""elderly_ratio""]",,,,,,,,,,[]
라마68a34b,OK,[],50.0,82.35,32.57,53.74,54.97,HIGH,54.66,230.0,True,"[""HIGH_ELDERLY_RATIO"",""LOW_SHELTER_ACCESSIBILITY"",""HIGH_HEAT""]"
라마68a35a,OK,[],50.0,89.22,49.33,69.11,62.85,HIGH,64.41,45.0,True,"[""HIGH_ELDERLY_RATIO"",""LOW_SHELTER_ACCESSIBILITY"",""HIGH_HEAT""]"
라마68a35b,INSUFFICIENT_DATA,"[""elderly_ratio""]",,,,,,,,,,[]
라마68a36a,OK,[],50.0,68.06,90.4,47.64,69.49,HIGH,64.03,51.0,True,"[""HIGH_FARMLAND_RATIO"",""HIGH_ELDERLY_RATIO"",""HIGH_HEAT""]"
라마68a36b,OK,[],50.0,61.4,76.81,31.75,62.74,HIGH,54.99,218.0,True,"[""HIGH_FARMLAND_RATIO"",""HIGH_ELDERLY_RATIO"",""HIGH_HEAT""]"
라마68a37a,OK,[],50.0,62.22,57.47,15.88,56.56,HIGH,46.39,458.0,True,"[""HIGH_ELDERLY_RATIO"",""HIGH_FARMLAND_RATIO"",""HIGH_HEAT""]"
라마68a37b,OK,[],50.0,63.19,73.11,0.24,62.1,HIGH,46.63,450.0,False,"[""HIGH_FARMLAND_RATIO"",""HIGH_ELDERLY_RATIO"",""HIGH_HEAT""]"
라마68a38a,OK,[],50.0,100.0,20.53,4.17,56.84,HIGH,43.67,534.0,True,"[""HIGH_ELDERLY_RATIO"",""HIGH_HEAT""]"
라마68a38b,INSUFFICIENT_DATA,"[""elderly_ratio""]",,,,,,,,,,[]
라마68a39a,INSUFFICIENT_DATA,"[""elderly_ratio""]",,,,,,,,,,[]
라마68b22b,INSUFFICIENT_DATA,"[""elderly_ratio""]",,,,,,,,,,[]
라마68b23a,INSUFFICIENT_DATA,"[""elderly_ratio""]",,,,,,,,,,[]
라마68b23b,INSUFFICIENT_DATA,"[""elderly_ratio""]",,,,,,,,,,[]
라마68b24a,INSUFFICIENT_DATA,"[""elderly_ratio""]",,,,,,,,,,[]
라마68b24b,INSUFFICIENT_DATA,"[""elderly_ratio""]",,,,,,,,,,[]
라마68b25a,INSUFFICIENT_DATA,"[""elderly_ratio""]",,,,,,,,,,[]
라마68b25b,INSUFFICIENT_DATA,"[""elderly_ratio""]",,,,,,,,,,[]
라마68b26a,OK,[],50.0,83.33,100.0,0.0,77.78,VERY_HIGH,58.33,140.0,False,"[""HIGH_FARMLAND_RATIO"",""HIGH_ELDERLY_RATIO"",""HIGH_HEAT""]"
라마68b26b,INSUFFICIENT_DATA,"[""elderly_ratio""]",,,,,,,,,,[]
라마68b27a,INSUFFICIENT_DATA,"[""elderly_ratio""]",,,,,,,,,,[]
라마68b27b,OK,[],50.0,63.78,98.03,11.94,70.6,HIGH,55.94,201.0,True,"[""HIGH_FARMLAND_RATIO"",""HIGH_ELDERLY_RATIO"",""HIGH_HEAT""]"
라마68b28a,INSUFFICIENT_DATA,"[""elderly_ratio""]",,,,,,,,,,[]
라마68b28b,INSUFFICIENT_DATA,"[""elderly_ratio""]",,,,,,,,,,[]
라마68b29a,OK,[],50.0,35.0,100.0,33.55,61.67,HIGH,54.64,231.0,True,"[""HIGH_FARMLAND_RATIO"",""HIGH_HEAT""]"
라마68b29b,OK,[],50.0,56.62,34.01,48.69,46.88,MODERATE,47.33,426.0,False,"[""HIGH_ELDERLY_RATIO"",""HIGH_HEAT""]"
라마68b30a,INSUFFICIENT_DATA,"[""elderly_ratio""]",,,,,,,,,,[]
라마68b30b,INSUFFICIENT_DATA,"[""elderly_ratio""]",,,,,,,,,,[]
라마68b31a,INSUFFICIENT_DATA,"[""elderly_ratio""]",,,,,,,,,,[]
라마68b31b,INSUFFICIENT_DATA,"[""elderly_ratio""]",,,,,,,,,,[]
라마68b32a,INSUFFICIENT_DATA,"[""elderly_ratio""]",,,,,,,,,,[]
라마68b32b,OK,[],50.0,98.72,100.0,0.54,82.91,VERY_HIGH,62.31,74.0,False,"[""HIGH_FARMLAND_RATIO"",""HIGH_ELDERLY_RATIO"",""HIGH_HEAT""]"
라마68b33a,OK,[],50.0,92.11,72.55,3.52,71.55,HIGH,54.55,235.0,True,"[""HIGH_ELDERLY_RATIO"",""HIGH_FARMLAND_RATIO"",""HIGH_HEAT""]"
라마68b33b,INSUFFICIENT_DATA,"[""elderly_ratio""]",,,,,,,,,,[]
라마68b34a,INSUFFICIENT_DATA,"[""elderly_ratio""]",,,,,,,,,,[]
라마68b34b,INSUFFICIENT_DATA,"[""elderly_ratio""]",,,,,,,,,,[]
라마68b35a,INSUFFICIENT_DATA,"[""elderly_ratio""]",,,,,,,,,,[]
라마68b35b,INSUFFICIENT_DATA,"[""elderly_ratio""]",,,,,,,,,,[]
라마68b36a,INSUFFICIENT_DATA,"[""elderly_ratio""]",,,,,,,,,,[]
라마68b36b,INSUFFICIENT_DATA,"[""elderly_ratio""]",,,,,,,,,,[]
라마68b37a,INSUFFICIENT_DATA,"[""elderly_ratio""]",,,,,,,,,,[]
라마68b37b,INSUFFICIENT_DATA,"[""elderly_ratio""]",,,,,,,,,,[]
라마68b38a,INSUFFICIENT_DATA,"[""elderly_ratio""]",,,,,,,,,,[]
라마68b38b,INSUFFICIENT_DATA,"[""elderly_ratio""]",,,,,,,,,,[]
라마69a23b,INSUFFICIENT_DATA,"[""elderly_ratio""]",,,,,,,,,,[]
라마69a24a,INSUFFICIENT_DATA,"[""elderly_ratio""]",,,,,,,,,,[]
라마69a24b,INSUFFICIENT_DATA,"[""elderly_ratio""]",,,,,,,,,,[]
라마69a25a,INSUFFICIENT_DATA,"[""elderly_ratio""]",,,,,,,,,,[]
라마69a25b,INSUFFICIENT_DATA,"[""elderly_ratio""]",,,,,,,,,,[]
라마69a26a,INSUFFICIENT_DATA,"[""elderly_ratio""]",,,,,,,,,,[]
라마69a26b,INSUFFICIENT_DATA,"[""elderly_ratio""]",,,,,,,,,,[]
라마69a27a,OK,[],50.0,62.1,100.0,20.73,70.7,HIGH,58.21,143.0,True,"[""HIGH_FARMLAND_RATIO"",""HIGH_ELDERLY_RATIO"",""HIGH_HEAT""]"
라마69a27b,INSUFFICIENT_DATA,"[""elderly_ratio""]",,,,,,,,,,[]
라마69a28a,OK,[],50.0,63.33,100.0,0.0,71.11,HIGH,53.33,263.0,False,"[""HIGH_FARMLAND_RATIO"",""HIGH_ELDERLY_RATIO"",""HIGH_HEAT""]"
라마69a28b,INSUFFICIENT_DATA,"[""elderly_ratio""]",,,,,,,,,,[]
라마69a29a,OK,[],50.0,44.61,75.64,30.88,56.75,HIGH,50.28,340.0,True,"[""HIGH_FARMLAND_RATIO"",""HIGH_HEAT""]"
라마69a29b,OK,[],50.0,63.25,7.45,46.79,40.23,MODERATE,41.87,577.0,False,"[""HIGH_ELDERLY_RATIO"",""HIGH_HEAT""]"
라마69a30a,INSUFFICIENT_DATA,"[""elderly_ratio""]",,,,,,,,,,[]
라마69a30b,INSUFFICIENT_DATA,"[""elderly_ratio""]",,,,,,,,,,[]
라마69a31a,INSUFFICIENT_DATA,"[""elderly_ratio""]",,,,,,,,,,[]
라마69a31b,INSUFFICIENT_DATA,"[""elderly_ratio""]",,,,,,,,,,[]
라마69a32a,OK,[],50.0,75.83,100.0,20.56,75.28,VERY_HIGH,61.6,84.0,True,"[""HIGH_FARMLAND_RATIO"",""HIGH_ELDERLY_RATIO"",""HIGH_HEAT""]"
라마69a32b,INSUFFICIENT_DATA,"[""elderly_ratio""]",,,,,,,,,,[]
라마69a33a,INSUFFICIENT_DATA,"[""elderly_ratio""]",,,,,,,,,,[]
라마69a33b,INSUFFICIENT_DATA,"[""elderly_ratio""]",,,,,,,,,,[]
라마69a34a,OK,[],50.0,90.15,9.03,37.7,49.73,MODERATE,46.72,449.0,False,"[""HIGH_ELDERLY_RATIO"",""HIGH_HEAT""]"
라마69a34b,INSUFFICIENT_DATA,"[""elderly_ratio""]",,,,,,,,,,[]
라마69a35a,INSUFFICIENT_DATA,"[""elderly_ratio""]",,,,,,,,,,[]
라마69a35b,INSUFFICIENT_DATA,"[""elderly_ratio""]",,,,,,,,,,[]
라마69a36a,OK,[],50.0,63.64,39.2,55.24,50.95,HIGH,52.02,294.0,True,"[""HIGH_ELDERLY_RATIO"",""LOW_SHELTER_ACCESSIBILITY"",""HIGH_HEAT""]"
라마69a36b,INSUFFICIENT_DATA,"[""elderly_ratio""]",,,,,,,,,,[]
라마69a37a,INSUFFICIENT_DATA,"[""elderly_ratio""]",,,,,,,,,,[]
라마69a37b,OK,[],50.0,100.0,3.54,24.17,51.18,HIGH,44.43,509.0,True,"[""HIGH_ELDERLY_RATIO"",""HIGH_HEAT""]"
라마69a38a,OK,[],50.0,93.33,27.39,25.23,56.91,HIGH,48.99,380.0,True,"[""HIGH_ELDERLY_RATIO"",""HIGH_HEAT""]"
라마69a38b,INSUFFICIENT_DATA,"[""elderly_ratio""]",,,,,,,,,,[]
라마69b24a,INSUFFICIENT_DATA,"[""elderly_ratio""]",,,,,,,,,,[]
라마69b24b,INSUFFICIENT_DATA,"[""elderly_ratio""]",,,,,,,,,,[]
라마69b25a,INSUFFICIENT_DATA,"[""elderly_ratio""]",,,,,,,,,,[]
라마69b25b,INSUFFICIENT_DATA,"[""elderly_ratio""]",,,,,,,,,,[]
라마69b26a,OK,[],50.0,83.52,95.2,29.94,76.24,VERY_HIGH,64.67,41.0,True,"[""HIGH_FARMLAND_RATIO"",""HIGH_ELDERLY_RATIO"",""HIGH_HEAT""]"
라마69b26b,INSUFFICIENT_DATA,"[""elderly_ratio""]",,,,,,,,,,[]
라마69b27a,OK,[],50.0,63.41,100.0,25.88,71.14,HIGH,59.82,110.0,True,"[""HIGH_FARMLAND_RATIO"",""HIGH_ELDERLY_RATIO"",""HIGH_HEAT""]"
라마69b27b,INSUFFICIENT_DATA,"[""elderly_ratio""]",,,,,,,,,,[]
라마69b28a,INSUFFICIENT_DATA,"[""elderly_ratio""]",,,,,,,,,,[]
라마69b28b,INSUFFICIENT_DATA,"[""elderly_ratio""]",,,,,,,,,,[]
라마69b29a,OK,[],50.0,34.44,39.73,34.77,41.39,MODERATE,39.73,648.0,False,"[""HIGH_HEAT""]"
라마69b29b,OK,[],50.0,42.35,10.22,48.79,34.19,MODERATE,37.84,704.0,False,"[""HIGH_HEAT""]"
라마69b30a,INSUFFICIENT_DATA,"[""elderly_ratio""]",,,,,,,,,,[]
라마69b30b,INSUFFICIENT_DATA,"[""elderly_ratio""]",,,,,,,,,,[]
라마69b31a,OK,[],50.0,80.77,24.12,24.5,51.63,HIGH,44.85,502.0,True,"[""HIGH_ELDERLY_RATIO"",""HIGH_HEAT""]"
라마69b31b,INSUFFICIENT_DATA,"[""elderly_ratio""]",,,,,,,,,,[]
라마69b32a,OK,[],50.0,77.78,97.06,6.09,74.95,HIGH,57.73,158.0,True,"[""HIGH_FARMLAND_RATIO"",""HIGH_ELDERLY_RATIO"",""HIGH_HEAT""]"
라마69b32b,OK,[],50.0,0.0,6.48,16.61,18.83,LOW,18.27,984.0,False,"[""HIGH_HEAT""]"
라마69b33a,INSUFFICIENT_DATA,"[""elderly_ratio""]",,,,,,,,,,[]
라마69b33b,INSUFFICIENT_DATA,"[""elderly_ratio""]",,,,,,,,,,[]
라마69b34a,INSUFFICIENT_DATA,"[""elderly_ratio""]",,,,,,,,,,[]
라마69b34b,INSUFFICIENT_DATA,"[""elderly_ratio""]",,,,,,,,,,[]
라마69b35a,INSUFFICIENT_DATA,"[""elderly_ratio""]",,,,,,,,,,[]
라마69b35b,INSUFFICIENT_DATA,"[""elderly_ratio""]",,,,,,,,,,[]
라마69b36a,INSUFFICIENT_DATA,"[""elderly_ratio""]",,,,,,,,,,[]
라마69b36b,OK,[],50.0,88.67,27.42,53.11,55.36,HIGH,54.8,224.0,True,"[""HIGH_ELDERLY_RATIO"",""LOW_SHELTER_ACCESSIBILITY"",""HIGH_HEAT""]"
라마69b37a,INSUFFICIENT_DATA,"[""elderly_ratio""]",,,,,,,,,,[]
라마69b37b,INSUFFICIENT_DATA,"[""elderly_ratio""]",,,,,,,,,,[]
라마69b38a,INSUFFICIENT_DATA,"[""elderly_ratio""]",,,,,,,,,,[]
라마69b38b,INSUFFICIENT_DATA,"[""elderly_ratio""]",,,,,,,,,,[]
라마70a24a,INSUFFICIENT_DATA,"[""elderly_ratio""]",,,,,,,,,,[]
라마70a24b,INSUFFICIENT_DATA,"[""elderly_ratio""]",,,,,,,,,,[]
라마70a25a,INSUFFICIENT_DATA,"[""elderly_ratio""]",,,,,,,,,,[]
라마70a25b,INSUFFICIENT_DATA,"[""elderly_ratio""]",,,,,,,,,,[]
라마70a26a,OK,[],50.0,0.0,66.62,45.86,38.87,MODERATE,40.62,618.0,False,"[""HIGH_FARMLAND_RATIO"",""HIGH_HEAT""]"
라마70a26b,INSUFFICIENT_DATA,"[""elderly_ratio""]",,,,,,,,,,[]
라마70a27a,INSUFFICIENT_DATA,"[""elderly_ratio""]",,,,,,,,,,[]
라마70a27b,OK,[],50.0,80.77,100.0,12.41,76.92,VERY_HIGH,60.8,95.0,True,"[""HIGH_FARMLAND_RATIO"",""HIGH_ELDERLY_RATIO"",""HIGH_HEAT""]"
라마70a28a,OK,[],50.0,69.69,100.0,4.13,73.23,HIGH,55.95,199.0,True,"[""HIGH_FARMLAND_RATIO"",""HIGH_ELDERLY_RATIO"",""HIGH_HEAT""]"
라마70a28b,INSUFFICIENT_DATA,"[""elderly_ratio""]",,,,,,,,,,[]
라마70a29a,OK,[],50.0,0.0,14.88,27.83,21.63,LOW,23.18,929.0,False,"[""HIGH_HEAT""]"
라마70a29b,INSUFFICIENT_DATA,"[""elderly_ratio""]",,,,,,,,,,[]
라마70a30a,INSUFFICIENT_DATA,"[""elderly_ratio""]",,,,,,,,,,[]
라마70a30b,OK,[],50.0,67.54,26.66,22.37,48.07,MODERATE,41.64,590.0,False,"[""HIGH_ELDERLY_RATIO"",""HIGH_HEAT""]"
라마70a31a,INSUFFICIENT_DATA,"[""elderly_ratio""]",,,,,,,,,,[]
라마70a31b,INSUFFICIENT_DATA,"[""elderly_ratio""]",,,,,,,,,,[]
라마70a32a,OK,[],50.0,95.45,19.95,0.0,55.13,HIGH,41.35,601.0,False,"[""HIGH_ELDERLY_RATIO"",""HIGH_HEAT""]"
라마70a32b,INSUFFICIENT_DATA,"[""elderly_ratio""]",,,,,,,,,,[]
라마70a33a,INSUFFICIENT_DATA,"[""elderly_ratio""]",,,,,,,,,,[]
라마70a33b,INSUFFICIENT_DATA,"[""elderly_ratio""]",,,,,,,,,,[]
라마70a34a,INSUFFICIENT_DATA,"[""elderly_ratio""]",,,,,,,,,,[]
라마70a34b,OK,[],50.0,0.0,32.95,57.04,27.65,MODERATE,35.0,765.0,False,"[""LOW_SHELTER_ACCESSIBILITY"",""HIGH_HEAT""]"
라마70a35a,INSUFFICIENT_DATA,"[""elderly_ratio""]",,,,,,,,,,[]
라마70a35b,INSUFFICIENT_DATA,"[""elderly_ratio""]",,,,,,,,,,[]
라마70a36a,INSUFFICIENT_DATA,"[""elderly_ratio""]",,,,,,,,,,[]
라마70a36b,OK,[],50.0,91.15,21.16,64.79,54.1,HIGH,56.78,180.0,True,"[""HIGH_ELDERLY_RATIO"",""LOW_SHELTER_ACCESSIBILITY"",""HIGH_HEAT""]"
라마70a37a,INSUFFICIENT_DATA,"[""elderly_ratio""]",,,,,,,,,,[]
라마70a37b,INSUFFICIENT_DATA,"[""elderly_ratio""]",,,,,,,,,,[]
라마70a38a,INSUFFICIENT_DATA,"[""elderly_ratio""]",,,,,,,,,,[]
라마70a38b,INSUFFICIENT_DATA,"[""elderly_ratio""]",,,,,,,,,,[]
라마70b24a,INSUFFICIENT_DATA,"[""elderly_ratio""]",,,,,,,,,,[]
라마70b24b,INSUFFICIENT_DATA,"[""elderly_ratio""]",,,,,,,,,,[]
라마70b25a,INSUFFICIENT_DATA,"[""elderly_ratio""]",,,,,,,,,,[]
라마70b25b,INSUFFICIENT_DATA,"[""elderly_ratio""]",,,,,,,,,,[]
라마70b26a,INSUFFICIENT_DATA,"[""elderly_ratio""]",,,,,,,,,,[]
라마70b26b,INSUFFICIENT_DATA,"[""elderly_ratio""]",,,,,,,,,,[]
라마70b27a,INSUFFICIENT_DATA,"[""elderly_ratio""]",,,,,,,,,,[]
라마70b27b,OK,[],50.0,55.56,100.0,10.39,68.52,HIGH,53.99,248.0,True,"[""HIGH_FARMLAND_RATIO"",""HIGH_ELDERLY_RATIO"",""HIGH_HEAT""]"
라마70b28a,OK,[],50.0,49.9,70.9,0.0,56.93,HIGH,42.7,558.0,False,"[""HIGH_FARMLAND_RATIO"",""HIGH_HEAT""]"
라마70b28b,INSUFFICIENT_DATA,"[""elderly_ratio""]",,,,,,,,,,[]
라마70b29a,INSUFFICIENT_DATA,"[""elderly_ratio""]",,,,,,,,,,[]
라마70b29b,INSUFFICIENT_DATA,"[""elderly_ratio""]",,,,,,,,,,[]
라마70b30a,INSUFFICIENT_DATA,"[""elderly_ratio""]",,,,,,,,,,[]
라마70b30b,OK,[],50.0,60.67,92.45,14.56,67.71,HIGH,54.42,240.0,True,"[""HIGH_FARMLAND_RATIO"",""HIGH_ELDERLY_RATIO"",""HIGH_HEAT""]"
라마70b31a,OK,[],50.0,59.91,25.68,0.0,45.2,MODERATE,33.9,784.0,False,"[""HIGH_ELDERLY_RATIO"",""HIGH_HEAT""]"
라마70b31b,OK,[],50.0,58.33,18.97,6.25,42.43,MODERATE,33.39,793.0,False,"[""HIGH_ELDERLY_RATIO"",""HIGH_HEAT""]"
라마70b32a,INSUFFICIENT_DATA,"[""elderly_ratio""]",,,,,,,,,,[]
라마70b32b,INSUFFICIENT_DATA,"[""elderly_ratio""]",,,,,,,,,,[]
라마70b33a,INSUFFICIENT_DATA,"[""elderly_ratio""]",,,,,,,,,,[]
라마70b33b,OK,[],50.0,0.0,39.03,25.55,29.68,MODERATE,28.64,873.0,False,"[""HIGH_HEAT""]"
라마70b34a,OK,[],50.0,69.27,28.43,34.54,49.23,MODERATE,45.56,486.0,False,"[""HIGH_ELDERLY_RATIO"",""HIGH_HEAT""]"
라마70b34b,OK,[],50.0,87.5,3.24,46.89,46.91,MODERATE,46.91,445.0,False,"[""HIGH_ELDERLY_RATIO"",""HIGH_HEAT""]"
라마70b35a,INSUFFICIENT_DATA,"[""elderly_ratio""]",,,,,,,,,,[]
라마70b35b,INSUFFICIENT_DATA,"[""elderly_ratio""]",,,,,,,,,,[]
라마70b36a,INSUFFICIENT_DATA,"[""elderly_ratio""]",,,,,,,,,,[]
라마70b36b,INSUFFICIENT_DATA,"[""elderly_ratio""]",,,,,,,,,,[]
라마70b37a,INSUFFICIENT_DATA,"[""elderly_ratio""]",,,,,,,,,,[]
라마70b37b,OK,[],50.0,0.0,0.28,30.64,16.76,LOW,20.23,965.0,False,"[""HIGH_HEAT""]"
라마70b38a,INSUFFICIENT_DATA,"[""elderly_ratio""]",,,,,,,,,,[]
라마70b38b,INSUFFICIENT_DATA,"[""elderly_ratio""]",,,,,,,,,,[]
라마70b39a,INSUFFICIENT_DATA,"[""elderly_ratio""]",,,,,,,,,,[]
라마70b39b,INSUFFICIENT_DATA,"[""elderly_ratio""]",,,,,,,,,,[]
라마71a24a,INSUFFICIENT_DATA,"[""elderly_ratio""]",,,,,,,,,,[]
라마71a24b,INSUFFICIENT_DATA,"[""elderly_ratio""]",,,,,,,,,,[]
라마71a25a,INSUFFICIENT_DATA,"[""elderly_ratio""]",,,,,,,,,,[]
라마71a25b,INSUFFICIENT_DATA,"[""elderly_ratio""]",,,,,,,,,,[]
라마71a26a,INSUFFICIENT_DATA,"[""elderly_ratio""]",,,,,,,,,,[]
라마71a26b,OK,[],50.0,92.9,69.96,45.91,70.95,HIGH,64.69,40.0,True,"[""HIGH_ELDERLY_RATIO"",""HIGH_FARMLAND_RATIO"",""HIGH_HEAT""]"
라마71a27a,OK,[],50.0,50.0,95.33,32.02,65.11,HIGH,56.84,178.0,True,"[""HIGH_FARMLAND_RATIO"",""HIGH_HEAT"",""HIGH_ELDERLY_RATIO""]"
라마71a27b,OK,[],50.0,73.33,100.0,20.51,74.44,HIGH,60.96,90.0,True,"[""HIGH_FARMLAND_RATIO"",""HIGH_ELDERLY_RATIO"",""HIGH_HEAT""]"
라마71a28a,INSUFFICIENT_DATA,"[""elderly_ratio""]",,,,,,,,,,[]
라마71a28b,INSUFFICIENT_DATA,"[""elderly_ratio""]",,,,,,,,,,[]
라마71a29a,INSUFFICIENT_DATA,"[""elderly_ratio""]",,,,,,,,,,[]
라마71a29b,INSUFFICIENT_DATA,"[""elderly_ratio""]",,,,,,,,,,[]
라마71a30a,INSUFFICIENT_DATA,"[""elderly_ratio""]",,,,,,,,,,[]
라마71a30b,INSUFFICIENT_DATA,"[""elderly_ratio""]",,,,,,,,,,[]
라마71a31a,OK,[],50.0,69.54,85.27,0.0,68.27,HIGH,51.2,319.0,False,"[""HIGH_FARMLAND_RATIO"",""HIGH_ELDERLY_RATIO"",""HIGH_HEAT""]"
라마71a31b,OK,[],50.0,74.67,100.0,9.84,74.89,HIGH,58.63,128.0,True,"[""HIGH_FARMLAND_RATIO"",""HIGH_ELDERLY_RATIO"",""HIGH_HEAT""]"
라마71a32a,OK,[],50.0,0.0,100.0,23.9,50.0,MODERATE,43.48,542.0,False,"[""HIGH_FARMLAND_RATIO"",""HIGH_HEAT""]"
라마71a32b,INSUFFICIENT_DATA,"[""elderly_ratio""]",,,,,,,,,,[]
라마71a33a,INSUFFICIENT_DATA,"[""elderly_ratio""]",,,,,,,,,,[]
라마71a33b,INSUFFICIENT_DATA,"[""elderly_ratio""]",,,,,,,,,,[]
라마71a34a,INSUFFICIENT_DATA,"[""elderly_ratio""]",,,,,,,,,,[]
라마71a34b,INSUFFICIENT_DATA,"[""elderly_ratio""]",,,,,,,,,,[]
라마71a35a,INSUFFICIENT_DATA,"[""elderly_ratio""]",,,,,,,,,,[]
라마71a35b,INSUFFICIENT_DATA,"[""elderly_ratio""]",,,,,,,,,,[]
라마71a36a,INSUFFICIENT_DATA,"[""elderly_ratio""]",,,,,,,,,,[]
라마71a36b,INSUFFICIENT_DATA,"[""elderly_ratio""]",,,,,,,,,,[]
라마71a37a,INSUFFICIENT_DATA,"[""elderly_ratio""]",,,,,,,,,,[]
라마71a37b,INSUFFICIENT_DATA,"[""elderly_ratio""]",,,,,,,,,,[]
라마71a38a,INSUFFICIENT_DATA,"[""elderly_ratio""]",,,,,,,,,,[]
라마71a38b,INSUFFICIENT_DATA,"[""elderly_ratio""]",,,,,,,,,,[]
라마71a39a,INSUFFICIENT_DATA,"[""elderly_ratio""]",,,,,,,,,,[]
라마71a39b,INSUFFICIENT_DATA,"[""elderly_ratio""]",,,,,,,,,,[]
라마71b25a,INSUFFICIENT_DATA,"[""elderly_ratio""]",,,,,,,,,,[]
라마71b25b,INSUFFICIENT_DATA,"[""elderly_ratio""]",,,,,,,,,,[]
라마71b26a,OK,[],50.0,0.0,13.67,67.43,21.22,LOW,32.77,810.0,False,"[""LOW_SHELTER_ACCESSIBILITY"",""HIGH_HEAT""]"
라마71b26b,OK,[],50.0,61.64,80.23,54.3,63.96,HIGH,61.54,85.0,True,"[""HIGH_FARMLAND_RATIO"",""HIGH_ELDERLY_RATIO"",""LOW_SHELTER_ACCESSIBILITY""]"
라마71b27a,INSUFFICIENT_DATA,"[""elderly_ratio""]",,,,,,,,,,[]
라마71b27b,INSUFFICIENT_DATA,"[""elderly_ratio""]",,,,,,,,,,[]
라마71b28a,INSUFFICIENT_DATA,"[""elderly_ratio""]",,,,,,,,,,[]
라마71b28b,OK,[],50.0,97.22,51.31,34.93,66.18,HIGH,58.37,139.0,True,"[""HIGH_ELDERLY_RATIO"",""HIGH_FARMLAND_RATIO"",""HIGH_HEAT""]"
라마71b29a,INSUFFICIENT_DATA,"[""elderly_ratio""]",,,,,,,,,,[]
라마71b29b,INSUFFICIENT_DATA,"[""elderly_ratio""]",,,,,,,,,,[]
라마71b30a,INSUFFICIENT_DATA,"[""elderly_ratio""]",,,,,,,,,,[]
라마71b30b,OK,[],50.0,65.62,16.95,0.0,44.19,MODERATE,33.14,801.0,False,"[""HIGH_ELDERLY_RATIO"",""HIGH_HEAT""]"
라마71b31a,OK,[],50.0,0.0,72.0,5.56,40.67,MODERATE,31.89,826.0,False,"[""HIGH_FARMLAND_RATIO"",""HIGH_HEAT""]"
라마71b31b,OK,[],50.0,53.03,60.09,13.14,54.37,HIGH,44.06,519.0,True,"[""HIGH_FARMLAND_RATIO"",""HIGH_ELDERLY_RATIO"",""HIGH_HEAT""]"
라마71b32a,OK,[],50.0,74.88,24.05,27.24,49.64,MODERATE,44.04,520.0,False,"[""HIGH_ELDERLY_RATIO"",""HIGH_HEAT""]"
라마71b32b,INSUFFICIENT_DATA,"[""elderly_ratio""]",,,,,,,,,,[]
라마71b33a,OK,[],50.0,88.05,63.31,0.0,67.12,HIGH,50.34,335.0,False,"[""HIGH_ELDERLY_RATIO"",""HIGH_FARMLAND_RATIO"",""HIGH_HEAT""]"
라마71b33b,OK,[],50.0,82.35,35.32,6.67,55.89,HIGH,43.59,540.0,True,"[""HIGH_ELDERLY_RATIO"",""HIGH_HEAT""]"
라마71b34a,INSUFFICIENT_DATA,"[""elderly_ratio""]",,,,,,,,,,[]
라마71b34b,INSUFFICIENT_DATA,"[""elderly_ratio""]",,,,,,,,,,[]
라마71b35a,INSUFFICIENT_DATA,"[""elderly_ratio""]",,,,,,,,,,[]
라마71b35b,OK,[],50.0,88.89,31.09,70.08,56.66,HIGH,60.02,106.0,True,"[""HIGH_ELDERLY_RATIO"",""LOW_SHELTER_ACCESSIBILITY"",""HIGH_HEAT""]"
라마71b36a,INSUFFICIENT_DATA,"[""elderly_ratio""]",,,,,,,,,,[]
라마71b36b,INSUFFICIENT_DATA,"[""elderly_ratio""]",,,,,,,,,,[]
라마71b37a,INSUFFICIENT_DATA,"[""elderly_ratio""]",,,,,,,,,,[]
라마71b37b,INSUFFICIENT_DATA,"[""elderly_ratio""]",,,,,,,,,,[]
라마71b38a,OK,[],50.0,75.35,64.01,2.82,63.12,HIGH,48.05,403.0,False,"[""HIGH_ELDERLY_RATIO"",""HIGH_FARMLAND_RATIO"",""HIGH_HEAT""]"
라마71b38b,OK,[],50.0,74.47,25.05,2.83,49.84,MODERATE,38.09,696.0,False,"[""HIGH_ELDERLY_RATIO"",""HIGH_HEAT""]"
라마71b39a,INSUFFICIENT_DATA,"[""elderly_ratio""]",,,,,,,,,,[]
라마72a25a,INSUFFICIENT_DATA,"[""elderly_ratio""]",,,,,,,,,,[]
라마72a25b,INSUFFICIENT_DATA,"[""elderly_ratio""]",,,,,,,,,,[]
라마72a26a,INSUFFICIENT_DATA,"[""elderly_ratio""]",,,,,,,,,,[]
라마72a26b,OK,[],50.0,100.0,22.19,65.3,57.4,HIGH,59.37,117.0,True,"[""HIGH_ELDERLY_RATIO"",""LOW_SHELTER_ACCESSIBILITY"",""HIGH_HEAT""]"
라마72a27a,OK,[],50.0,0.0,78.81,55.92,42.94,MODERATE,46.18,464.0,False,"[""HIGH_FARMLAND_RATIO"",""LOW_SHELTER_ACCESSIBILITY"",""HIGH_HEAT""]"
라마72a27b,OK,[],50.0,66.91,100.0,49.59,72.3,HIGH,66.62,20.0,True,"[""HIGH_FARMLAND_RATIO"",""HIGH_ELDERLY_RATIO"",""HIGH_HEAT""]"
라마72a28a,OK,[],50.0,0.0,100.0,47.42,50.0,MODERATE,49.36,365.0,False,"[""HIGH_FARMLAND_RATIO"",""HIGH_HEAT""]"
라마72a28b,OK,[],50.0,88.38,25.75,41.67,54.71,HIGH,51.45,308.0,True,"[""HIGH_ELDERLY_RATIO"",""HIGH_HEAT""]"
라마72a29a,INSUFFICIENT_DATA,"[""elderly_ratio""]",,,,,,,,,,[]
라마72a29b,INSUFFICIENT_DATA,"[""elderly_ratio""]",,,,,,,,,,[]
라마72a30a,OK,[],50.0,72.92,11.98,14.46,44.97,MODERATE,37.34,720.0,False,"[""HIGH_ELDERLY_RATIO"",""HIGH_HEAT""]"
라마72a30b,OK,[],50.0,0.0,100.0,4.7,50.0,MODERATE,38.67,679.0,False,"[""HIGH_FARMLAND_RATIO"",""HIGH_HEAT""]"
라마72a31a,INSUFFICIENT_DATA,"[""elderly_ratio""]",,,,,,,,,,[]
라마72a31b,INSUFFICIENT_DATA,"[""elderly_ratio""]",,,,,,,,,,[]
라마72a32a,INSUFFICIENT_DATA,"[""elderly_ratio""]",,,,,,,,,,[]
라마72a32b,INSUFFICIENT_DATA,"[""elderly_ratio""]",,,,,,,,,,[]
라마72a33a,INSUFFICIENT_DATA,"[""elderly_ratio""]",,,,,,,,,,[]
라마72a33b,INSUFFICIENT_DATA,"[""elderly_ratio""]",,,,,,,,,,[]
라마72a34a,INSUFFICIENT_DATA,"[""elderly_ratio""]",,,,,,,,,,[]
라마72a34b,INSUFFICIENT_DATA,"[""elderly_ratio""]",,,,,,,,,,[]
라마72a35a,INSUFFICIENT_DATA,"[""elderly_ratio""]",,,,,,,,,,[]
라마72a35b,OK,[],50.0,100.0,32.91,63.82,60.97,HIGH,61.68,82.0,True,"[""HIGH_ELDERLY_RATIO"",""LOW_SHELTER_ACCESSIBILITY"",""HIGH_HEAT""]"
라마72a36a,INSUFFICIENT_DATA,"[""elderly_ratio""]",,,,,,,,,,[]
라마72a36b,INSUFFICIENT_DATA,"[""elderly_ratio""]",,,,,,,,,,[]
라마72a37a,INSUFFICIENT_DATA,"[""elderly_ratio""]",,,,,,,,,,[]
라마72a37b,INSUFFICIENT_DATA,"[""elderly_ratio""]",,,,,,,,,,[]
라마72a38a,INSUFFICIENT_DATA,"[""elderly_ratio""]",,,,,,,,,,[]
라마72a38b,INSUFFICIENT_DATA,"[""elderly_ratio""]",,,,,,,,,,[]
라마72a39a,INSUFFICIENT_DATA,"[""elderly_ratio""]",,,,,,,,,,[]
라마72a39b,OK,[],50.0,0.0,2.18,38.41,17.39,LOW,22.65,935.0,False,"[""HIGH_HEAT""]"
라마72a40a,OK,[],50.0,100.0,29.06,53.08,59.69,HIGH,58.03,150.0,True,"[""HIGH_ELDERLY_RATIO"",""LOW_SHELTER_ACCESSIBILITY"",""HIGH_HEAT""]"
라마72b25a,INSUFFICIENT_DATA,"[""elderly_ratio""]",,,,,,,,,,[]
라마72b25b,INSUFFICIENT_DATA,"[""elderly_ratio""]",,,,,,,,,,[]
라마72b26a,INSUFFICIENT_DATA,"[""elderly_ratio""]",,,,,,,,,,[]
라마72b26b,OK,[],50.0,0.0,1.18,77.89,17.06,LOW,32.27,820.0,False,"[""LOW_SHELTER_ACCESSIBILITY"",""HIGH_HEAT""]"
라마72b27a,OK,[],50.0,0.0,90.45,70.08,46.82,MODERATE,52.63,282.0,False,"[""HIGH_FARMLAND_RATIO"",""LOW_SHELTER_ACCESSIBILITY"",""HIGH_HEAT""]"
라마72b27b,OK,[],50.0,87.5,82.99,65.02,73.5,HIGH,71.38,6.0,True,"[""HIGH_ELDERLY_RATIO"",""HIGH_FARMLAND_RATIO"",""LOW_SHELTER_ACCESSIBILITY""]"
라마72b28a,OK,[],50.0,90.74,40.09,51.22,60.28,HIGH,58.01,151.0,True,"[""HIGH_ELDERLY_RATIO"",""LOW_SHELTER_ACCESSIBILITY"",""HIGH_HEAT""]"
라마72b28b,INSUFFICIENT_DATA,"[""elderly_ratio""]",,,,,,,,,,[]
라마72b29a,INSUFFICIENT_DATA,"[""elderly_ratio""]",,,,,,,,,,[]
라마72b29b,OK,[],50.0,79.55,0.0,6.62,43.18,MODERATE,34.04,781.0,False,"[""HIGH_ELDERLY_RATIO"",""HIGH_HEAT""]"
라마72b30a,OK,[],50.0,62.22,52.93,5.5,55.05,HIGH,42.66,559.0,True,"[""HIGH_ELDERLY_RATIO"",""HIGH_FARMLAND_RATIO"",""HIGH_HEAT""]"
라마72b30b,INSUFFICIENT_DATA,"[""elderly_ratio""]",,,,,,,,,,[]
라마72b31a,INSUFFICIENT_DATA,"[""elderly_ratio""]",,,,,,,,,,[]
라마72b31b,INSUFFICIENT_DATA,"[""elderly_ratio""]",,,,,,,,,,[]
라마72b32a,INSUFFICIENT_DATA,"[""elderly_ratio""]",,,,,,,,,,[]
라마72b32b,INSUFFICIENT_DATA,"[""elderly_ratio""]",,,,,,,,,,[]
라마72b33a,INSUFFICIENT_DATA,"[""elderly_ratio""]",,,,,,,,,,[]
라마72b33b,INSUFFICIENT_DATA,"[""elderly_ratio""]",,,,,,,,,,[]
라마72b34a,INSUFFICIENT_DATA,"[""elderly_ratio""]",,,,,,,,,,[]
라마72b34b,INSUFFICIENT_DATA,"[""elderly_ratio""]",,,,,,,,,,[]
라마72b35a,INSUFFICIENT_DATA,"[""elderly_ratio""]",,,,,,,,,,[]
라마72b35b,INSUFFICIENT_DATA,"[""elderly_ratio""]",,,,,,,,,,[]
라마72b36a,INSUFFICIENT_DATA,"[""elderly_ratio""]",,,,,,,,,,[]
라마72b36b,INSUFFICIENT_DATA,"[""elderly_ratio""]",,,,,,,,,,[]
라마72b37a,INSUFFICIENT_DATA,"[""elderly_ratio""]",,,,,,,,,,[]
라마72b37b,INSUFFICIENT_DATA,"[""elderly_ratio""]",,,,,,,,,,[]
라마72b38a,INSUFFICIENT_DATA,"[""elderly_ratio""]",,,,,,,,,,[]
라마72b38b,INSUFFICIENT_DATA,"[""elderly_ratio""]",,,,,,,,,,[]
라마72b39a,INSUFFICIENT_DATA,"[""elderly_ratio""]",,,,,,,,,,[]
라마72b39b,INSUFFICIENT_DATA,"[""elderly_ratio""]",,,,,,,,,,[]
라마73a25a,INSUFFICIENT_DATA,"[""elderly_ratio""]",,,,,,,,,,[]
라마73a25b,INSUFFICIENT_DATA,"[""elderly_ratio""]",,,,,,,,,,[]
라마73a26a,INSUFFICIENT_DATA,"[""elderly_ratio""]",,,,,,,,,,[]
라마73a26b,INSUFFICIENT_DATA,"[""elderly_ratio""]",,,,,,,,,,[]
라마73a27a,INSUFFICIENT_DATA,"[""elderly_ratio""]",,,,,,,,,,[]
라마73a27b,INSUFFICIENT_DATA,"[""elderly_ratio""]",,,,,,,,,,[]
라마73a28a,INSUFFICIENT_DATA,"[""elderly_ratio""]",,,,,,,,,,[]
라마73a28b,INSUFFICIENT_DATA,"[""elderly_ratio""]",,,,,,,,,,[]
라마73a29a,OK,[],50.0,0.0,9.85,19.58,19.95,LOW,19.86,968.0,False,"[""HIGH_HEAT""]"
라마73a29b,OK,[],50.0,54.44,3.01,5.06,35.82,MODERATE,28.13,878.0,False,"[""HIGH_ELDERLY_RATIO"",""HIGH_HEAT""]"
라마73a30a,INSUFFICIENT_DATA,"[""elderly_ratio""]",,,,,,,,,,[]
라마73a30b,INSUFFICIENT_DATA,"[""elderly_ratio""]",,,,,,,,,,[]
라마73a31a,OK,[],50.0,79.17,39.95,25.26,56.37,HIGH,48.59,393.0,True,"[""HIGH_ELDERLY_RATIO"",""HIGH_HEAT""]"
라마73a31b,INSUFFICIENT_DATA,"[""elderly_ratio""]",,,,,,,,,,[]
라마73a32a,INSUFFICIENT_DATA,"[""elderly_ratio""]",,,,,,,,,,[]
라마73a32b,INSUFFICIENT_DATA,"[""elderly_ratio""]",,,,,,,,,,[]
라마73a33a,INSUFFICIENT_DATA,"[""elderly_ratio""]",,,,,,,,,,[]
라마73a33b,INSUFFICIENT_DATA,"[""elderly_ratio""]",,,,,,,,,,[]
라마73a34a,INSUFFICIENT_DATA,"[""elderly_ratio""]",,,,,,,,,,[]
라마73a34b,INSUFFICIENT_DATA,"[""elderly_ratio""]",,,,,,,,,,[]
라마73a35a,OK,[],50.0,67.08,54.2,59.86,57.09,HIGH,57.78,156.0,True,"[""HIGH_ELDERLY_RATIO"",""LOW_SHELTER_ACCESSIBILITY"",""HIGH_FARMLAND_RATIO""]"
라마73a35b,INSUFFICIENT_DATA,"[""elderly_ratio""]",,,,,,,,,,[]
라마73a36a,INSUFFICIENT_DATA,"[""elderly_ratio""]",,,,,,,,,,[]
라마73a36b,INSUFFICIENT_DATA,"[""elderly_ratio""]",,,,,,,,,,[]
라마73a37a,INSUFFICIENT_DATA,"[""elderly_ratio""]",,,,,,,,,,[]
라마73a37b,INSUFFICIENT_DATA,"[""elderly_ratio""]",,,,,,,,,,[]
라마73a38a,INSUFFICIENT_DATA,"[""elderly_ratio""]",,,,,,,,,,[]
라마73a38b,OK,[],50.0,68.94,48.51,46.24,55.82,HIGH,53.42,261.0,True,"[""HIGH_ELDERLY_RATIO"",""HIGH_HEAT""]"
라마73a39a,OK,[],50.0,87.5,49.04,50.88,62.18,HIGH,59.36,118.0,True,"[""HIGH_ELDERLY_RATIO"",""LOW_SHELTER_ACCESSIBILITY"",""HIGH_HEAT""]"
라마73a39b,INSUFFICIENT_DATA,"[""elderly_ratio""]",,,,,,,,,,[]
라마73b25a,INSUFFICIENT_DATA,"[""elderly_ratio""]",,,,,,,,,,[]
라마73b25b,INSUFFICIENT_DATA,"[""elderly_ratio""]",,,,,,,,,,[]
라마73b26a,INSUFFICIENT_DATA,"[""elderly_ratio""]",,,,,,,,,,[]
라마73b26b,INSUFFICIENT_DATA,"[""elderly_ratio""]",,,,,,,,,,[]
라마73b27a,INSUFFICIENT_DATA,"[""elderly_ratio""]",,,,,,,,,,[]
라마73b27b,INSUFFICIENT_DATA,"[""elderly_ratio""]",,,,,,,,,,[]
라마73b28a,INSUFFICIENT_DATA,"[""elderly_ratio""]",,,,,,,,,,[]
라마73b28b,INSUFFICIENT_DATA,"[""elderly_ratio""]",,,,,,,,,,[]
라마73b29a,OK,[],50.0,85.96,64.13,27.51,66.7,HIGH,56.9,177.0,True,"[""HIGH_ELDERLY_RATIO"",""HIGH_FARMLAND_RATIO"",""HIGH_HEAT""]"
라마73b29b,INSUFFICIENT_DATA,"[""elderly_ratio""]",,,,,,,,,,[]
라마73b30a,INSUFFICIENT_DATA,"[""elderly_ratio""]",,,,,,,,,,[]
라마73b30b,INSUFFICIENT_DATA,"[""elderly_ratio""]",,,,,,,,,,[]
라마73b31a,OK,[],50.0,82.35,100.0,16.41,77.45,VERY_HIGH,62.19,76.0,True,"[""HIGH_FARMLAND_RATIO"",""HIGH_ELDERLY_RATIO"",""HIGH_HEAT""]"
라마73b31b,OK,[],50.0,33.33,21.01,2.8,34.78,MODERATE,26.79,897.0,False,"[""HIGH_HEAT""]"
라마73b32a,OK,[],50.0,100.0,0.2,6.53,50.07,HIGH,39.18,662.0,True,"[""HIGH_ELDERLY_RATIO"",""HIGH_HEAT""]"
라마73b32b,INSUFFICIENT_DATA,"[""elderly_ratio""]",,,,,,,,,,[]
라마73b33a,INSUFFICIENT_DATA,"[""elderly_ratio""]",,,,,,,,,,[]
라마73b33b,INSUFFICIENT_DATA,"[""elderly_ratio""]",,,,,,,,,,[]
라마73b34a,OK,[],50.0,77.78,34.74,49.78,54.17,HIGH,53.08,270.0,True,"[""HIGH_ELDERLY_RATIO"",""HIGH_HEAT""]"
라마73b34b,INSUFFICIENT_DATA,"[""elderly_ratio""]",,,,,,,,,,[]
라마73b35a,INSUFFICIENT_DATA,"[""elderly_ratio""]",,,,,,,,,,[]
라마73b35b,INSUFFICIENT_DATA,"[""elderly_ratio""]",,,,,,,,,,[]
라마73b36a,INSUFFICIENT_DATA,"[""elderly_ratio""]",,,,,,,,,,[]
라마73b36b,INSUFFICIENT_DATA,"[""elderly_ratio""]",,,,,,,,,,[]
라마73b37a,OK,[],50.0,79.55,82.11,0.0,70.55,HIGH,52.91,274.0,False,"[""HIGH_FARMLAND_RATIO"",""HIGH_ELDERLY_RATIO"",""HIGH_HEAT""]"
라마73b37b,OK,[],50.0,60.49,80.61,11.17,63.7,HIGH,50.57,333.0,True,"[""HIGH_FARMLAND_RATIO"",""HIGH_ELDERLY_RATIO"",""HIGH_HEAT""]"
라마73b38a,OK,[],50.0,0.0,53.78,26.85,34.59,MODERATE,32.66,811.0,False,"[""HIGH_FARMLAND_RATIO"",""HIGH_HEAT""]"
라마73b38b,OK,[],50.0,58.33,26.51,42.68,44.95,MODERATE,44.38,511.0,False,"[""HIGH_ELDERLY_RATIO"",""HIGH_HEAT""]"
라마73b39a,INSUFFICIENT_DATA,"[""elderly_ratio""]",,,,,,,,,,[]
라마73b39b,INSUFFICIENT_DATA,"[""elderly_ratio""]",,,,,,,,,,[]
라마74a24a,INSUFFICIENT_DATA,"[""elderly_ratio""]",,,,,,,,,,[]
라마74a24b,INSUFFICIENT_DATA,"[""elderly_ratio""]",,,,,,,,,,[]
라마74a25a,INSUFFICIENT_DATA,"[""elderly_ratio""]",,,,,,,,,,[]
라마74a25b,INSUFFICIENT_DATA,"[""elderly_ratio""]",,,,,,,,,,[]
라마74a26a,INSUFFICIENT_DATA,"[""elderly_ratio""]",,,,,,,,,,[]
라마74a26b,INSUFFICIENT_DATA,"[""elderly_ratio""]",,,,,,,,,,[]
라마74a27a,INSUFFICIENT_DATA,"[""elderly_ratio""]",,,,,,,,,,[]
라마74a27b,INSUFFICIENT_DATA,"[""elderly_ratio""]",,,,,,,,,,[]
라마74a28a,OK,[],50.0,68.94,30.23,60.45,49.72,MODERATE,52.41,286.0,False,"[""HIGH_ELDERLY_RATIO"",""LOW_SHELTER_ACCESSIBILITY"",""HIGH_HEAT""]"
라마74a28b,OK,[],50.0,65.33,53.49,50.0,56.27,HIGH,54.7,229.0,True,"[""HIGH_ELDERLY_RATIO"",""HIGH_FARMLAND_RATIO"",""HIGH_HEAT""]"
라마74a29a,OK,[],50.0,51.85,51.04,39.8,50.96,HIGH,48.17,400.0,True,"[""HIGH_ELDERLY_RATIO"",""HIGH_FARMLAND_RATIO"",""HIGH_HEAT""]"
라마74a29b,OK,[],50.0,71.79,70.3,33.55,64.03,HIGH,56.41,190.0,True,"[""HIGH_ELDERLY_RATIO"",""HIGH_FARMLAND_RATIO"",""HIGH_HEAT""]"
라마74a30a,INSUFFICIENT_DATA,"[""elderly_ratio""]",,,,,,,,,,[]
라마74a30b,INSUFFICIENT_DATA,"[""elderly_ratio""]",,,,,,,,,,[]
라마74a31a,INSUFFICIENT_DATA,"[""elderly_ratio""]",,,,,,,,,,[]
라마74a31b,OK,[],50.0,0.0,81.96,4.39,43.99,MODERATE,34.09,780.0,False,"[""HIGH_FARMLAND_RATIO"",""HIGH_HEAT""]"
라마74a32a,OK,[],50.0,84.48,43.92,7.7,59.47,HIGH,46.52,453.0,True,"[""HIGH_ELDERLY_RATIO"",""HIGH_HEAT""]"
라마74a32b,OK,[],50.0,74.24,43.43,21.8,55.89,HIGH,47.37,425.0,True,"[""HIGH_ELDERLY_RATIO"",""HIGH_HEAT""]"
라마74a33a,INSUFFICIENT_DATA,"[""elderly_ratio""]",,,,,,,,,,[]
라마74a33b,INSUFFICIENT_DATA,"[""elderly_ratio""]",,,,,,,,,,[]
라마74a34a,INSUFFICIENT_DATA,"[""elderly_ratio""]",,,,,,,,,,[]
라마74a34b,INSUFFICIENT_DATA,"[""elderly_ratio""]",,,,,,,,,,[]
라마74a35a,INSUFFICIENT_DATA,"[""elderly_ratio""]",,,,,,,,,,[]
라마74a35b,INSUFFICIENT_DATA,"[""elderly_ratio""]",,,,,,,,,,[]
라마74a36a,INSUFFICIENT_DATA,"[""elderly_ratio""]",,,,,,,,,,[]
라마74a36b,OK,[],50.0,0.0,11.85,12.67,20.62,LOW,18.63,978.0,False,"[""HIGH_HEAT""]"
라마74a37a,OK,[],50.0,83.7,65.71,5.83,66.47,HIGH,51.31,315.0,True,"[""HIGH_ELDERLY_RATIO"",""HIGH_FARMLAND_RATIO"",""HIGH_HEAT""]"
라마74a37b,INSUFFICIENT_DATA,"[""elderly_ratio""]",,,,,,,,,,[]
라마74a38a,INSUFFICIENT_DATA,"[""elderly_ratio""]",,,,,,,,,,[]
라마74a38b,INSUFFICIENT_DATA,"[""elderly_ratio""]",,,,,,,,,,[]
라마74a39a,INSUFFICIENT_DATA,"[""elderly_ratio""]",,,,,,,,,,[]
라마74b24a,INSUFFICIENT_DATA,"[""elderly_ratio""]",,,,,,,,,,[]
라마74b24b,OK,[],50.0,81.67,34.79,76.78,55.49,HIGH,60.81,94.0,True,"[""HIGH_ELDERLY_RATIO"",""LOW_SHELTER_ACCESSIBILITY"",""HIGH_HEAT""]"
라마74b25a,OK,[],50.0,100.0,13.11,63.1,54.37,HIGH,56.55,188.0,True,"[""HIGH_ELDERLY_RATIO"",""LOW_SHELTER_ACCESSIBILITY"",""HIGH_HEAT""]"
라마74b25b,INSUFFICIENT_DATA,"[""elderly_ratio""]",,,,,,,,,,[]
라마74b26a,INSUFFICIENT_DATA,"[""elderly_ratio""]",,,,,,,,,,[]
라마74b26b,INSUFFICIENT_DATA,"[""elderly_ratio""]",,,,,,,,,,[]
라마74b27a,INSUFFICIENT_DATA,"[""elderly_ratio""]",,,,,,,,,,[]
라마74b27b,INSUFFICIENT_DATA,"[""elderly_ratio""]",,,,,,,,,,[]
라마74b28a,INSUFFICIENT_DATA,"[""elderly_ratio""]",,,,,,,,,,[]
라마74b28b,INSUFFICIENT_DATA,"[""elderly_ratio""]",,,,,,,,,,[]
라마74b29a,INSUFFICIENT_DATA,"[""elderly_ratio""]",,,,,,,,,,[]
라마74b29b,OK,[],50.0,68.63,87.35,25.96,68.66,HIGH,57.98,155.0,True,"[""HIGH_FARMLAND_RATIO"",""HIGH_ELDERLY_RATIO"",""HIGH_HEAT""]"
라마74b30a,INSUFFICIENT_DATA,"[""elderly_ratio""]",,,,,,,,,,[]
라마74b30b,OK,[],50.0,0.0,27.71,36.78,25.9,MODERATE,28.62,874.0,False,"[""HIGH_HEAT""]"
라마74b31a,INSUFFICIENT_DATA,"[""elderly_ratio""]",,,,,,,,,,[]
라마74b31b,INSUFFICIENT_DATA,"[""elderly_ratio""]",,,,,,,,,,[]
라마74b32a,INSUFFICIENT_DATA,"[""elderly_ratio""]",,,,,,,,,,[]
라마74b32b,INSUFFICIENT_DATA,"[""elderly_ratio""]",,,,,,,,,,[]
라마74b33a,INSUFFICIENT_DATA,"[""elderly_ratio""]",,,,,,,,,,[]
라마74b33b,INSUFFICIENT_DATA,"[""elderly_ratio""]",,,,,,,,,,[]
라마74b34a,INSUFFICIENT_DATA,"[""elderly_ratio""]",,,,,,,,,,[]
라마74b34b,INSUFFICIENT_DATA,"[""elderly_ratio""]",,,,,,,,,,[]
라마74b35a,INSUFFICIENT_DATA,"[""elderly_ratio""]",,,,,,,,,,[]
라마74b35b,INSUFFICIENT_DATA,"[""elderly_ratio""]",,,,,,,,,,[]
라마74b36a,INSUFFICIENT_DATA,"[""elderly_ratio""]",,,,,,,,,,[]
라마74b36b,OK,[],50.0,83.76,41.5,0.0,58.42,HIGH,43.81,527.0,False,"[""HIGH_ELDERLY_RATIO"",""HIGH_HEAT""]"
라마74b37a,OK,[],50.0,60.49,15.24,7.14,41.91,MODERATE,33.22,799.0,False,"[""HIGH_ELDERLY_RATIO"",""HIGH_HEAT""]"
라마74b37b,INSUFFICIENT_DATA,"[""elderly_ratio""]",,,,,,,,,,[]
라마74b38a,INSUFFICIENT_DATA,"[""elderly_ratio""]",,,,,,,,,,[]
라마74b38b,INSUFFICIENT_DATA,"[""elderly_ratio""]",,,,,,,,,,[]
라마75a24a,OK,[],50.0,0.0,40.6,85.99,30.2,MODERATE,44.15,516.0,False,"[""LOW_SHELTER_ACCESSIBILITY"",""HIGH_HEAT""]"
라마75a24b,OK,[],50.0,84.85,28.5,70.67,54.45,HIGH,58.5,133.0,True,"[""HIGH_ELDERLY_RATIO"",""LOW_SHELTER_ACCESSIBILITY"",""HIGH_HEAT""]"
라마75a25a,INSUFFICIENT_DATA,"[""elderly_ratio""]",,,,,,,,,,[]
라마75a25b,INSUFFICIENT_DATA,"[""elderly_ratio""]",,,,,,,,,,[]
라마75a26a,INSUFFICIENT_DATA,"[""elderly_ratio""]",,,,,,,,,,[]
라마75a26b,INSUFFICIENT_DATA,"[""elderly_ratio""]",,,,,,,,,,[]
라마75a27a,INSUFFICIENT_DATA,"[""elderly_ratio""]",,,,,,,,,,[]
라마75a27b,INSUFFICIENT_DATA,"[""elderly_ratio""]",,,,,,,,,,[]
라마75a28a,INSUFFICIENT_DATA,"[""elderly_ratio""]",,,,,,,,,,[]
라마75a28b,INSUFFICIENT_DATA,"[""elderly_ratio""]",,,,,,,,,,[]
라마75a29a,INSUFFICIENT_DATA,"[""elderly_ratio""]",,,,,,,,,,[]
라마75a29b,INSUFFICIENT_DATA,"[""elderly_ratio""]",,,,,,,,,,[]
라마75a30a,INSUFFICIENT_DATA,"[""elderly_ratio""]",,,,,,,,,,[]
라마75a30b,OK,[],50.0,74.47,23.69,26.72,49.39,MODERATE,43.72,530.0,False,"[""HIGH_ELDERLY_RATIO"",""HIGH_HEAT""]"
라마75a31a,OK,[],50.0,90.15,28.95,39.95,56.37,HIGH,52.26,288.0,True,"[""HIGH_ELDERLY_RATIO"",""HIGH_HEAT""]"
라마75a31b,INSUFFICIENT_DATA,"[""elderly_ratio""]",,,,,,,,,,[]
라마75a32a,INSUFFICIENT_DATA,"[""elderly_ratio""]",,,,,,,,,,[]
라마75a32b,INSUFFICIENT_DATA,"[""elderly_ratio""]",,,,,,,,,,[]
라마75a33a,INSUFFICIENT_DATA,"[""elderly_ratio""]",,,,,,,,,,[]
라마75a33b,INSUFFICIENT_DATA,"[""elderly_ratio""]",,,,,,,,,,[]
라마75a34a,OK,[],50.0,68.06,67.58,3.93,61.88,HIGH,47.39,424.0,True,"[""HIGH_ELDERLY_RATIO"",""HIGH_FARMLAND_RATIO"",""HIGH_HEAT""]"
라마75a34b,INSUFFICIENT_DATA,"[""elderly_ratio""]",,,,,,,,,,[]
라마75a35a,INSUFFICIENT_DATA,"[""elderly_ratio""]",,,,,,,,,,[]
라마75a35b,INSUFFICIENT_DATA,"[""elderly_ratio""]",,,,,,,,,,[]
라마75a36a,INSUFFICIENT_DATA,"[""elderly_ratio""]",,,,,,,,,,[]
라마75a36b,INSUFFICIENT_DATA,"[""elderly_ratio""]",,,,,,,,,,[]
라마75a37a,INSUFFICIENT_DATA,"[""elderly_ratio""]",,,,,,,,,,[]
라마75a37b,INSUFFICIENT_DATA,"[""elderly_ratio""]",,,,,,,,,,[]
라마75a38a,INSUFFICIENT_DATA,"[""elderly_ratio""]",,,,,,,,,,[]
라마75a38b,INSUFFICIENT_DATA,"[""elderly_ratio""]",,,,,,,,,,[]
라마75a39a,INSUFFICIENT_DATA,"[""elderly_ratio""]",,,,,,,,,,[]
라마75b24a,INSUFFICIENT_DATA,"[""elderly_ratio""]",,,,,,,,,,[]
라마75b24b,OK,[],50.0,83.33,45.05,67.55,59.46,HIGH,61.48,86.0,True,"[""HIGH_ELDERLY_RATIO"",""LOW_SHELTER_ACCESSIBILITY"",""HIGH_HEAT""]"
라마75b25a,OK,[],50.0,0.0,13.42,51.72,21.14,LOW,28.79,871.0,False,"[""LOW_SHELTER_ACCESSIBILITY"",""HIGH_HEAT""]"
라마75b25b,INSUFFICIENT_DATA,"[""elderly_ratio""]",,,,,,,,,,[]
라마75b26a,INSUFFICIENT_DATA,"[""elderly_ratio""]",,,,,,,,,,[]
라마75b26b,OK,[],50.0,56.0,38.66,5.72,48.22,MODERATE,37.59,709.0,False,"[""HIGH_ELDERLY_RATIO"",""HIGH_HEAT""]"
라마75b27a,OK,[],50.0,89.74,29.61,3.17,56.45,HIGH,43.13,551.0,False,"[""HIGH_ELDERLY_RATIO"",""HIGH_HEAT""]"
라마75b27b,INSUFFICIENT_DATA,"[""elderly_ratio""]",,,,,,,,,,[]
라마75b28a,INSUFFICIENT_DATA,"[""elderly_ratio""]",,,,,,,,,,[]
라마75b28b,OK,[],50.0,0.0,6.3,28.96,18.77,LOW,21.32,954.0,False,"[""HIGH_HEAT""]"
라마75b29a,INSUFFICIENT_DATA,"[""elderly_ratio""]",,,,,,,,,,[]
라마75b29b,OK,[],50.0,93.33,42.38,0.0,61.9,HIGH,46.43,456.0,False,"[""HIGH_ELDERLY_RATIO"",""HIGH_HEAT""]"
라마75b30a,INSUFFICIENT_DATA,"[""elderly_ratio""]",,,,,,,,,,[]
라마75b30b,OK,[],50.0,0.0,98.41,22.58,49.47,MODERATE,42.75,557.0,False,"[""HIGH_FARMLAND_RATIO"",""HIGH_HEAT""]"
라마75b31a,INSUFFICIENT_DATA,"[""elderly_ratio""]",,,,,,,,,,[]
라마75b31b,OK,[],50.0,87.5,20.08,49.56,52.53,HIGH,51.78,299.0,True,"[""HIGH_ELDERLY_RATIO"",""HIGH_HEAT""]"
라마75b32a,INSUFFICIENT_DATA,"[""elderly_ratio""]",,,,,,,,,,[]
라마75b32b,INSUFFICIENT_DATA,"[""elderly_ratio""]",,,,,,,,,,[]
라마75b33a,OK,[],50.0,65.62,77.3,20.73,64.31,HIGH,53.41,262.0,True,"[""HIGH_FARMLAND_RATIO"",""HIGH_ELDERLY_RATIO"",""HIGH_HEAT""]"
라마75b33b,OK,[],50.0,80.77,51.31,6.55,60.69,HIGH,47.16,434.0,True,"[""HIGH_ELDERLY_RATIO"",""HIGH_FARMLAND_RATIO"",""HIGH_HEAT""]"
라마75b34a,OK,[],50.0,80.21,22.37,4.27,50.86,HIGH,39.21,661.0,True,"[""HIGH_ELDERLY_RATIO"",""HIGH_HEAT""]"
라마75b34b,INSUFFICIENT_DATA,"[""elderly_ratio""]",,,,,,,,,,[]
라마75b35a,INSUFFICIENT_DATA,"[""elderly_ratio""]",,,,,,,,,,[]
라마75b35b,INSUFFICIENT_DATA,"[""elderly_ratio""]",,,,,,,,,,[]
라마75b36a,INSUFFICIENT_DATA,"[""elderly_ratio""]",,,,,,,,,,[]
라마75b36b,INSUFFICIENT_DATA,"[""elderly_ratio""]",,,,,,,,,,[]
라마75b37a,OK,[],50.0,0.0,5.1,25.93,18.37,LOW,20.26,964.0,False,"[""HIGH_HEAT""]"
라마75b37b,INSUFFICIENT_DATA,"[""elderly_ratio""]",,,,,,,,,,[]
라마75b38a,OK,[],50.0,0.0,5.26,47.43,18.42,LOW,25.67,908.0,False,"[""HIGH_HEAT""]"
라마75b38b,INSUFFICIENT_DATA,"[""elderly_ratio""]",,,,,,,,,,[]
라마76a23b,INSUFFICIENT_DATA,"[""elderly_ratio""]",,,,,,,,,,[]
라마76a24a,INSUFFICIENT_DATA,"[""elderly_ratio""]",,,,,,,,,,[]
라마76a24b,OK,[],50.0,68.63,43.12,60.16,53.92,HIGH,55.48,209.0,True,"[""HIGH_ELDERLY_RATIO"",""LOW_SHELTER_ACCESSIBILITY"",""HIGH_HEAT""]"
라마76a25a,OK,[],50.0,85.56,8.95,52.05,48.17,MODERATE,49.14,376.0,False,"[""HIGH_ELDERLY_RATIO"",""LOW_SHELTER_ACCESSIBILITY"",""HIGH_HEAT""]"
라마76a25b,INSUFFICIENT_DATA,"[""elderly_ratio""]",,,,,,,,,,[]
라마76a26a,INSUFFICIENT_DATA,"[""elderly_ratio""]",,,,,,,,,,[]
라마76a26b,INSUFFICIENT_DATA,"[""elderly_ratio""]",,,,,,,,,,[]
라마76a27a,OK,[],50.0,85.96,35.44,5.03,57.13,HIGH,44.11,517.0,True,"[""HIGH_ELDERLY_RATIO"",""HIGH_HEAT""]"
라마76a27b,OK,[],50.0,61.76,13.51,17.94,41.76,MODERATE,35.8,751.0,False,"[""HIGH_ELDERLY_RATIO"",""HIGH_HEAT""]"
라마76a28a,INSUFFICIENT_DATA,"[""elderly_ratio""]",,,,,,,,,,[]
라마76a28b,INSUFFICIENT_DATA,"[""elderly_ratio""]",,,,,,,,,,[]
라마76a29a,INSUFFICIENT_DATA,"[""elderly_ratio""]",,,,,,,,,,[]
라마76a29b,INSUFFICIENT_DATA,"[""elderly_ratio""]",,,,,,,,,,[]
라마76a30a,INSUFFICIENT_DATA,"[""elderly_ratio""]",,,,,,,,,,[]
라마76a30b,INSUFFICIENT_DATA,"[""elderly_ratio""]",,,,,,,,,,[]
라마76a31a,OK,[],50.0,71.79,27.35,41.24,49.71,MODERATE,47.59,418.0,False,"[""HIGH_ELDERLY_RATIO"",""HIGH_HEAT""]"
라마76a31b,INSUFFICIENT_DATA,"[""elderly_ratio""]",,,,,,,,,,[]
라마76a32a,INSUFFICIENT_DATA,"[""elderly_ratio""]",,,,,,,,,,[]
라마76a32b,OK,[],50.0,91.92,11.84,25.35,51.25,HIGH,44.78,504.0,True,"[""HIGH_ELDERLY_RATIO"",""HIGH_HEAT""]"
라마76a33a,OK,[],50.0,70.0,0.0,29.03,40.0,MODERATE,37.26,721.0,False,"[""HIGH_ELDERLY_RATIO"",""HIGH_HEAT""]"
라마76a33b,INSUFFICIENT_DATA,"[""elderly_ratio""]",,,,,,,,,,[]
라마76a34a,INSUFFICIENT_DATA,"[""elderly_ratio""]",,,,,,,,,,[]
라마76a34b,INSUFFICIENT_DATA,"[""elderly_ratio""]",,,,,,,,,,[]
라마76a35a,INSUFFICIENT_DATA,"[""elderly_ratio""]",,,,,,,,,,[]
라마76a35b,INSUFFICIENT_DATA,"[""elderly_ratio""]",,,,,,,,,,[]
라마76a36a,INSUFFICIENT_DATA,"[""elderly_ratio""]",,,,,,,,,,[]
라마76a36b,OK,[],50.0,91.06,26.1,27.86,55.72,HIGH,48.76,388.0,True,"[""HIGH_ELDERLY_RATIO"",""HIGH_HEAT""]"
라마76a37a,OK,[],50.0,77.78,0.0,34.66,42.59,MODERATE,40.61,619.0,False,"[""HIGH_ELDERLY_RATIO"",""HIGH_HEAT""]"
라마76a37b,OK,[],50.0,100.0,5.11,45.64,51.7,HIGH,50.19,342.0,True,"[""HIGH_ELDERLY_RATIO"",""HIGH_HEAT""]"
라마76a38a,INSUFFICIENT_DATA,"[""elderly_ratio""]",,,,,,,,,,[]
라마76a38b,INSUFFICIENT_DATA,"[""elderly_ratio""]",,,,,,,,,,[]
라마76b23b,OK,[],50.0,0.0,2.84,36.86,17.61,LOW,22.43,938.0,False,"[""HIGH_HEAT""]"
라마76b24a,OK,[],50.0,0.0,14.55,43.12,21.52,LOW,26.92,894.0,False,"[""HIGH_HEAT""]"
라마76b24b,INSUFFICIENT_DATA,"[""elderly_ratio""]",,,,,,,,,,[]
라마76b25a,INSUFFICIENT_DATA,"[""elderly_ratio""]",,,,,,,,,,[]
라마76b25b,INSUFFICIENT_DATA,"[""elderly_ratio""]",,,,,,,,,,[]
라마76b26a,INSUFFICIENT_DATA,"[""elderly_ratio""]",,,,,,,,,,[]
라마76b26b,INSUFFICIENT_DATA,"[""elderly_ratio""]",,,,,,,,,,[]
라마76b27a,INSUFFICIENT_DATA,"[""elderly_ratio""]",,,,,,,,,,[]
라마76b27b,INSUFFICIENT_DATA,"[""elderly_ratio""]",,,,,,,,,,[]
라마76b28a,INSUFFICIENT_DATA,"[""elderly_ratio""]",,,,,,,,,,[]
라마76b28b,INSUFFICIENT_DATA,"[""elderly_ratio""]",,,,,,,,,,[]
라마76b29a,OK,[],50.0,63.64,6.9,31.04,40.18,MODERATE,37.9,701.0,False,"[""HIGH_ELDERLY_RATIO"",""HIGH_HEAT""]"
라마76b29b,OK,[],50.0,88.15,21.89,25.9,53.35,HIGH,46.48,455.0,True,"[""HIGH_ELDERLY_RATIO"",""HIGH_HEAT""]"
라마76b30a,INSUFFICIENT_DATA,"[""elderly_ratio""]",,,,,,,,,,[]
라마76b30b,INSUFFICIENT_DATA,"[""elderly_ratio""]",,,,,,,,,,[]
라마76b31a,INSUFFICIENT_DATA,"[""elderly_ratio""]",,,,,,,,,,[]
라마76b31b,INSUFFICIENT_DATA,"[""elderly_ratio""]",,,,,,,,,,[]
라마76b32a,INSUFFICIENT_DATA,"[""elderly_ratio""]",,,,,,,,,,[]
라마76b32b,INSUFFICIENT_DATA,"[""elderly_ratio""]",,,,,,,,,,[]
라마76b33a,INSUFFICIENT_DATA,"[""elderly_ratio""]",,,,,,,,,,[]
라마76b33b,INSUFFICIENT_DATA,"[""elderly_ratio""]",,,,,,,,,,[]
라마76b34a,INSUFFICIENT_DATA,"[""elderly_ratio""]",,,,,,,,,,[]
라마76b34b,INSUFFICIENT_DATA,"[""elderly_ratio""]",,,,,,,,,,[]
라마76b35a,INSUFFICIENT_DATA,"[""elderly_ratio""]",,,,,,,,,,[]
라마76b35b,OK,[],50.0,64.81,7.66,23.23,40.82,MODERATE,36.42,737.0,False,"[""HIGH_ELDERLY_RATIO"",""HIGH_HEAT""]"
라마76b36a,OK,[],50.0,80.77,83.05,12.73,71.27,HIGH,56.64,184.0,True,"[""HIGH_FARMLAND_RATIO"",""HIGH_ELDERLY_RATIO"",""HIGH_HEAT""]"
라마76b36b,OK,[],50.0,73.89,74.29,12.77,66.06,HIGH,52.74,277.0,True,"[""HIGH_FARMLAND_RATIO"",""HIGH_ELDERLY_RATIO"",""HIGH_HEAT""]"
라마76b37a,OK,[],50.0,55.56,25.3,23.31,43.62,MODERATE,38.54,683.0,False,"[""HIGH_ELDERLY_RATIO"",""HIGH_HEAT""]"
라마76b37b,OK,[],50.0,66.67,29.01,37.27,48.56,MODERATE,45.74,481.0,False,"[""HIGH_ELDERLY_RATIO"",""HIGH_HEAT""]"
라마76b38a,INSUFFICIENT_DATA,"[""elderly_ratio""]",,,,,,,,,,[]
라마76b38b,OK,[],50.0,75.0,37.11,67.6,54.04,HIGH,57.43,163.0,True,"[""HIGH_ELDERLY_RATIO"",""LOW_SHELTER_ACCESSIBILITY"",""HIGH_HEAT""]"
라마77a23a,INSUFFICIENT_DATA,"[""elderly_ratio""]",,,,,,,,,,[]
라마77a23b,OK,[],50.0,100.0,91.84,21.65,80.61,VERY_HIGH,65.87,27.0,True,"[""HIGH_ELDERLY_RATIO"",""HIGH_FARMLAND_RATIO"",""HIGH_HEAT""]"
라마77a24a,OK,[],50.0,0.0,9.0,28.41,19.67,LOW,21.85,948.0,False,"[""HIGH_HEAT""]"
라마77a24b,INSUFFICIENT_DATA,"[""elderly_ratio""]",,,,,,,,,,[]
라마77a25a,INSUFFICIENT_DATA,"[""elderly_ratio""]",,,,,,,,,,[]
라마77a25b,INSUFFICIENT_DATA,"[""elderly_ratio""]",,,,,,,,,,[]
라마77a26a,INSUFFICIENT_DATA,"[""elderly_ratio""]",,,,,,,,,,[]
라마77a26b,INSUFFICIENT_DATA,"[""elderly_ratio""]",,,,,,,,,,[]
라마77a29a,INSUFFICIENT_DATA,"[""elderly_ratio""]",,,,,,,,,,[]
라마77a29b,INSUFFICIENT_DATA,"[""elderly_ratio""]",,,,,,,,,,[]
라마77a30a,INSUFFICIENT_DATA,"[""elderly_ratio""]",,,,,,,,,,[]
라마77a30b,OK,[],50.0,75.0,59.63,49.59,61.54,HIGH,58.55,129.0,True,"[""HIGH_ELDERLY_RATIO"",""HIGH_FARMLAND_RATIO"",""HIGH_HEAT""]"
라마77a31a,INSUFFICIENT_DATA,"[""elderly_ratio""]",,,,,,,,,,[]
라마77a31b,INSUFFICIENT_DATA,"[""elderly_ratio""]",,,,,,,,,,[]
라마77a32a,INSUFFICIENT_DATA,"[""elderly_ratio""]",,,,,,,,,,[]
라마77a32b,OK,[],50.0,64.81,10.55,0.0,41.79,MODERATE,31.34,832.0,False,"[""HIGH_ELDERLY_RATIO"",""HIGH_HEAT""]"
라마77a33a,INSUFFICIENT_DATA,"[""elderly_ratio""]",,,,,,,,,,[]
라마77a33b,INSUFFICIENT_DATA,"[""elderly_ratio""]",,,,,,,,,,[]
라마77a35a,INSUFFICIENT_DATA,"[""elderly_ratio""]",,,,,,,,,,[]
라마77a35b,INSUFFICIENT_DATA,"[""elderly_ratio""]",,,,,,,,,,[]
라마77a36a,OK,[],50.0,0.0,100.0,1.93,50.0,MODERATE,37.98,700.0,False,"[""HIGH_FARMLAND_RATIO"",""HIGH_HEAT""]"
라마77a36b,OK,[],50.0,48.92,81.4,2.02,60.11,HIGH,45.59,484.0,False,"[""HIGH_FARMLAND_RATIO"",""HIGH_HEAT""]"
라마77a37a,OK,[],50.0,0.0,11.42,17.88,20.47,LOW,19.82,969.0,False,"[""HIGH_HEAT""]"
라마77a37b,INSUFFICIENT_DATA,"[""elderly_ratio""]",,,,,,,,,,[]
라마77a38a,INSUFFICIENT_DATA,"[""elderly_ratio""]",,,,,,,,,,[]
라마77a38b,INSUFFICIENT_DATA,"[""elderly_ratio""]",,,,,,,,,,[]
라마77b23b,INSUFFICIENT_DATA,"[""elderly_ratio""]",,,,,,,,,,[]
라마77b24a,INSUFFICIENT_DATA,"[""elderly_ratio""]",,,,,,,,,,[]
라마77b24b,INSUFFICIENT_DATA,"[""elderly_ratio""]",,,,,,,,,,[]
라마77b25a,INSUFFICIENT_DATA,"[""elderly_ratio""]",,,,,,,,,,[]
라마77b25b,OK,[],50.0,55.09,19.1,38.51,41.4,MODERATE,40.67,614.0,False,"[""HIGH_ELDERLY_RATIO"",""HIGH_HEAT""]"
라마77b26a,OK,[],50.0,71.01,0.0,53.43,40.34,MODERATE,43.61,537.0,False,"[""HIGH_ELDERLY_RATIO"",""LOW_SHELTER_ACCESSIBILITY"",""HIGH_HEAT""]"
라마77b30b,INSUFFICIENT_DATA,"[""elderly_ratio""]",,,,,,,,,,[]
라마77b31a,INSUFFICIENT_DATA,"[""elderly_ratio""]",,,,,,,,,,[]
라마77b31b,INSUFFICIENT_DATA,"[""elderly_ratio""]",,,,,,,,,,[]
라마77b32a,INSUFFICIENT_DATA,"[""elderly_ratio""]",,,,,,,,,,[]
라마77b35b,OK,[],50.0,68.94,64.16,0.0,61.03,HIGH,45.77,478.0,False,"[""HIGH_ELDERLY_RATIO"",""HIGH_FARMLAND_RATIO"",""HIGH_HEAT""]"
라마77b36a,INSUFFICIENT_DATA,"[""elderly_ratio""]",,,,,,,,,,[]
라마77b36b,INSUFFICIENT_DATA,"[""elderly_ratio""]",,,,,,,,,,[]
라마77b37a,INSUFFICIENT_DATA,"[""elderly_ratio""]",,,,,,,,,,[]
라마77b37b,INSUFFICIENT_DATA,"[""elderly_ratio""]",,,,,,,,,,[]
라마78a23a,OK,[],50.0,81.67,75.44,2.29,69.04,HIGH,52.35,287.0,False,"[""HIGH_ELDERLY_RATIO"",""HIGH_FARMLAND_RATIO"",""HIGH_HEAT""]"
라마78a23b,OK,[],50.0,0.0,57.06,5.76,35.69,MODERATE,28.21,877.0,False,"[""HIGH_FARMLAND_RATIO"",""HIGH_HEAT""]"
라마78a24a,OK,[],50.0,61.76,61.8,1.12,57.85,HIGH,43.67,535.0,False,"[""HIGH_FARMLAND_RATIO"",""HIGH_ELDERLY_RATIO"",""HIGH_HEAT""]"
라마78a24b,OK,[],50.0,70.0,3.35,3.15,41.12,MODERATE,31.62,829.0,False,"[""HIGH_ELDERLY_RATIO"",""HIGH_HEAT""]"
라마78a25a,OK,[],50.0,60.49,20.09,18.93,43.53,MODERATE,37.38,716.0,False,"[""HIGH_ELDERLY_RATIO"",""HIGH_HEAT""]"
라마78a25b,INSUFFICIENT_DATA,"[""elderly_ratio""]",,,,,,,,,,[]
라마78a35b,INSUFFICIENT_DATA,"[""elderly_ratio""]",,,,,,,,,,[]
라마78b23a,INSUFFICIENT_DATA,"[""elderly_ratio""]",,,,,,,,,,[]
라마78b23b,INSUFFICIENT_DATA,"[""elderly_ratio""]",,,,,,,,,,[]
라마78b24a,INSUFFICIENT_DATA,"[""elderly_ratio""]",,,,,,,,,,[]
라마78b24b,INSUFFICIENT_DATA,"[""elderly_ratio""]",,,,,,,,,,[]
라마78b25a,INSUFFICIENT_DATA,"[""elderly_ratio""]",,,,,,,,,,[]
라마79a24b,INSUFFICIENT_DATA,"[""elderly_ratio""]",,,,,,,,,,[]
