grid_id,region_code,region_name,grid_area_m2,analysis_area_m2,centroid_x,centroid_y,longitude,latitude,nearest_shelter_distance_m,current_covered,farmland_area_m2,farmland_ratio,population,elderly_population,elderly_ratio
라마41a26a,48890450,대병면,250000.0,175841.22011701012,1041250.0,1726250.0,127.95500590290072,35.53134533893787,3299.608357803863,False,0.0,0.0,,,
라마41a26b,48890450,대병면,250000.0,185400.39191489285,1041250.0,1726750.0,127.95503135886834,35.53585351878049,3323.41517824437,False,0.0,0.0,,,
라마41a27a,48890450,대병면,250000.0,166400.5274560094,1041250.0,1727250.0,127.95505682048936,35.54036169523034,3420.92992899314,False,0.0,0.0,,,
라마41a27b,48890450,대병면,250000.0,159620.2656999472,1041250.0,1727750.0,127.95508228776497,35.54486986828721,3586.144825739329,False,0.0,0.0,,,
라마41b24b,48890450,대병면,250000.0,130514.36692305416,1041750.0,1724750.0,127.96044370854013,35.51779985719136,3219.639656877917,False,0.0,0.0,,,
라마41b25a,48890450,대병면,250000.0,129713.1562700151,1041750.0,1725250.0,127.96046945587165,35.5223080437506,3003.956166830152,False,2666.423430542079,0.0205563067557431,,,
라마41b25b,48890450,대병면,250000.0,217594.4985899433,1041750.0,1725750.0,127.96049520892124,35.52681622691722,2860.3191752552466,False,0.0,0.0,,,
라마41b26a,48890450,대병면,250000.0,250000.0,1041750.0,1726250.0,127.96052096769014,35.53132440669104,2799.839087595715,False,33.95825173548365,0.0001358330069419,0.0,,
라마41b26b,48890450,대병면,250000.0,250000.0,1041750.0,1726750.0,127.9605467321797,35.53583258307189,2827.8564405791108,False,9261.552162426731,0.0370462086497069,0.0,0.0,
라마41b27a,48890450,대병면,250000.0,250000.0,1041750.0,1727250.0,127.9605725023911,35.54034075605956,2941.843840284645,False,176.72919611711183,0.0007069167844684,,,
라마41b27b,48890450,대병면,250000.0,250000.0,1041750.0,1727750.0,127.96059827832568,35.54484892565388,3132.4300970199893,False,0.0,0.0,,,
라마41b28a,48890450,대병면,250000.0,219489.42363139067,1041750.0,1728250.0,127.96062405998472,35.549357091854674,3386.708054263404,False,0.0,0.0,,,
라마42a22b,48890450,대병면,250000.0,178722.7405206733,1042250.0,1722750.0,127.96585367771064,35.49974591712656,4264.630182477355,False,0.0,0.0,,,
라마42a23a,48890450,대병면,250000.0,250000.0,1042250.0,1723250.0,127.96587971022414,35.504254113753625,3852.887712533651,False,0.0,0.0,,,
라마42a23b,48890450,대병면,250000.0,250000.0,1042250.0,1723750.0,127.965905748519,35.50876230698844,3464.450440905274,False,0.0,0.0,,,
라마42a24a,48890450,대병면,250000.0,250000.0,1042250.0,1724250.0,127.9659317925965,35.51327049683079,3108.068530387433,False,0.0,0.0,,,
라마42a24b,48890450,대병면,250000.0,250000.0,1042250.0,1724750.0,127.96595784245795,35.517778683280504,2796.0263091896413,False,11432.010966184444,0.0457280438647377,,,
라마42a25a,48890450,대병면,250000.0,250000.0,1042250.0,1725250.0,127.96598389810468,35.52228686633742,2544.687849968361,False,21842.702138103254,0.087370808552413,0.0,0.0,
라마42a25b,48890450,대병면,250000.0,250000.0,1042250.0,1725750.0,127.96600995953791,35.52679504600131,2373.4172380499285,False,0.0,0.0,,,
라마42a26a,48890450,대병면,250000.0,250000.0,1042250.0,1726250.0,127.96603602675896,35.53130322227204,2300.17010631138,False,0.0,0.0,,,
라마42a26b,48890450,대병면,250000.0,250000.0,1042250.0,1726750.0,127.96606209976916,35.535811395149395,2334.1927191353448,False,30353.94468827848,0.1214157787531139,0.0,0.0,
라마42a27a,48890450,대병면,250000.0,250000.0,1042250.0,1727250.0,127.9660881785697,35.540319564633194,2471.0582312362467,False,28811.44941772212,0.1152457976708884,10.0,7.0,0.7
라마42a27b,48890450,대병면,250000.0,250000.0,1042250.0,1727750.0,127.96611426316196,35.544827730723256,2695.1441360818458,False,18542.42080737324,0.0741696832294929,35.0,17.0,0.4857142857142857
라마42a28a,48890450,대병면,250000.0,250000.0,1042250.0,1728250.0,127.9661403535472,35.5493358934194,2986.88383542988,False,0.0,0.0,,,
라마42a28b,48890450,대병면,250000.0,176002.14826971464,1042250.0,1728750.0,127.9661664497267,35.55384405272146,3328.535440467513,False,0.0,0.0,,,
라마42b22b,48890450,대병면,250000.0,250000.0,1042750.0,1722750.0,127.97136657327206,35.49972450534165,4017.306833543654,False,0.0,0.0,,,
라마42b23a,48890450,대병면,250000.0,250000.0,1042750.0,1723250.0,127.97139291382572,35.50423269842625,3577.209432914502,False,0.0,0.0,,,
라마42b23b,48890450,대병면,250000.0,250000.0,1042750.0,1723750.0,127.97141926022915,35.50874088811821,3155.011958618928,False,0.0,0.0,,,
라마42b24a,48890450,대병면,250000.0,250000.0,1042750.0,1724250.0,127.97144561248368,35.51324907441731,2758.9442892389825,False,0.0,0.0,,,
라마42b24b,48890450,대병면,250000.0,250000.0,1042750.0,1724750.0,127.9714719705906,35.5177572573234,2401.9672610633866,False,0.0,0.0,,,
라마42b25a,48890450,대병면,250000.0,250000.0,1042750.0,1725250.0,127.9714983345512,35.522265436836285,2104.0722077239407,False,0.0,0.0,,,
라마42b25b,48890450,대병면,250000.0,250000.0,1042750.0,1725750.0,127.9715247043668,35.52677361295579,1893.354955472494,False,8271.380973446368,0.0330855238937854,,,
라마42b26a,48890450,대병면,250000.0,250000.0,1042750.0,1726250.0,127.9715510800387,35.5312817856817,1800.6849028933968,False,1128.0425327092748,0.004512170130837,,,
라마42b26b,48890450,대병면,250000.0,250000.0,1042750.0,1726750.0,127.9715774615682,35.535789955013875,1843.94665096476,False,14949.643034954606,0.0597985721398184,16.0,7.0,0.4375
라마42b27a,48890450,대병면,250000.0,250000.0,1042750.0,1727250.0,127.97160384895662,35.54029812095209,2014.4012469466215,False,56613.72781880004,0.2264549112752001,6.0,0.0,0.0
라마42b27b,48890450,대병면,250000.0,250000.0,1042750.0,1727750.0,127.97163024220524,35.544806283496186,2283.7437500288984,False,23618.656335334173,0.0944746253413366,0.0,,
라마42b28a,48890450,대병면,250000.0,250000.0,1042750.0,1728250.0,127.97165664131543,35.54931444264597,2621.670964841318,False,0.0,0.0,,,
라마42b28b,48890450,대병면,250000.0,231281.46516922727,1042750.0,1728750.0,127.9716830462884,35.553822598401275,3005.134236600415,False,0.0,0.0,,,
라마43a19b,48890440,가회면,250000.0,169325.87541700073,1043250.0,1719750.0,127.97671969563793,35.47265363343155,3375.377686580286,False,0.0,0.0,,,
라마43a20a,48890440,가회면,250000.0,226394.50049199507,1043250.0,1720250.0,127.976746308749,35.477161843286424,3425.954358604676,False,0.0,0.0,,,
라마43a20b,48890440,가회면,250000.0,192844.5342169728,1043250.0,1720750.0,127.97677292777036,35.48167004974937,3546.9919660778296,False,0.0,0.0,,,
라마43a21a,48890440,가회면,250000.0,163464.26802702085,1043250.0,1721250.0,127.9767995527033,35.4861782528202,3731.640490132853,False,0.0,0.0,,,
라마43a21b,48890440,가회면,250000.0,197143.72948836617,1043250.0,1721750.0,127.9768261835492,35.49068645249869,3971.0363241573664,False,0.0,0.0,,,
라마43a22a,48890440,가회면,250000.0,236541.69056602736,1043250.0,1722250.0,127.9768528203093,35.495194648784704,4255.950919354632,False,0.0,0.0,,,
라마43a22b,48890450,대병면,250000.0,250000.0,1043250.0,1722750.0,127.97687946298498,35.49970284167805,3819.743158430451,False,0.0,0.0,,,
라마43a23a,48890450,대병면,250000.0,250000.0,1043250.0,1723250.0,127.9769061115775,35.504211031178514,3353.8203482703407,False,0.0,0.0,,,
라마43a23b,48890450,대병면,250000.0,250000.0,1043250.0,1723750.0,127.97693276608824,35.50871921728594,2899.2730227710776,False,0.0,0.0,,,
라마43a24a,48890450,대병면,250000.0,250000.0,1043250.0,1724250.0,127.97695942651843,35.51322740000013,2462.4088191573906,False,0.0,0.0,,,
라마43a24b,48890450,대병면,250000.0,250000.0,1043250.0,1724750.0,127.97698609286952,35.51773557932091,2054.5389567394545,False,0.0,0.0,,,
라마43a25a,48890450,대병면,250000.0,250000.0,1043250.0,1725250.0,127.9770127651427,35.522243755248084,1696.7037033188783,False,0.0,0.0,,,
라마43a25b,48890450,대병면,250000.0,250000.0,1043250.0,1725750.0,127.97703944333938,35.52675192778148,1427.0517120805218,False,0.0,0.0,,,
라마43a26a,48890450,대병면,250000.0,250000.0,1043250.0,1726250.0,127.97706612746082,35.5312600969209,1301.5950680022954,False,0.0,0.0,,,
라마43a26b,48890450,대병면,250000.0,250000.0,1043250.0,1726750.0,127.97709281750836,35.53576826266617,1360.8169800321614,False,15723.74662714929,0.0628949865085971,9.0,0.0,0.0
라마43a27a,48890450,대병면,250000.0,250000.0,1043250.0,1727250.0,127.97711951348332,35.540276425017105,1584.138878141624,False,19981.14983353264,0.0799245993341305,13.0,6.0,0.4615384615384615
라마43a27b,48890450,대병면,250000.0,250000.0,1043250.0,1727750.0,127.97714621538702,35.54478458397352,1914.98540917046,False,11050.305728427558,0.0442012229137102,0.0,0.0,
라마43a28a,48890450,대병면,250000.0,250000.0,1043250.0,1728250.0,127.97717292322082,35.54929273953523,2307.561970875692,False,1196.7691782058123,0.0047870767128232,,,
라마43a28b,48890450,대병면,250000.0,250000.0,1043250.0,1728750.0,127.97719963698596,35.55380089170206,2735.41868486849,False,0.0,0.0,,,
라마43a29a,48890310,봉산면,250000.0,248922.42373913084,1043250.0,1729250.0,127.97722635668389,35.558309040473816,3184.366265620776,False,0.0,0.0,,,
라마43a29b,48890310,봉산면,250000.0,221873.92252307912,1043250.0,1729750.0,127.97725308231576,35.56281718585032,3646.623321062865,False,0.0,0.0,,,
라마43b18a,48890440,가회면,250000.0,148314.55798864132,1043750.0,1718250.0,127.982150006287,35.45910710059,3199.5530079549803,False,0.0,0.0,,,
라마43b18b,48890440,가회면,250000.0,249542.07289687105,1043750.0,1718750.0,127.98217690909772,35.46361531699737,3013.491030498026,False,0.0,0.0,,,
라마43b19a,48890440,가회면,250000.0,250000.0,1043750.0,1719250.0,127.982203817883,35.46812353001296,2902.6051972444243,False,0.0,0.0,,,
라마43b19b,48890440,가회면,250000.0,250000.0,1043750.0,1719750.0,127.98223073264424,35.472631739636576,2875.6052704167582,False,0.0,0.0,,,
라마43b20a,48890440,가회면,250000.0,250000.0,1043750.0,1720250.0,127.98225765338276,35.47713994586805,2934.80738915298,False,0.0,0.0,,,
라마43b20b,48890440,가회면,250000.0,250000.0,1043750.0,1720750.0,127.9822845800999,35.48164814870719,3075.2370886819795,False,0.0,0.0,,,
라마43b21a,48890440,가회면,250000.0,250000.0,1043750.0,1721250.0,127.98231151279694,35.4861563481538,3286.498424126126,False,0.0,0.0,,,
라마43b21b,48890440,가회면,250000.0,250000.0,1043750.0,1721750.0,127.98233845147529,35.49066454420769,3555.9894026785005,False,1020.7434046154024,0.0040829736184616,0.0,,
라마43b22a,48890440,가회면,250000.0,250000.0,1043750.0,1722250.0,127.98236539613616,35.495172736868696,3871.569368116771,False,0.0,0.0,,,
라마43b22b,48890440,가회면,250000.0,250000.0,1043750.0,1722750.0,127.982392346781,35.499680926136634,3679.962146261281,False,0.0,0.0,,,
라마43b23a,48890450,대병면,250000.0,250000.0,1043750.0,1723250.0,127.9824193034111,35.5041891120113,3193.7117167978527,False,0.0,0.0,,,
라마43b23b,48890450,대병면,250000.0,250000.0,1043750.0,1723750.0,127.9824462660278,35.50869729449252,2712.4652370321432,False,0.0,0.0,,,
라마43b24a,48890450,대병면,250000.0,250000.0,1043750.0,1724250.0,127.98247323463244,35.5132054735801,2239.451002858467,False,16208.807040305395,0.0648352281612215,,,
라마43b24b,48890450,대병면,250000.0,250000.0,1043750.0,1724750.0,127.98250020922627,35.51771364927389,1781.2394354212304,False,16863.51893034429,0.0674540757213771,0.0,0.0,
라마43b25a,48890450,대병면,250000.0,250000.0,1043750.0,1725250.0,127.98252718981075,35.52222182157366,1352.9549358333024,False,4813.771898816819,0.0192550875952672,7.0,0.0,0.0
라마43b25b,48890450,대병면,250000.0,250000.0,1043750.0,1725750.0,127.98255417638718,35.52672999047926,994.0624681033114,False,0.0,0.0,,,
라마43b26a,48890450,대병면,250000.0,250000.0,1043750.0,1726250.0,127.98258116895684,35.531238155990486,803.6375567303949,False,1631.258821397667,0.0065250352855906,,,
라마43b26b,48890450,대병면,250000.0,250000.0,1043750.0,1726750.0,127.9826081675211,35.535746318107165,896.3852155650216,False,12193.76218161906,0.0487750487264762,0.0,0.0,
라마43b27a,48890450,대병면,250000.0,250000.0,1043750.0,1727250.0,127.98263517208127,35.54025447682911,1208.7926152899436,False,64686.15612683888,0.2587446245073555,41.0,26.0,0.6341463414634146
라마43b27b,48890450,대병면,250000.0,250000.0,1043750.0,1727750.0,127.98266218263876,35.544762632156136,1618.2869704954846,False,41479.16850797377,0.165916674031895,,,
라마43b28a,48890450,대병면,250000.0,250000.0,1043750.0,1728250.0,127.98268919919484,35.54927078408805,2067.97626944107,False,5645.044504756332,0.0225801780190253,0.0,0.0,
라마43b28b,48890450,대병면,250000.0,250000.0,1043750.0,1728750.0,127.98271622175083,35.553778932624695,2536.572290132366,False,638.2698938988256,0.0025530795755953,0.0,0.0,
라마43b29a,48890450,대병면,250000.0,250000.0,1043750.0,1729250.0,127.98274325030812,35.558287077765854,3015.2731410542738,False,26.783991786485466,0.0001071359671459,,,
라마43b29b,48890310,봉산면,250000.0,249994.18845167183,1043750.0,1729750.0,127.98277028486808,35.56279521951137,3499.9350347198247,False,607.4910325811463,0.0024300206190536,,,
라마43b30a,48890310,봉산면,250000.0,208684.87233826204,1043750.0,1730250.0,127.98279732543196,35.56730335786106,3988.3854351548334,False,7474.120438618022,0.0358153437519086,8.0,7.0,0.875
라마43b30b,48890310,봉산면,250000.0,242911.65194414087,1043750.0,1730750.0,127.98282437200112,35.57181149281471,4479.385171142482,False,0.0,0.0,,,
라마43b31a,48890310,봉산면,250000.0,245723.93865730017,1043750.0,1731250.0,127.98285142457696,35.576319624372175,4972.179063906198,False,2393.4484398019968,0.0097403958803542,,,
라마43b31b,48890310,봉산면,250000.0,188894.47923812736,1043750.0,1731750.0,127.98287848316076,35.58082775253323,5466.281896832898,False,2244.92722567028,0.0118845571068291,,,
라마44a16b,48890440,가회면,250000.0,119543.68774512956,1044250.0,1716750.0,127.98757852039545,35.445560307578944,2819.4123683021203,False,0.0,0.0,,,
라마44a17a,48890440,가회면,250000.0,182727.5954978416,1044250.0,1717250.0,127.9876057125068,35.45006853049792,3078.984297200609,False,0.0,0.0,,,
라마44a17b,48890440,가회면,250000.0,249843.3001477738,1044250.0,1717750.0,127.98763291065704,35.45457675002525,3044.5166865563447,False,0.0,0.0,,,
라마44a18a,48890440,가회면,250000.0,250000.0,1044250.0,1718250.0,127.98766011484744,35.45908496616079,2759.1793335878538,False,0.0,0.0,,,
라마44a18b,48890440,가회면,250000.0,250000.0,1044250.0,1718750.0,127.9876873250794,35.46359317890429,2541.074445008765,False,62.71072121974842,0.0002508428848789,,,
라마44a19a,48890440,가회면,250000.0,250000.0,1044250.0,1719250.0,127.98771454135424,35.46810138825563,2408.536500710524,False,0.0,0.0,,,
라마44a19b,48890440,가회면,250000.0,250000.0,1044250.0,1719750.0,127.98774176367333,35.4726095942146,2375.9286217041927,False,0.0,0.0,,,
라마44a20a,48890440,가회면,250000.0,250000.0,1044250.0,1720250.0,127.98776899203794,35.47711779678101,2447.2485684154512,False,0.0,0.0,,,
라마44a20b,48890440,가회면,250000.0,250000.0,1044250.0,1720750.0,127.9877962264495,35.48162599595468,2614.003499574889,False,0.0,0.0,,,
라마44a21a,48890440,가회면,250000.0,250000.0,1044250.0,1721250.0,127.98782346690932,35.48613419173543,2859.545949266781,False,0.0,0.0,,,
라마44a21b,48890440,가회면,250000.0,250000.0,1044250.0,1721750.0,127.98785071341877,35.49064238412306,3165.5950113914364,False,0.0,0.0,,,
라마44a22a,48890440,가회면,250000.0,250000.0,1044250.0,1722250.0,127.98787796597912,35.4951505731174,3516.3874240937444,False,0.0,0.0,,,
라마44a22b,48890440,가회면,250000.0,250000.0,1044250.0,1722750.0,127.9879052245918,35.49965875871827,3572.1541418764077,False,0.0,0.0,,,
라마44a23a,48890450,대병면,250000.0,250000.0,1044250.0,1723250.0,127.98793248925811,35.50416694092545,3106.6828179831277,False,0.0,0.0,,,
라마44a23b,48890450,대병면,250000.0,250000.0,1044250.0,1723750.0,127.98795975997945,35.508675119738804,2609.435046834379,False,0.0,0.0,,,
라마44a24a,48890450,대병면,250000.0,250000.0,1044250.0,1724250.0,127.98798703675712,35.51318329515812,2113.486313119508,False,0.0,0.0,,,
라마44a24b,48890450,대병면,250000.0,250000.0,1044250.0,1724750.0,127.98801431959248,35.51769146718321,1620.0301009053635,False,3294.8273555087444,0.0131793094220349,,,
라마44a25a,48890450,대병면,250000.0,250000.0,1044250.0,1725250.0,127.9880416084869,35.5221996358139,1132.3297487637574,False,46246.74578152354,0.1849869831260941,12.0,9.0,0.75
라마44a25b,48890450,대병면,250000.0,250000.0,1044250.0,1725750.0,127.9880689034417,35.52670780105,663.2072014320603,False,34433.549465766206,0.1377341978630648,12.0,0.0,0.0
라마44a26a,48890450,대병면,250000.0,250000.0,1044250.0,1726250.0,127.98809620445824,35.53121596289135,312.27699903658777,False,35631.702837206,0.142526811348824,31.0,22.0,0.7096774193548387
라마44a26b,48890450,대병면,250000.0,250000.0,1044250.0,1726750.0,127.98812351153788,35.53572412133772,505.16339556944206,False,96982.17219600757,0.3879286887840302,26.0,19.0,0.7307692307692307
라마44a27a,48890450,대병면,250000.0,250000.0,1044250.0,1727250.0,127.98815082468197,35.54023227638897,955.4387412697896,False,88458.0487499936,0.3538321949999743,60.0,33.0,0.55
라마44a27b,48890450,대병면,250000.0,250000.0,1044250.0,1727750.0,127.98817814389186,35.54474042804489,1438.9358291512349,False,28931.047498561176,0.1157241899942447,0.0,,
라마44a28a,48890450,대병면,250000.0,250000.0,1044250.0,1728250.0,127.98820546916888,35.5492485763053,1930.8571807648289,False,4234.523626610036,0.0169380945064401,,,
라마44a28b,48890450,대병면,250000.0,250000.0,1044250.0,1728750.0,127.98823280051442,35.55375672117003,2426.0837958749603,False,1252.3113515331834,0.0050092454061327,,,
라마44a29a,48890450,대병면,250000.0,250000.0,1044250.0,1729250.0,127.9882601379298,35.55826486263888,2922.936146531943,False,0.0,0.0,,,
라마44a29b,48890310,봉산면,250000.0,250000.0,1044250.0,1729750.0,127.9882874814164,35.56277300071168,3420.7058991966783,False,3682.138883702453,0.0147285555348098,,,
라마44a30a,48890310,봉산면,250000.0,250000.0,1044250.0,1730250.0,127.98831483097558,35.567281135388235,3919.043503317475,False,24070.551439257397,0.0962822057570295,7.0,0.0,0.0
라마44a30b,48890310,봉산면,250000.0,250000.0,1044250.0,1730750.0,127.98834218660863,35.57178926666836,4417.756796496482,False,1271.786783837217,0.0050871471353488,,,
라마44a31a,48890310,봉산면,250000.0,250000.0,1044250.0,1731250.0,127.988369548317,35.57629739455189,4916.731459525404,False,12266.86189179931,0.0490674475671972,15.0,11.0,0.7333333333333333
라마44a31b,48890310,봉산면,250000.0,250000.0,1044250.0,1731750.0,127.988396916102,35.58080551903861,5415.895251681181,False,3846.543132489005,0.015386172529956,0.0,0.0,
라마44a32a,48890310,봉산면,250000.0,250000.0,1044250.0,1732250.0,127.98842428996495,35.58531364012838,5915.200293251169,False,2549.123753616367,0.0101964950144654,,,
라마44a32b,48890310,봉산면,250000.0,221158.49395004235,1044250.0,1732750.0,127.98845166990726,35.589821757820985,6414.613600317221,False,10272.086105881694,0.046446717566281,0.0,,
라마44a33a,48890310,봉산면,250000.0,202864.5938346998,1044250.0,1733250.0,127.98847905593028,35.594329872116255,6914.111712539118,False,0.0,0.0,,,
라마44a33b,48890310,봉산면,250000.0,250000.0,1044250.0,1733750.0,127.98850644803537,35.59883798301399,7413.677488639938,False,5502.836132888915,0.0220113445315556,,,
라마44a34a,48890310,봉산면,250000.0,250000.0,1044250.0,1734250.0,127.98853384622385,35.60334609051403,7350.868806247277,False,28337.221546472763,0.113348886185891,18.0,15.0,0.8333333333333334
라마44a34b,48890310,봉산면,250000.0,223860.3147746966,1044250.0,1734750.0,127.98856125049709,35.60785419461618,7095.0344049322175,False,751.6104428763035,0.0033574974806622,,,
라마44b16a,48890440,가회면,250000.0,166266.4533524372,1044750.0,1716250.0,127.99306020784309,35.44102971015593,2157.8830992835115,False,1313.941904098652,0.0079026278458798,,,
라마44b16b,48890440,가회면,250000.0,250000.0,1044750.0,1716750.0,127.99308770106396,35.44553793276249,2384.8517081878226,False,0.0,0.0,,,
라마44b17a,48890440,가회면,250000.0,250000.0,1044750.0,1717250.0,127.99311520039056,35.45004615197719,2686.740752272042,False,0.0,0.0,,,
라마44b17b,48890440,가회면,250000.0,250000.0,1044750.0,1717750.0,127.99314270582424,35.454554367799865,2673.0157124312927,False,0.0,0.0,,,
라마44b18a,48890440,가회면,250000.0,250000.0,1044750.0,1718250.0,127.99317021736633,35.45906258023031,2342.861869398805,False,0.0,0.0,,,
라마44b18b,48890440,가회면,250000.0,250000.0,1044750.0,1718750.0,127.9931977350182,35.46357078926835,2081.5836469527603,False,5200.611007202755,0.020802444028811,0.0,0.0,
라마44b19a,48890440,가회면,250000.0,250000.0,1044750.0,1719250.0,127.99322525878124,35.4680789949138,1917.5451023220928,False,1072.5932699606742,0.0042903730798426,,,
라마44b19b,48890440,가회면,250000.0,250000.0,1044750.0,1719750.0,127.9932527886568,35.47258719716648,1876.4242483025355,False,0.0,0.0,,,
라마44b20a,48890440,가회면,250000.0,250000.0,1044750.0,1720250.0,127.9932803246462,35.477095396026186,1965.949312621265,False,0.0,0.0,,,
라마44b20b,48890440,가회면,250000.0,250000.0,1044750.0,1720750.0,127.99330786675084,35.48160359149276,2170.010470014907,False,172.1540543577769,0.0006886162174311,,,
라마44b21a,48890440,가회면,250000.0,250000.0,1044750.0,1721250.0,127.99333541497208,35.48611178356599,2460.2711598831147,False,18315.42735280803,0.0732617094112321,14.0,8.0,0.5714285714285714
라마44b21b,48890440,가회면,250000.0,250000.0,1044750.0,1721750.0,127.99336296931124,35.4906199722457,2810.1464232902345,False,1897.0971703034083,0.0075883886812136,,,
라마44b22a,48890440,가회면,250000.0,250000.0,1044750.0,1722250.0,127.99339052976975,35.49512815753171,3200.142443784212,False,0.0,0.0,,,
라마44b22b,48890450,대병면,250000.0,250000.0,1044750.0,1722750.0,127.99341809634892,35.49963633942383,3177.963445908223,False,0.0,0.0,,,
라마44b23a,48890450,대병면,250000.0,250000.0,1044750.0,1723250.0,127.99344566905016,35.504144517921894,2877.3015141441656,False,0.0,0.0,,,
라마44b23b,48890450,대병면,250000.0,250000.0,1044750.0,1723750.0,127.99347324787476,35.50865269302568,2600.160546040809,False,0.0,0.0,,,
라마44b24a,48890450,대병면,250000.0,250000.0,1044750.0,1724250.0,127.99350083282413,35.51316086473504,2102.024737552627,False,0.0,0.0,,,
라마44b24b,48890450,대병면,250000.0,250000.0,1044750.0,1724750.0,127.99352842389963,35.51766903304976,1605.0486376989145,False,0.0,0.0,,,
라마44b25a,48890450,대병면,250000.0,250000.0,1044750.0,1725250.0,127.99355602110262,35.52217719796968,1110.7899267976336,False,16037.960451747427,0.0641518418069897,,,
라마44b25b,48890450,대병면,250000.0,250000.0,1044750.0,1725750.0,127.99358362443448,35.52668535949462,625.7214984088719,False,43405.900174825285,0.1736236006993011,,,
라마44b26a,48890450,대병면,250000.0,250000.0,1044750.0,1726250.0,127.99361123389654,35.53119351762436,221.81191506994264,True,104355.50894778632,0.4174220357911453,45.0,30.0,0.6666666666666666
라마44b26b,48890450,대병면,250000.0,250000.0,1044750.0,1726750.0,127.99363884949024,35.535701672358755,454.8336594436993,False,90672.7840581059,0.3626911362324236,41.0,25.0,0.6097560975609756
라마44b27a,48890450,대병면,250000.0,250000.0,1044750.0,1727250.0,127.99366647121686,35.54020982369759,929.8100826829632,False,18311.73617136866,0.0732469446854746,12.0,9.0,0.75
라마44b27b,48890450,대병면,250000.0,250000.0,1044750.0,1727750.0,127.9936940990778,35.544717971640694,1422.0477917267233,False,0.0,0.0,,,
라마44b28a,48890450,대병면,250000.0,250000.0,1044750.0,1728250.0,127.99372173307444,35.54922611618788,1918.3047344076488,False,0.0,0.0,,,
라마44b28b,48890450,대병면,250000.0,250000.0,1044750.0,1728750.0,127.99374937320812,35.55373425733898,2416.1055825743115,False,0.0,0.0,,,
라마44b29a,48890450,대병면,250000.0,250000.0,1044750.0,1729250.0,127.99377701948026,35.558242395093785,2914.659382885538,False,0.0,0.0,,,
라마44b29b,48890450,대병면,250000.0,250000.0,1044750.0,1729750.0,127.9938046718922,35.56275052945213,3413.6362504430163,False,0.0,0.0,,,
라마44b30a,48890310,봉산면,250000.0,250000.0,1044750.0,1730250.0,127.9938323304453,35.56725866041384,3912.874337674877,False,8225.90324483412,0.0329036129793364,,,
라마44b30b,48890310,봉산면,250000.0,250000.0,1044750.0,1730750.0,127.9938599951409,35.5717667879787,4412.284976577392,False,9921.773976149538,0.0396870959045981,7.0,0.0,0.0
라마44b31a,48890310,봉산면,250000.0,250000.0,1044750.0,1731250.0,127.99388766598044,35.57627491214655,4911.815534670099,False,36132.089317522885,0.1445283572700915,19.0,11.0,0.5789473684210527
라마44b31b,48890310,봉산면,250000.0,250000.0,1044750.0,1731750.0,127.99391534296524,35.5807830329172,5411.432802754041,False,0.0,0.0,,,
라마44b32a,48890310,봉산면,250000.0,250000.0,1044750.0,1732250.0,127.9939430260967,35.585291150290466,5911.114794251454,False,3760.297593374844,0.0150411903734993,0.0,0.0,
라마44b32b,48890310,봉산면,250000.0,250000.0,1044750.0,1732750.0,127.9939707153762,35.58979926426615,6410.846374926978,False,83336.46395606954,0.3333458558242781,29.0,23.0,0.7931034482758621
라마44b33a,48890310,봉산면,250000.0,250000.0,1044750.0,1733250.0,127.99399841080506,35.59430737484411,6896.800109386008,False,22626.33357183797,0.0905053342873518,19.0,12.0,0.631578947368421
라마44b33b,48890310,봉산면,250000.0,250000.0,1044750.0,1733750.0,127.99402611238467,35.59881548202412,6945.841643680048,False,30747.58391017346,0.1229903356406938,14.0,8.0,0.5714285714285714
라마44b34a,48890310,봉산면,250000.0,250000.0,1044750.0,1734250.0,127.99405382011643,35.60332358580603,6934.201826992678,False,38360.202576936645,0.1534408103077466,7.0,0.0,0.0
라마44b34b,48890310,봉산면,250000.0,250000.0,1044750.0,1734750.0,127.99408153400172,35.607831686189634,6662.38665779623,False,22223.030433118867,0.0888921217324754,0.0,,
라마45a15b,48890440,가회면,250000.0,127920.92306561462,1045250.0,1715750.0,127.99854128106628,35.43649886545629,1537.4761259323209,False,29216.57778859099,0.2283956141686446,,,
라마45a16a,48890440,가회면,250000.0,250000.0,1045250.0,1716250.0,127.99856907526024,35.44100708770945,1701.4379323633343,False,44317.4631132191,0.1772698524528764,7.0,,
라마45a16b,48890440,가회면,250000.0,250000.0,1045250.0,1716750.0,127.99859687562676,35.44551530657054,1981.400827081129,False,4205.3645318696135,0.0168214581274784,0.0,0.0,
라마45a17a,48890440,가회면,250000.0,250000.0,1045250.0,1717250.0,127.99862468216725,35.45002352203937,2336.0238520680264,False,0.0,0.0,,,
라마45a17b,48890440,가회면,250000.0,250000.0,1045250.0,1717750.0,127.99865249488298,35.454531734115754,2349.668943295868,False,0.0,0.0,,,
라마45a18a,48890440,가회면,250000.0,250000.0,1045250.0,1718250.0,127.9986803137754,35.45903994279951,1965.943255352863,False,2245.4636584185814,0.0089818546336743,0.0,0.0,
라마45a18b,48890440,가회면,250000.0,250000.0,1045250.0,1718750.0,127.99870813884586,35.463548148090425,1645.8801971728387,False,50682.68878823514,0.2027307551529405,54.0,37.0,0.6851851851851852
라마45a19a,48890440,가회면,250000.0,250000.0,1045250.0,1719250.0,127.99873597009572,35.468056349988366,1432.7980889239043,False,5719.65809776011,0.0228786323910404,0.0,0.0,
라마45a19b,48890440,가회면,250000.0,250000.0,1045250.0,1719750.0,127.9987638075264,35.47256454849311,1377.2796026233325,False,1405.1177123449845,0.0056204708493799,0.0,,
라마45a20a,48890440,가회면,250000.0,250000.0,1045250.0,1720250.0,127.9987916511392,35.47707274360448,1496.9595331806986,False,0.0,0.0,,,
라마45a20b,48890440,가회면,250000.0,250000.0,1045250.0,1720750.0,127.9988195009356,35.481580935322285,1756.3816738280054,False,1769.9671173771812,0.0070798684695087,,,
라마45a21a,48890440,가회면,250000.0,250000.0,1045250.0,1721250.0,127.99884735691688,35.48608912364635,2104.4869503841446,False,6919.892658418313,0.0276795706336732,0.0,0.0,
라마45a21b,48890440,가회면,250000.0,250000.0,1045250.0,1721750.0,127.99887521908448,35.49059730857649,2504.56664205915,False,0.0,0.0,,,
라마45a22a,48890440,가회면,250000.0,250000.0,1045250.0,1722250.0,127.99890308743971,35.495105490112515,2935.4459294447474,False,0.0,0.0,,,
라마45a22b,48890450,대병면,250000.0,250000.0,1045250.0,1722750.0,127.99893096198404,35.49961366825424,2817.55534350844,False,0.0,0.0,,,
라마45a23a,48890450,대병면,250000.0,250000.0,1045250.0,1723250.0,127.99895884271876,35.504121843001485,2473.4652723457434,False,0.0,0.0,,,
라마45a23b,48890450,대병면,250000.0,250000.0,1045250.0,1723750.0,127.99898672964528,35.50863001435406,2190.3065523501145,False,0.0,0.0,,,
라마45a24a,48890450,대병면,250000.0,250000.0,1045250.0,1724250.0,127.999014622765,35.513138182311785,1994.2053888793116,False,0.0,0.0,,,
라마45a24b,48890450,대병면,250000.0,250000.0,1045250.0,1724750.0,127.99904252207928,35.517646346874464,1740.0760704402664,False,0.0,0.0,,,
라마45a25a,48890450,대병면,250000.0,250000.0,1045250.0,1725250.0,127.99907042758949,35.522154508041915,1298.282659136596,False,25707.839875779537,0.1028313595031181,,,
라마45a25b,48890450,대병면,250000.0,250000.0,1045250.0,1725750.0,127.99909833929703,35.52666266581397,918.265209572236,False,52076.53291902699,0.2083061316761079,32.0,19.0,0.59375
라마45a26a,48890450,대병면,250000.0,250000.0,1045250.0,1726250.0,127.9991262572033,35.53117082019043,707.7316774079665,False,68937.9195842858,0.2757516783371432,17.0,11.0,0.6470588235294118
라마45a26b,48890450,대병면,250000.0,250000.0,1045250.0,1726750.0,127.99915418130962,35.53567897117112,811.5154091590902,False,123.23885432942896,0.0004929554173177,0.0,0.0,
라마45a27a,48890450,대병면,250000.0,250000.0,1045250.0,1727250.0,127.99918211161742,35.540187118755846,1147.2708448307212,False,674.8174879354381,0.0026992699517417,,,
라마45a27b,48890450,대병면,250000.0,250000.0,1045250.0,1727750.0,127.99921004812806,35.54469526294443,1572.8647505410463,False,13350.172691376492,0.0534006907655059,0.0,0.0,
라마45a28a,48890450,대병면,250000.0,250000.0,1045250.0,1728250.0,127.99923799084294,35.54920340373668,2032.6280170238967,False,0.0,0.0,,,
라마45a28b,48890450,대병면,250000.0,250000.0,1045250.0,1728750.0,127.99926593976345,35.55371154113242,2507.8376717177,False,0.0,0.0,,,
라마45a29a,48890450,대병면,250000.0,250000.0,1045250.0,1729250.0,127.99929389489094,35.558219675131475,2991.140738879132,False,2432.9188332915583,0.0097316753331662,,,
라마45a29b,48890450,대병면,250000.0,250000.0,1045250.0,1729750.0,127.9993218562268,35.562727805733644,3479.165999471476,False,0.0,0.0,,,
라마45a30a,48890310,봉산면,250000.0,250000.0,1045250.0,1730250.0,127.99934982377246,35.56723593293876,3970.172437561661,False,0.0,0.0,,,
라마45a30b,48890310,봉산면,250000.0,250000.0,1045250.0,1730750.0,127.99937779752926,35.5717440567466,4463.176258682852,False,0.0,0.0,,,
라마45a31a,48890310,봉산면,250000.0,250000.0,1045250.0,1731250.0,127.9994057774986,35.57625217715704,4957.581612859864,False,2317.7393837946124,0.0092709575351784,7.0,0.0,0.0
라마45a31b,48890310,봉산면,250000.0,250000.0,1045250.0,1731750.0,127.99943376368184,35.580760294169856,5453.007296919945,False,9104.715757870354,0.0364188630314814,,,
라마45a32a,48890310,봉산면,250000.0,250000.0,1045250.0,1732250.0,127.99946175608042,35.58526840778487,5949.19840922776,False,7844.940354417931,0.0313797614176717,13.0,9.0,0.6923076923076923
라마45a32b,48890310,봉산면,250000.0,250000.0,1045250.0,1732750.0,127.9994897546957,35.589776518001905,6383.849483030284,False,80392.80221063212,0.3215712088425284,,,
라마45a33a,48890310,봉산면,250000.0,250000.0,1045250.0,1733250.0,127.99951775952906,35.5942846248208,6397.84327818673,False,60915.16368156406,0.2436606547262562,0.0,0.0,
라마45a33b,48890310,봉산면,250000.0,250000.0,1045250.0,1733750.0,127.99954577058188,35.598792728241314,6450.679266751076,False,4545.841434209264,0.018183365736837,0.0,,
라마45a34a,48890310,봉산면,250000.0,250000.0,1045250.0,1734250.0,127.99957378785558,35.603300828263315,6529.244806888309,False,5871.613154675363,0.0234864526187014,0.0,0.0,
라마45a34b,48890310,봉산면,250000.0,250000.0,1045250.0,1734750.0,127.99960181135152,35.6078089248866,6239.813999534807,False,3646.878050794423,0.0145875122031776,,,
라마45a35b,48890310,봉산면,250000.0,188200.896335891,1045250.0,1735750.0,127.99965787701572,35.6168251079363,5748.370269025456,False,0.0,0.0,,,
라마45a36a,48890310,봉산면,250000.0,232304.2855110954,1045250.0,1736250.0,127.99968591918676,35.62133319436236,5554.097744038037,False,0.0,0.0,,,
라마45b16a,48890440,가회면,250000.0,250000.0,1045750.0,1716250.0,128.00407793650484,35.44098421392999,1278.015103665142,False,19702.834112665885,0.0788113364506635,0.0,,
라마45b16b,48890440,가회면,250000.0,250000.0,1045750.0,1716750.0,128.00410604401569,35.445492429004,1632.2931124859854,False,39377.47071010001,0.1575098828404,19.0,14.0,0.7368421052631579
라마45b17a,48890440,가회면,250000.0,250000.0,1045750.0,1717250.0,128.00413415776862,35.45000064068534,2048.2770820721857,False,30625.939695762325,0.1225037587830493,10.0,0.0,0.0
라마45b17b,48890440,가회면,250000.0,250000.0,1045750.0,1717750.0,128.0041622777651,35.454508848973816,2096.872739885201,False,8496.280146701061,0.0339851205868042,0.0,0.0,
라마45b18a,48890440,가회면,250000.0,250000.0,1045750.0,1718250.0,128.0041904040065,35.459017053869246,1655.555504189443,False,50924.60981856846,0.2036984392742738,13.0,10.0,0.7692307692307693
라마45b18b,48890440,가회면,250000.0,250000.0,1045750.0,1718750.0,128.0042185364941,35.46352525537144,1258.9093563995193,False,69003.79935712702,0.276015197428508,14.0,7.0,0.5
라마45b19a,48890440,가회면,250000.0,250000.0,1045750.0,1719250.0,128.00424667522944,35.46803345348022,963.7642387059932,False,22024.871890007595,0.0880994875600303,0.0,0.0,
라마45b19b,48890440,가회면,250000.0,250000.0,1045750.0,1719750.0,128.00427482021385,35.4725416481954,879.107643003309,False,37167.103747794354,0.1486684149911774,19.0,14.0,0.7368421052631579
라마45b20a,48890440,가회면,250000.0,250000.0,1045750.0,1720250.0,128.0043029714487,35.47704983951678,1056.7965689597615,False,28418.713832116915,0.1136748553284676,0.0,0.0,
라마45b20b,48890440,가회면,250000.0,250000.0,1045750.0,1720750.0,128.00433112893543,35.481558027444194,1400.2884446939547,False,19705.23138783252,0.07882092555133,0.0,0.0,
라마45b21a,48890440,가회면,250000.0,250000.0,1045750.0,1721250.0,128.00435929267542,35.48606621197745,1817.909917603649,False,0.0,0.0,0.0,,
라마45b21b,48890440,가회면,250000.0,250000.0,1045750.0,1721750.0,128.00438746267002,35.490574393116354,2269.093477294401,False,0.0,0.0,,,
라마45b22a,48890440,가회면,250000.0,250000.0,1045750.0,1722250.0,128.00441563892065,35.495082570860724,2719.2935808320603,False,0.0,0.0,,,
라마45b22b,48890450,대병면,250000.0,250000.0,1045750.0,1722750.0,128.00444382142868,35.49959074521039,2505.55075062092,False,0.0,0.0,,,
라마45b23a,48890450,대병면,250000.0,250000.0,1045750.0,1723250.0,128.00447201019557,35.50409891616515,2111.20745160311,False,0.0,0.0,,,
라마45b23b,48890450,대병면,250000.0,250000.0,1045750.0,1723750.0,128.00450020522263,35.50860708372483,1771.047498931618,False,0.0,0.0,,,
라마45b24a,48890450,대병면,250000.0,250000.0,1045750.0,1724250.0,128.00452840651133,35.51311524788924,1521.8480815243618,False,0.0,0.0,,,
라마45b24b,48890450,대병면,250000.0,250000.0,1045750.0,1724750.0,128.00455661406298,35.51762340865819,1412.5982879101978,False,0.0,0.0,,,
라마45b25a,48890450,대병면,250000.0,250000.0,1045750.0,1725250.0,128.00458482787906,35.5221315660315,1474.7359976532284,False,2924.028221179802,0.0116961128847192,,,
라마45b25b,48890450,대병면,250000.0,250000.0,1045750.0,1725750.0,128.0046130479609,35.526639720008994,1339.73676393926,False,39382.74207044148,0.1575309682817659,11.0,6.0,0.5454545454545454
라마45b26a,48890450,대병면,250000.0,250000.0,1045750.0,1726250.0,128.00464127430993,35.531147870590466,1205.2251776105545,False,18641.639768640925,0.0745665590745637,14.0,0.0,0.0
라마45b26b,48890450,대병면,250000.0,250000.0,1045750.0,1726750.0,128.00466950692754,35.53565601777575,1268.9526629635732,False,17.53530472165495,7.01412188866198e-05,,,
라마45b27a,48890450,대병면,250000.0,250000.0,1045750.0,1727250.0,128.00469774581515,35.540164161564654,1505.9594924626278,False,0.0,0.0,,,
라마45b27b,48890450,대병면,250000.0,250000.0,1045750.0,1727750.0,128.0047259909741,35.54467230195701,1850.8341700525864,False,715.3626543338925,0.0028614506173355,,,
라마45b28a,48890450,대병면,250000.0,250000.0,1045750.0,1728250.0,128.00475424240585,35.549180438952604,2254.608670508077,False,0.0,0.0,,,
라마45b28b,48890450,대병면,250000.0,250000.0,1045750.0,1728750.0,128.00478250011176,35.55368857255129,2690.8982495118894,False,5166.833195914827,0.0206673327836593,0.0,0.0,
라마45b29a,48890450,대병면,250000.0,250000.0,1045750.0,1729250.0,128.0048107640932,35.558196702752845,3146.205098419698,False,19116.720700899637,0.0764668828035985,10.0,8.0,0.8
라마45b29b,48890450,대병면,250000.0,250000.0,1045750.0,1729750.0,128.00483903435168,35.562704829557106,3613.347430488529,False,803.279872858582,0.0032131194914343,,,
라마45b30a,48890310,봉산면,250000.0,250000.0,1045750.0,1730250.0,128.00486731088847,35.56721295296389,4088.270145858026,False,0.0,0.0,,,
라마45b30b,48890310,봉산면,250000.0,250000.0,1045750.0,1730750.0,128.00489559370504,35.571721072973006,4568.547462554149,False,0.0,0.0,,,
라마45b31a,48890310,봉산면,250000.0,250000.0,1045750.0,1731250.0,128.0049238828028,35.576229189584275,5052.652674556793,False,0.0,0.0,,,
라마45b31b,48890310,봉산면,250000.0,250000.0,1045750.0,1731750.0,128.00495217818315,35.58073730279752,5539.582311131577,False,2137.0841413953835,0.0085483365655815,,,
라마45b32a,48890310,봉산면,250000.0,250000.0,1045750.0,1732250.0,128.00498047984743,35.58524541261254,5911.109599317643,False,15246.540092348485,0.0609861603693939,23.0,14.0,0.6086956521739131
라마45b32b,48890310,봉산면,250000.0,250000.0,1045750.0,1732750.0,128.00500878779712,35.58975351902916,5883.883163812677,False,75861.68308329568,0.3034467323331827,19.0,10.0,0.5263157894736842
라마45b33a,48890310,봉산면,250000.0,250000.0,1045750.0,1733250.0,128.00503710203355,35.59426162204719,5899.063101514626,False,73824.50221733465,0.2952980088693386,35.0,13.0,0.3714285714285714
라마45b33b,48890310,봉산면,250000.0,250000.0,1045750.0,1733750.0,128.0050654225582,35.598769721666464,5956.325198132189,False,43282.28287943796,0.1731291315177518,20.0,10.0,0.5
라마45b34a,48890310,봉산면,250000.0,250000.0,1045750.0,1734250.0,128.00509374937243,35.60327781788679,6054.475555831203,False,35483.480458943915,0.1419339218357756,,,
라마45b34b,48890310,봉산면,250000.0,250000.0,1045750.0,1734750.0,128.00512208247764,35.60778591070799,5829.507828247588,False,9730.107530425588,0.0389204301217023,,,
라마45b35a,48890310,봉산면,250000.0,250000.0,1045750.0,1735250.0,128.00515042187524,35.612294000129864,5548.639699972645,False,0.0,0.0,,,
라마45b35b,48890310,봉산면,250000.0,250000.0,1045750.0,1735750.0,128.00517876756666,35.616802086152255,5300.155046847699,False,9126.334741413428,0.0365053389656537,,,
라마45b36a,48890310,봉산면,250000.0,250000.0,1045750.0,1736250.0,128.0052071195533,35.621310168774954,5088.799909717197,False,17390.90785786746,0.0695636314314698,0.0,0.0,
라마45b36b,48890310,봉산면,250000.0,250000.0,1045750.0,1736750.0,128.00523547783652,35.625818247997785,4919.362308434943,False,26414.854698975523,0.1056594187959021,8.0,7.0,0.875
라마45b37a,48890310,봉산면,250000.0,250000.0,1045750.0,1737250.0,128.00526384241778,35.630326323820576,4796.2867431131535,False,9474.581420414945,0.0378983256816597,11.0,10.0,0.9090909090909092
라마45b37b,48890310,봉산면,250000.0,233237.63570030636,1045750.0,1737750.0,128.00529221329845,35.63483439624315,4723.198865459255,False,0.0,0.0,,,
라마46a15a,48890440,가회면,250000.0,166506.74031510137,1046250.0,1715250.0,128.0095299811267,35.43194465614926,556.4510517212691,False,16840.689914971153,0.1011411903392104,6.0,0.0,0.0
라마46a15b,48890440,가회면,250000.0,222106.39493192657,1046250.0,1715750.0,128.00955838316395,35.43645287418022,583.6916761738751,False,15986.47152667852,0.0719766377351639,,,
라마46a16a,48890440,가회면,250000.0,250000.0,1046250.0,1716250.0,128.00958679150872,35.44096108881846,933.6777670629352,False,35358.39849196397,0.1414335939678558,7.0,,
라마46a16b,48890440,가회면,250000.0,250000.0,1046250.0,1716750.0,128.00961520616244,35.44546930006378,1379.424652737724,False,5329.745695160903,0.0213189827806436,,,
라마46a17a,48890440,가회면,250000.0,250000.0,1046250.0,1717250.0,128.0096436271265,35.449977507916024,1853.0705794582009,False,93305.39398869294,0.3732215759547718,27.0,18.0,0.6666666666666666
라마46a17b,48890440,가회면,250000.0,250000.0,1046250.0,1717750.0,128.00967205440227,35.45448571237497,1942.3713423179977,False,50669.25227662608,0.2026770091065043,25.0,15.0,0.6
라마46a18a,48890440,가회면,250000.0,250000.0,1046250.0,1718250.0,128.00970048799118,35.458993913440466,1454.9210190372912,False,35432.935697776695,0.1417317427911067,0.0,0.0,
라마46a18b,48890440,가회면,250000.0,250000.0,1046250.0,1718750.0,128.00972892789466,35.4635021111123,980.1958538041268,False,4715.3453557818175,0.0188613814231272,,,
라마46a19a,48890440,가회면,250000.0,250000.0,1046250.0,1719250.0,128.00975737411406,35.468010305390294,552.062181274077,False,38053.215671236736,0.1522128626849469,0.0,,
라마46a19b,48890440,가회면,250000.0,250000.0,1046250.0,1719750.0,128.00978582665084,35.472518496274255,385.6959841265951,False,41310.71020709848,0.1652428408283939,14.0,6.0,0.4285714285714285
라마46a20a,48890440,가회면,250000.0,250000.0,1046250.0,1720250.0,128.00981428550634,35.47702668376403,701.9616316791634,False,66180.85915935945,0.2647234366374378,28.0,19.0,0.6785714285714286
라마46a20b,48890440,가회면,250000.0,250000.0,1046250.0,1720750.0,128.00984275068205,35.481534867859395,1156.174239692255,False,6979.736754088802,0.0279189470163552,0.0,0.0,
라마46a21a,48890440,가회면,250000.0,250000.0,1046250.0,1721250.0,128.00987122217927,35.48604304856019,1637.2927693928948,False,33.809773471257245,0.000135239093885,,,
라마46a21b,48890440,가회면,250000.0,250000.0,1046250.0,1721750.0,128.00989969999952,35.49055122586621,2127.138066248768,False,3310.565214967573,0.0132422608598702,,,
라마46a22a,48890440,가회면,250000.0,250000.0,1046250.0,1722250.0,128.00992818414414,35.49505939977727,2274.3588489147623,False,0.0,0.0,,,
라마46a22b,48890450,대병면,250000.0,250000.0,1046250.0,1722750.0,128.00995667461456,35.49956757029321,2071.0727526858896,False,0.0,0.0,,,
라마46a23a,48890450,대병면,250000.0,250000.0,1046250.0,1723250.0,128.00998517141218,35.50407573741381,1815.5889826468415,False,0.0,0.0,,,
라마46a23b,48890450,대병면,250000.0,250000.0,1046250.0,1723750.0,128.01001367453838,35.50858390113893,1405.6228845874823,False,0.0,0.0,,,
라마46a24a,48890450,대병면,250000.0,250000.0,1046250.0,1724250.0,128.0100421839946,35.51309206146833,1074.796740525145,False,11647.540630058522,0.046590162520234,0.0,,
라마46a24b,48890450,대병면,250000.0,250000.0,1046250.0,1724750.0,128.01007069978232,35.517600218401874,913.5646519053356,False,6753.073229614979,0.0270122929184599,11.0,0.0,0.0
라마46a25a,48890450,대병면,250000.0,250000.0,1046250.0,1725250.0,128.0100992219028,35.52210837193934,1006.9819824497148,False,45933.34488498904,0.1837333795399561,28.0,10.0,0.3571428571428571
라마46a25b,48890450,대병면,250000.0,250000.0,1046250.0,1725750.0,128.01012775035758,35.52661652208058,1301.3166612111747,False,37324.49719176837,0.1492979887670734,18.0,6.0,0.3333333333333333
라마46a26a,48890450,대병면,250000.0,250000.0,1046250.0,1726250.0,128.010156285148,35.53112466882537,1694.9446576550044,False,13899.811842859615,0.0555992473714384,0.0,0.0,
라마46a26b,48890450,대병면,250000.0,250000.0,1046250.0,1726750.0,128.0101848262755,35.53563281217357,1749.8355529540604,False,4422.385249562535,0.0176895409982501,0.0,0.0,
라마46a27a,48890450,대병면,250000.0,250000.0,1046250.0,1727250.0,128.01021337374146,35.54014095212496,1928.6258306053028,False,0.0,0.0,,,
라마46a27b,48890450,대병면,250000.0,250000.0,1046250.0,1727750.0,128.01024192754736,35.54464908867936,2208.454375026558,False,0.0,0.0,,,
라마46a28a,48890450,대병면,250000.0,250000.0,1046250.0,1728250.0,128.01027048769456,35.54915722183659,2556.353625512303,False,0.0,0.0,,,
라마46a28b,48890450,대병면,250000.0,250000.0,1046250.0,1728750.0,128.0102990541845,35.55366535159647,2948.32443784022,False,2133.234859263815,0.0085329394370552,,,
라마46a29a,48890450,대병면,250000.0,250000.0,1046250.0,1729250.0,128.0103276270185,35.55817347795882,3369.0191633265904,False,8876.332762680233,0.0355053310507209,0.0,0.0,
라마46a29b,48890450,대병면,250000.0,250000.0,1046250.0,1729750.0,128.01035620619814,35.56268160092345,3808.932036011899,False,24664.093361429645,0.0986563734457185,8.0,0.0,0.0
라마46a30a,48890310,봉산면,250000.0,250000.0,1046250.0,1730250.0,128.01038479172473,35.56718972049018,4262.116421105095,False,1478.1027594238244,0.0059124110376952,,,
라마46a30b,48890310,봉산면,250000.0,250000.0,1046250.0,1730750.0,128.01041338359968,35.57169783665881,4724.754969217944,False,0.0,0.0,,,
라마46a31a,48890310,봉산면,250000.0,250000.0,1046250.0,1731250.0,128.01044198182447,35.57620594942918,5194.322155127232,False,0.0,0.0,,,
라마46a31b,48890310,봉산면,250000.0,250000.0,1046250.0,1731750.0,128.01047058640046,35.580714058801085,5488.979793031156,False,0.0,0.0,,,
라마46a32a,48890310,봉산면,250000.0,250000.0,1046250.0,1732250.0,128.0104991973291,35.585222164774365,5413.664522165872,False,0.0,0.0,,,
라마46a32b,48890310,봉산면,250000.0,250000.0,1046250.0,1732750.0,128.01052781461175,35.5897302673488,5383.923100194739,False,25542.609450165342,0.1021704378006613,0.0,0.0,
라마46a33a,48890310,봉산면,250000.0,250000.0,1046250.0,1733250.0,128.01055643824992,35.59423836652425,5400.508525968978,False,43135.29488965922,0.1725411795586368,0.0,0.0,
라마46a33b,48890310,봉산면,250000.0,250000.0,1046250.0,1733750.0,128.01058506824495,35.598746462300504,5462.998876928011,False,0.0,0.0,,,
라마46a34a,48890310,봉산면,250000.0,250000.0,1046250.0,1734250.0,128.0106137045983,35.603254554677385,5569.849290561621,False,18296.26989498436,0.0731850795799374,,,
라마46a34b,48890310,봉산면,250000.0,250000.0,1046250.0,1734750.0,128.01064234731138,35.60776264365471,5434.247352707572,False,0.0,0.0,,,
라마46a35a,48890310,봉산면,250000.0,250000.0,1046250.0,1735250.0,128.0106709963856,35.61227072923231,5131.791625828339,False,0.0,0.0,,,
라마46a35b,48890310,봉산면,250000.0,250000.0,1046250.0,1735750.0,128.01069965182242,35.61677881140996,4862.049597796641,False,20206.25176672589,0.0808250070669035,0.0,,
라마46a36a,48890310,봉산면,250000.0,250000.0,1046250.0,1736250.0,128.01072831362322,35.62128689018753,4630.741548817759,False,0.0,0.0,,,
라마46a36b,48890310,봉산면,250000.0,250000.0,1046250.0,1736750.0,128.0107569817894,35.62579496556479,4443.873118402427,False,13025.195142558388,0.0521007805702335,0.0,0.0,
라마46a37a,48890310,봉산면,250000.0,250000.0,1046250.0,1737250.0,128.01078565632247,35.63030303754161,4307.232207923358,False,8520.469842593471,0.0340818793703738,,,
라마46a37b,48890310,봉산면,250000.0,250000.0,1046250.0,1737750.0,128.01081433722376,35.63481110611776,4225.69406056389,False,0.0,0.0,,,
라마46a38a,48890310,봉산면,250000.0,188669.12896922865,1046250.0,1738250.0,128.01084302449476,35.639319171293074,4202.467286487494,False,0.0,0.0,,,
라마46b14b,48890440,가회면,250000.0,202986.02635853324,1046750.0,1714750.0,128.0150095130751,35.42741306989142,719.0348674439579,False,15949.473804707504,0.0785742451873806,,,
라마46b15a,48890440,가회면,250000.0,250000.0,1046750.0,1715250.0,128.0150382157432,35.4319212874459,219.2472131478787,True,151642.40924587543,0.6065696369835017,12.0,7.0,0.5833333333333334
라마46b15b,48890440,가회면,250000.0,250000.0,1046750.0,1715750.0,128.0150669247856,35.436429501607414,281.29617904634364,True,69622.49937627825,0.278489997505113,18.0,11.0,0.6111111111111112
라마46b16a,48890440,가회면,250000.0,250000.0,1046750.0,1716250.0,128.01509564020367,35.440937712375785,781.1438665310212,False,16488.478482517472,0.0659539139300698,0.0,,
라마46b16b,48890440,가회면,250000.0,250000.0,1046750.0,1716750.0,128.0151243619989,35.44544591975082,1281.1104324342984,False,26998.37739116899,0.1079935095646759,0.0,0.0,
라마46b17a,48890440,가회면,250000.0,250000.0,1046750.0,1717250.0,128.01515309017262,35.44995412373234,1781.095769453444,False,46301.392528688295,0.1852055701147532,0.0,,
라마46b17b,48890440,가회면,250000.0,250000.0,1046750.0,1717750.0,128.01518182472634,35.454462324320154,1590.4138129445132,False,80388.56268113223,0.3215542507245289,0.0,0.0,
라마46b18a,48890440,가회면,250000.0,250000.0,1046750.0,1718250.0,128.0152105656614,35.458970521514075,1320.5085885057156,False,12869.850236079346,0.0514794009443173,17.0,11.0,0.6470588235294118
라마46b18b,48890440,가회면,250000.0,250000.0,1046750.0,1718750.0,128.01523931297925,35.46347871531392,914.7212996313962,False,8619.313579965812,0.0344772543198632,,,
라마46b19a,48890440,가회면,250000.0,250000.0,1046750.0,1719250.0,128.01526806668133,35.4679869057195,425.0926912776098,False,7519.051793951657,0.0300762071758066,,,
라마46b19b,48890440,가회면,250000.0,250000.0,1046750.0,1719750.0,128.01529682676906,35.47249509273062,157.1385896459937,True,22384.45450625817,0.0895378180250327,19.0,15.0,0.7894736842105263
라마46b20a,48890440,가회면,250000.0,250000.0,1046750.0,1720250.0,128.01532559324383,35.477003276347126,607.1913014316186,False,35601.182304690825,0.1424047292187633,,,
라마46b20b,48890440,가회면,250000.0,250000.0,1046750.0,1720750.0,128.01535436610706,35.4815114565688,1101.212975183508,False,37586.99637579121,0.1503479855031648,,,
라마46b21a,48890440,가회면,250000.0,250000.0,1046750.0,1721250.0,128.0153831453602,35.48601963339547,1598.9555206105028,False,48402.77163560331,0.1936110865424132,12.0,9.0,0.75
라마46b21b,48890440,가회면,250000.0,250000.0,1046750.0,1721750.0,128.01541193100465,35.490527806826954,1744.60822316159,False,23742.71792016459,0.0949708716806583,,,
라마46b22a,48890440,가회면,250000.0,250000.0,1046750.0,1722250.0,128.01544072304185,35.49503597686306,1811.0100435943,False,4900.593165790565,0.0196023726631622,,,
라마46b22b,48890450,대병면,250000.0,250000.0,1046750.0,1722750.0,128.01546952147322,35.4995441435036,1602.3398334312053,False,2459.7747114409526,0.0098390988457638,,,
라마46b23a,48890450,대병면,250000.0,250000.0,1046750.0,1723250.0,128.01549832630016,35.50405230674839,1477.8792626873712,False,14709.091895053678,0.0588363675802147,,,
라마46b23b,48890450,대병면,250000.0,250000.0,1046750.0,1723750.0,128.01552713752412,35.508560466597245,1146.7092673734392,False,33855.55613674575,0.135422224546983,35.0,20.0,0.5714285714285714
라마46b24a,48890450,대병면,250000.0,250000.0,1046750.0,1724250.0,128.0155559551465,35.51306862305,703.1034658196263,False,50294.2790166028,0.2011771160664112,0.0,0.0,
라마46b24b,48890450,대병면,250000.0,250000.0,1046750.0,1724750.0,128.01558477916876,35.51757677610643,416.8534795524821,False,73403.47426967933,0.2936138970787173,13.0,8.0,0.6153846153846154
라마46b25a,48890450,대병면,250000.0,250000.0,1046750.0,1725250.0,128.01561360959232,35.522084925766386,594.2887876970697,False,42540.46877503522,0.1701618751001408,250.0,136.0,0.544
라마46b25b,48890450,대병면,250000.0,250000.0,1046750.0,1725750.0,128.01564244641858,35.52659307202968,1016.1650963056612,False,14266.966020964088,0.0570678640838563,0.0,0.0,
라마46b26a,48890450,대병면,250000.0,250000.0,1046750.0,1726250.0,128.01567128964896,35.5311012148961,1487.2806872669782,False,5246.718839517403,0.0209868753580696,,,
라마46b26b,48890450,대병면,250000.0,250000.0,1046750.0,1726750.0,128.01570013928497,35.53560935436549,1972.6672761732464,False,704.1634661001343,0.0028166538644005,,,
라마46b27a,48890450,대병면,250000.0,250000.0,1046750.0,1727250.0,128.01572899532792,35.54011749043763,2381.4451906390145,False,0.0,0.0,,,
라마46b27b,48890450,대병면,250000.0,250000.0,1046750.0,1727750.0,128.0157578577793,35.54462562311239,2613.226803802848,False,0.0,0.0,,,
라마46b28a,48890450,대병면,250000.0,250000.0,1046750.0,1728250.0,128.01578672664056,35.549133752389544,2913.181673052609,False,0.0,0.0,,,
라마46b28b,48890450,대병면,250000.0,250000.0,1046750.0,1728750.0,128.01581560191303,35.55364187826892,3262.560435042629,False,0.0,0.0,,,
라마46b29a,48890450,대병면,250000.0,250000.0,1046750.0,1729250.0,128.01584448359827,35.558150000750324,3647.187097531672,False,0.0,0.0,,,
라마46b29b,48890450,대병면,250000.0,250000.0,1046750.0,1729750.0,128.0158733716977,35.56265811983359,4057.04903304082,False,0.0,0.0,,,
라마46b30a,48890450,대병면,250000.0,250000.0,1046750.0,1730250.0,128.01590226621258,35.56716623551854,4485.233548946298,False,629.3646275926136,0.0025174585103704,,,
라마46b30b,48890310,봉산면,250000.0,250000.0,1046750.0,1730750.0,128.01593116714452,35.571674347804944,4926.965914301555,False,0.0,0.0,,,
라마46b31a,48890310,봉산면,250000.0,250000.0,1046750.0,1731250.0,128.0159600744949,35.57618245669267,5129.968970809035,False,0.0,0.0,,,
라마46b31b,48890310,봉산면,250000.0,250000.0,1046750.0,1731750.0,128.01598898826512,35.58069056218151,4999.544582431144,False,0.0,0.0,,,
라마46b32a,48890310,봉산면,250000.0,250000.0,1046750.0,1732250.0,128.01601790845666,35.58519866427128,4916.737782510848,False,0.0,0.0,,,
라마46b32b,48890310,봉산면,250000.0,250000.0,1046750.0,1732750.0,128.01604683507094,35.589706762961804,4883.971213287685,False,1911.6949715083408,0.0076467798860333,0.0,,
라마46b33a,48890310,봉산면,250000.0,250000.0,1046750.0,1733250.0,128.01607576810937,35.5942148582529,4902.248382372712,False,23920.037432550205,0.0956801497302008,0.0,0.0,
라마46b33b,48890310,봉산면,250000.0,250000.0,1046750.0,1733750.0,128.0161047075734,35.59872295014436,4971.006295784482,False,42263.72918022577,0.169054916720903,0.0,,
라마46b34a,48890310,봉산면,250000.0,250000.0,1046750.0,1734250.0,128.01613365346446,35.603231038636025,5088.198893811252,False,7476.958400130645,0.0299078336005225,6.0,0.0,0.0
라마46b34b,48890310,봉산면,250000.0,250000.0,1046750.0,1734750.0,128.016162605784,35.607739123727704,5057.561374933437,False,16764.298267340866,0.0670571930693634,0.0,0.0,
라마46b35a,48890310,봉산면,250000.0,250000.0,1046750.0,1735250.0,128.0161915645334,35.61224720541922,4731.085294277753,False,40408.81165959279,0.1616352466383711,6.0,0.0,0.0
라마46b35b,48890310,봉산면,250000.0,250000.0,1046750.0,1735750.0,128.01622052971416,35.61675528371039,4437.049589788672,False,0.0,0.0,,,
라마46b36a,48890310,봉산면,250000.0,250000.0,1046750.0,1736250.0,128.01624950132774,35.621263358601034,4182.302005206755,False,0.0,0.0,0.0,0.0,
라마46b36b,48890310,봉산면,250000.0,250000.0,1046750.0,1736750.0,128.01627847937547,35.62577143009094,3974.404491652688,False,0.0,0.0,,,
라마46b37a,48890310,봉산면,250000.0,250000.0,1046750.0,1737250.0,128.01630746385888,35.630279498179966,3821.01191620514,False,19798.58761980033,0.0791943504792013,0.0,0.0,
라마46b37b,48890310,봉산면,250000.0,250000.0,1046750.0,1737750.0,128.0163364547794,35.634787562867906,3728.856803940625,False,481.3138516907077,0.0019252554067628,0.0,,
라마46b38a,48890310,봉산면,250000.0,250000.0,1046750.0,1738250.0,128.01636545213842,35.63929562415458,3702.514559702217,False,0.0,0.0,,,
라마47a14b,48890440,가회면,250000.0,211351.9518380633,1047250.0,1714750.0,128.02051743438176,35.427389453851674,869.1620724074164,False,10725.9795721489,0.0507493755267852,,,
라마47a15a,48890440,가회면,250000.0,250000.0,1047250.0,1715250.0,128.02054644398544,35.43189766749554,535.2577958185348,False,160556.14563820578,0.6422245825528231,,,
라마47a15b,48890440,가회면,250000.0,250000.0,1047250.0,1715750.0,128.02057546003152,35.436405877746004,563.5238307804537,False,66618.58367460068,0.2664743346984027,55.0,37.0,0.6727272727272727
라마47a16a,48890440,가회면,250000.0,250000.0,1047250.0,1716250.0,128.0206044825215,35.4409140846029,921.2042703605096,False,49354.58723754615,0.1974183489501846,0.0,0.0,
라마47a16b,48890440,가회면,250000.0,250000.0,1047250.0,1716750.0,128.0206335114568,35.44542228806603,1371.0125847720728,False,63517.88647819388,0.2540715459127755,6.0,0.0,0.0
라마47a17a,48890440,가회면,250000.0,250000.0,1047250.0,1717250.0,128.0206625468388,35.44993048813522,1690.594783352078,False,72466.01439917392,0.2898640575966956,0.0,0.0,
라마47a17b,48890440,가회면,250000.0,250000.0,1047250.0,1717750.0,128.020691588669,35.45443868481028,1253.9687226601434,False,14168.62818307133,0.0566745127322853,10.0,6.0,0.6
라마47a18a,48890440,가회면,250000.0,250000.0,1047250.0,1718250.0,128.0207206369488,35.45894687809101,886.9974032219958,False,15545.979759738915,0.0621839190389556,8.0,,
라마47a18b,48890440,가회면,250000.0,250000.0,1047250.0,1718750.0,128.02074969167967,35.46345506797723,707.8779762326385,False,5748.590487572781,0.0229943619502911,,,
라마47a19a,48890440,가회면,250000.0,250000.0,1047250.0,1719250.0,128.02077875286298,35.46796325446877,746.0797144824343,False,30617.108667589568,0.1224684346703582,0.0,,
라마47a19b,48890440,가회면,250000.0,250000.0,1047250.0,1719750.0,128.0208078205002,35.47247143756542,632.9484027473972,False,34933.62026049076,0.139734481041963,6.0,0.0,0.0
라마47a20a,48890440,가회면,250000.0,250000.0,1047250.0,1720250.0,128.0208368945928,35.47697961726701,862.9092772237253,False,25953.78916496206,0.1038151566598482,,,
라마47a20b,48890440,가회면,250000.0,250000.0,1047250.0,1720750.0,128.0208659751422,35.48148779357335,1260.3972234565829,False,46692.75628638238,0.1867710251455295,0.0,0.0,
라마47a21a,48890440,가회면,250000.0,250000.0,1047250.0,1721250.0,128.02089506214978,35.48599596648425,1172.5956807757009,False,108995.51586781743,0.4359820634712698,39.0,22.0,0.5641025641025641
라마47a21b,48890440,가회면,250000.0,250000.0,1047250.0,1721750.0,128.02092415561702,35.49050413599954,1273.2119607231375,False,101063.38629113013,0.4042535451645205,21.0,9.0,0.4285714285714285
라마47a22a,48890440,가회면,250000.0,250000.0,1047250.0,1722250.0,128.02095325554538,35.495012302119015,1318.214620160718,False,12875.498275113208,0.0515019931004528,9.0,0.0,0.0
라마47a22b,48890450,대병면,250000.0,250000.0,1047250.0,1722750.0,128.02098236193626,35.499520464842504,1160.0187656597532,False,7199.446538497101,0.0287977861539884,,,
라마47a23a,48890450,대병면,250000.0,250000.0,1047250.0,1723250.0,128.02101147479115,35.504028624169806,980.9575474829694,False,67851.7651875293,0.2714070607501171,25.0,0.0,0.0
라마47a23b,48890450,대병면,250000.0,250000.0,1047250.0,1723750.0,128.0210405941114,35.508536780100755,1038.7068321931974,False,104734.76496743262,0.4189390598697305,0.0,0.0,
라마47a24a,48890450,대병면,250000.0,250000.0,1047250.0,1724250.0,128.02106971989852,35.51304493263515,577.5127131515508,False,116867.45095897616,0.4674698038359047,17.0,8.0,0.4705882352941176
라마47a24b,48890450,대병면,250000.0,250000.0,1047250.0,1724750.0,128.02109885215398,35.51755308177281,113.7245515229957,True,134989.04157981672,0.5399561663192669,76.0,37.0,0.4868421052631579
라마47a25a,48890450,대병면,250000.0,250000.0,1047250.0,1725250.0,128.0211279908791,35.522061227513554,438.5722442044727,False,21131.04743098854,0.0845241897239541,52.0,33.0,0.6346153846153846
라마47a25b,48890450,대병면,250000.0,250000.0,1047250.0,1725750.0,128.02115713607546,35.52656936985719,933.6797915527512,False,1697.7239882586357,0.0067908959530345,0.0,,
라마47a26a,48890450,대병면,250000.0,250000.0,1047250.0,1726250.0,128.0211862877444,35.53107750880356,1432.1907320330731,False,0.0,0.0,,,
라마47a26b,48890450,대병면,250000.0,250000.0,1047250.0,1726750.0,128.02121544588744,35.535585644352444,1931.4716235784751,False,0.0,0.0,,,
라마47a27a,48890450,대병면,250000.0,250000.0,1047250.0,1727250.0,128.02124461050593,35.54009377650366,2431.048122200857,False,0.0,0.0,,,
라마47a27b,48890450,대병면,250000.0,250000.0,1047250.0,1727750.0,128.0212737816014,35.544601905257046,2930.7690649765896,False,8545.878276179086,0.0341835131047163,0.0,0.0,
라마47a28a,48890450,대병면,250000.0,250000.0,1047250.0,1728250.0,128.02130295917524,35.54911003061241,3307.3117575682663,False,1165.0029781036726,0.0046600119124146,0.0,0.0,
라마47a28b,48890450,대병면,250000.0,250000.0,1047250.0,1728750.0,128.02133214322893,35.553618152569555,3618.83740914748,False,0.0,0.0,,,
라마47a29a,48890450,대병면,250000.0,250000.0,1047250.0,1729250.0,128.02136133376388,35.55812627112832,3969.0877196077686,False,0.0,0.0,,,
라마47a29b,48890460,용주면,250000.0,250000.0,1047250.0,1729750.0,128.0213905307816,35.56263438628849,4348.715955088024,False,0.0,0.0,,,
라마47a30a,48890310,봉산면,250000.0,250000.0,1047250.0,1730250.0,128.02141973428346,35.5671424980499,4713.641529053126,False,0.0,0.0,,,
라마47a30b,48890310,봉산면,250000.0,250000.0,1047250.0,1730750.0,128.0214489442709,35.57165060641236,4725.525727637227,False,0.0,0.0,,,
라마47a31a,48890310,봉산면,250000.0,250000.0,1047250.0,1731250.0,128.02147816074546,35.5761587113757,4656.514630587535,False,0.0,0.0,,,
라마47a31b,48890310,봉산면,250000.0,250000.0,1047250.0,1731750.0,128.0215073837085,35.58066681293971,4512.426497476591,False,0.0,0.0,,,
라마47a32a,48890310,봉산면,250000.0,250000.0,1047250.0,1732250.0,128.02153661316152,35.58517491110424,4420.504189046985,False,110.0691078121784,0.0004402764312487,,,
라마47a32b,48890310,봉산면,250000.0,250000.0,1047250.0,1732750.0,128.02156584910594,35.58968300586907,4384.030300492349,False,8603.319770930118,0.0344132790837204,,,
라마47a33a,48890310,봉산면,250000.0,250000.0,1047250.0,1733250.0,128.02159509154322,35.594191097234045,4404.382597582563,False,11722.254019488017,0.046889016077952,0.0,,
라마47a33b,48890310,봉산면,250000.0,250000.0,1047250.0,1733750.0,128.0216243404748,35.59869918519896,4480.786812172747,False,47435.66796125663,0.1897426718450265,16.0,13.0,0.8125
라마47a34a,48890310,봉산면,250000.0,250000.0,1047250.0,1734250.0,128.02165359590214,35.60320726976365,4610.457119027819,False,59049.41423945315,0.2361976569578126,19.0,17.0,0.8947368421052632
라마47a34b,48890310,봉산면,250000.0,250000.0,1047250.0,1734750.0,128.02168285782668,35.60771535092791,4703.91430959663,False,31166.5297885441,0.1246661191541764,0.0,0.0,
라마47a35a,48890310,봉산면,250000.0,250000.0,1047250.0,1735250.0,128.02171212624987,35.612223428691586,4350.982743305305,False,46254.458245050846,0.1850178329802033,55.0,36.0,0.6545454545454545
라마47a35b,48890310,봉산면,250000.0,250000.0,1047250.0,1735750.0,128.02174140117316,35.616731503054474,4029.3041375717935,False,0.0,0.0,,,
라마47a36a,48890310,봉산면,250000.0,250000.0,1047250.0,1736250.0,128.02177068259803,35.62123957401638,3746.936459771608,False,0.0,0.0,,,
라마47a36b,48890310,봉산면,250000.0,250000.0,1047250.0,1736750.0,128.02179997052593,35.62574764157716,3513.370722550981,False,0.0,0.0,,,
라마47a37a,48890310,봉산면,250000.0,250000.0,1047250.0,1737250.0,128.02182926495826,35.630255705736595,3338.8643031113165,False,1826.961238688199,0.0073078449547527,,,
라마47a37b,48890310,봉산면,250000.0,250000.0,1047250.0,1737750.0,128.0218585658965,35.63476376649453,3232.9948708749343,False,801.2832761157048,0.0032051331044628,,,
라마47a38a,48890310,봉산면,250000.0,250000.0,1047250.0,1738250.0,128.02188787334217,35.639271823850734,3202.57659324742,False,105.55608419282788,0.0004222243367713,,,
라마47a38b,48890310,봉산면,250000.0,250000.0,1047250.0,1738750.0,128.0219171872966,35.64377987780508,3249.728886557902,False,2878.3641152891287,0.0115134564611565,,,
라마47a39a,48890310,봉산면,250000.0,228835.3580138811,1047250.0,1739250.0,128.02194650776136,35.648287928357355,3371.198427361029,False,6226.656715456842,0.0272102037442969,0.0,0.0,
라마47b14a,48890440,가회면,250000.0,182480.4522584828,1047750.0,1714250.0,128.0259960392188,35.42285737352218,531.6818367105197,False,0.0,0.0,,,
라마47b14b,48890440,가회면,250000.0,244556.19548057183,1047750.0,1714750.0,128.02602534924742,35.427365586607465,939.1405777249709,False,5717.803898712922,0.0233803273209946,,,
라마47b15a,48890440,가회면,250000.0,250000.0,1047750.0,1715250.0,128.0260546657852,35.431873796299115,1012.3894880410016,False,114060.2369905784,0.4562409479623135,,,
라마47b15b,48890440,가회면,250000.0,250000.0,1047750.0,1715750.0,128.0260839888336,35.436382002596936,1027.6140692735198,False,130048.76663214836,0.5201950665285934,6.0,0.0,0.0
라마47b16a,48890440,가회면,250000.0,250000.0,1047750.0,1716250.0,128.026113318394,35.44089020550076,1259.781280715761,False,38983.518294044414,0.1559340731761776,0.0,,
라마47b16b,48890440,가회면,250000.0,250000.0,1047750.0,1716750.0,128.02614265446795,35.44539840501037,1618.0565735210885,False,125671.9908284464,0.5026879633137855,53.0,34.0,0.6415094339622641
라마47b17a,48890440,가회면,250000.0,250000.0,1047750.0,1717250.0,128.0261719970568,35.449906601125626,1549.5587057296234,False,100079.21344834963,0.4003168537933986,45.0,30.0,0.6666666666666666
라마47b17b,48890440,가회면,250000.0,250000.0,1047750.0,1717750.0,128.02620134616208,35.4544147938463,1056.1529332512018,False,8707.052862459617,0.0348282114498384,,,
라마47b18a,48890440,가회면,250000.0,250000.0,1047750.0,1718250.0,128.02623070178518,35.45892298317222,574.2698445223899,False,795.7893394213679,0.0031831573576854,,,
라마47b18b,48890440,가회면,250000.0,250000.0,1047750.0,1718750.0,128.02626006392757,35.46343116910319,210.0302126847997,True,11294.717447337584,0.0451788697893503,8.0,7.0,0.875
라마47b19a,48890440,가회면,250000.0,250000.0,1047750.0,1719250.0,128.02628943259072,35.46793935163905,508.3694779912289,False,25535.67167080012,0.1021426866832004,6.0,0.0,0.0
라마47b19b,48890440,가회면,250000.0,250000.0,1047750.0,1719750.0,128.02631880777605,35.47244753077958,925.837836260688,False,35076.68718147668,0.1403067487259067,12.0,11.0,0.9166666666666666
라마47b20a,48890440,가회면,250000.0,250000.0,1047750.0,1720250.0,128.02634818948502,35.47695570652464,1208.393703422023,False,23722.34148494805,0.0948893659397922,0.0,0.0,
라마47b20b,48890440,가회면,250000.0,250000.0,1047750.0,1720750.0,128.02637757771907,35.481463878874,840.4185914320427,False,21421.26112800056,0.0856850445120022,8.0,0.0,0.0
라마47b21a,48890440,가회면,250000.0,250000.0,1047750.0,1721250.0,128.0264069724797,35.48597204782749,672.6005316525149,False,23205.52575148176,0.092822103005927,0.0,0.0,
라마47b21b,48890440,가회면,250000.0,250000.0,1047750.0,1721750.0,128.02643637376832,35.49048021338492,835.7508848537777,False,23418.36445420901,0.093673457816836,7.0,0.0,0.0
라마47b22a,48890440,가회면,250000.0,250000.0,1047750.0,1722250.0,128.02646578158638,35.4949883755461,834.0396822762716,False,42355.46480634146,0.1694218592253658,0.0,0.0,
라마47b22b,48890450,대병면,250000.0,250000.0,1047750.0,1722750.0,128.02649519593535,35.49949653431088,789.8063886581389,False,24878.176195182903,0.0995127047807316,,,
라마47b23a,48890450,대병면,250000.0,250000.0,1047750.0,1723250.0,128.0265246168167,35.50400468967904,490.3348905046798,False,83940.42631832843,0.3357617052733137,67.0,34.0,0.5074626865671642
라마47b23b,48890450,대병면,250000.0,250000.0,1047750.0,1723750.0,128.02655404423186,35.508512841650386,597.5470509736128,False,7266.913652360722,0.0290676546094428,0.0,,
라마47b24a,48890450,대병면,250000.0,250000.0,1047750.0,1724250.0,128.0265834781823,35.51302099022475,820.1752154605504,False,35221.74447970864,0.1408869779188345,0.0,,
라마47b24b,48890450,대병면,250000.0,250000.0,1047750.0,1724750.0,128.02661291866943,35.517529135401965,593.3799152509305,False,27147.0708436282,0.1085882833745127,0.0,,
라마47b25a,48890450,대병면,250000.0,250000.0,1047750.0,1725250.0,128.02664236569473,35.5220372771818,729.0487388307057,False,13681.24086701032,0.0547249634680412,37.0,24.0,0.6486486486486487
라마47b25b,48890450,대병면,250000.0,250000.0,1047750.0,1725750.0,128.02667181925972,35.52654541556412,1100.420103123386,False,1111.1373237883054,0.0044445492951532,6.0,0.0,0.0
라마47b26a,48890450,대병면,250000.0,250000.0,1047750.0,1726250.0,128.0267012793658,35.53105355054871,1546.0713900481844,False,0.0,0.0,,,
라마47b26b,48890450,대병면,250000.0,250000.0,1047750.0,1726750.0,128.02673074601438,35.535561682135395,2017.3619117285243,False,549.7837576631994,0.0021991350306527,9.0,0.0,0.0
라마47b27a,48890450,대병면,250000.0,250000.0,1047750.0,1727250.0,128.026760219207,35.54006981032399,2499.8322789060085,False,6688.460928877123,0.0267538437155084,9.0,0.0,0.0
라마47b27b,48890450,대병면,250000.0,250000.0,1047750.0,1727750.0,128.02678969894512,35.54457793511429,2988.0719138648333,False,67258.05868594265,0.2690322347437706,34.0,22.0,0.6470588235294118
라마47b28a,48890450,대병면,250000.0,250000.0,1047750.0,1728250.0,128.02681918523012,35.54908605650614,3469.7714738127743,False,4828.97919902754,0.0193159167961101,0.0,0.0,
라마47b28b,48890450,대병면,250000.0,250000.0,1047750.0,1728750.0,128.02684867806352,35.553594174499345,3884.3971498066808,False,2236.657194409626,0.0089466287776385,0.0,0.0,
라마47b29a,48890450,대병면,250000.0,250000.0,1047750.0,1729250.0,128.02687817744678,35.558102289093725,4317.148173779498,False,0.0,0.0,,,
라마47b29b,48890460,용주면,250000.0,250000.0,1047750.0,1729750.0,128.02690768338135,35.56261040028908,4259.649439263869,False,0.0,0.0,,,
라마47b30a,48890460,용주면,250000.0,250000.0,1047750.0,1730250.0,128.0269371958687,35.56711850808524,4213.880667931645,False,0.0,0.0,,,
라마47b30b,48890310,봉산면,250000.0,250000.0,1047750.0,1730750.0,128.02696671491026,35.571626612482,4227.170119798244,False,0.0,0.0,,,
라마47b31a,48890310,봉산면,250000.0,250000.0,1047750.0,1731250.0,128.02699624050751,35.576134713479206,4189.233267351917,False,0.0,0.0,,,
라마47b31b,48890310,봉산면,250000.0,250000.0,1047750.0,1731750.0,128.02702577266194,35.58064281107666,4028.46617939646,False,0.0,0.0,,,
라마47b32a,48890310,봉산면,250000.0,250000.0,1047750.0,1732250.0,128.02705531137497,35.58515090527418,3925.226636615292,False,34100.86648627481,0.1364034659450992,0.0,0.0,
라마47b32b,48890310,봉산면,250000.0,250000.0,1047750.0,1732750.0,128.0270848566481,35.58965899607157,3884.104599395759,False,6243.550792457072,0.0249742031698282,0.0,,
라마47b33a,48890310,봉산면,250000.0,250000.0,1047750.0,1733250.0,128.02711440848276,35.59416708346867,3907.061930568848,False,0.0,0.0,,,
라마47b33b,48890310,봉산면,250000.0,250000.0,1047750.0,1733750.0,128.02714396688043,35.598675167465274,3992.993528614023,False,9843.40280389392,0.0393736112155756,0.0,0.0,
라마47b34a,48890310,봉산면,250000.0,250000.0,1047750.0,1734250.0,128.0271735318426,35.603183248061214,4137.977973576775,False,0.0,0.0,,,
라마47b34b,48890310,봉산면,250000.0,250000.0,1047750.0,1734750.0,128.0272031033707,35.60769132525628,4336.095720813788,False,22.960570664009857,9.184228265603944e-05,,,
라마47b35a,48890310,봉산면,250000.0,250000.0,1047750.0,1735250.0,128.02723268146622,35.61219939905033,3997.365833064308,False,40942.17022124519,0.1637686808849807,20.0,10.0,0.5
라마47b35b,48890310,봉산면,250000.0,250000.0,1047750.0,1735750.0,128.02726226613058,35.61670746944315,3644.608978184425,False,15533.865458716686,0.0621354618348667,0.0,0.0,
라마47b36a,48890310,봉산면,250000.0,250000.0,1047750.0,1736250.0,128.02729185736533,35.62121553643457,3329.777110314613,False,1549.5496277074462,0.0061981985108297,,,
라마47b36b,48890310,봉산면,250000.0,250000.0,1047750.0,1736750.0,128.02732145517186,35.625723600024386,3064.580983574712,False,0.0,0.0,,,
라마47b37a,48890310,봉산면,250000.0,250000.0,1047750.0,1737250.0,128.02735105955168,35.63023166021245,2862.847813873515,False,0.0,0.0,,,
라마47b37b,48890310,봉산면,250000.0,250000.0,1047750.0,1737750.0,128.02738067050623,35.63473971699856,2738.6380932706275,False,9186.205624916349,0.0367448224996653,0.0,0.0,
라마47b38a,48890310,봉산면,250000.0,250000.0,1047750.0,1738250.0,128.02741028803703,35.639247770382525,2702.6615782272097,False,55690.44647789845,0.2227617859115938,15.0,8.0,0.5333333333333333
라마47b38b,48890310,봉산면,250000.0,250000.0,1047750.0,1738750.0,128.0274399121455,35.64375582036418,2758.3728186991343,False,18660.43707056461,0.0746417482822584,0.0,0.0,
라마47b39a,48890310,봉산면,250000.0,250000.0,1047750.0,1739250.0,128.02746954283316,35.64826386694332,2900.493338632382,False,10923.550806603222,0.0436942032264128,0.0,0.0,
라마47b39b,48890310,봉산면,250000.0,191849.38124052135,1047750.0,1739750.0,128.0274991801014,35.65277191011977,3117.2267495264823,False,0.0,0.0,,,
라마48a13b,48890440,가회면,250000.0,212421.8954085774,1048250.0,1713750.0,128.03147403039347,35.418325046582005,180.3958915658798,True,57552.306077861176,0.2709339635971314,63.0,42.0,0.6666666666666666
라마48a14a,48890440,가회면,250000.0,250000.0,1048250.0,1714250.0,128.03150364071078,35.422833259067815,363.100711835668,False,60668.30012357634,0.2426732004943053,0.0,0.0,
라마48a14b,48890440,가회면,250000.0,250000.0,1048250.0,1714750.0,128.0315332576039,35.42734146815973,855.0681704854233,False,75048.47700722146,0.3001939080288858,44.0,21.0,0.4772727272727273
라마48a15a,48890440,가회면,250000.0,250000.0,1048250.0,1715250.0,128.03156288107436,35.43184967385758,1352.937923712322,False,152757.22658124162,0.6110289063249664,24.0,13.0,0.5416666666666666
라마48a15b,48890440,가회면,250000.0,250000.0,1048250.0,1715750.0,128.0315925111236,35.43635787616116,1514.735040487374,False,56635.46156823199,0.2265418462729279,206.0,95.0,0.4611650485436893
라마48a16a,48890440,가회면,250000.0,250000.0,1048250.0,1716250.0,128.031622147753,35.44086607507029,1680.91654842031,False,20916.943414947786,0.0836677736597911,,,
라마48a16b,48890440,가회면,250000.0,250000.0,1048250.0,1716750.0,128.03165179096413,35.4453742705848,1963.807180612753,False,190979.27507219976,0.763917100288799,0.0,,
라마48a17a,48890440,가회면,250000.0,250000.0,1048250.0,1717250.0,128.03168144075843,35.44988246270449,1563.378918723056,False,43621.61523072857,0.1744864609229142,23.0,9.0,0.391304347826087
라마48a17b,48890440,가회면,250000.0,250000.0,1048250.0,1717750.0,128.0317110971373,35.454390651429165,1076.3273105428125,False,3010.82599664736,0.0120433039865894,,,
라마48a18a,48890440,가회면,250000.0,250000.0,1048250.0,1718250.0,128.03174076010225,35.45889883675866,610.5794914120323,False,0.0,0.0,,,
라마48a18b,48890440,가회면,250000.0,250000.0,1048250.0,1718750.0,128.03177042965476,35.46340701869274,295.18494413778694,True,29063.249378056946,0.1162529975122277,13.0,9.0,0.6923076923076923
라마48a19a,48890440,가회면,250000.0,250000.0,1048250.0,1719250.0,128.03180010579626,35.46791519723131,328.8608683567057,False,75175.04219208613,0.3007001687683445,13.0,9.0,0.6923076923076923
라마48a19b,48890440,가회면,250000.0,250000.0,1048250.0,1719750.0,128.0318297885282,35.47242337237409,535.0392651596337,False,12381.673211471008,0.049526692845884,,,
라마48a20a,48890440,가회면,250000.0,250000.0,1048250.0,1720250.0,128.03185947785212,35.47693154412095,982.0308344389168,False,39317.44346054888,0.1572697738421955,,,
라마48a20b,48890440,가회면,250000.0,250000.0,1048250.0,1720750.0,128.03188917376943,35.48143971247168,532.6483393666358,False,29811.33028163904,0.1192453211265561,,,
라마48a21a,48890440,가회면,250000.0,250000.0,1048250.0,1721250.0,128.03191887628165,35.485947877426106,172.63348396143098,True,51300.82511978706,0.2052033004791482,27.0,27.0,1.0
라마48a21b,48890450,대병면,250000.0,250000.0,1048250.0,1721750.0,128.03194858539015,35.49045603898404,525.2526878934447,False,5227.5241005281305,0.0209100964021125,0.0,0.0,
라마48a22a,48890450,대병면,250000.0,250000.0,1048250.0,1722250.0,128.0319783010965,35.494964197145286,391.8604323193932,False,46119.93491766295,0.1844797396706518,0.0,0.0,
라마48a22b,48890450,대병면,250000.0,250000.0,1048250.0,1722750.0,128.0320080234021,35.499472351909674,377.2339412252791,False,116680.76059248792,0.4667230423699517,14.0,9.0,0.6428571428571429
라마48a23a,48890450,대병면,250000.0,250000.0,1048250.0,1723250.0,128.03203775230847,35.503980503277,136.30443767049758,True,139571.3408503547,0.5582853634014188,27.0,17.0,0.6296296296296297
라마48a23b,48890450,대병면,250000.0,250000.0,1048250.0,1723750.0,128.03206748781702,35.50848865124709,367.7133027369226,False,5810.1036113491145,0.0232404144453964,0.0,0.0,
라마48a24a,48890450,대병면,250000.0,250000.0,1048250.0,1724250.0,128.0320972299293,35.51299679581975,867.0912560340583,False,0.0,0.0,,,
라마48a24b,48890450,대병면,250000.0,250000.0,1048250.0,1724750.0,128.0321269786467,35.517504936994825,1091.4514070847572,False,0.0,0.0,,,
라마48a25a,48890450,대병면,250000.0,250000.0,1048250.0,1725250.0,128.03215673397074,35.52201307477209,1170.7598019212726,False,4840.525240794654,0.0193621009631786,25.0,12.0,0.48
라마48a25b,48890450,대병면,250000.0,250000.0,1048250.0,1725750.0,128.03218649590286,35.52652120915139,1431.8138334162643,False,19637.84300597245,0.0785513720238898,7.0,0.0,0.0
라마48a26a,48890450,대병면,250000.0,250000.0,1048250.0,1726250.0,128.03221626444457,35.53102934013251,1744.169467974535,False,461.83352270481714,0.0018473340908192,,,
라마48a26b,48890450,대병면,250000.0,250000.0,1048250.0,1726750.0,128.03224603959734,35.5355374677153,2022.7096356017007,False,0.0,0.0,,,
라마48a27a,48890450,대병면,250000.0,250000.0,1048250.0,1727250.0,128.03227582136262,35.54004559189955,2374.9908224869755,False,0.0,0.0,,,
라마48a27b,48890450,대병면,250000.0,250000.0,1048250.0,1727750.0,128.03230560974188,35.544553712685065,2773.0504041287736,False,24068.084717030037,0.0962723388681201,0.0,0.0,
라마48a28a,48890460,용주면,250000.0,250000.0,1048250.0,1728250.0,128.0323354047366,35.5490618300717,3199.8493215744,False,19913.399725578623,0.0796535989023144,11.0,8.0,0.7272727272727273
라마48a28b,48890460,용주면,250000.0,250000.0,1048250.0,1728750.0,128.03236520634826,35.55356994405924,3645.306957955879,False,10931.47711164738,0.0437259084465895,,,
라마48a29a,48890460,용주면,250000.0,250000.0,1048250.0,1729250.0,128.03239501457838,35.5580780546475,3882.114143920513,False,0.0,0.0,,,
라마48a29b,48890310,봉산면,250000.0,250000.0,1048250.0,1729750.0,128.03242482942835,35.562586161836315,3766.0306908699968,False,0.0,0.0,,,
라마48a30a,48890310,봉산면,250000.0,250000.0,1048250.0,1730250.0,128.03245465089972,35.56709426562549,3714.1841772752464,False,0.0,0.0,,,
라마48a30b,48890310,봉산면,250000.0,250000.0,1048250.0,1730750.0,128.0324844789939,35.57160236601483,3729.25475676694,False,0.0,0.0,,,
라마48a31a,48890310,봉산면,250000.0,250000.0,1048250.0,1731250.0,128.03251431371245,35.57611046300416,3730.4453127877737,False,1067.9064340681011,0.0042716257362724,,,
라마48a31b,48890310,봉산면,250000.0,250000.0,1048250.0,1731750.0,128.03254415505674,35.58061855659331,3548.955708649145,False,1129.809127088015,0.004519236508352,0.0,0.0,
라마48a32a,48890310,봉산면,250000.0,250000.0,1048250.0,1732250.0,128.03257400302834,35.58512664678207,3431.31913587274,False,0.0,0.0,,,
라마48a32b,48890310,봉산면,250000.0,250000.0,1048250.0,1732750.0,128.0326038576287,35.58963473357027,3384.200851376812,False,0.0,0.0,,,
라마48a33a,48890310,봉산면,250000.0,250000.0,1048250.0,1733250.0,128.0326337188593,35.59414281695773,3410.5248559001334,False,0.0,0.0,,,
라마48a33b,48890310,봉산면,250000.0,250000.0,1048250.0,1733750.0,128.0326635867216,35.59865089694426,3508.638508448216,False,0.0,0.0,,,
라마48a34a,48890310,봉산면,250000.0,250000.0,1048250.0,1734250.0,128.03269346121712,35.603158973529666,3672.7930207430422,False,0.0,0.0,,,
라마48a34b,48890310,봉산면,250000.0,250000.0,1048250.0,1734750.0,128.03272334234734,35.60766704671379,3894.6467058607377,False,0.0,0.0,,,
라마48a35a,48890310,봉산면,250000.0,250000.0,1048250.0,1735250.0,128.03275323011368,35.612175116496424,3677.882050060775,False,0.0,0.0,,,
라마48a35b,48890310,봉산면,250000.0,250000.0,1048250.0,1735750.0,128.0327831245177,35.616683182877395,3291.0571819207066,False,19496.67058623323,0.0779866823449329,6.0,0.0,0.0
라마48a36a,48890310,봉산면,250000.0,250000.0,1048250.0,1736250.0,128.03281302556078,35.62119124585653,2938.5878198863616,False,3397.9189209761985,0.0135916756839047,0.0,,
라마48a36b,48890310,봉산면,250000.0,250000.0,1048250.0,1736750.0,128.03284293324452,35.62569930543362,2634.3005477160523,False,0.0,0.0,,,
라마48a37a,48890310,봉산면,250000.0,250000.0,1048250.0,1737250.0,128.0328728475704,35.6302073616085,2396.618529555696,False,0.0,0.0,,,
라마48a37b,48890310,봉산면,250000.0,250000.0,1048250.0,1737750.0,128.03290276853977,35.63471541438099,2246.780224392747,False,7040.627984208159,0.0281625119368326,7.0,0.0,0.0
라마48a38a,48890310,봉산면,250000.0,250000.0,1048250.0,1738250.0,128.03293269615423,35.639223463750895,2202.785140960175,False,26618.77566068981,0.1064751026427592,26.0,22.0,0.8461538461538461
라마48a38b,48890310,봉산면,250000.0,250000.0,1048250.0,1738750.0,128.03296263041526,35.64373150971804,2270.793556831521,False,35094.98506794534,0.1403799402717813,16.0,9.0,0.5625
라마48a39a,48890310,봉산면,250000.0,250000.0,1048250.0,1739250.0,128.03299257132431,35.648239552282234,2441.4635729947245,False,17748.90299565799,0.0709956119826319,0.0,0.0,
라마48a39b,48890310,봉산면,250000.0,250000.0,1048250.0,1739750.0,128.03302251888286,35.65274759144329,2695.3636820979805,False,0.0,0.0,,,
라마48b13b,48890440,가회면,250000.0,223928.7127043325,1048750.0,1713750.0,128.03698131851465,35.418300685001185,617.8181197905624,False,15933.367562009667,0.0711537496446358,0.0,0.0,
라마48b14a,48890440,가회면,250000.0,250000.0,1048750.0,1714250.0,128.0370112356269,35.42280889345249,693.5406825725985,False,12017.717537347591,0.0480708701493903,10.0,0.0,0.0
라마48b14b,48890440,가회면,250000.0,250000.0,1048750.0,1714750.0,128.0370411593831,35.42731709850945,1039.373911364426,False,95049.39160607656,0.3801975664243062,,,
라마48b15a,48890440,가회면,250000.0,250000.0,1048750.0,1715250.0,128.0370710897848,35.431825300171894,1476.34602206485,False,52101.50669538132,0.2084060267815252,15.0,0.0,0.0
라마48b15b,48890440,가회면,250000.0,250000.0,1048750.0,1715750.0,128.0371010268334,35.43633349843964,1943.9385345500064,False,27022.784389222405,0.1080911375568896,51.0,20.0,0.392156862745098
라마48b16a,48890440,가회면,250000.0,250000.0,1048750.0,1716250.0,128.03713097053037,35.44084169331248,2136.331437362811,False,64123.51116961677,0.2564940446784671,0.0,0.0,
라마48b16b,48890440,가회면,250000.0,250000.0,1048750.0,1716750.0,128.0371609208772,35.44534988479026,2184.684935774545,False,59810.448146101095,0.2392417925844043,11.0,0.0,0.0
라마48b17a,48890440,가회면,250000.0,250000.0,1048750.0,1717250.0,128.03719087787542,35.44985807287277,1728.3446139334822,False,20842.177319353388,0.0833687092774135,23.0,14.0,0.6086956521739131
라마48b17b,48890440,가회면,250000.0,250000.0,1048750.0,1717750.0,128.03722084152645,35.45436625755984,1304.416321741464,False,10818.29275263233,0.0432731710105293,0.0,,
라마48b18a,48890440,가회면,250000.0,250000.0,1048750.0,1718250.0,128.0372508118318,35.458874438851275,956.9894337651708,False,3104.647981860556,0.0124185919274422,0.0,,
라마48b18b,48890440,가회면,250000.0,250000.0,1048750.0,1718750.0,128.0372807887929,35.46338261674688,599.2689232896867,False,86355.13187575203,0.3454205275030081,,,
라마48b19a,48890440,가회면,250000.0,250000.0,1048750.0,1719250.0,128.0373107724113,35.46789079124648,192.9787214876671,True,66316.02765657492,0.2652641106262997,44.0,24.0,0.5454545454545454
라마48b19b,48890440,가회면,250000.0,250000.0,1048750.0,1719750.0,128.03734076268844,35.472398962349885,464.0671626750258,False,26659.758568005916,0.1066390342720236,13.0,9.0,0.6923076923076923
라마48b20a,48890440,가회면,250000.0,250000.0,1048750.0,1720250.0,128.03737075962584,35.47690713005692,945.2385286262316,False,52111.73435548194,0.2084469374219277,0.0,0.0,
라마48b20b,48890440,가회면,250000.0,250000.0,1048750.0,1720750.0,128.03740076322492,35.48141529436738,600.9368502891555,False,14843.69904608426,0.059374796184337,0.0,0.0,
라마48b21a,48890440,가회면,250000.0,250000.0,1048750.0,1721250.0,128.03743077348722,35.485923455281096,327.43421383550884,False,20916.59378827763,0.0836663751531105,6.0,0.0,0.0
라마48b21b,48890450,대병면,250000.0,250000.0,1048750.0,1721750.0,128.03746079041417,35.490431612797856,594.3914793675162,False,45868.20819581343,0.1834728327832537,0.0,0.0,
라마48b22a,48890450,대병면,250000.0,250000.0,1048750.0,1722250.0,128.03749081400733,35.494939766917504,333.8966984316849,False,48073.101242001176,0.1922924049680047,11.0,7.0,0.6363636363636364
라마48b22b,48890450,대병면,250000.0,250000.0,1048750.0,1722750.0,128.0375208442681,35.49944791763985,316.6036216128854,False,8768.724502384344,0.0350748980095373,7.0,7.0,1.0
라마48b23a,48890450,대병면,250000.0,250000.0,1048750.0,1723250.0,128.037550881198,35.50395606496468,544.7288266753511,False,79376.01074932105,0.3175040429972842,11.0,7.0,0.6363636363636364
라마48b23b,48890450,대병면,250000.0,250000.0,1048750.0,1723750.0,128.0375809247985,35.508464208891844,642.9336419041471,False,48573.91558851384,0.1942956623540553,36.0,16.0,0.4444444444444444
라마48b24a,48890450,대병면,250000.0,250000.0,1048750.0,1724250.0,128.03761097507115,35.51297234942114,1014.8880929310162,False,7123.999370511657,0.0284959974820466,,,
라마48b24b,48890450,대병면,250000.0,250000.0,1048750.0,1724750.0,128.03764103201732,35.51748048655238,1262.6033908103009,False,0.0,0.0,,,
라마48b25a,48890450,대병면,250000.0,250000.0,1048750.0,1725250.0,128.0376710956386,35.52198862028538,1069.2962449326487,False,1020.1211320511565,0.0040804845282046,0.0,,
라마48b25b,48890450,대병면,250000.0,250000.0,1048750.0,1725750.0,128.03770116593645,35.52649675061997,1092.0721571253691,False,13189.17672233425,0.052756706889337,8.0,0.0,0.0
라마48b26a,48890450,대병면,250000.0,250000.0,1048750.0,1726250.0,128.03773124291234,35.53100487755593,1319.791170340918,False,4259.945521799729,0.0170397820871989,9.0,,
라마48b26b,48890450,대병면,250000.0,250000.0,1048750.0,1726750.0,128.0377613265678,35.53551300109312,1670.651331143409,False,382.9120681365652,0.0015316482725462,0.0,0.0,
라마48b27a,48890450,대병면,250000.0,250000.0,1048750.0,1727250.0,128.0377914169042,35.540021121231305,2083.3393883841004,False,10676.766962737593,0.0427070678509503,,,
라마48b27b,48890450,대병면,250000.0,250000.0,1048750.0,1727750.0,128.0378215139232,35.54452923797035,2527.7519941904966,False,6665.343848275103,0.0266613753931004,,,
라마48b28a,48890460,용주면,250000.0,250000.0,1048750.0,1728250.0,128.03785161762616,35.54903735131004,2989.7754566313884,False,36570.26145541822,0.1462810458216729,10.0,9.0,0.9
라마48b28b,48890460,용주면,250000.0,250000.0,1048750.0,1728750.0,128.0378817280146,35.553545461250195,3462.366880909188,False,34445.72691593897,0.1377829076637558,0.0,0.0,
라마48b29a,48890460,용주면,250000.0,250000.0,1048750.0,1729250.0,128.03791184509006,35.55805356779064,3407.225270741788,False,0.0,0.0,,,
라마48b29b,48890310,봉산면,250000.0,250000.0,1048750.0,1729750.0,128.03794196885397,35.56256167093119,3274.348940435106,False,0.0,0.0,,,
라마48b30a,48890310,봉산면,250000.0,250000.0,1048750.0,1730250.0,128.0379720993079,35.56706977067163,3214.582075772145,False,0.0,0.0,,,
라마48b30b,48890310,봉산면,250000.0,250000.0,1048750.0,1730750.0,128.03800223645322,35.571577867011804,3231.983115677216,False,0.0,0.0,,,
라마48b31a,48890310,봉산면,250000.0,250000.0,1048750.0,1731250.0,128.03803238029153,35.57608595995154,3283.7126998433528,False,0.0,0.0,,,
라마48b31b,48890310,봉산면,250000.0,250000.0,1048750.0,1731750.0,128.03806253082428,35.580594049490614,3075.9768343350065,False,0.0,0.0,,,
라마48b32a,48890310,봉산면,250000.0,250000.0,1048750.0,1732250.0,128.03809268805296,35.58510213562889,2939.472380482371,False,0.0,0.0,,,
라마48b32b,48890310,봉산면,250000.0,250000.0,1048750.0,1732750.0,128.03812285197907,35.58961021836614,2884.3304709883346,False,0.0,0.0,,,
라마48b33a,48890310,봉산면,250000.0,250000.0,1048750.0,1733250.0,128.03815302260412,35.59411829770221,2915.17180559309,False,0.0,0.0,,,
라마48b33b,48890310,봉산면,250000.0,250000.0,1048750.0,1733750.0,128.0381831999296,35.59862637363688,3029.3713945929385,False,0.0,0.0,,,
라마48b34a,48890310,봉산면,250000.0,250000.0,1048750.0,1734250.0,128.038213383957,35.60313444617,3218.0670342040817,False,16194.782534580005,0.06477913013832,6.0,0.0,0.0
라마48b34b,48890310,봉산면,250000.0,250000.0,1048750.0,1734750.0,128.03824357468778,35.607642515301386,3469.123783736197,False,38946.68824982317,0.1557867529992926,14.0,11.0,0.7857142857142857
라마48b35a,48890310,봉산면,250000.0,250000.0,1048750.0,1735250.0,128.03827377212352,35.61215058103084,3401.3812379762107,False,11046.416177873018,0.044185664711492,10.0,0.0,0.0
라마48b35b,48890310,봉산면,250000.0,250000.0,1048750.0,1735750.0,128.03830397626564,35.616658643358186,2979.755047899275,False,0.0,0.0,,,
라마48b36a,48890310,봉산면,250000.0,250000.0,1048750.0,1736250.0,128.03833418711568,35.62116670228323,2585.18493458279,False,1923.6484365319773,0.0076945937461279,9.0,0.0,0.0
라마48b36b,48890310,봉산면,250000.0,250000.0,1048750.0,1736750.0,128.03836440467512,35.6256747578058,2233.25371297272,False,6447.509697858922,0.0257900387914356,22.0,15.0,0.6818181818181818
라마48b37a,48890310,봉산면,250000.0,250000.0,1048750.0,1737250.0,128.03839462894547,35.63018280992571,1947.219337162368,False,0.0,0.0,,,
라마48b37b,48890310,봉산면,250000.0,250000.0,1048750.0,1737750.0,128.03842485992823,35.634690858642784,1759.518157772652,False,847.606551082212,0.0033904262043288,,,
라마48b38a,48890310,봉산면,250000.0,250000.0,1048750.0,1738250.0,128.03845509762488,35.63919890395681,1702.9812529926107,False,6833.165379608643,0.0273326615184345,0.0,0.0,
라마48b38b,48890310,봉산면,250000.0,250000.0,1048750.0,1738750.0,128.03848534203698,35.64370694586764,1790.0799279800042,False,1053.3769503136084,0.0042135078012544,,,
라마48b39a,48890310,봉산면,250000.0,250000.0,1048750.0,1739250.0,128.03851559316595,35.64821498437507,2002.15562558696,False,0.0,0.0,,,
라마48b39b,48890310,봉산면,250000.0,250000.0,1048750.0,1739750.0,128.03854585101334,35.65272301947892,2304.965975797068,False,0.0,0.0,,,
라마48b40a,48890310,봉산면,250000.0,193843.5715853251,1048750.0,1740250.0,128.03857611558064,35.65723105117902,2667.791061926466,False,0.0,0.0,,,
라마48b54a,48890330,가야면,250000.0,204801.649238083,1048750.0,1754250.0,128.03942625786408,35.78345455611521,7953.435446642358,False,0.0,0.0,,,
라마48b54b,48890330,가야면,250000.0,244539.29763359908,1048750.0,1754750.0,128.03945671796458,35.78796248902709,8186.775690993023,False,67560.21987478281,0.2762755128871369,0.0,0.0,
라마49a14a,48890440,가회면,250000.0,250000.0,1049250.0,1714250.0,128.04251882389906,35.42278427667718,1153.3235581704566,False,5116.349210245025,0.0204653968409801,0.0,0.0,
라마49a14b,48890440,가회면,250000.0,250000.0,1049250.0,1714750.0,128.0425490545169,35.42729247765758,1389.0481197829984,False,0.0,0.0,,,
라마49a15a,48890440,가회면,250000.0,250000.0,1049250.0,1715250.0,128.0425792918483,35.43180067524303,1740.3316144673126,False,7367.0649608882495,0.029468259843553,0.0,0.0,
라마49a15b,48890440,가회면,250000.0,250000.0,1049250.0,1715750.0,128.04260953589477,35.43630886943333,2151.291141978724,False,0.0,0.0,,,
라마49a16a,48890440,가회면,250000.0,250000.0,1049250.0,1716250.0,128.04263978665782,35.4408170602283,2593.7141374480425,False,8124.345666557479,0.0324973826662299,,,
라마49a16b,48890440,가회면,250000.0,250000.0,1049250.0,1716750.0,128.04267004413893,35.44532524762773,2411.6114383551576,False,30698.323460695363,0.1227932938427814,16.0,9.0,0.5625
라마49a17a,48890440,가회면,250000.0,250000.0,1049250.0,1717250.0,128.0427003083396,35.44983343163146,2007.534947520985,False,0.0,0.0,,,
라마49a17b,48890440,가회면,250000.0,250000.0,1049250.0,1717750.0,128.0427305792613,35.4543416122393,1656.6603156443196,False,20478.11035777059,0.0819124414310823,8.0,7.0,0.875
라마49a18a,48890440,가회면,250000.0,250000.0,1049250.0,1718250.0,128.04276085690557,35.45884978945106,1268.895982382021,False,57377.86222333582,0.2295114488933432,,,
라마49a18b,48890440,가회면,250000.0,250000.0,1049250.0,1718750.0,128.04279114127382,35.46335796326654,887.8144843555259,False,6007.891647311189,0.0240315665892447,,,
라마49a19a,48890440,가회면,250000.0,250000.0,1049250.0,1719250.0,128.04282143236765,35.46786613368557,682.8851317444996,False,4402.010592582232,0.0176080423703289,,,
라마49a19b,48890440,가회면,250000.0,250000.0,1049250.0,1719750.0,128.0428517301885,35.472374300707955,802.7762127043483,False,14954.773832048715,0.0598190953281948,,,
라마49a20a,48890440,가회면,250000.0,250000.0,1049250.0,1720250.0,128.04288203473783,35.47688246433352,1150.029213633363,False,7416.963062623216,0.0296678522504928,0.0,0.0,
라마49a20b,48890440,가회면,250000.0,250000.0,1049250.0,1720750.0,128.04291234601723,35.48139062456207,968.7806473298624,False,1676.6589297781752,0.0067066357191127,,,
라마49a21a,48890440,가회면,250000.0,250000.0,1049250.0,1721250.0,128.04294266402815,35.48589878139341,827.4200922116248,False,24311.746786024934,0.0972469871440997,9.0,0.0,0.0
라마49a21b,48890450,대병면,250000.0,250000.0,1049250.0,1721750.0,128.04297298877205,35.49040693482737,964.7341993264884,False,12669.73070670482,0.0506789228268192,8.0,0.0,0.0
라마49a22a,48890450,대병면,250000.0,250000.0,1049250.0,1722250.0,128.0430033202505,35.49491508486375,754.59884178921,False,0.0,0.0,,,
라마49a22b,48890450,대병면,250000.0,250000.0,1049250.0,1722750.0,128.04303365846496,35.499423231502384,747.1079306394979,False,0.0,0.0,,,
라마49a23a,48890450,대병면,250000.0,250000.0,1049250.0,1723250.0,128.0430640034169,35.50393137474306,985.3553509043408,False,41777.58848149324,0.1671103539259729,0.0,0.0,
라마49a23b,48890450,대병면,250000.0,250000.0,1049250.0,1723750.0,128.0430943551079,35.508439514585625,760.3284529952855,False,131439.88811317025,0.525759552452681,20.0,11.0,0.55
라마49a24a,48890450,대병면,250000.0,250000.0,1049250.0,1724250.0,128.04312471353938,35.51294765102986,827.8125061344455,False,38394.338465639325,0.1535773538625573,35.0,18.0,0.5142857142857142
라마49a24b,48890450,대병면,250000.0,250000.0,1049250.0,1724750.0,128.0431550787129,35.5174557840756,891.004445993928,False,7310.638837472217,0.0292425553498888,14.0,12.0,0.8571428571428571
라마49a25a,48890450,대병면,250000.0,250000.0,1049250.0,1725250.0,128.04318545062995,35.521963913722644,585.7610944082411,False,17523.324532058425,0.0700932981282337,6.0,0.0,0.0
라마49a25b,48890450,대병면,250000.0,250000.0,1049250.0,1725750.0,128.043215829292,35.52647203997083,626.3730491198789,False,6306.653536511554,0.0252266141460462,0.0,0.0,
라마49a26a,48890450,대병면,250000.0,250000.0,1049250.0,1726250.0,128.0432462147006,35.53098016281995,970.3454712653264,False,0.0,0.0,,,
라마49a26b,48890450,대병면,250000.0,250000.0,1049250.0,1726750.0,128.04327660685718,35.53548828226983,1410.956225595437,False,0.0,0.0,,,
라마49a27a,48890450,대병면,250000.0,250000.0,1049250.0,1727250.0,128.04330700576332,35.53999639832028,1881.4953115774476,False,617.1152848066746,0.0024684611392266,6.0,0.0,0.0
라마49a27b,48890450,대병면,250000.0,250000.0,1049250.0,1727750.0,128.04333741142048,35.54450451097111,2364.159839018781,False,0.0,0.0,,,
라마49a28a,48890450,대병면,250000.0,250000.0,1049250.0,1728250.0,128.0433678238302,35.54901262022215,2852.8019351806925,False,4012.2948643008176,0.0160491794572032,6.0,0.0,0.0
라마49a28b,48890460,용주면,250000.0,250000.0,1049250.0,1728750.0,128.04339824299396,35.553520726073224,3167.8669363766144,False,72126.96098470129,0.2885078439388052,6.0,6.0,1.0
라마49a29a,48890460,용주면,250000.0,250000.0,1049250.0,1729250.0,128.0434286689133,35.5580288285241,2940.673029212056,False,9.948465508086516,3.979386203234607e-05,0.0,0.0,
라마49a29b,48890460,용주면,250000.0,250000.0,1049250.0,1729750.0,128.04345910158966,35.56253692757464,2785.630054921553,False,5461.972959248966,0.0218478918369958,,,
라마49a30a,48890310,봉산면,250000.0,250000.0,1049250.0,1730250.0,128.04348954102457,35.56704502322465,2715.1264686988907,False,0.0,0.0,,,
라마49a30b,48890310,봉산면,250000.0,250000.0,1049250.0,1730750.0,128.04351998721958,35.57155311547392,2735.7062487000244,False,0.0,0.0,,,
라마49a31a,48890310,봉산면,250000.0,250000.0,1049250.0,1731250.0,128.04355044017618,35.5760612043223,2845.3937543551706,False,0.0,0.0,,,
라마49a31b,48890310,봉산면,250000.0,250000.0,1049250.0,1731750.0,128.04358089989586,35.58056928976958,2613.078710788839,False,6525.807946637544,0.0261032317865501,0.0,,
라마49a32a,48890310,봉산면,250000.0,250000.0,1049250.0,1732250.0,128.04361136638013,35.58507737181559,2450.927322266197,False,1838.207451653499,0.0073528298066139,,,
라마49a32b,48890310,봉산면,250000.0,250000.0,1049250.0,1732750.0,128.0436418396305,35.589585450460135,2384.5144430856444,False,4057.939029935714,0.0162317561197428,,,
라마49a33a,48890310,봉산면,250000.0,250000.0,1049250.0,1733250.0,128.04367231964852,35.59409352570305,2421.7294480468145,False,0.0,0.0,,,
라마49a33b,48890310,봉산면,250000.0,250000.0,1049250.0,1733750.0,128.04370280643562,35.598601597544125,2558.0535392736056,False,0.0,0.0,,,
라마49a34a,48890310,봉산면,250000.0,250000.0,1049250.0,1734250.0,128.04373329999342,35.60310966598319,2778.9390601528685,False,1655.400180802961,0.0066216007232118,,,
라마49a34b,48890310,봉산면,250000.0,250000.0,1049250.0,1734750.0,128.04376380032332,35.607617731020056,3066.164817862275,False,22749.483047548365,0.0909979321901934,12.0,0.0,0.0
라마49a35a,48890310,봉산면,250000.0,250000.0,1049250.0,1735250.0,128.0437943074269,35.61212579265455,3076.121588498152,False,73534.86116615066,0.2941394446646026,0.0,0.0,
라마49a35b,48890310,봉산면,250000.0,250000.0,1049250.0,1735750.0,128.0438248213057,35.61663385088649,2694.45072442435,False,27597.919677958507,0.110391678711834,0.0,0.0,
라마49a36a,48890310,봉산면,250000.0,250000.0,1049250.0,1736250.0,128.04385534196112,35.62114190571567,2287.151922545411,False,4600.644733829077,0.0184025789353163,,,
라마49a36b,48890310,봉산면,250000.0,250000.0,1049250.0,1736750.0,128.0438858693948,35.62564995714193,1880.240654096114,False,8216.158638218,0.0328646345528719,137.0,73.0,0.5328467153284672
라마49a37a,48890310,봉산면,250000.0,250000.0,1049250.0,1737250.0,128.04391640360816,35.630158005165065,1529.5574254758783,False,2533.896247142416,0.0101355849885696,33.0,11.0,0.3333333333333333
라마49a37b,48890310,봉산면,250000.0,250000.0,1049250.0,1737750.0,128.0439469446028,35.63466604978492,1282.1025381540326,False,9677.691688510711,0.0387107667540428,,,
라마49a38a,48890310,봉산면,250000.0,250000.0,1049250.0,1738250.0,128.04397749238015,35.63917409100128,1203.3403171395976,False,5007.837094889849,0.0200313483795593,,,
라마49a38b,48890310,봉산면,250000.0,250000.0,1049250.0,1738750.0,128.04400804694177,35.64368212881398,1323.732948659299,False,0.0,0.0,,,
라마49a39a,48890310,봉산면,250000.0,250000.0,1049250.0,1739250.0,128.04403860828918,35.64819016322283,1598.9089779843182,False,0.0,0.0,,,
라마49a39b,48890310,봉산면,250000.0,250000.0,1049250.0,1739750.0,128.04406917642387,35.65269819422765,1964.8793653533728,False,0.0,0.0,,,
라마49a40a,48890310,봉산면,250000.0,250000.0,1049250.0,1740250.0,128.0440997513474,35.65720622182827,2380.124349882604,False,0.0,0.0,,,
라마49a50b,48890330,가야면,250000.0,90398.14256409618,1049250.0,1750750.0,128.04474339565104,35.7518740147447,6179.646459702437,False,0.0,0.0,,,
라마49a54a,48890330,가야면,250000.0,250000.0,1049250.0,1754250.0,128.04495861164318,35.78342961179455,7508.205507507063,False,28080.200012064503,0.112320800048258,,,
라마49a54b,48890330,가야면,250000.0,250000.0,1049250.0,1754750.0,128.0449893841049,35.78793754059375,7754.953949166078,False,45995.09054330337,0.1839803621732134,,,
라마49a55a,48890330,가야면,250000.0,214855.5999759411,1049250.0,1755250.0,128.04502016340118,35.79244546598328,8025.301960949115,False,31997.60750410987,0.1489261043588944,0.0,0.0,
라마49b13b,48890440,가회면,250000.0,210227.362311924,1049750.0,1713750.0,128.04799587476143,35.41825120848535,1606.2416792117367,False,0.0,0.0,,,
라마49b14a,48890440,가회면,250000.0,250000.0,1049750.0,1714250.0,128.04802640545913,35.42275940874285,1636.8603426311786,False,3262.769100303012,0.013051076401212,,,
라마49b14b,48890440,가회면,250000.0,250000.0,1049750.0,1714750.0,128.04805694293705,35.42726760560512,1810.693577201946,False,395.8631640624013,0.0015834526562496,,,
라마49b15a,48890440,가회면,250000.0,250000.0,1049750.0,1715250.0,128.0480874871967,35.43177579907198,2092.3457361923006,False,197.95433847356335,0.0007918173538942,,,
라마49b15b,48890440,가회면,250000.0,250000.0,1049750.0,1715750.0,128.04811803823958,35.43628398914324,2444.8333540353665,False,0.0,0.0,,,
라마49b16a,48890440,가회면,250000.0,250000.0,1049750.0,1716250.0,128.04814859606722,35.44079217581871,2841.9200513465435,False,38930.8505998376,0.1557234023993504,17.0,9.0,0.5294117647058824
라마49b16b,48890440,가회면,250000.0,250000.0,1049750.0,1716750.0,128.0481791606811,35.445300359098205,2712.72762927107,False,14311.564164017229,0.0572462566560689,0.0,0.0,
라마49b17a,48890440,가회면,250000.0,250000.0,1049750.0,1717250.0,128.0482097320827,35.44980853898155,2360.766406598351,False,22838.300770199032,0.0913532030807961,,,
라마49b17b,48890440,가회면,250000.0,250000.0,1049750.0,1717750.0,128.0482403102736,35.45431671546853,1964.9607593511091,False,47863.3256377343,0.1914533025509372,27.0,18.0,0.6666666666666666
라마49b18a,48890440,가회면,250000.0,250000.0,1049750.0,1718250.0,128.04827089525526,35.45882488855899,1593.4830812769624,False,36169.70060635694,0.1446788024254277,,,
라마49b18b,48890440,가회면,250000.0,250000.0,1049750.0,1718750.0,128.0483014870292,35.463333058252715,1310.460176747907,False,38281.01827413333,0.1531240730965333,0.0,,
라마49b19a,48890440,가회면,250000.0,250000.0,1049750.0,1719250.0,128.0483320855969,35.467841224549545,1181.2804152140975,False,21458.06640856244,0.0858322656342497,,,
라마49b19b,48890440,가회면,250000.0,250000.0,1049750.0,1719750.0,128.04836269095998,35.47234938744928,1254.408611216706,False,14330.942759539486,0.0573237710381579,0.0,0.0,
라마49b20a,48890440,가회면,250000.0,250000.0,1049750.0,1720250.0,128.0483933031198,35.47685754695174,1141.0172457015356,False,3395.933692408319,0.0135837347696332,,,
라마49b20b,48890440,가회면,250000.0,250000.0,1049750.0,1720750.0,128.048423922078,35.481365703056724,791.9838158550049,False,2813.8511931372423,0.0112554047725489,,,
라마49b21a,48890440,가회면,250000.0,250000.0,1049750.0,1721250.0,128.04845454783603,35.485873855764055,672.7231036349134,False,58051.10737812669,0.2322044295125067,0.0,0.0,
라마49b21b,48890440,가회면,250000.0,250000.0,1049750.0,1721750.0,128.0484851803954,35.49038200507355,881.9718724268515,False,0.0,0.0,0.0,,
라마49b22a,48890450,대병면,250000.0,250000.0,1049750.0,1722250.0,128.04851581975768,35.494890150985015,1235.860760294482,False,0.0,0.0,,,
라마49b22b,48890450,대병면,250000.0,250000.0,1049750.0,1722750.0,128.0485464659243,35.499398293498274,1169.169678934796,False,0.0,0.0,0.0,0.0,
라마49b23a,48890450,대병면,250000.0,250000.0,1049750.0,1723250.0,128.04857711889682,35.50390643261313,688.5723832821653,False,26652.592941863782,0.1066103717674551,0.0,,
라마49b23b,48890450,대병면,250000.0,250000.0,1049750.0,1723750.0,128.04860777867677,35.50841456832941,285.1422730800685,True,114429.61945470065,0.4577184778188025,31.0,23.0,0.7419354838709677
라마49b24a,48890450,대병면,250000.0,250000.0,1049750.0,1724250.0,128.04863844526565,35.51292270064691,434.1431846472493,False,49030.481661057616,0.1961219266442304,20.0,17.0,0.85
라마49b24b,48890450,대병면,250000.0,250000.0,1049750.0,1724750.0,128.04866911866498,35.51743082956547,702.5742117927641,False,116887.2267607786,0.4675489070431144,19.0,14.0,0.7368421052631579
라마49b25a,48890450,대병면,250000.0,250000.0,1049750.0,1725250.0,128.04869979887624,35.52193895508488,206.9726069256936,True,154142.54840671414,0.6165701936268565,42.0,20.0,0.4761904761904761
라마49b25b,48890450,대병면,250000.0,250000.0,1049750.0,1725750.0,128.04873048590102,35.52644707720497,303.4218135846721,False,5593.639985168083,0.0223745599406723,12.0,8.0,0.6666666666666666
라마49b26a,48890450,대병면,250000.0,250000.0,1049750.0,1726250.0,128.04876117974078,35.53095519592554,800.8070516050701,False,0.0,0.0,,,
라마49b26b,48890450,대병면,250000.0,250000.0,1049750.0,1726750.0,128.0487918803971,35.535463311246424,1300.1996273041302,False,0.0,0.0,,,
라마49b27a,48890450,대병면,250000.0,250000.0,1049750.0,1727250.0,128.04882258787137,35.53997142316742,1796.719813249559,False,0.0,0.0,,,
라마49b27b,48890450,대병면,250000.0,250000.0,1049750.0,1727750.0,128.04885330216527,35.544479531688346,2274.7954651941463,False,55065.0919823177,0.2202603679292708,32.0,25.0,0.78125
라마49b28a,48890450,대병면,250000.0,250000.0,1049750.0,1728250.0,128.04888402328024,35.54898763680903,2760.6496933896155,False,3298.178588005924,0.0131927143520236,,,
라마49b28b,48890460,용주면,250000.0,250000.0,1049750.0,1728750.0,128.04891475121775,35.553495738529264,2752.045556625455,False,5802.439829765297,0.0232097593190611,0.0,0.0,
라마49b29a,48890460,용주면,250000.0,250000.0,1049750.0,1729250.0,128.04894548597943,35.55800383684888,2487.153329388633,False,0.0,0.0,,,
라마49b29b,48890460,용주면,250000.0,250000.0,1049750.0,1729750.0,128.04897622756675,35.5625119317677,2301.7620689454448,False,2322.335333075828,0.0092893413323033,,,
라마49b30a,48890310,봉산면,250000.0,250000.0,1049750.0,1730250.0,128.0490069759812,35.56702002328552,2215.916415432465,False,0.0,0.0,,,
라마49b30b,48890310,봉산면,250000.0,250000.0,1049750.0,1730750.0,128.04903773122436,35.57152811140216,2241.085116261789,False,0.0,0.0,,,
라마49b31a,48890310,봉산면,250000.0,250000.0,1049750.0,1731250.0,128.0490684932977,35.57603619611744,2373.739546891606,False,0.0,0.0,,,
라마49b31b,48890310,봉산면,250000.0,250000.0,1049750.0,1731750.0,128.04909926220284,35.58054427743118,2166.7319197792126,False,3364.882847055402,0.0134595313882216,,,
라마49b32a,48890310,봉산면,250000.0,250000.0,1049750.0,1732250.0,128.04913003794118,35.585052355343194,1968.144202654674,False,2746.286517468877,0.0109851460698755,,,
라마49b32b,48890310,봉산면,250000.0,250000.0,1049750.0,1732750.0,128.04916082051432,35.58956042985328,1884.7960082450013,False,0.0,0.0,,,
라마49b33a,48890310,봉산면,250000.0,250000.0,1049750.0,1733250.0,128.04919160992378,35.59406850096127,1931.6625955247416,False,0.0,0.0,,,
라마49b33b,48890310,봉산면,250000.0,250000.0,1049750.0,1733750.0,128.04922240617103,35.59857656866697,2100.0439931588267,False,0.0,0.0,,,
라마49b34a,48890310,봉산면,250000.0,250000.0,1049750.0,1734250.0,128.0492532092577,35.60308463297022,2364.1169944517465,False,0.0,0.0,,,
라마49b34b,48890310,봉산면,250000.0,250000.0,1049750.0,1734750.0,128.04928401918522,35.607592693870814,2695.9068147301846,False,11.581414739620026,4.63256589584801e-05,,,
라마49b35a,48890310,봉산면,250000.0,250000.0,1049750.0,1735250.0,128.04931483595516,35.612100751368565,2802.7939147201323,False,4252.565673870214,0.0170102626954808,,,
라마49b35b,48890310,봉산면,250000.0,250000.0,1049750.0,1735750.0,128.04934565956904,35.6166088054633,2377.6447185226634,False,28242.44642617277,0.112969785704691,6.0,0.0,0.0
라마49b36a,48890310,봉산면,250000.0,250000.0,1049750.0,1736250.0,128.04937649002838,35.62111685615483,1987.6456139476245,False,28895.50717468131,0.1155820286987252,10.0,7.0,0.7
라마49b36b,48890310,봉산면,250000.0,250000.0,1049750.0,1736750.0,128.04940732733473,35.625624903442976,1607.2298180798937,False,32.7316468418064,0.0001309265873672,,,
라마49b37a,48890310,봉산면,250000.0,250000.0,1049750.0,1737250.0,128.04943817148964,35.63013294732755,1177.8916285625526,False,0.0,0.0,,,
라마49b37b,48890310,봉산면,250000.0,250000.0,1049750.0,1737750.0,128.0494690224946,35.63464098780839,831.6668137844371,False,19821.10037916728,0.0792844015166691,0.0,0.0,
라마49b38a,48890310,봉산면,250000.0,250000.0,1049750.0,1738250.0,128.04949988035114,35.63914902488527,704.2092655333159,False,22181.23125670413,0.0887249250268165,35.0,27.0,0.7714285714285715
라마49b38b,48890310,봉산면,250000.0,250000.0,1049750.0,1738750.0,128.0495307450608,35.643657058558034,894.5119843666641,False,0.0,0.0,,,
라마49b39a,48890310,봉산면,250000.0,250000.0,1049750.0,1739250.0,128.0495616166251,35.6481650888265,1266.646237387615,False,283.9421719781514,0.0011357686879126,,,
라마49b39b,48890310,봉산면,250000.0,250000.0,1049750.0,1739750.0,128.0495924950456,35.65267311569048,1705.4716917031535,False,1464.0045914892105,0.0058560183659568,,,
라마49b40a,48890310,봉산면,250000.0,250000.0,1049750.0,1740250.0,128.04962338032385,35.65718113914978,2170.915634407157,False,0.0,0.0,,,
라마49b40b,48890310,봉산면,250000.0,250000.0,1049750.0,1740750.0,128.04965427246134,35.66168915920424,2648.983898068474,False,0.0,0.0,,,
라마49b41a,48890310,봉산면,250000.0,250000.0,1049750.0,1741250.0,128.04968517145957,35.66619717585364,3133.904384747349,False,0.0,0.0,,,
라마49b41b,48890310,봉산면,250000.0,250000.0,1049750.0,1741750.0,128.04971607732017,35.67070518909784,3622.92667511382,False,0.0,0.0,,,
라마49b42a,48890310,봉산면,250000.0,197745.59612875743,1049750.0,1742250.0,128.04974699004464,35.675213198936625,4114.588520589135,False,0.0,0.0,,,
라마49b50b,48890330,가야면,250000.0,249915.98728054247,1049750.0,1750750.0,128.0502735580205,35.751848844992864,5714.900320544722,False,0.0,0.0,,,
라마49b51a,48890330,가야면,250000.0,208090.0832420693,1049750.0,1751250.0,128.05030459455753,35.75635679350325,5924.672851424031,False,0.0,0.0,,,
라마49b52a,48890330,가야면,250000.0,138197.8529627101,1049750.0,1752250.0,128.05036668831244,35.76537268029728,6318.585382750083,False,0.0,0.0,,,
라마49b52b,48890330,가야면,250000.0,170010.5570781026,1049750.0,1752750.0,128.05039774553345,35.769880618580544,6456.832199293256,False,0.0,0.0,,,
라마49b53b,48890330,가야면,250000.0,205720.6268740103,1049750.0,1753750.0,128.0504598806703,35.7788964849187,6835.422713430713,False,0.0,0.0,,,
라마49b54a,48890330,가야면,250000.0,250000.0,1049750.0,1754250.0,128.05049095858922,35.7834044129732,7070.3015835260985,False,29043.619053080103,0.1161744762123204,0.0,0.0,
라마49b54b,48890330,가야면,250000.0,250000.0,1049750.0,1754750.0,128.0505220434106,35.787912337617776,7331.8023222628435,False,63164.57681845339,0.2526583072738135,16.0,13.0,0.8125
라마49b55a,48890330,가야면,250000.0,250000.0,1049750.0,1755250.0,128.0505531351359,35.79242025885222,7617.183607047029,False,0.0,0.0,,,
라마49b55b,48890330,가야면,250000.0,234761.49459641648,1049750.0,1755750.0,128.05058423376676,35.79692817667636,7923.865654728956,False,16922.92230417474,0.0720855962059165,,,
라마49b56a,48890330,가야면,250000.0,163733.0441778296,1049750.0,1756250.0,128.0506153393046,35.80143609109001,8249.473178629063,False,1815.659313744047,0.0110891440567859,0.0,,
라마50a13b,48890430,삼가면,250000.0,196433.1073914138,1050250.0,1713750.0,128.0535031427508,35.41822609355228,2104.559071037123,False,0.0,0.0,,,
라마50a14a,48890430,삼가면,250000.0,250000.0,1050250.0,1714250.0,128.053533980239,35.422734289650506,2128.019814928037,False,0.0,0.0,,,
라마50a14b,48890440,가회면,250000.0,250000.0,1050250.0,1714750.0,128.05356482457552,35.42724248235305,2264.457502795775,False,429.5098794486706,0.0017180395177946,,,
라마50a15a,48890440,가회면,250000.0,250000.0,1050250.0,1715250.0,128.0535956757619,35.43175067165973,2495.4092312103435,False,242.45800282602707,0.0009698320113041,,,
라마50a15b,48890440,가회면,250000.0,250000.0,1050250.0,1715750.0,128.0536265337997,35.43625885757035,2752.110793064151,False,7835.699167281484,0.0313427966691259,0.0,0.0,
라마50a16a,48890440,가회면,250000.0,250000.0,1050250.0,1716250.0,128.05365739869038,35.440767040084715,2758.2233892522945,False,82293.14625000529,0.3291725850000211,56.0,40.0,0.7142857142857143
라마50a16b,48890440,가회면,250000.0,250000.0,1050250.0,1716750.0,128.0536882704355,35.445275219202664,2853.327656042439,False,17307.8098636207,0.0692312394544828,,,
라마50a17a,48890440,가회면,250000.0,250000.0,1050250.0,1717250.0,128.05371914903657,35.449783394924005,2666.8416821165333,False,0.0,0.0,,,
라마50a17b,48890440,가회면,250000.0,250000.0,1050250.0,1717750.0,128.05375003449512,35.454291567248525,2300.035239295341,False,3589.752932507474,0.0143590117300298,0.0,,
라마50a18a,48890440,가회면,250000.0,250000.0,1050250.0,1718250.0,128.05378092681266,35.45879973617606,1992.054127408844,False,546.1061898546451,0.0021844247594185,,,
라마50a18b,48890440,가회면,250000.0,250000.0,1050250.0,1718750.0,128.05381182599078,35.463307901706415,1773.8086681073707,False,0.0,0.0,,,
라마50a19a,48890440,가회면,250000.0,250000.0,1050250.0,1719250.0,128.05384273203092,35.46781606383941,1680.6292677384502,False,17893.840462284534,0.0715753618491381,7.0,0.0,0.0
라마50a19b,48890440,가회면,250000.0,250000.0,1050250.0,1719750.0,128.05387364493464,35.47232422257485,1434.6110401028036,False,32272.189284520224,0.1290887571380809,34.0,23.0,0.6764705882352942
라마50a20a,48890440,가회면,250000.0,250000.0,1050250.0,1720250.0,128.05390456470346,35.476832377912565,939.9078922813576,False,5470.89218912281,0.0218835687564912,,,
라마50a20b,48890440,가회면,250000.0,250000.0,1050250.0,1720750.0,128.05393549133893,35.481340529852346,456.88604220387407,False,49228.96332735263,0.1969158533094105,,,
라마50a21a,48890440,가회면,250000.0,250000.0,1050250.0,1721250.0,128.05396642484257,35.48584867839403,184.56127748977116,True,28995.718104277286,0.1159828724171091,25.0,18.0,0.72
라마50a21b,48890440,가회면,250000.0,250000.0,1050250.0,1721750.0,128.0539973652159,35.49035682353739,599.4838402630987,False,0.0,0.0,,,
라마50a22a,48890460,용주면,250000.0,250000.0,1050250.0,1722250.0,128.05402831246045,35.49486496528228,1088.4387370562151,False,0.0,0.0,,,
라마50a22b,48890450,대병면,250000.0,250000.0,1050250.0,1722750.0,128.05405926657772,35.4993731036285,1170.5402588563788,False,2557.021421295369,0.0102280856851814,,,
라마50a23a,48890450,대병면,250000.0,250000.0,1050250.0,1723250.0,128.0540902275693,35.503881238575886,690.8970158293822,False,67204.47003532566,0.2688178801413026,12.0,0.0,0.0
라마50a23b,48890450,대병면,250000.0,250000.0,1050250.0,1723750.0,128.05412119543672,35.508389370124206,290.7109825244529,True,67576.90387623731,0.2703076155049492,19.0,11.0,0.5789473684210527
라마50a24a,48890450,대병면,250000.0,250000.0,1050250.0,1724250.0,128.05415217018145,35.512897498273304,437.8208129346068,False,103970.39137610252,0.4158815655044101,8.0,7.0,0.875
라마50a24b,48890450,대병면,250000.0,250000.0,1050250.0,1724750.0,128.05418315180506,35.51740562302299,808.7240351944913,False,117186.12750361422,0.4687445100144569,0.0,,
라마50a25a,48890450,대병면,250000.0,250000.0,1050250.0,1725250.0,128.05421414030906,35.52191374437308,317.0597518537863,False,196464.22457022368,0.7858568982808948,8.0,0.0,0.0
라마50a25b,48890450,대병면,250000.0,250000.0,1050250.0,1725750.0,128.05424513569506,35.526421862323375,216.83912790340293,True,38467.03193967753,0.1538681277587101,29.0,15.0,0.5172413793103449
라마50a26a,48890450,대병면,250000.0,250000.0,1050250.0,1726250.0,128.05427613796445,35.530929976873715,702.5037569538202,False,0.0,0.0,,,
라마50a26b,48890450,대병면,250000.0,250000.0,1050250.0,1726750.0,128.0543071471189,35.5354380880239,1200.0016040316596,False,0.0,0.0,,,
라마50a27a,48890450,대병면,250000.0,250000.0,1050250.0,1727250.0,128.05433816315988,35.539946195773744,1698.969149461779,False,0.0,0.0,,,
라마50a27b,48890450,대병면,250000.0,250000.0,1050250.0,1727750.0,128.05436918608896,35.54445430012306,2198.4058979103934,False,30480.375220024467,0.1219215008800978,0.0,0.0,
라마50a28a,48890460,용주면,250000.0,250000.0,1050250.0,1728250.0,128.05440021590763,35.548962401071655,2698.051299199392,False,19389.20268680829,0.0775568107472331,0.0,0.0,
라마50a28b,48890460,용주면,250000.0,250000.0,1050250.0,1728750.0,128.05443125261746,35.55347049861936,2368.9931542525965,False,72267.5366545733,0.2890701466182931,29.0,15.0,0.5172413793103449
라마50a29a,48890460,용주면,250000.0,250000.0,1050250.0,1729250.0,128.05446229621995,35.557978592765984,2055.311534303916,False,5735.063788719514,0.022940255154878,,,
라마50a29b,48890310,봉산면,250000.0,250000.0,1050250.0,1729750.0,128.05449334671667,35.562486683511345,1826.604073462492,False,0.0,0.0,,,
라마50a30a,48890310,봉산면,250000.0,250000.0,1050250.0,1730250.0,128.05452440410917,35.56699477085525,1717.1660896188291,False,0.0,0.0,,,
라마50a30b,48890310,봉산면,250000.0,250000.0,1050250.0,1730750.0,128.05455546839897,35.571502854797515,1749.5245975646849,False,3219.556683633902,0.0128782267345356,0.0,,
라마50a31a,48890310,봉산면,250000.0,250000.0,1050250.0,1731250.0,128.05458653958755,35.57601093533797,1916.510698021517,False,1813.0241592488076,0.0072520966369952,,,
라마50a31b,48890310,봉산면,250000.0,250000.0,1050250.0,1731750.0,128.05461761767654,35.58051901247641,1749.6497008265296,False,0.0,0.0,,,
라마50a32a,48890310,봉산면,250000.0,250000.0,1050250.0,1732250.0,128.05464870266746,35.58502708621268,1496.7092121903488,False,299.2313397020078,0.001196925358808,,,
라마50a32b,48890310,봉산면,250000.0,250000.0,1050250.0,1732750.0,128.05467979456185,35.58953515654655,1385.2807860172404,False,0.0,0.0,,,
라마50a33a,48890310,봉산면,250000.0,250000.0,1050250.0,1733250.0,128.0547108933612,35.59404322347787,1448.4016177709943,False,9573.323622084534,0.0382932944883381,,,
라마50a33b,48890310,봉산면,250000.0,250000.0,1050250.0,1733750.0,128.0547419990671,35.59855128700644,1666.3527947630785,False,1235.6156759662044,0.0049424627038648,,,
라마50a34a,48890310,봉산면,250000.0,250000.0,1050250.0,1734250.0,128.05477311168107,35.60305934713209,1988.868026508499,False,0.0,0.0,,,
라마50a34b,48890310,봉산면,250000.0,250000.0,1050250.0,1734750.0,128.05480423120468,35.60756740385463,2373.701838294124,False,0.0,0.0,,,
라마50a35a,48890310,봉산면,250000.0,250000.0,1050250.0,1735250.0,128.05483535763943,35.61207545717387,2597.8420717126,False,4260.012048574048,0.0170400481942961,0.0,0.0,
라마50a35b,48890310,봉산면,250000.0,250000.0,1050250.0,1735750.0,128.05486649098694,35.61658350708964,2132.2110844582267,False,2393.6038161353763,0.0095744152645415,,,
라마50a36a,48890310,봉산면,250000.0,250000.0,1050250.0,1736250.0,128.05489763124865,35.62109155360172,1686.3762296157518,False,3782.472848624385,0.0151298913944975,,,
라마50a36b,48890310,봉산면,250000.0,250000.0,1050250.0,1736750.0,128.05492877842616,35.62559959670997,1281.1734726177992,False,2108.74324597051,0.008434972983882,,,
라마50a37a,48890310,봉산면,250000.0,250000.0,1050250.0,1737250.0,128.05495993252103,35.630107636414195,967.1150187268768,False,47714.89972659933,0.1908595989063973,0.0,0.0,
라마50a37b,48890310,봉산면,250000.0,250000.0,1050250.0,1737750.0,128.0549910935348,35.634615672714204,489.4409667771001,False,49051.762500932105,0.1962070500037284,0.0,,
라마50a38a,48890310,봉산면,250000.0,250000.0,1050250.0,1738250.0,128.055022261469,35.639123705609805,209.2688712453844,True,40532.52369182442,0.1621300947672976,25.0,20.0,0.8
라마50a38b,48890310,봉산면,250000.0,250000.0,1050250.0,1738750.0,128.05505343632515,35.643631735100826,589.9444558472705,False,67514.15087074357,0.2700566034829743,7.0,0.0,0.0
라마50a39a,48890310,봉산면,250000.0,250000.0,1050250.0,1739250.0,128.05508461810484,35.64813976118708,1073.4409445784836,False,36206.33138334291,0.1448253255333716,23.0,16.0,0.6956521739130435
라마50a39b,48890310,봉산면,250000.0,250000.0,1050250.0,1739750.0,128.05511580680962,35.65264778386839,1567.3278093654058,False,12517.821821303824,0.0500712872852152,7.0,0.0,0.0
라마50a40a,48890310,봉산면,250000.0,250000.0,1050250.0,1740250.0,128.05514700244103,35.657155803144555,2064.1602317947068,False,1715.6694623496371,0.0068626778493985,0.0,0.0,
라마50a40b,48890310,봉산면,250000.0,250000.0,1050250.0,1740750.0,128.0551782050006,35.661663819015416,2562.225295136123,False,0.0,0.0,,,
라마50a41a,48890310,봉산면,250000.0,250000.0,1050250.0,1741250.0,128.0552094144899,35.66617183148077,3060.921342267391,False,0.0,0.0,,,
라마50a41b,48890310,봉산면,250000.0,250000.0,1050250.0,1741750.0,128.05524063091045,35.67067984054046,3559.9832112048816,False,0.0,0.0,,,
라마50a42a,48890310,봉산면,250000.0,250000.0,1050250.0,1742250.0,128.05527185426385,35.67518784619426,4059.275977877488,False,0.0,0.0,,,
라마50a42b,48890310,봉산면,250000.0,145283.422671736,1050250.0,1742750.0,128.0553030845516,35.679695848442044,4558.723775914247,False,0.0,0.0,,,
라마50a49b,48890330,가야면,250000.0,219168.33345175005,1050250.0,1749750.0,128.05574103755944,35.74280752217357,4854.226347284571,False,0.0,0.0,,,
라마50a50a,48890330,가야면,250000.0,250000.0,1050250.0,1750250.0,128.0557723720493,35.747315473308745,5068.5775379264605,False,0.0,0.0,,,
라마50a50b,48890330,가야면,250000.0,250000.0,1050250.0,1750750.0,128.05580371349842,35.75182342103494,5256.628290131562,False,0.0,0.0,,,
라마50a51a,48890330,가야면,250000.0,250000.0,1050250.0,1751250.0,128.0558350619084,35.756331365352,5483.958761993955,False,0.0,0.0,,,
라마50a51b,48890330,가야면,250000.0,250000.0,1050250.0,1751750.0,128.05586641728075,35.76083930625974,5724.890825808657,False,0.0,0.0,,,
라마50a52a,48890330,가야면,250000.0,250000.0,1050250.0,1752250.0,128.05589777961703,35.765347243757965,5834.426773741811,False,0.0,0.0,,,
라마50a52b,48890330,가야면,250000.0,250000.0,1050250.0,1752750.0,128.0559291489188,35.7698551778465,5983.869700192548,False,0.0,0.0,,,
라마50a53a,48890330,가야면,250000.0,250000.0,1050250.0,1753250.0,128.0559605251877,35.774363108525186,6170.32068855498,False,0.0,0.0,,,
라마50a53b,48890330,가야면,250000.0,250000.0,1050250.0,1753750.0,128.0559919084252,35.77887103579382,6390.541308084688,False,0.0,0.0,,,
라마50a54a,48890330,가야면,250000.0,250000.0,1050250.0,1754250.0,128.05602329863288,35.783378959652204,6641.173015444178,False,21436.481737284008,0.085745926949136,0.0,0.0,
라마50a54b,48890330,가야면,250000.0,250000.0,1050250.0,1754750.0,128.05605469581235,35.78788688010018,6918.911751987525,False,49064.93351816524,0.1962597340726609,10.0,0.0,0.0
라마50a55a,48890330,가야면,250000.0,250000.0,1050250.0,1755250.0,128.05608609996514,35.792394797137575,7220.630210896986,False,27736.309708178003,0.110945238832712,0.0,0.0,
라마50a55b,48890330,가야면,250000.0,250000.0,1050250.0,1755750.0,128.05611751109282,35.7969027107642,7543.451561006103,False,54925.11126140385,0.2197004450456154,38.0,23.0,0.6052631578947368
라마50a56a,48890330,가야면,250000.0,250000.0,1050250.0,1756250.0,128.05614892919695,35.801410620979865,7884.784224312835,False,38743.44898207094,0.1549737959282837,80.0,70.0,0.875
라마50b12b,48890430,삼가면,250000.0,183288.9318907499,1050750.0,1712750.0,128.05894813608234,35.409184333521374,2842.485978232592,False,0.0,0.0,,,
라마50b13a,48890430,삼가면,250000.0,249475.7084494479,1050750.0,1713250.0,128.05897926653114,35.413692532210455,2679.370445774644,False,0.0,0.0,,,
라마50b13b,48890430,삼가면,250000.0,250000.0,1050750.0,1713750.0,128.05901040389338,35.41820072750379,2603.521736980956,False,0.0,0.0,,,
라마50b14a,48890430,삼가면,250000.0,250000.0,1050750.0,1714250.0,128.0590415481705,35.42270891940115,2622.5226184294493,False,0.0,0.0,,,
라마50b14b,48890440,가회면,250000.0,250000.0,1050750.0,1714750.0,128.05907269936412,35.427217107902386,2552.08789902904,False,0.0,0.0,,,
라마50b15a,48890440,가회면,250000.0,250000.0,1050750.0,1715250.0,128.05910385747572,35.43172529300729,2355.1719877938176,False,1689.8379356882076,0.0067593517427528,,,
라마50b15b,48890440,가회면,250000.0,250000.0,1050750.0,1715750.0,128.0591350225069,35.436233474715664,2254.000341572047,False,4669.650005855129,0.0186786000234205,,,
라마50b16a,48890440,가회면,250000.0,250000.0,1050750.0,1716250.0,128.0591661944591,35.44074165302734,2261.45970283026,False,44108.95621071468,0.1764358248428587,0.0,0.0,
라마50b16b,48890440,가회면,250000.0,250000.0,1050750.0,1716750.0,128.05919737333394,35.44524982794212,2376.5273899627905,False,38860.92883461484,0.1554437153384593,0.0,,
라마50b17a,48890440,가회면,250000.0,250000.0,1050750.0,1717250.0,128.05922855913298,35.44975799945984,2584.872314634047,False,0.0,0.0,,,
라마50b17b,48890440,가회면,250000.0,250000.0,1050750.0,1717750.0,128.05925975185764,35.45426616758028,2686.866840431632,False,280.7084863686903,0.0011228339454747,,,
라마50b18a,48890440,가회면,250000.0,250000.0,1050750.0,1718250.0,128.05929095150958,35.458774332303285,2428.450321241367,False,11161.012476121728,0.0446440499044869,0.0,0.0,
라마50b18b,48890440,가회면,250000.0,250000.0,1050750.0,1718750.0,128.0593221580903,35.463282493628626,2252.8844860008985,False,0.0,0.0,,,
라마50b19a,48890440,가회면,250000.0,250000.0,1050750.0,1719250.0,128.0593533716013,35.46779065155617,1953.0226106682376,False,0.0,0.0,,,
라마50b19b,48890440,가회면,250000.0,250000.0,1050750.0,1719750.0,128.0593845920442,35.47229880608568,1462.7423995253964,False,0.0,0.0,,,
라마50b20a,48890440,가회면,250000.0,250000.0,1050750.0,1720250.0,128.05941581942048,35.476806957217015,982.3102040380372,False,0.0,0.0,,,
라마50b20b,48890440,가회면,250000.0,250000.0,1050750.0,1720750.0,128.0594470537317,35.481315104949935,538.7497995778617,False,44962.10769576365,0.1798484307830546,,,
라마50b21a,48890440,가회면,250000.0,250000.0,1050750.0,1721250.0,128.0594782949794,35.485823249284294,339.9549325030044,False,40315.569990523625,0.1612622799620945,33.0,10.0,0.303030303030303
라마50b21b,48890440,가회면,250000.0,250000.0,1050750.0,1721750.0,128.05950954316515,35.49033139021991,663.9934982520977,False,504.1535651956542,0.0020166142607826,0.0,,
라마50b22a,48890460,용주면,250000.0,250000.0,1050750.0,1722250.0,128.05954079829047,35.49483952775656,1125.2579150172614,False,0.0,0.0,,,
라마50b22b,48890460,용주면,250000.0,250000.0,1050750.0,1722750.0,128.0595720603569,35.499347661894085,1368.7115317212108,False,17921.129515682023,0.071684518062728,,,
라마50b23a,48890450,대병면,250000.0,250000.0,1050750.0,1723250.0,128.059603329366,35.50385579263231,990.2249471433296,False,42123.03186720223,0.1684921274688089,11.0,0.0,0.0
라마50b23b,48890450,대병면,250000.0,250000.0,1050750.0,1723750.0,128.0596346053193,35.50836391997101,766.6287464108016,False,55877.96820884166,0.2235118728353666,,,
라마50b24a,48890450,대병면,250000.0,250000.0,1050750.0,1724250.0,128.05966588821838,35.51287204391002,833.602917282434,False,14517.768754114057,0.0580710750164562,,,
라마50b24b,48890450,대병면,250000.0,250000.0,1050750.0,1724750.0,128.05969717806474,35.51738016444917,901.2927651993054,False,17212.755571577076,0.0688510222863083,,,
라마50b25a,48890450,대병면,250000.0,250000.0,1050750.0,1725250.0,128.05972847485995,35.521888281588254,508.7445034051318,False,76325.99032797207,0.3053039613118883,49.0,34.0,0.6938775510204082
라마50b25b,48890450,대병면,250000.0,250000.0,1050750.0,1725750.0,128.05975977860558,35.52639639532708,453.11509673509886,False,43552.25379512913,0.1742090151805165,0.0,,
라마50b26a,48890450,대병면,250000.0,250000.0,1050750.0,1726250.0,128.05979108930313,35.530904505665475,807.3447912964955,False,9802.810070938682,0.0392112402837547,0.0,0.0,
라마50b26b,48890450,대병면,250000.0,250000.0,1050750.0,1726750.0,128.05982240695425,35.53541261260327,1264.2380840561266,False,0.0,0.0,,,
라마50b27a,48890460,용주면,250000.0,250000.0,1050750.0,1727250.0,128.05985373156034,35.539920716140244,1744.932736331756,False,0.0,0.0,0.0,0.0,
라마50b27b,48890460,용주면,250000.0,250000.0,1050750.0,1727750.0,128.05988506312303,35.54442881627623,2234.117851740716,False,0.0,0.0,,,
라마50b28a,48890460,용주면,250000.0,250000.0,1050750.0,1728250.0,128.05991640164387,35.54893691301105,2457.3004386729704,False,42075.71444412666,0.1683028577765066,0.0,,
라마50b28b,48890460,용주면,250000.0,250000.0,1050750.0,1728750.0,128.05994774712445,35.553445006344504,2037.2781803301732,False,79375.12547162309,0.3175005018864923,12.0,0.0,0.0
라마50b29a,48890460,용주면,250000.0,250000.0,1050750.0,1729250.0,128.05997909956625,35.55795309627641,1662.1309581968787,False,278.98760915968904,0.0011159504366387,,,
라마50b29b,48890460,용주면,250000.0,250000.0,1050750.0,1729750.0,128.06001045897085,35.56246118280659,1369.2539064554558,False,0.0,0.0,,,
라마50b30a,48890310,봉산면,250000.0,250000.0,1050750.0,1730250.0,128.0600418253398,35.56696926593485,1219.4397067877433,False,0.0,0.0,,,
라마50b30b,48890310,봉산면,250000.0,250000.0,1050750.0,1730750.0,128.06007319867467,35.571477345661016,1264.5988046165585,False,8173.28510467581,0.0326931404187032,,,
라마50b31a,48890310,봉산면,250000.0,250000.0,1050750.0,1731250.0,128.06010457897702,35.575985421984896,1487.073325288528,False,4795.83657836573,0.0191833463134629,,,
라마50b31b,48890310,봉산면,250000.0,250000.0,1050750.0,1731750.0,128.06013596624837,35.5804934949063,1388.4599162433954,False,5075.386569241219,0.0203015462769648,6.0,0.0,0.0
라마50b32a,48890310,봉산면,250000.0,250000.0,1050750.0,1732250.0,128.0601673604903,35.585001564425056,1051.9911260403796,False,1079.788738521547,0.0043191549540861,,,
라마50b32b,48890310,봉산면,250000.0,250000.0,1050750.0,1732750.0,128.06019876170433,35.58950963054097,886.3124277142882,False,34517.5245867418,0.1380700983469671,8.0,0.0,0.0
라마50b33a,48890310,봉산면,250000.0,250000.0,1050750.0,1733250.0,128.0602301698921,35.59401769325386,982.0458796685034,False,42097.209438607744,0.1683888377544309,16.0,8.0,0.5
라마50b33b,48890310,봉산면,250000.0,250000.0,1050750.0,1733750.0,128.0602615850551,35.59852575256354,1281.904247604701,False,75899.37043938483,0.3035974817575393,31.0,22.0,0.7096774193548387
라마50b34a,48890310,봉산면,250000.0,250000.0,1050750.0,1734250.0,128.06029300719487,35.60303380846982,1679.9234775072534,False,15795.437518539422,0.0631817500741576,0.0,0.0,
라마50b34b,48890310,봉산면,250000.0,250000.0,1050750.0,1734750.0,128.06032443631298,35.60754186097253,2121.557748573711,False,5171.340822534082,0.0206853632901363,6.0,0.0,0.0
라마50b35a,48890310,봉산면,250000.0,250000.0,1050750.0,1735250.0,128.06035587241104,35.61204991007149,2478.288346970107,False,1833.267273039074,0.0073330690921562,0.0,0.0,
라마50b35b,48890310,봉산면,250000.0,250000.0,1050750.0,1735750.0,128.06038731549057,35.61655795576649,1984.8057360493333,False,0.0,0.0,,,
라마50b36a,48890310,봉산면,250000.0,250000.0,1050750.0,1736250.0,128.06041876555312,35.62106599805736,1495.658546922007,False,8834.518428363397,0.0353380737134535,,,
라마50b36b,48890310,봉산면,250000.0,250000.0,1050750.0,1736750.0,128.06045022260025,35.62557403694392,1017.1210194010158,False,0.0,0.0,,,
라마50b37a,48890310,봉산면,250000.0,250000.0,1050750.0,1737250.0,128.06048168663355,35.630082072425985,576.2602252748959,False,14264.969138373484,0.0570598765534939,,,
라마50b37b,48890310,봉산면,250000.0,250000.0,1050750.0,1737750.0,128.06051315765458,35.634590104503374,360.0229525466204,False,73115.4877900587,0.2924619511602348,0.0,0.0,
라마50b38a,48890310,봉산면,250000.0,250000.0,1050750.0,1738250.0,128.06054463566488,35.6390981331759,302.78083043954786,False,44935.24167931339,0.1797409667172535,0.0,0.0,
라마50b38b,48890310,봉산면,250000.0,250000.0,1050750.0,1738750.0,128.060576120666,35.64360615844336,629.2195418089597,False,4748.916782645587,0.0189956671305823,0.0,,
라마50b39a,48890310,봉산면,250000.0,250000.0,1050750.0,1739250.0,128.0606076126595,35.6481141803056,1095.517335466168,False,0.0,0.0,,,
라마50b39b,48890310,봉산면,250000.0,250000.0,1050750.0,1739750.0,128.06063911164702,35.65262219876241,1582.5293781852856,False,0.0,0.0,,,
라마50b40a,48890310,봉산면,250000.0,250000.0,1050750.0,1740250.0,128.06067061763002,35.65713021381362,2075.726435090164,False,0.0,0.0,,,
라마50b40b,48890320,묘산면,250000.0,250000.0,1050750.0,1740750.0,128.06070213061017,35.66163822545907,2571.5523004295937,False,0.0,0.0,,,
라마50b41a,48890320,묘산면,250000.0,250000.0,1050750.0,1741250.0,128.06073365058893,35.66614623369854,3068.73300147754,False,0.0,0.0,,,
라마50b41b,48890310,봉산면,250000.0,250000.0,1050750.0,1741750.0,128.06076517756793,35.67065423853187,3566.7020109437185,False,0.0,0.0,,,
라마50b42a,48890310,봉산면,250000.0,250000.0,1050750.0,1742250.0,128.0607967115487,35.67516223995885,4065.1696441086665,False,0.0,0.0,,,
라마50b42b,48890310,봉산면,250000.0,220366.50188808676,1050750.0,1742750.0,128.0608282525328,35.67967023797933,4563.972527951411,False,0.0,0.0,,,
라마50b48a,48890330,가야면,250000.0,153643.0133683181,1050750.0,1748250.0,128.06117566602825,35.72925799132236,3867.093338479866,False,0.0,0.0,,,
라마50b48b,48890330,가야면,250000.0,230930.3911041878,1050750.0,1748750.0,128.061207291175,35.733765948450404,3997.222559804549,False,0.0,0.0,,,
라마50b49a,48890330,가야면,250000.0,250000.0,1050750.0,1749250.0,128.06123892334557,35.738273902169574,4183.439433851709,False,0.0,0.0,,,
라마50b49b,48890330,가야면,250000.0,250000.0,1050750.0,1749750.0,128.06127056254144,35.74278185247968,4418.658484291424,False,0.0,0.0,,,
라마50b50a,48890330,가야면,250000.0,250000.0,1050750.0,1750250.0,128.06130220876423,35.74728979938053,4600.275379237852,False,0.0,0.0,,,
라마50b50b,48890330,가야면,250000.0,250000.0,1050750.0,1750750.0,128.06133386201554,35.75179774287195,4806.682461684021,False,0.0,0.0,,,
라마50b51a,48890330,가야면,250000.0,250000.0,1050750.0,1751250.0,128.06136552229688,35.75630568295375,5054.291148133393,False,0.0,0.0,,,
라마50b51b,48890330,가야면,250000.0,250000.0,1050750.0,1751750.0,128.0613971896099,35.760813619625765,5233.58285560479,False,0.0,0.0,,,
라마50b52a,48890330,가야면,250000.0,250000.0,1050750.0,1752250.0,128.06142886395614,35.76532155288781,5353.181326763324,False,0.0,0.0,,,
라마50b52b,48890330,가야면,250000.0,250000.0,1050750.0,1752750.0,128.06146054533713,35.76982948273969,5515.678664310922,False,0.0,0.0,,,
라마50b53a,48890330,가야면,250000.0,250000.0,1050750.0,1753250.0,128.06149223375454,35.77433740918123,5717.418293133875,False,0.0,0.0,,,
라마50b53b,48890330,가야면,250000.0,250000.0,1050750.0,1753750.0,128.06152392920987,35.778845332212256,5954.412880325736,False,0.0,0.0,,,
라마50b54a,48890330,가야면,250000.0,250000.0,1050750.0,1754250.0,128.06155563170478,35.783353251832565,6222.63557989026,False,0.0,0.0,,,
라마50b54b,48890330,가야면,250000.0,250000.0,1050750.0,1754750.0,128.0615873412408,35.787861168042014,6518.232457564194,False,48673.9303079313,0.1946957212317252,0.0,,
라마50b55a,48890330,가야면,250000.0,250000.0,1050750.0,1755250.0,128.06161905781946,35.79236908084038,6837.654216291616,False,64988.11145749375,0.259952445829975,79.0,41.0,0.5189873417721519
라마50b55b,48890330,가야면,250000.0,250000.0,1050750.0,1755750.0,128.06165078144244,35.79687699022752,7177.720807630906,False,47916.21324831037,0.1916648529932414,,,
라마50b56a,48890330,가야면,250000.0,250000.0,1050750.0,1756250.0,128.06168251211128,35.80138489620322,7535.637783427812,False,1048.2847331574546,0.0041931389326298,,,
라마50b56b,48890330,가야면,250000.0,118079.68945166438,1050750.0,1756750.0,128.06171424982753,35.805892798767324,7908.9820845512095,False,0.0,0.0,,,
라마51a12a,48890430,삼가면,250000.0,202305.15534299068,1051250.0,1712250.0,128.06442334681935,35.40465052699834,3511.3506857981115,False,0.0,0.0,,,
라마51a12b,48890430,삼가면,250000.0,250000.0,1051250.0,1712750.0,128.06445477693944,35.409158724841944,3305.8861274848214,False,0.0,0.0,,,
라마51a13a,48890430,삼가면,250000.0,250000.0,1051250.0,1713250.0,128.06448621403948,35.41366691928952,3166.730575394489,False,0.0,0.0,,,
라마51a13b,48890430,삼가면,250000.0,250000.0,1051250.0,1713750.0,128.06451765812102,35.41817511034086,2819.963026608811,False,0.0,0.0,,,
라마51a14a,48890430,삼가면,250000.0,250000.0,1051250.0,1714250.0,128.06454910918555,35.4226832979958,2446.6045694306526,False,0.0,0.0,,,
라마51a14b,48890440,가회면,250000.0,250000.0,1051250.0,1714750.0,128.06458056723469,35.42719148225411,2125.9248262526057,False,0.0,0.0,,,
라마51a15a,48890440,가회면,250000.0,250000.0,1051250.0,1715250.0,128.06461203227,35.431699663115644,1885.0036643453495,False,12369.130778322076,0.0494765231132883,0.0,0.0,
라마51a15b,48890440,가회면,250000.0,250000.0,1051250.0,1715750.0,128.06464350429297,35.43620784058019,1756.9636485464405,False,0.0,0.0,,,
라마51a16a,48890440,가회면,250000.0,250000.0,1051250.0,1716250.0,128.0646749833052,35.44071601464756,1766.523056750702,False,0.0,0.0,,,
라마51a16b,48890440,가회면,250000.0,250000.0,1051250.0,1716750.0,128.06470646930825,35.445224185317585,1911.61872708709,False,5584.29185428789,0.0223371674171515,0.0,,
라마51a17a,48890440,가회면,250000.0,250000.0,1051250.0,1717250.0,128.06473796230364,35.449732352590075,2165.1717265538755,False,29737.789308471103,0.1189511572338844,,,
라마51a17b,48890440,가회면,250000.0,250000.0,1051250.0,1717750.0,128.06476946229293,35.454240516464814,2494.323766712436,False,22288.21848368856,0.0891528739347542,0.0,,
라마51a18a,48890440,가회면,250000.0,250000.0,1051250.0,1718250.0,128.0648009692777,35.45874867694166,2873.2096165968705,False,25475.742670728752,0.101902970682915,8.0,0.0,0.0
라마51a18b,48890440,가회면,250000.0,250000.0,1051250.0,1718750.0,128.0648324832595,35.46325683402038,2563.2958859987093,False,21036.34659654011,0.0841453863861604,0.0,0.0,
라마51a19a,48890440,가회면,250000.0,250000.0,1051250.0,1719250.0,128.0648640042399,35.46776498770082,2096.617229912471,False,0.0,0.0,,,
라마51a19b,48890440,가회면,250000.0,250000.0,1051250.0,1719750.0,128.06489553222033,35.47227313798278,1649.5823163315556,False,0.0,0.0,,,
라마51a20a,48890440,가회면,250000.0,250000.0,1051250.0,1720250.0,128.06492706720255,35.47678128486608,1243.559338327575,False,0.0,0.0,,,
라마51a20b,48890440,가회면,250000.0,250000.0,1051250.0,1720750.0,128.06495860918798,35.48128942835051,933.6797296341248,False,31496.69578378072,0.1259867831351228,,,
라마51a21a,48890440,가회면,250000.0,250000.0,1051250.0,1721250.0,128.06499015817823,35.48579756843593,834.9106821197032,False,2289.639579835706,0.0091585583193428,,,
라마51a21b,48890440,가회면,250000.0,250000.0,1051250.0,1721750.0,128.06502171417483,35.4903057051221,1011.1349349644312,False,8420.629306291885,0.0336825172251675,,,
라마51a22a,48890460,용주면,250000.0,250000.0,1051250.0,1722250.0,128.06505327717937,35.494813838408874,1359.3056559484553,False,1370.9136719956025,0.0054836546879824,,,
라마51a22b,48890460,용주면,250000.0,250000.0,1051250.0,1722750.0,128.06508484719342,35.49932196829604,1696.0477636345288,False,5235.644338462884,0.0209425773538515,,,
라마51a23a,48890460,용주면,250000.0,250000.0,1051250.0,1723250.0,128.06511642421847,35.503830094783424,1408.4573850166978,False,34060.324580344946,0.1362412983213798,,,
라마51a23b,48890460,용주면,250000.0,250000.0,1051250.0,1723750.0,128.06514800825616,35.50833821787084,1261.3193070299294,False,41869.62364572901,0.167478494582916,13.0,8.0,0.6153846153846154
라마51a24a,48890460,용주면,250000.0,250000.0,1051250.0,1724250.0,128.06517959930798,35.51284633755811,1303.111884361757,False,0.0,0.0,,,
라마51a24b,48890460,용주면,250000.0,250000.0,1051250.0,1724750.0,128.06521119737556,35.51735445384502,1212.692348495677,False,15762.135666606331,0.0630485426664253,,,
라마51a25a,48890450,대병면,250000.0,250000.0,1051250.0,1725250.0,128.06524280246046,35.52186256673141,957.6612413814626,False,9737.280553341889,0.0389491222133675,,,
라마51a25b,48890450,대병면,250000.0,250000.0,1051250.0,1725750.0,128.06527441456416,35.526370676217084,929.304780138684,False,14247.555717064502,0.056990222868258,,,
라마51a26a,48890450,대병면,250000.0,250000.0,1051250.0,1726250.0,128.06530603368833,35.53087878230185,1144.5958655931497,False,67185.48114170111,0.2687419245668044,39.0,25.0,0.6410256410256411
라마51a26b,48890460,용주면,250000.0,250000.0,1051250.0,1726750.0,128.06533765983448,35.53538688498555,1502.1957318130203,False,0.0,0.0,,,
라마51a27a,48890460,용주면,250000.0,250000.0,1051250.0,1727250.0,128.06536929300415,35.53989498426796,1924.3399745942968,False,0.0,0.0,,,
라마51a27b,48890460,용주면,250000.0,250000.0,1051250.0,1727750.0,128.06540093319896,35.54440308014891,2376.8838126769897,False,0.0,0.0,,,
라마51a28a,48890460,용주면,250000.0,250000.0,1051250.0,1728250.0,128.06543258042043,35.54891117262822,2253.1531827765566,False,62056.05422888202,0.2482242169155281,30.0,20.0,0.6666666666666666
라마51a28b,48890460,용주면,250000.0,250000.0,1051250.0,1728750.0,128.06546423467017,35.55341926170571,1785.7424795314637,False,57798.60943618644,0.2311944377447457,90.0,63.0,0.7
라마51a29a,48890460,용주면,250000.0,250000.0,1051250.0,1729250.0,128.06549589594974,35.55792734738118,1342.0332117165472,False,720.6633791146304,0.0028826535164585,,,
라마51a29b,48890460,용주면,250000.0,250000.0,1051250.0,1729750.0,128.06552756426066,35.56243542965446,955.6307233954346,False,0.0,0.0,,,
라마51a30a,48890460,용주면,250000.0,250000.0,1051250.0,1730250.0,128.06555923960457,35.566943508525355,724.849651751543,False,0.0,0.0,,,
라마51a30b,48890310,봉산면,250000.0,250000.0,1051250.0,1730750.0,128.06559092198296,35.57145158399367,798.4885445586457,False,12770.594718989152,0.0510823788759566,,,
라마51a31a,48890310,봉산면,250000.0,250000.0,1051250.0,1731250.0,128.06562261139746,35.57595965605923,1117.9270521543149,False,18235.05666431831,0.0729402266572732,,,
라마51a31b,48890310,봉산면,250000.0,250000.0,1051250.0,1731750.0,128.06565430784963,35.580467724721856,1137.70286209839,False,3254.3033581135423,0.0130172134324541,,,
라마51a32a,48890310,봉산면,250000.0,250000.0,1051250.0,1732250.0,128.065686011341,35.58497578998136,687.9187398813597,False,22456.48100281164,0.0898259240112465,9.0,0.0,0.0
라마51a32b,48890310,봉산면,250000.0,250000.0,1051250.0,1732750.0,128.06571772187317,35.58948385183755,389.9956191203269,False,20008.603442465537,0.0800344137698621,0.0,,
라마51a33a,48890310,봉산면,250000.0,250000.0,1051250.0,1733250.0,128.06574943944773,35.59399191029026,575.292076415221,False,75505.34857274746,0.3020213942909898,,,
라마51a33b,48890310,봉산면,250000.0,250000.0,1051250.0,1733750.0,128.06578116406624,35.59849996533927,1004.90067341963,False,142746.2234910352,0.5709848939641408,23.0,16.0,0.6956521739130435
라마51a34a,48890310,봉산면,250000.0,250000.0,1051250.0,1734250.0,128.06581289573026,35.60300801698444,1479.4221012585674,False,34193.06368410985,0.1367722547364394,38.0,23.0,0.6052631578947368
라마51a34b,48890310,봉산면,250000.0,250000.0,1051250.0,1734750.0,128.0658446344414,35.607516065225546,1966.6098097857143,False,10118.385038435772,0.040473540153743,,,
라마51a35a,48890310,봉산면,250000.0,250000.0,1051250.0,1735250.0,128.06587638020113,35.61202411006244,2456.632416926805,False,54813.4363580183,0.2192537454320731,18.0,10.0,0.5555555555555556
라마51a35b,48890310,봉산면,250000.0,250000.0,1051250.0,1735750.0,128.06590813301116,35.616532151494894,1957.698524038405,False,5888.803467391315,0.0235552138695652,0.0,,
라마51a36a,48890310,봉산면,250000.0,250000.0,1051250.0,1736250.0,128.065939892873,35.62104018952276,1459.4944981563517,False,25313.464622415868,0.1012538584896634,,,
라마51a36b,48890310,봉산면,250000.0,250000.0,1051250.0,1736750.0,128.0659716597882,35.62554822414584,963.1536062722146,False,14104.704355050906,0.0564188174202036,,,
라마51a37a,48890310,봉산면,250000.0,250000.0,1051250.0,1737250.0,128.06600343375837,35.63005625536396,474.5582666034641,False,7481.417183396778,0.0299256687335871,0.0,,
라마51a37b,48890310,봉산면,250000.0,250000.0,1051250.0,1737750.0,128.0660352147851,35.634564283176914,150.8185251492561,True,67143.43059119309,0.2685737223647723,167.0,93.0,0.5568862275449101
라마51a38a,48890310,봉산면,250000.0,250000.0,1051250.0,1738250.0,128.06606700286991,35.63907230758455,565.9389601844965,False,13273.992631073246,0.0530959705242929,9.0,0.0,0.0
라마51a38b,48890310,봉산면,250000.0,250000.0,1051250.0,1738750.0,128.06609879801445,35.64358032858666,971.4936966360729,False,0.0,0.0,,,
라마51a39a,48890320,묘산면,250000.0,250000.0,1051250.0,1739250.0,128.06613060022025,35.64808834618305,1322.1350169767975,False,0.0,0.0,,,
라마51a39b,48890320,묘산면,250000.0,250000.0,1051250.0,1739750.0,128.0661624094889,35.652596360373565,1747.0781332352744,False,0.0,0.0,,,
라마51a40a,48890320,묘산면,250000.0,250000.0,1051250.0,1740250.0,128.06619422582196,35.657104371158006,2203.752028732241,False,698.6746712310678,0.0027946986849242,,,
라마51a40b,48890320,묘산면,250000.0,250000.0,1051250.0,1740750.0,128.06622604922106,35.661612378536205,2675.9603892161936,False,0.0,0.0,0.0,0.0,
라마51a41a,48890320,묘산면,250000.0,250000.0,1051250.0,1741250.0,128.06625787968775,35.666120382507955,3156.7396163077333,False,0.0,0.0,,,
라마51a41b,48890320,묘산면,250000.0,250000.0,1051250.0,1741750.0,128.06628971722358,35.670628383073094,3642.697627539144,False,0.0,0.0,,,
라마51a42a,48890310,봉산면,250000.0,249996.36501526408,1051250.0,1742250.0,128.0663215618302,35.675136380231415,4132.007624169143,False,0.0,0.0,,,
라마51a42b,48890310,봉산면,250000.0,221933.3993348322,1051250.0,1742750.0,128.06635341350915,35.67964437398276,4623.605520230347,False,0.0,0.0,,,
라마51a47b,48890330,가야면,250000.0,224178.59104813865,1051250.0,1747750.0,128.0666723196253,35.72472412407168,3300.312554069561,False,0.0,0.0,,,
라마51a48a,48890330,가야면,250000.0,250000.0,1051250.0,1748250.0,128.06670424920446,35.729232080334114,3378.674334505211,False,0.0,0.0,,,
라마51a48b,48890330,가야면,250000.0,250000.0,1051250.0,1748750.0,128.06673618587502,35.73374003318735,3526.870789062069,False,0.0,0.0,,,
라마51a49a,48890330,가야면,250000.0,250000.0,1051250.0,1749250.0,128.0667681296385,35.73824798263125,3736.602048229699,False,0.0,0.0,,,
라마51a49b,48890330,가야면,250000.0,250000.0,1051250.0,1749750.0,128.0668000804965,35.74275592866559,3961.4298111960097,False,0.0,0.0,,,
라마51a50a,48890330,가야면,250000.0,250000.0,1051250.0,1750250.0,128.06683203845068,35.74726387129021,4139.394747021751,False,20782.74166221852,0.083130966648874,16.0,0.0,0.0
라마51a50b,48890330,가야면,250000.0,250000.0,1051250.0,1750750.0,128.06686400350253,35.75177181050493,4367.63684322656,False,12443.80971374375,0.049775238854975,0.0,0.0,
라마51a51a,48890330,가야면,250000.0,250000.0,1051250.0,1751250.0,128.06689597565372,35.75627974630955,4638.740595996815,False,169.39584526340124,0.0006775833810536,0.0,,
라마51a51b,48890330,가야면,250000.0,250000.0,1051250.0,1751750.0,128.06692795490582,35.76078767870391,4744.091487896566,False,0.0,0.0,,,
라마51a52a,48890330,가야면,250000.0,250000.0,1051250.0,1752250.0,128.06695994126042,35.765295607687825,4875.711728174649,False,0.0,0.0,,,
라마51a52b,48890330,가야면,250000.0,250000.0,1051250.0,1752750.0,128.06699193471908,35.7698035332611,5053.585426901081,False,0.0,0.0,,,
라마51a53a,48890330,가야면,250000.0,250000.0,1051250.0,1753250.0,128.06702393528343,35.774311455423565,5273.03389688651,False,0.0,0.0,,,
라마51a53b,48890330,가야면,250000.0,250000.0,1051250.0,1753750.0,128.06705594295505,35.77881937417504,5529.1090863213485,False,0.0,0.0,,,
라마51a54a,48890330,가야면,250000.0,250000.0,1051250.0,1754250.0,128.06708795773557,35.78332728951531,5816.975855130263,False,0.0,0.0,,,
라마51a54b,48890330,가야면,250000.0,250000.0,1051250.0,1754750.0,128.0671199796265,35.78783520144427,6132.15858486191,False,1766.73224624578,0.0070669289849831,,,
라마51a55a,48890330,가야면,250000.0,250000.0,1051250.0,1755250.0,128.0671520086295,35.79234310996166,6470.666868308303,False,5992.382318065921,0.0239695292722636,9.0,6.0,0.6666666666666666
라마51a55b,48890330,가야면,250000.0,250000.0,1051250.0,1755750.0,128.06718404474623,35.79685101506734,6829.032913330404,False,0.0,0.0,,,
라마51a56a,48890330,가야면,250000.0,250000.0,1051250.0,1756250.0,128.06721608797815,35.80135891676112,7204.293951670566,False,0.0,0.0,,,
라마51a56b,48890330,가야면,250000.0,152625.57479931213,1051250.0,1756750.0,128.06724813832693,35.80586681504282,7593.945756509212,False,0.0,0.0,,,
라마51b11a,48890430,삼가면,250000.0,207331.71942670172,1051750.0,1711250.0,128.06986622184937,35.39560827426051,2814.0733017493803,False,0.0,0.0,,,
라마51b11b,48890430,삼가면,250000.0,250000.0,1051750.0,1711750.0,128.0698979444597,35.40011647461397,3070.390774103523,False,0.0,0.0,,,
라마51b12a,48890430,삼가면,250000.0,250000.0,1051750.0,1712250.0,128.06992967411497,35.404624671571284,3381.6549888747377,False,0.0,0.0,,,
라마51b12b,48890430,삼가면,250000.0,250000.0,1051750.0,1712750.0,128.06996141081663,35.40913286513227,3448.366323132012,False,11866.771428319977,0.0474670857132799,,,
라마51b13a,48890430,삼가면,250000.0,250000.0,1051750.0,1713250.0,128.0699931545663,35.41364105529676,2987.4592459528576,False,7380.218874979115,0.0295208754999164,,,
라마51b13b,48890430,삼가면,250000.0,250000.0,1051750.0,1713750.0,128.0700249053656,35.41814924206455,2541.3766336274207,False,0.0,0.0,,,
라마51b14a,48890440,가회면,250000.0,250000.0,1051750.0,1714250.0,128.070056663216,35.42265742543545,2119.499384681596,False,0.0,0.0,,,
라마51b14b,48890440,가회면,250000.0,250000.0,1051750.0,1714750.0,128.07008842811916,35.42716560540928,1739.528697487882,False,26101.1320666372,0.1044045282665488,26.0,17.0,0.6538461538461539
라마51b15a,48890440,가회면,250000.0,250000.0,1051750.0,1715250.0,128.07012020007656,35.43167378198585,1435.145475936886,False,41417.90342347202,0.1656716136938881,,,
라마51b15b,48890440,가회면,250000.0,250000.0,1051750.0,1715750.0,128.0701519790898,35.43618195516497,1262.26977497694,False,0.0,0.0,,,
라마51b16a,48890440,가회면,250000.0,250000.0,1051750.0,1716250.0,128.07018376516052,35.440690124946435,1275.5420151992478,False,0.0,0.0,,,
라마51b16b,48890440,가회면,250000.0,250000.0,1051750.0,1716750.0,128.07021555829022,35.44519829133009,1469.9285289621334,False,0.0,0.0,,,
라마51b17a,48890440,가회면,250000.0,250000.0,1051750.0,1717250.0,128.07024735848043,35.44970645431573,1787.280707660385,False,0.0,0.0,,,
라마51b17b,48890440,가회면,250000.0,250000.0,1051750.0,1717750.0,128.07027916573276,35.45421461390316,2174.409063560311,False,726.3674082171118,0.0029054696328684,,,
라마51b18a,48890440,가회면,250000.0,250000.0,1051750.0,1718250.0,128.07031098004882,35.45872277009222,2600.3340599644985,False,22120.31608695503,0.0884812643478201,11.0,7.0,0.6363636363636364
라마51b18b,48890440,가회면,250000.0,250000.0,1051750.0,1718750.0,128.07034280143012,35.463230922882694,2766.223470756181,False,31997.932537268556,0.1279917301490742,0.0,,
라마51b19a,48890440,가회면,250000.0,250000.0,1051750.0,1719250.0,128.07037462987827,35.4677390722744,2340.3654201321447,False,883.3254851313593,0.0035333019405254,,,
라마51b19b,48890440,가회면,250000.0,250000.0,1051750.0,1719750.0,128.07040646539485,35.472247218267164,1950.032899552786,False,0.0,0.0,,,
라마51b20a,48890440,가회면,250000.0,250000.0,1051750.0,1720250.0,128.07043830798136,35.47675536086081,1621.094173367538,False,0.0,0.0,,,
라마51b20b,48890440,가회면,250000.0,250000.0,1051750.0,1720750.0,128.07047015763945,35.4812635000551,1397.5923327330177,False,9253.493517176754,0.037013974068707,0.0,0.0,
라마51b21a,48890440,가회면,250000.0,250000.0,1051750.0,1721250.0,128.07050201437067,35.48577163584991,1333.6350093267852,False,2190.050674004337,0.0087602026960173,0.0,,
라마51b21b,48890440,가회면,250000.0,250000.0,1051750.0,1721750.0,128.0705338781766,35.49027976824502,1450.4827981365345,False,0.0,0.0,,,
라마51b22a,48890460,용주면,250000.0,250000.0,1051750.0,1722250.0,128.0705657490588,35.49478789724023,1711.495941355961,False,6131.624614127684,0.0245264984565107,,,
라마51b22b,48890460,용주면,250000.0,250000.0,1051750.0,1722750.0,128.07059762701886,35.49929602283539,1629.8350808752368,False,2882.7563312741904,0.0115310253250967,,,
라마51b23a,48890460,용주면,250000.0,250000.0,1051750.0,1723250.0,128.07062951205833,35.50380414503027,1243.9834643961303,False,3325.3671644306887,0.0133014686577227,,,
라마51b23b,48890460,용주면,250000.0,250000.0,1051750.0,1723750.0,128.07066140417882,35.508312263824735,968.8278116003934,False,22216.922666421047,0.0888676906656841,,,
라마51b24a,48890460,용주면,250000.0,250000.0,1051750.0,1724250.0,128.0706933033819,35.51282037921856,910.911520055497,False,7156.746200445835,0.0286269848017833,,,
라마51b24b,48890460,용주면,250000.0,250000.0,1051750.0,1724750.0,128.07072520966912,35.517328491211565,1104.9399378288508,False,7821.813154015764,0.031287252616063,,,
라마51b25a,48890460,용주면,250000.0,250000.0,1051750.0,1725250.0,128.07075712304209,35.52183659980358,1440.6280355260458,False,6502.289006706686,0.0260091560268267,,,
라마51b25b,48890460,용주면,250000.0,250000.0,1051750.0,1725750.0,128.07078904350234,35.5263447049944,1421.935813561202,False,3588.8920287256456,0.0143555681149025,,,
라마51b26a,48890450,대병면,250000.0,250000.0,1051750.0,1726250.0,128.07082097105152,35.53085280678386,1571.1122744833615,False,33916.148071946765,0.135664592287787,,,
라마51b26b,48890460,용주면,250000.0,250000.0,1051750.0,1726750.0,128.07085290569117,35.53536090517176,1847.941043479636,False,0.0,0.0,,,
라마51b27a,48890460,용주면,250000.0,250000.0,1051750.0,1727250.0,128.0708848474229,35.53986900015789,2204.853378644695,False,0.0,0.0,,,
라마51b27b,48890460,용주면,250000.0,250000.0,1051750.0,1727750.0,128.0709167962482,35.544377091742106,2600.2138838910832,False,9226.228228016587,0.0369049129120663,,,
라마51b28a,48890460,용주면,250000.0,250000.0,1051750.0,1728250.0,128.07094875216876,35.54888517992421,2148.272115959681,False,13236.691810188137,0.0529467672407525,12.0,9.0,0.75
라마51b28b,48890460,용주면,250000.0,250000.0,1051750.0,1728750.0,128.07098071518612,35.55339326470401,1651.4387734205998,False,22542.29901147375,0.090169196045895,,,
라마51b29a,48890460,용주면,250000.0,250000.0,1051750.0,1729250.0,128.07101268530184,35.55790134608134,1157.3361484477991,False,0.0,0.0,,,
라마51b29b,48890460,용주면,250000.0,250000.0,1051750.0,1729750.0,128.07104466251752,35.56240942405598,672.0148053808322,False,94.91149121614656,0.0003796459648645,,,
라마51b30a,48890460,용주면,250000.0,250000.0,1051750.0,1730250.0,128.07107664683477,35.56691749862777,252.54868203593728,True,18657.82243275144,0.0746312897310057,18.0,7.0,0.3888888888888889
라마51b30b,48890460,용주면,250000.0,250000.0,1051750.0,1730750.0,128.07110863825514,35.571425569796496,419.473211236594,False,10950.28999202945,0.0438011599681178,,,
라마51b31a,48890460,용주면,250000.0,250000.0,1051750.0,1731250.0,128.07114063678023,35.575933637562024,887.7695157484242,False,0.0,0.0,,,
라마51b31b,48890460,용주면,250000.0,250000.0,1051750.0,1731750.0,128.07117264241165,35.58044170192412,1077.4575007113367,False,421.7624436591673,0.0016870497746366,,,
라마51b32a,48890310,봉산면,250000.0,250000.0,1051750.0,1732250.0,128.0712046551509,35.58494976288262,582.9057008575311,False,0.0,0.0,,,
라마51b32b,48890310,봉산면,250000.0,250000.0,1051750.0,1732750.0,128.07123667499965,35.589457820437346,136.54100609450197,True,62480.58695457261,0.2499223478182904,28.0,13.0,0.4642857142857143
라마51b33a,48890310,봉산면,250000.0,250000.0,1051750.0,1733250.0,128.07126870195947,35.59396587458809,444.41853764035113,False,52692.39083534551,0.210769563341382,,,
라마51b33b,48890310,봉산면,250000.0,250000.0,1051750.0,1733750.0,128.0713007360319,35.59847392533469,936.147545449689,False,21706.45936633043,0.0868258374653217,6.0,0.0,0.0
라마51b34a,48890310,봉산면,250000.0,250000.0,1051750.0,1734250.0,128.07133277721857,35.60298197267695,1433.6096460001122,False,3770.424160709942,0.0150816966428397,,,
라마51b34b,48890310,봉산면,250000.0,250000.0,1051750.0,1734750.0,128.0713648255211,35.6074900166147,1932.3822104743297,False,0.0,0.0,,,
라마51b35a,48890310,봉산면,250000.0,250000.0,1051750.0,1735250.0,128.07139688094102,35.61199805714774,2431.658980533813,False,0.0,0.0,,,
라마51b35b,48890310,봉산면,250000.0,250000.0,1051750.0,1735750.0,128.07142894347993,35.616506094275884,2055.6539621711527,False,14953.066894863376,0.0598122675794535,10.0,0.0,0.0
라마51b36a,48890310,봉산면,250000.0,250000.0,1051750.0,1736250.0,128.07146101313947,35.62101412799895,1588.4753354448003,False,56261.68661630995,0.2250467464652397,41.0,23.0,0.5609756097560976
라마51b36b,48890310,봉산면,250000.0,250000.0,1051750.0,1736750.0,128.07149308992115,35.625522158316755,1149.258269686576,False,26583.541316907,0.106334165267628,0.0,0.0,
라마51b37a,48890310,봉산면,250000.0,250000.0,1051750.0,1737250.0,128.0715251738266,35.630030185229124,786.3429592547359,False,17076.87530231467,0.0683075012092586,0.0,0.0,
라마51b37b,48890310,봉산면,250000.0,250000.0,1051750.0,1737750.0,128.07155726485746,35.63453820873588,644.8844304958893,False,64552.0668659634,0.2582082674638535,,,
라마51b38a,48890310,봉산면,250000.0,250000.0,1051750.0,1738250.0,128.07158936301525,35.6390462288368,844.6399279116041,False,37984.14752756778,0.1519365901102711,,,
라마51b38b,48890310,봉산면,250000.0,250000.0,1051750.0,1738750.0,128.0716214683016,35.643554245531746,1229.2100255648063,False,205.626465357016,0.000822505861428,,,
라마51b39a,48890320,묘산면,250000.0,250000.0,1051750.0,1739250.0,128.07165358071808,35.648062258820495,1672.101603948032,False,239.94999415614143,0.0009597999766245,0.0,0.0,
라마51b39b,48890320,묘산면,250000.0,250000.0,1051750.0,1739750.0,128.07168570026633,35.652570268702895,2024.8863608702088,False,0.0,0.0,,,
라마51b40a,48890320,묘산면,250000.0,250000.0,1051750.0,1740250.0,128.07171782694786,35.65707827517874,2429.89830547511,False,0.0,0.0,,,
라마51b40b,48890320,묘산면,250000.0,250000.0,1051750.0,1740750.0,128.07174996076438,35.66158627824785,2865.073607337764,False,0.0,0.0,,,
라마51b41a,48890320,묘산면,250000.0,250000.0,1051750.0,1741250.0,128.07178210171736,35.666094277910055,3318.5671269353647,False,0.0,0.0,,,
라마51b41b,48890320,묘산면,250000.0,249711.54307627105,1051750.0,1741750.0,128.07181424980848,35.67060227416518,3783.79819447188,False,0.0,0.0,,,
라마51b47a,48890330,가야면,250000.0,151748.22561579998,1051750.0,1747250.0,128.07216835038386,35.72019000805057,2798.1627937957705,False,0.0,0.0,,,
라마51b47b,48890330,가야면,250000.0,250000.0,1051750.0,1747750.0,128.07220058425716,35.72469796340624,2802.336939891067,False,0.0,0.0,,,
라마51b48a,48890330,가야면,250000.0,250000.0,1051750.0,1748250.0,128.07223282528932,35.72920591535242,2894.213127738368,False,0.0,0.0,,,
라마51b48b,48890330,가야면,250000.0,250000.0,1051750.0,1748750.0,128.07226507348204,35.733713863888966,3065.91698075277,False,0.0,0.0,,,
라마51b49a,48890330,가야면,250000.0,250000.0,1051750.0,1749250.0,128.0722973288369,35.73822180901566,3305.0301416119123,False,5946.539621346139,0.0237861584853845,,,
라마51b49b,48890330,가야면,250000.0,250000.0,1051750.0,1749750.0,128.07232959135547,35.742729750732344,3487.833346919224,False,4426.964787944,0.017707859151776,,,
라마51b50a,48890330,가야면,250000.0,250000.0,1051750.0,1750250.0,128.0723618610394,35.74723768903881,3688.718500851016,False,39662.71080571296,0.1586508432228518,37.0,21.0,0.5675675675675675
라마51b50b,48890330,가야면,250000.0,250000.0,1051750.0,1750750.0,128.07239413789026,35.75174562393491,3943.134146990104,False,17756.942719238512,0.071027770876954,0.0,,
라마51b51a,48890330,가야면,250000.0,250000.0,1051750.0,1751250.0,128.07242642190968,35.75625355542043,4166.084225487737,False,14226.65664896957,0.0569066265958782,0.0,0.0,
라마51b51b,48890330,가야면,250000.0,250000.0,1051750.0,1751750.0,128.07245871309925,35.76076148349521,4257.043408820836,False,10494.415362623977,0.0419776614504959,20.0,10.0,0.5
라마51b52a,48890330,가야면,250000.0,250000.0,1051750.0,1752250.0,128.0724910114606,35.76526940815905,4403.246460886795,False,2965.581714689563,0.0118623268587582,,,
라마51b52b,48890330,가야면,250000.0,250000.0,1051750.0,1752750.0,128.07252331699533,35.769777329411795,4599.428247732455,False,0.0,0.0,0.0,0.0,
라마51b53a,48890330,가야면,250000.0,250000.0,1051750.0,1753250.0,128.07255562970505,35.77428524725323,4839.5145435019,False,0.0,0.0,,,
라마51b53b,48890330,가야면,250000.0,250000.0,1051750.0,1753750.0,128.07258794959134,35.77879316168321,5117.329560180149,False,0.0,0.0,,,
라마51b54a,48890330,가야면,250000.0,250000.0,1051750.0,1754250.0,128.07262027665584,35.78330107270151,5427.082331992092,False,0.0,0.0,,,
라마51b54b,48890330,가야면,250000.0,250000.0,1051750.0,1754750.0,128.07265261090018,35.787808980308,5763.625894256834,False,0.0,0.0,,,
라마51b55a,48890330,가야면,250000.0,250000.0,1051750.0,1755250.0,128.07268495232594,35.792316884502455,6122.543936933,False,0.0,0.0,,,
라마51b55b,48890330,가야면,250000.0,250000.0,1051750.0,1755750.0,128.07271730093473,35.79682478528472,6500.131157938446,False,493.3608953812532,0.001973443581525,0.0,0.0,
라마51b56a,48890330,가야면,250000.0,250000.0,1051750.0,1756250.0,128.07274965672818,35.80133268265458,6893.32038143661,False,0.0,0.0,,,
라마51b56b,48890330,가야면,250000.0,246820.72922261045,1051750.0,1756750.0,128.0727820197079,35.80584057661191,7299.590857839673,False,0.0,0.0,,,
라마51b57a,48890330,가야면,250000.0,140441.82842831587,1051750.0,1757250.0,128.0728143898755,35.81034846715647,7716.876797162417,False,0.0,0.0,,,
라마52a10b,48890430,삼가면,250000.0,234719.9066879129,1052250.0,1710750.0,128.07533990719975,35.39107397706613,2154.9091582728884,False,0.0,0.0,,,
라마52a11a,48890430,삼가면,250000.0,250000.0,1052250.0,1711250.0,128.07537192914265,35.395582176492766,2377.3776390152534,False,22.55688471082752,9.022753884331008e-05,,,
라마52a11b,48890430,삼가면,250000.0,250000.0,1052250.0,1711750.0,128.0754039581969,35.40009037252298,2675.8578804882577,False,15782.882681422803,0.0631315307256912,11.0,9.0,0.8181818181818182
라마52a12a,48890430,삼가면,250000.0,250000.0,1052250.0,1712250.0,128.07543599436408,35.40459856515658,3027.9541533273723,False,0.0,0.0,,,
라마52a12b,48890430,삼가면,250000.0,250000.0,1052250.0,1712750.0,128.07546803764578,35.40910675439339,3301.156467212317,False,25892.84860275619,0.1035713944110247,0.0,0.0,
라마52a13a,48890430,삼가면,250000.0,250000.0,1052250.0,1713250.0,128.07550008804358,35.41361494023321,2816.259304243118,False,7973.283982714225,0.0318931359308569,10.0,7.0,0.7
라마52a13b,48890430,삼가면,250000.0,250000.0,1052250.0,1713750.0,128.07553214555904,35.41812312267587,2337.733713760863,False,19243.552119159023,0.0769742084766361,,,
라마52a14a,48890440,가회면,250000.0,250000.0,1052250.0,1714250.0,128.07556421019376,35.42263130172117,1870.4762399379413,False,65726.30595579528,0.2629052238231811,0.0,,
라마52a14b,48890440,가회면,250000.0,250000.0,1052250.0,1714750.0,128.07559628194932,35.427139477368904,1425.6099788829351,False,17845.811493393867,0.0713832459735754,0.0,0.0,
라마52a15a,48890440,가회면,250000.0,250000.0,1052250.0,1715250.0,128.0756283608273,35.431647649618924,1032.4951620268378,False,12839.763753474648,0.0513590550138985,,,
라마52a15b,48890440,가회면,250000.0,250000.0,1052250.0,1715750.0,128.07566044682926,35.43615581847101,774.4215307744546,False,24528.410548208765,0.098113642192835,0.0,,
라마52a16a,48890440,가회면,250000.0,250000.0,1052250.0,1716250.0,128.07569253995686,35.44066398392498,795.8713181446315,False,0.0,0.0,,,
라마52a16b,48890440,가회면,250000.0,250000.0,1052250.0,1716750.0,128.07572464021158,35.44517214598065,1080.321064667119,False,0.0,0.0,,,
라마52a17a,48890440,가회면,250000.0,250000.0,1052250.0,1717250.0,128.07575674759505,35.44968030463783,1483.5012809167777,False,1702.708468479089,0.0068108338739163,,,
라마52a17b,48890440,가회면,250000.0,250000.0,1052250.0,1717750.0,128.0757888621089,35.454188459896336,1932.4747082950253,False,0.0,0.0,,,
라마52a18a,48890430,삼가면,250000.0,250000.0,1052250.0,1718250.0,128.07582098375465,35.458696611756,2401.695431547924,False,0.0,0.0,,,
라마52a18b,48890430,삼가면,250000.0,250000.0,1052250.0,1718750.0,128.0758531125339,35.463204760216584,2881.2884953847283,False,2849.7288417359728,0.0113989153669438,,,
라마52a19a,48890430,삼가면,250000.0,250000.0,1052250.0,1719250.0,128.0758852484483,35.46771290527795,2656.843388447045,False,0.0,0.0,,,
라마52a19b,48890420,쌍백면,250000.0,250000.0,1052250.0,1719750.0,128.07591739149933,35.47222104693989,2320.3738492585007,False,0.0,0.0,,,
라마52a20a,48890420,쌍백면,250000.0,250000.0,1052250.0,1720250.0,128.07594954168863,35.476729185202224,2051.6951064694404,False,0.0,0.0,,,
라마52a20b,48890440,가회면,250000.0,250000.0,1052250.0,1720750.0,128.0759816990178,35.48123732006476,1880.0986196204133,False,0.0,0.0,,,
라마52a21a,48890440,가회면,250000.0,250000.0,1052250.0,1721250.0,128.0760138634884,35.48574545152731,1833.054507942009,False,9040.907097073965,0.0361636283882958,0.0,0.0,
라마52a21b,48890460,용주면,250000.0,250000.0,1052250.0,1721750.0,128.07604603510208,35.49025357958968,1919.741346815882,False,0.0,0.0,,,
라마52a22a,48890460,용주면,250000.0,250000.0,1052250.0,1722250.0,128.07607821386037,35.49476170425168,1901.398965056874,False,0.0,0.0,,,
라마52a22b,48890460,용주면,250000.0,250000.0,1052250.0,1722750.0,128.07611039976487,35.49926982551315,1416.4923201905333,False,0.0,0.0,,,
라마52a23a,48890460,용주면,250000.0,250000.0,1052250.0,1723250.0,128.07614259281718,35.503777943373905,947.4085507309763,False,0.0,0.0,,,
라마52a23b,48890460,용주면,250000.0,250000.0,1052250.0,1723750.0,128.0761747930189,35.50828605783373,537.3224644825283,False,9442.58145596914,0.0377703258238765,0.0,0.0,
라마52a24a,48890460,용주면,250000.0,250000.0,1052250.0,1724250.0,128.07620700037162,35.512794168892434,424.0847788791608,False,74914.94833177298,0.2996597933270919,8.0,6.0,0.75
라마52a24b,48890460,용주면,250000.0,250000.0,1052250.0,1724750.0,128.07623921487692,35.51730227654986,755.6324295028605,False,5626.303607025193,0.0225052144281007,,,
라마52a25a,48890460,용주면,250000.0,250000.0,1052250.0,1725250.0,128.0762714365364,35.5218103808058,1209.1785795968287,False,2237.036633618969,0.0089481465344758,,,
라마52a25b,48890460,용주면,250000.0,250000.0,1052250.0,1725750.0,128.07630366535165,35.5263184816601,1138.166391823459,False,16439.588448009694,0.0657583537920387,0.0,0.0,
라마52a26a,48890460,용주면,250000.0,250000.0,1052250.0,1726250.0,128.07633590132426,35.530826579112535,1250.9376266975105,False,0.0,0.0,,,
라마52a26b,48890460,용주면,250000.0,250000.0,1052250.0,1726750.0,128.0763681444558,35.535334673162936,1527.8308663915548,False,0.0,0.0,,,
라마52a27a,48890460,용주면,250000.0,250000.0,1052250.0,1727250.0,128.07640039474796,35.53984276381111,1898.3385806304248,False,4467.059319093638,0.0178682372763745,0.0,0.0,
라마52a27b,48890460,용주면,250000.0,250000.0,1052250.0,1727750.0,128.07643265220224,35.54435085105688,2317.997320343815,False,25669.439241764,0.102677756967056,0.0,0.0,
라마52a28a,48890460,용주면,250000.0,250000.0,1052250.0,1728250.0,128.0764649168203,35.54885893490005,2157.184948807969,False,633.8524220313028,0.0025354096881252,0.0,0.0,
라마52a28b,48890460,용주면,250000.0,250000.0,1052250.0,1728750.0,128.07649718860364,35.55336701534046,1663.0164886466673,False,4075.1707977413193,0.0163006831909652,,,
라마52a29a,48890460,용주면,250000.0,250000.0,1052250.0,1729250.0,128.076529467554,35.55787509237789,1173.7975888788246,False,1646.2825429470652,0.0065851301717882,0.0,0.0,
라마52a29b,48890460,용주면,250000.0,250000.0,1052250.0,1729750.0,128.07656175367285,35.56238316601218,699.9840839653382,False,2223.8938868072173,0.0088955755472288,,,
라마52a30a,48890460,용주면,250000.0,250000.0,1052250.0,1730250.0,128.07659404696187,35.56689123624314,319.61642002851613,False,35545.81285342974,0.1421832514137189,0.0,0.0,
라마52a30b,48890460,용주면,250000.0,250000.0,1052250.0,1730750.0,128.0766263474226,35.57139930307056,462.9596030960975,False,19099.596341742767,0.076398385366971,13.0,10.0,0.7692307692307693
라마52a31a,48890460,용주면,250000.0,250000.0,1052250.0,1731250.0,128.07665865505672,35.575907366494285,909.1251466360104,False,50848.9654357072,0.2033958617428288,34.0,22.0,0.6470588235294118
라마52a31b,48890460,용주면,250000.0,250000.0,1052250.0,1731750.0,128.07669096986575,35.580415426514115,1235.9051457338348,False,4333.459443791382,0.0173338377751655,,,
라마52a32a,48890460,용주면,250000.0,250000.0,1052250.0,1732250.0,128.07672329185132,35.58492348312988,840.4319838657148,False,0.0,0.0,,,
라마52a32b,48890310,봉산면,250000.0,250000.0,1052250.0,1732750.0,128.07675562101505,35.58943153634137,620.6370193257493,False,1746.271647472388,0.0069850865898895,,,
라마52a33a,48890310,봉산면,250000.0,250000.0,1052250.0,1733250.0,128.0767879573585,35.59393958614842,751.0357514863323,False,6181.237185246367,0.0247249487409854,,,
라마52a33b,48890310,봉산면,250000.0,250000.0,1052250.0,1733750.0,128.07682030088333,35.59844763255082,1114.8628123063972,False,16929.7079580324,0.0677188318321296,0.0,0.0,
라마52a34a,48890310,봉산면,250000.0,250000.0,1052250.0,1734250.0,128.07685265159108,35.60295567554843,1556.2080453836556,False,0.0,0.0,,,
라마52a34b,48890310,봉산면,250000.0,249999.999999696,1052250.0,1734750.0,128.07688500948342,35.60746371514103,2025.005647095807,False,0.0,0.0,,,
라마52a35a,48890310,봉산면,250000.0,249999.99999973035,1052250.0,1735250.0,128.0769173745619,35.61197175132845,2505.895500818619,False,0.0,0.0,,,
라마52a35b,48890310,봉산면,250000.0,249999.9999997462,1052250.0,1735750.0,128.07694974682815,35.61647978411049,2262.4860029086963,False,1534.024031179384,0.0061360961247237,,,
라마52a36a,48890310,봉산면,250000.0,250000.0,1052250.0,1736250.0,128.07698212628378,35.620987813486984,1848.3461776637732,False,11023.532729580807,0.0440941309183232,,,
라마52a36b,48890310,봉산면,250000.0,250000.0,1052250.0,1736750.0,128.07701451293036,35.62549583945773,1487.926164704013,False,49466.64673431651,0.197866586937266,,,
라마52a37a,48890310,봉산면,250000.0,250000.0,1052250.0,1737250.0,128.0770469067695,35.630003862022576,1229.4165082417371,False,29103.900893393893,0.1164156035735755,,,
라마52a37b,48890310,봉산면,250000.0,250000.0,1052250.0,1737750.0,128.07707930780288,35.63451188118129,1144.1178391511155,False,102.92853063141024,0.0004117141225256,,,
라마52a38a,48890310,봉산면,250000.0,250000.0,1052250.0,1738250.0,128.07711171603208,35.639019896933725,1267.4960784911054,False,4996.799792511351,0.0199871991700454,,,
라마52a38b,48890320,묘산면,250000.0,250000.0,1052250.0,1738750.0,128.07714413145862,35.64352790927969,1550.5118471385,False,23999.708766796357,0.0959988350671854,,,
라마52a39a,48890320,묘산면,250000.0,250000.0,1052250.0,1739250.0,128.0771765540842,35.64803591821898,1923.9614516001493,False,0.0,0.0,,,
라마52a39b,48890320,묘산면,250000.0,250000.0,1052250.0,1739750.0,128.07720898391042,35.65254392375143,2345.030564058786,False,0.0,0.0,,,
라마52a40a,48890320,묘산면,250000.0,250000.0,1052250.0,1740250.0,128.07724142093886,35.65705192587686,2729.8880097469487,False,0.0,0.0,,,
라마52a40b,48890320,묘산면,250000.0,250000.0,1052250.0,1740750.0,128.07727386517115,35.661559924595075,3123.54438839482,False,0.0,0.0,,,
라마52a41a,48890320,묘산면,250000.0,250000.0,1052250.0,1741250.0,128.0773063166089,35.66606791990589,3544.1177388435312,False,0.0,0.0,,,
라마52a41b,48890320,묘산면,250000.0,250000.0,1052250.0,1741750.0,128.0773387752537,35.670575911809145,3983.090702871076,False,0.0,0.0,,,
라마52a42a,48890320,묘산면,250000.0,215092.63341407315,1052250.0,1742250.0,128.0773712411072,35.675083900304614,4435.003105727279,False,0.0,0.0,,,
라마52a45a,48890330,가야면,250000.0,238722.91526101896,1052250.0,1745250.0,128.07756618770077,35.702131759704265,3071.9030363117577,False,0.0,0.0,0.0,,
라마52a45b,48890330,가야면,250000.0,230489.75807617675,1052250.0,1745750.0,128.0775987040602,35.70663972434028,2819.1248290445483,False,0.0,0.0,,,
라마52a46a,48890330,가야면,250000.0,250000.0,1052250.0,1746250.0,128.07763122764123,35.71114768556707,2596.919286870825,False,0.0,0.0,,,
라마52a46b,48890330,가야면,250000.0,250000.0,1052250.0,1746750.0,128.07766375844548,35.71565564338447,2401.534319266904,False,0.0,0.0,,,
라마52a47a,48890330,가야면,250000.0,250000.0,1052250.0,1747250.0,128.07769629647453,35.72016359779227,2300.1618183753567,False,0.0,0.0,,,
라마52a47b,48890330,가야면,250000.0,250000.0,1052250.0,1747750.0,128.07772884173008,35.72467154879028,2305.23788247697,False,0.0,0.0,,,
라마52a48a,48890330,가야면,250000.0,250000.0,1052250.0,1748250.0,128.07776139421367,35.72917949637835,2416.0916784969027,False,0.0,0.0,,,
라마52a48b,48890330,가야면,250000.0,250000.0,1052250.0,1748750.0,128.07779395392697,35.733687440556274,2619.327452419238,False,6504.029834318206,0.0260161193372728,0.0,0.0,
라마52a49a,48890330,가야면,250000.0,250000.0,1052250.0,1749250.0,128.07782652087155,35.73819538132388,2862.756371068319,False,40576.86749594472,0.1623074699837789,,,
라마52a49b,48890330,가야면,250000.0,250000.0,1052250.0,1749750.0,128.07785909504906,35.74270331868098,3022.753175952522,False,50955.5904361437,0.2038223617445748,41.0,21.0,0.5121951219512195
라마52a50a,48890330,가야면,250000.0,250000.0,1052250.0,1750250.0,128.07789167646115,35.7472112526274,3252.4912736808174,False,13106.185152485485,0.0524247406099419,0.0,,
라마52a50b,48890330,가야면,250000.0,250000.0,1052250.0,1750750.0,128.07792426510943,35.75171918316294,3538.4123852384246,False,57601.66002721302,0.2304066401088521,30.0,17.0,0.5666666666666667
라마52a51a,48890330,가야면,250000.0,250000.0,1052250.0,1751250.0,128.07795686099544,35.75622711028744,3670.459414420766,False,6013.204244894393,0.0240528169795775,,,
라마52a51b,48890330,가야면,250000.0,250000.0,1052250.0,1751750.0,128.07798946412092,35.7607350340007,3773.384836408445,False,333.0996588747481,0.0013323986354989,,,
라마52a52a,48890330,가야면,250000.0,250000.0,1052250.0,1752250.0,128.07802207448742,35.76524295430257,3937.587324030332,False,0.0,0.0,,,
라마52a52b,48890330,가야면,250000.0,250000.0,1052250.0,1752750.0,128.0780546920966,35.76975087119281,4155.8097580485455,False,0.0,0.0,,,
라마52a53a,48890330,가야면,250000.0,250000.0,1052250.0,1753250.0,128.07808731695005,35.7742587846713,4420.058320409208,False,0.0,0.0,,,
라마52a53b,48890330,가야면,250000.0,250000.0,1052250.0,1753750.0,128.0781199490494,35.77876669473782,4722.613298434017,False,0.0,0.0,,,
라마52a54a,48890330,가야면,250000.0,250000.0,1052250.0,1754250.0,128.07815258839634,35.78327460139219,5056.603324097411,False,0.0,0.0,,,
라마52a54b,48890330,가야면,250000.0,250000.0,1052250.0,1754750.0,128.07818523499242,35.78778250463426,5416.216205802733,False,0.0,0.0,,,
라마52a55a,48890330,가야면,250000.0,250000.0,1052250.0,1755250.0,128.0782178888393,35.792290404463806,5796.6851560807845,False,12235.377864969352,0.0489415114598774,9.0,8.0,0.8888888888888888
라마52a55b,48890330,가야면,250000.0,250000.0,1052250.0,1755750.0,128.0782505499386,35.796798300880695,6194.1681935070565,False,4476.759345378,0.017907037381512,9.0,6.0,0.6666666666666666
라마52a56a,48890330,가야면,250000.0,250000.0,1052250.0,1756250.0,128.07828321829194,35.8013061938847,6605.594630325239,False,0.0,0.0,,,
라마52a56b,48890330,가야면,250000.0,250000.0,1052250.0,1756750.0,128.07831589390096,35.80581408347565,7028.51628943896,False,0.0,0.0,,,
라마52a57a,48890330,가야면,250000.0,250000.0,1052250.0,1757250.0,128.07834857676733,35.81032196965339,7460.978624928231,False,0.0,0.0,,,
라마52b10b,48890430,삼가면,250000.0,237744.12205154065,1052750.0,1710750.0,128.08084530100737,35.39104763275925,1696.0393189072738,False,1929.510040036793,0.0081159105991209,,,
라마52b11a,48890430,삼가면,250000.0,250000.0,1052750.0,1711250.0,128.08087762932456,35.39555582782155,1970.999829873362,False,0.0,0.0,,,
라마52b11b,48890430,삼가면,250000.0,250000.0,1052750.0,1711750.0,128.08090996482113,35.40006401948696,2322.311625825052,False,29103.332362513647,0.1164133294500545,,,
라마52b12a,48890430,삼가면,250000.0,250000.0,1052750.0,1712250.0,128.0809423074987,35.404572207755294,2720.5555031139443,False,0.0,0.0,0.0,,
라마52b12b,48890430,삼가면,250000.0,250000.0,1052750.0,1712750.0,128.08097465735884,35.409080392626336,3147.969695471184,False,18776.388707310336,0.0751055548292413,0.0,,
라마52b13a,48890430,삼가면,250000.0,250000.0,1052750.0,1713250.0,128.08100701440313,35.413588574099926,2727.2183981563794,False,88001.1116774998,0.3520044467099992,24.0,15.0,0.625
라마52b13b,48890440,가회면,250000.0,250000.0,1052750.0,1713750.0,128.08103937863325,35.41809675217587,2229.6642435489857,False,63236.56081336801,0.252946243253472,,,
라마52b14a,48890440,가회면,250000.0,250000.0,1052750.0,1714250.0,128.08107175005068,35.42260492685397,1733.5181241276637,False,14707.572801578995,0.0588302912063159,0.0,,
라마52b14b,48890440,가회면,250000.0,250000.0,1052750.0,1714750.0,128.08110412865707,35.42711309813405,1240.4706906643612,False,34.87914922917027,0.0001395165969166,,,
라마52b15a,48890440,가회면,250000.0,250000.0,1052750.0,1715250.0,128.08113651445402,35.43162126601591,756.6042440507065,False,0.0,0.0,,,
라마52b15b,48890440,가회면,250000.0,250000.0,1052750.0,1715750.0,128.08116890744313,35.43612943049936,325.7797259403424,False,26560.60172658425,0.1062424069063369,0.0,0.0,
라마52b16a,48890440,가회면,250000.0,250000.0,1052750.0,1716250.0,128.081201307626,35.44063759158421,373.9182765685413,False,34754.15065277242,0.1390166026110896,0.0,0.0,
라마52b16b,48890440,가회면,250000.0,250000.0,1052750.0,1716750.0,128.08123371500423,35.44514574927031,820.6688280117697,False,17418.390499368074,0.0696735619974723,,,
라마52b17a,48890440,가회면,250000.0,250000.0,1052750.0,1717250.0,128.08126612957938,35.44965390355743,1306.5908973310795,False,9173.620650885983,0.0366944826035439,,,
라마52b17b,48890430,삼가면,250000.0,250000.0,1052750.0,1717750.0,128.08129855135311,35.454162054445405,1800.2394898198015,False,2751.38991615781,0.0110055596646312,,,
라마52b18a,48890430,삼가면,250000.0,250000.0,1052750.0,1718250.0,128.08133098032698,35.458670201934034,2296.637687669712,False,6511.350873962513,0.02604540349585,0.0,0.0,
라마52b18b,48890430,삼가면,250000.0,250000.0,1052750.0,1718750.0,128.0813634165026,35.46317834602312,2794.320510632792,False,4821.941275724562,0.0192877651028982,0.0,0.0,
라마52b19a,48890430,삼가면,250000.0,250000.0,1052750.0,1719250.0,128.0813958598816,35.46768648671252,3023.296757137685,False,0.0,0.0,,,
라마52b19b,48890420,쌍백면,250000.0,250000.0,1052750.0,1719750.0,128.08142831046553,35.472194624001986,2732.3325733349475,False,9624.446016489735,0.0384977840659589,,,
라마52b20a,48890420,쌍백면,250000.0,250000.0,1052750.0,1720250.0,128.08146076825602,35.47670275789138,2508.178482663288,False,10537.341255932732,0.0421493650237309,,,
라마52b20b,48890460,용주면,250000.0,250000.0,1052750.0,1720750.0,128.0814932332547,35.48121088838049,2369.868627262501,False,0.0,0.0,,,
라마52b21a,48890460,용주면,250000.0,250000.0,1052750.0,1721250.0,128.08152570546312,35.48571901546913,2332.7227267875164,False,0.0,0.0,0.0,,
라마52b21b,48890460,용주면,250000.0,250000.0,1052750.0,1721750.0,128.08155818488294,35.49022713915712,2360.989974097118,False,0.0,0.0,,,
라마52b22a,48890460,용주면,250000.0,250000.0,1052750.0,1722250.0,128.08159067151573,35.49473525944427,1861.5601324229424,False,0.0,0.0,,,
라마52b22b,48890460,용주면,250000.0,250000.0,1052750.0,1722750.0,128.08162316536308,35.49924337633042,1362.548566277889,False,0.0,0.0,,,
라마52b23a,48890460,용주면,250000.0,250000.0,1052750.0,1723250.0,128.08165566642666,35.50375148981533,864.6797466723386,False,0.0,0.0,,,
라마52b23b,48890460,용주면,250000.0,250000.0,1052750.0,1723750.0,128.081688174708,35.50825959989886,372.5634619024637,False,9389.905661118555,0.0375596226444742,,,
라마52b24a,48890460,용주면,250000.0,250000.0,1052750.0,1724250.0,128.08172069020875,35.51276770658078,173.0202357649456,True,51827.19848435304,0.2073087939374121,26.0,19.0,0.7307692307692307
라마52b24b,48890460,용주면,250000.0,250000.0,1052750.0,1724750.0,128.08175321293052,35.51727580986093,648.8978893659357,False,2353.8554341863137,0.0094154217367452,,,
라마52b25a,48890460,용주면,250000.0,250000.0,1052750.0,1725250.0,128.08178574287493,35.521783909739135,798.7489344008019,False,12366.00391909034,0.0494640156763613,0.0,,
라마52b25b,48890460,용주면,250000.0,250000.0,1052750.0,1725750.0,128.08181828004356,35.5262920062152,638.2962248185283,False,3427.3560903716066,0.0137094243614864,,,
라마52b26a,48890460,용주면,250000.0,250000.0,1052750.0,1726250.0,128.081850824438,35.53080009928893,822.7054643241127,False,0.0,0.0,,,
라마52b26b,48890460,용주면,250000.0,250000.0,1052750.0,1726750.0,128.08188337605992,35.53530818896014,1202.6082036307264,False,10301.036987820293,0.0412041479512811,,,
라마52b27a,48890460,용주면,250000.0,250000.0,1052750.0,1727250.0,128.08191593491088,35.539816275228645,1647.934677665074,False,17916.278190196095,0.0716651127607843,16.0,11.0,0.6875
라마52b27b,48890460,용주면,250000.0,250000.0,1052750.0,1727750.0,128.08194850099252,35.544324358094265,2117.8080442434484,False,14543.262705337738,0.0581730508213509,,,
라마52b28a,48890460,용주면,250000.0,250000.0,1052750.0,1728250.0,128.08198107430644,35.548832437556804,2278.556719179357,False,14506.159498520512,0.058024637994082,0.0,0.0,
라마52b28b,48890460,용주면,250000.0,250000.0,1052750.0,1728750.0,128.08201365485428,35.553340513616085,1817.690199309125,False,37144.41283441185,0.1485776513376474,,,
라마52b29a,48890460,용주면,250000.0,250000.0,1052750.0,1729250.0,128.0820462426376,35.55784858627192,1384.2595850531425,False,42193.13441812588,0.1687725376725035,0.0,0.0,
라마52b29b,48890460,용주면,250000.0,250000.0,1052750.0,1729750.0,128.08207883765806,35.562356655524134,1014.0766918525194,False,9335.475425669969,0.0373419017026798,0.0,0.0,
라마52b30a,48890460,용주면,250000.0,250000.0,1052750.0,1730250.0,128.0821114399172,35.566864721372525,800.3302287840943,False,6854.043837792916,0.0274161753511716,0.0,0.0,
라마52b30b,48890460,용주면,250000.0,250000.0,1052750.0,1730750.0,128.08214404941677,35.5713727838169,867.5859687965522,False,53460.1820335575,0.21384072813423,0.0,0.0,
라마52b31a,48890460,용주면,250000.0,250000.0,1052750.0,1731250.0,128.08217666615826,35.575880842857096,1168.2817945169322,False,36331.36502282788,0.1453254600913115,,,
라마52b31b,48890460,용주면,250000.0,250000.0,1052750.0,1731750.0,128.08220929014334,35.5803888984929,1547.2583470977377,False,15973.32063591818,0.0638932825436727,,,
라마52b32a,48890460,용주면,250000.0,250000.0,1052750.0,1732250.0,128.08224192137362,35.58489695072417,1254.1422498730808,False,0.0,0.0,,,
라마52b32b,48890460,용주면,250000.0,250000.0,1052750.0,1732750.0,128.0822745598507,35.58940499955068,1118.8106064789529,False,0.0,0.0,,,
라마52b33a,48890310,봉산면,250000.0,249999.99999998527,1052750.0,1733250.0,128.08230720557623,35.59391304497228,1196.0775741660286,False,0.0,0.0,,,
라마52b33b,48890310,봉산면,250000.0,250000.0,1052750.0,1733750.0,128.0823398585518,35.598421086988736,1452.400066674462,False,6187.464434760814,0.0247498577390432,,,
라마52b34a,48890310,봉산면,250000.0,249999.99999907977,1052750.0,1734250.0,128.08237251877904,35.602929125599914,1813.3754007179728,False,0.0,0.0,,,
라마52b34b,48890250,합천읍,250000.0,249999.9999979345,1052750.0,1734750.0,128.0824051862596,35.6074371608056,2228.720425307347,False,0.0,0.0,,,
라마52b35a,48890250,합천읍,250000.0,250000.0,1052750.0,1735250.0,128.082437860995,35.611945192605624,2673.2113879069216,False,1520.024508100004,0.0060800980324,,,
라마52b35b,48890250,합천읍,250000.0,250000.0,1052750.0,1735750.0,128.08247054298695,35.61645322099978,2551.8566994495554,False,9303.066144699957,0.0372122645787998,0.0,,
라마52b36a,48890250,합천읍,250000.0,249999.9999995177,1052750.0,1736250.0,128.0825032322371,35.620961245987914,2193.060257642752,False,171.15521758679475,0.0006846208703484,,,
라마52b36b,48890310,봉산면,250000.0,250000.0,1052750.0,1736750.0,128.08253592874698,35.62546926756981,1899.224571444516,False,8318.815941209405,0.0332752637648376,,,
라마52b37a,48890310,봉산면,250000.0,250000.0,1052750.0,1737250.0,128.08256863251822,35.62997728574531,1704.2871389249867,False,1143.2350218586348,0.0045729400874345,,,
라마52b37b,48890310,봉산면,250000.0,250000.0,1052750.0,1737750.0,128.08260134355254,35.63448530051422,1643.817304639305,False,0.0,0.0,,,
라마52b38a,48890320,묘산면,250000.0,250000.0,1052750.0,1738250.0,128.08263406185145,35.63899331187634,1731.9572772323631,False,1077.8738164396968,0.0043114952657587,,,
라마52b38b,48890320,묘산면,250000.0,250000.0,1052750.0,1738750.0,128.08266678741666,35.64350131983153,1948.644834053824,False,19009.888515590403,0.0760395540623616,0.0,0.0,
라마52b39a,48890320,묘산면,250000.0,250000.0,1052750.0,1739250.0,128.0826995202497,35.648009324379544,2257.156921530084,False,0.0,0.0,,,
라마52b39b,48890320,묘산면,250000.0,250000.0,1052750.0,1739750.0,128.08273226035232,35.65251732552024,2625.3186563801505,False,4020.63864362952,0.016082554574518,,,
라마52b40a,48890320,묘산면,250000.0,250000.0,1052750.0,1740250.0,128.082765007726,35.65702532325342,3031.4746785457714,False,2652.721774483484,0.0106108870979339,0.0,0.0,
라마52b40b,48890320,묘산면,250000.0,250000.0,1052750.0,1740750.0,128.08279776237248,35.661533317578915,3435.754985018885,False,0.0,0.0,,,
라마52b41a,48890320,묘산면,250000.0,250000.0,1052750.0,1741250.0,128.08283052429334,35.66604130849652,3822.126805535726,False,0.0,0.0,,,
라마52b41b,48890320,묘산면,250000.0,250000.0,1052750.0,1741750.0,128.08286329349022,35.67054929600607,4232.3627347035535,False,0.0,0.0,,,
라마52b42a,48890320,묘산면,250000.0,250000.0,1052750.0,1742250.0,128.08289606996473,35.67505728010736,4660.164730845891,False,0.0,0.0,,,
라마52b42b,48890320,묘산면,250000.0,250000.0,1052750.0,1742750.0,128.08292885371853,35.67956526080023,4701.064281600214,False,0.0,0.0,,,
라마52b43a,48890320,묘산면,250000.0,143215.91494884528,1052750.0,1743250.0,128.08296164475323,35.68407323808448,4255.68818371029,False,0.0,0.0,,,
라마52b44b,48890330,가야면,250000.0,244437.6330070005,1052750.0,1744750.0,128.08306006155902,35.69759714948373,3023.8239910208986,False,0.0,0.0,,,
라마52b45a,48890330,가야면,250000.0,250000.0,1052750.0,1745250.0,128.0830928817336,35.70210511313169,2674.7687873735204,False,0.0,0.0,,,
라마52b45b,48890330,가야면,250000.0,250000.0,1052750.0,1745750.0,128.08312570919722,35.706613073370114,2380.1816323847365,False,2935.187212575552,0.0117407488503022,0.0,0.0,
라마52b46a,48890330,가야면,250000.0,250000.0,1052750.0,1746250.0,128.08315854395153,35.71112103019884,2162.438702108276,False,3909.248450696832,0.0156369938027873,0.0,0.0,
라마52b46b,48890330,가야면,250000.0,250000.0,1052750.0,1746750.0,128.0831913859982,35.71562898361767,1930.9056053431575,False,0.0,0.0,,,
라마52b47a,48890330,가야면,250000.0,250000.0,1052750.0,1747250.0,128.08322423533875,35.720136933626414,1803.267523369925,False,0.0,0.0,,,
라마52b47b,48890330,가야면,250000.0,250000.0,1052750.0,1747750.0,128.08325709197493,35.7246448802249,1809.7378442569463,False,0.0,0.0,,,
라마52b48a,48890330,가야면,250000.0,250000.0,1052750.0,1748250.0,128.08328995590833,35.72915282341293,1948.981367030187,False,26920.727206975716,0.1076829088279028,,,
라마52b48b,48890330,가야면,250000.0,250000.0,1052750.0,1748750.0,128.08332282714056,35.73366076319034,2195.8838022823365,False,31208.695709381154,0.1248347828375246,,,
라마52b49a,48890330,가야면,250000.0,250000.0,1052750.0,1749250.0,128.08335570567328,35.73816869955696,2380.636332357707,False,48307.43396621171,0.1932297358648468,,,
라마52b49b,48890330,가야면,250000.0,250000.0,1052750.0,1749750.0,128.08338859150814,35.74267663251257,2570.81544837049,False,10456.695558115374,0.0418267822324614,,,
라마52b50a,48890330,가야면,250000.0,250000.0,1052750.0,1750250.0,128.08342148464675,35.747184562057015,2837.385203355225,False,15141.27545863164,0.0605651018345265,0.0,0.0,
라마52b50b,48890330,가야면,250000.0,250000.0,1052750.0,1750750.0,128.08345438509076,35.751692488190095,3134.0271283502216,False,213.9627279549248,0.0008558509118196,,,
라마52b51a,48890330,가야면,250000.0,250000.0,1052750.0,1751250.0,128.08348729284182,35.756200410911646,3176.206361677764,False,0.0,0.0,,,
라마52b51b,48890330,가야면,250000.0,250000.0,1052750.0,1751750.0,128.08352020790153,35.76070833022146,3294.608878560467,False,0.0,0.0,,,
라마52b52a,48890330,가야면,250000.0,250000.0,1052750.0,1752250.0,128.08355313027158,35.765216246119394,3481.466425720147,False,0.0,0.0,,,
라마52b52b,48890330,가야면,250000.0,250000.0,1052750.0,1752750.0,128.08358605995355,35.76972415860524,3726.495576831372,False,0.0,0.0,,,
라마52b53a,48890330,가야면,250000.0,250000.0,1052750.0,1753250.0,128.08361899694916,35.7742320676788,4019.0707999326087,False,0.0,0.0,,,
라마52b53b,48890330,가야면,250000.0,250000.0,1052750.0,1753750.0,128.08365194125997,35.77873997333994,4349.608132418149,False,0.0,0.0,,,
라마52b54a,48890330,가야면,250000.0,250000.0,1052750.0,1754250.0,128.08368489288765,35.78324787558843,4710.122261292721,False,0.0,0.0,,,
라마52b54b,48890330,가야면,250000.0,250000.0,1052750.0,1754750.0,128.08371785183388,35.78775577442411,5094.252891941312,False,0.0,0.0,,,
라마52b55a,48890330,가야면,250000.0,250000.0,1052750.0,1755250.0,128.08375081810024,35.79226366984681,5497.051331193805,False,9397.338830357688,0.0375893553214307,99.0,59.0,0.5959595959595959
라마52b55b,48890330,가야면,250000.0,250000.0,1052750.0,1755750.0,128.08378379168843,35.79677156185634,5914.704907982032,False,0.0,0.0,,,
라마52b56a,48890330,가야면,250000.0,250000.0,1052750.0,1756250.0,128.08381677260004,35.8012794504525,6344.280491847275,False,0.0,0.0,0.0,,
라마52b56b,48890330,가야면,250000.0,250000.0,1052750.0,1756750.0,128.08384976083676,35.80578733563514,6783.513526924014,False,0.0,0.0,,,
라마52b57a,48890330,가야면,250000.0,250000.0,1052750.0,1757250.0,128.0838827564002,35.81029521740404,7197.150758387176,False,0.0,0.0,,,
라마52b57b,48890330,가야면,250000.0,239963.045304621,1052750.0,1757750.0,128.083915759292,35.81480309575906,7565.0041895184095,False,0.0,0.0,,,
라마53a08b,48890430,삼가면,250000.0,212688.56866992795,1053250.0,1708750.0,128.08622022131962,35.37298824099578,569.9690088751881,False,13851.039039576724,0.0651235707033799,16.0,8.0,0.5
라마53a10a,48890430,삼가면,250000.0,248902.40592145495,1053250.0,1710250.0,128.0863180601931,35.38651284353788,1049.3685263381778,False,8642.523944959472,0.0347225408005367,,,
라마53a10b,48890430,삼가면,250000.0,250000.0,1053250.0,1710750.0,128.08635068763718,35.3910210375915,1268.6470203135823,False,60334.46143052518,0.2413378457221007,14.0,13.0,0.9285714285714286
라마53a11a,48890430,삼가면,250000.0,250000.0,1053250.0,1711250.0,128.08638332232707,35.39552922824792,1617.9481512804737,False,65895.1319108381,0.2635805276433524,0.0,0.0,
라마53a11b,48890430,삼가면,250000.0,250000.0,1053250.0,1711750.0,128.0864159642644,35.40003741550697,2031.267382279663,False,82583.68180666087,0.3303347272266435,9.0,6.0,0.6666666666666666
라마53a12a,48890430,삼가면,250000.0,250000.0,1053250.0,1712250.0,128.08644861345076,35.40454559936845,2476.759604078411,False,26080.230723215853,0.1043209228928634,12.0,8.0,0.6666666666666666
라마53a12b,48890430,삼가면,250000.0,250000.0,1053250.0,1712750.0,128.0864812698877,35.40905377983217,2892.858828320054,False,63007.69691745973,0.2520307876698389,13.0,9.0,0.6923076923076923
라마53a13a,48890430,삼가면,250000.0,250000.0,1053250.0,1713250.0,128.08651393357698,35.41356195689795,2728.3921847398265,False,39471.99035824382,0.1578879614329753,14.0,11.0,0.7857142857142857
라마53a13b,48890430,삼가면,250000.0,250000.0,1053250.0,1713750.0,128.08654660452004,35.4180701305656,2231.099809839888,False,1592.3298890903536,0.0063693195563614,,,
라마53a14a,48890430,삼가면,250000.0,250000.0,1053250.0,1714250.0,128.08657928271862,35.42257830083492,1735.36417192064,False,0.0,0.0,,,
라마53a14b,48890430,삼가면,250000.0,250000.0,1053250.0,1714750.0,128.08661196817425,35.42708646770574,1243.049177186499,False,0.0,0.0,,,
라마53a15a,48890430,삼가면,250000.0,250000.0,1053250.0,1715250.0,128.0866446608886,35.43159463117786,760.8243585889295,False,4365.617403706668,0.0174624696148266,,,
라마53a15b,48890430,삼가면,250000.0,250000.0,1053250.0,1715750.0,128.08667736086323,35.43610279125109,335.46408502324,False,5444.651814129824,0.0217786072565192,0.0,0.0,
라마53a16a,48890440,가회면,250000.0,250000.0,1053250.0,1716250.0,128.0867100680998,35.44061094792525,382.38540774812935,False,14845.37234375652,0.059381489375026,0.0,0.0,
라마53a16b,48890440,가회면,250000.0,250000.0,1053250.0,1716750.0,128.08674278259988,35.445119101200135,824.5611243424751,False,0.0,0.0,,,
라마53a17a,48890430,삼가면,250000.0,250000.0,1053250.0,1717250.0,128.08677550436516,35.44962725107559,1309.0391497182773,False,3090.6285790557527,0.012362514316223,,,
라마53a17b,48890430,삼가면,250000.0,250000.0,1053250.0,1717750.0,128.08680823339716,35.4541353975514,1802.0171872691376,False,4135.29050559688,0.0165411620223875,0.0,0.0,
라마53a18a,48890430,삼가면,250000.0,250000.0,1053250.0,1718250.0,128.08684096969756,35.458643540627385,2298.0314164370334,False,3699.1470720049074,0.0147965882880196,6.0,0.0,0.0
라마53a18b,48890430,삼가면,250000.0,250000.0,1053250.0,1718750.0,128.08687371326795,35.46315168030335,2795.4661218927017,False,3492.230055039532,0.0139689202201581,,,
라마53a19a,48890430,삼가면,250000.0,250000.0,1053250.0,1719250.0,128.08690646410994,35.46765981657913,3223.8501103716026,False,0.0,0.0,,,
라마53a19b,48890420,쌍백면,250000.0,250000.0,1053250.0,1719750.0,128.08693922222517,35.47216794945451,3169.723612918269,False,9895.086351026988,0.0395803454041079,,,
라마53a20a,48890420,쌍백면,250000.0,250000.0,1053250.0,1720250.0,128.08697198761527,35.47667607892932,2978.668459543556,False,0.0,0.0,,,
라마53a20b,48890460,용주면,250000.0,250000.0,1053250.0,1720750.0,128.08700476028184,35.481184205003366,2863.1772214565267,False,0.0,0.0,,,
라마53a21a,48890460,용주면,250000.0,250000.0,1053250.0,1721250.0,128.08703754022645,35.48569232767647,2832.508042540295,False,0.0,0.0,,,
라마53a21b,48890460,용주면,250000.0,250000.0,1053250.0,1721750.0,128.08707032745082,35.490200446948435,2434.0011832565497,False,1074.6036636575598,0.0042984146546302,,,
라마53a22a,48890460,용주면,250000.0,250000.0,1053250.0,1722250.0,128.08710312195652,35.49470856281907,1953.329011952081,False,0.0,0.0,,,
라마53a22b,48890460,용주면,250000.0,250000.0,1053250.0,1722750.0,128.08713592374514,35.4992166752882,1485.4718771397531,False,0.0,0.0,,,
라마53a23a,48890460,용주면,250000.0,250000.0,1053250.0,1723250.0,128.08716873281833,35.50372478435562,1047.74002816181,False,2027.1099247268603,0.0081084396989074,,,
라마53a23b,48890460,용주면,250000.0,250000.0,1053250.0,1723750.0,128.0872015491777,35.508232890021176,699.2078628361663,False,40533.9417073142,0.1621357668292568,0.0,,
라마53a24a,48890460,용주면,250000.0,250000.0,1053250.0,1724250.0,128.0872343728249,35.512740992284655,616.4609511488363,False,46622.36095608743,0.1864894438243497,17.0,12.0,0.7058823529411765
라마53a24b,48890460,용주면,250000.0,250000.0,1053250.0,1724750.0,128.08726720376154,35.517249091145864,878.1552101597626,False,5629.350025176102,0.0225174001007044,0.0,0.0,
라마53a25a,48890460,용주면,250000.0,250000.0,1053250.0,1725250.0,128.08730004198924,35.52175718660464,499.9991953469231,False,17402.57327742695,0.0696102931097078,,,
라마53a25b,48890460,용주면,250000.0,250000.0,1053250.0,1725750.0,128.08733288750963,35.52626527866079,139.36070378244807,True,42134.94199027329,0.1685397679610931,24.0,12.0,0.5
라마53a26a,48890460,용주면,250000.0,250000.0,1053250.0,1726250.0,128.08736574032432,35.5307733673141,537.4417328138073,False,19257.49473330377,0.0770299789332151,,,
라마53a26b,48890460,용주면,250000.0,250000.0,1053250.0,1726750.0,128.08739860043494,35.53528145256442,1028.7204802963129,False,19703.21129589026,0.078812845183561,0.0,,
라마53a27a,48890460,용주면,250000.0,250000.0,1053250.0,1727250.0,128.08743146784315,35.539789534411554,1525.6762556296944,False,14865.418143027837,0.0594616725721113,0.0,0.0,
라마53a27b,48890460,용주면,250000.0,250000.0,1053250.0,1727750.0,128.0874643425505,35.54429761285532,2024.1319738108516,False,24711.282872177864,0.0988451314887114,0.0,0.0,
라마53a28a,48890460,용주면,250000.0,250000.0,1053250.0,1728250.0,128.08749722455877,35.54880568789552,2496.035765302884,False,65210.74465931856,0.2608429786372742,97.0,50.0,0.5154639175257731
라마53a28b,48890460,용주면,250000.0,250000.0,1053250.0,1728750.0,128.08753011386935,35.55331375953197,2083.835761238923,False,63324.14019708411,0.2532965607883364,0.0,0.0,
라마53a29a,48890460,용주면,250000.0,250000.0,1053250.0,1729250.0,128.08756301048408,35.55782182776448,1718.8799894016026,False,38728.92640712918,0.1549157056285167,,,
라마53a29b,48890460,용주면,250000.0,250000.0,1053250.0,1729750.0,128.0875959144045,35.56232989259288,1437.61098914564,False,19016.008198673346,0.0760640327946933,0.0,0.0,
라마53a30a,48890460,용주면,250000.0,250000.0,1053250.0,1730250.0,128.08762882563224,35.56683795401697,1295.7246213063008,False,97306.39212894872,0.3892255685157949,0.0,,
라마53a30b,48890460,용주면,250000.0,250000.0,1053250.0,1730750.0,128.0876617441689,35.571346012036564,1338.3120833372193,False,38861.5148274362,0.1554460593097448,0.0,0.0,
라마53a31a,48890460,용주면,250000.0,250000.0,1053250.0,1731250.0,128.0876946700162,35.57585406665149,1550.2439067944952,False,13394.902623819067,0.0535796104952762,0.0,,
라마53a31b,48890460,용주면,250000.0,250000.0,1053250.0,1731750.0,128.08772760317572,35.580362117861554,1874.9488282885245,False,0.0,0.0,,,
라마53a32a,48890460,용주면,250000.0,250000.0,1053250.0,1732250.0,128.08776054364907,35.58487016566658,1714.473577028519,False,0.0,0.0,,,
라마53a32b,48890460,용주면,250000.0,250000.0,1053250.0,1732750.0,128.08779349143794,35.58937821006636,1618.11125593454,False,0.0,0.0,,,
라마53a33a,48890250,합천읍,250000.0,249999.9999986165,1053250.0,1733250.0,128.0878264465439,35.593886251060724,1672.4677655593675,False,0.0,0.0,,,
라마53a33b,48890250,합천읍,250000.0,249999.99999947287,1053250.0,1733750.0,128.0878594089686,35.59839428864949,1864.406827140534,False,82.00625995233655,0.00032802503981,0.0,,
라마53a34a,48890250,합천읍,250000.0,249999.9999996167,1053250.0,1734250.0,128.0878923787137,35.60290232283246,2157.516444280628,False,0.0,0.0,,,
라마53a34b,48890250,합천읍,250000.0,250000.0,1053250.0,1734750.0,128.08792535578084,35.60741035360946,2515.241297335378,False,0.0,0.0,,,
라마53a35a,48890250,합천읍,250000.0,250000.0,1053250.0,1735250.0,128.08795834017158,35.61191838098032,2451.0273943384213,False,3658.38968285112,0.0146335587314044,0.0,0.0,
라마53a35b,48890250,합천읍,250000.0,250000.0,1053250.0,1735750.0,128.08799133188765,35.61642640494482,2487.69608107048,False,39153.27519019952,0.1566131007607981,12.0,8.0,0.6666666666666666
라마53a36a,48890250,합천읍,250000.0,250000.0,1053250.0,1736250.0,128.08802433093064,35.6209344255028,2588.9463097599964,False,23.79610829516041,9.518443318064164e-05,,,
라마53a36b,48890310,봉산면,250000.0,249999.99999937933,1053250.0,1736750.0,128.0880573373022,35.62544244265406,2345.247039001737,False,0.0,0.0,,,
라마53a37a,48890320,묘산면,250000.0,250000.0,1053250.0,1737250.0,128.08809035100393,35.62995045639843,2190.370825470639,False,634.1313973654293,0.0025365255894617,,,
라마53a37b,48890320,묘산면,250000.0,250000.0,1053250.0,1737750.0,128.08812337203753,35.63445846673572,2143.6569296880134,False,0.0,0.0,,,
라마53a38a,48890320,묘산면,250000.0,250000.0,1053250.0,1738250.0,128.0881564004046,35.63896647366574,2211.968741037258,False,0.0,0.0,,,
라마53a38b,48890320,묘산면,250000.0,250000.0,1053250.0,1738750.0,128.08818943610677,35.64347447718831,2385.444694486222,False,23309.128044665667,0.0932365121786626,0.0,,
라마53a39a,48890320,묘산면,250000.0,250000.0,1053250.0,1739250.0,128.08822247914568,35.647982477303266,2643.4611912375367,False,10957.571417661542,0.0438302856706461,,,
라마53a39b,48890320,묘산면,250000.0,250000.0,1053250.0,1739750.0,128.08825552952302,35.65249047401038,2918.0926041900257,False,27041.78835134681,0.1081671534053872,41.0,24.0,0.5853658536585366
라마53a40a,48890320,묘산면,250000.0,250000.0,1053250.0,1740250.0,128.08828858724038,35.65699846730949,3113.266213426325,False,1844.8232201236535,0.0073792928804946,,,
라마53a40b,48890320,묘산면,250000.0,250000.0,1053250.0,1740750.0,128.0883216522994,35.66150645720043,3371.8820537935867,False,831.621570046296,0.0033264862801851,,,
라마53a41a,48890320,묘산면,250000.0,250000.0,1053250.0,1741250.0,128.0883547247018,35.666014443683,3680.591073961983,False,0.0,0.0,,,
라마53a41b,48890320,묘산면,250000.0,250000.0,1053250.0,1741750.0,128.0883878044491,35.67052242675701,4027.891845961357,False,0.0,0.0,,,
라마53a42a,48890320,묘산면,250000.0,250000.0,1053250.0,1742250.0,128.08842089154305,35.67503040642227,4259.879304109929,False,0.0,0.0,,,
라마53a42b,48890320,묘산면,250000.0,250000.0,1053250.0,1742750.0,128.0884539859852,35.67953838267862,4295.475179376938,False,0.0,0.0,,,
라마53a43a,48890320,묘산면,250000.0,171912.56818324377,1053250.0,1743250.0,128.08848708777728,35.68404635552588,4040.876355244937,False,0.0,0.0,,,
라마53a44b,48890330,가야면,250000.0,250000.0,1053250.0,1744750.0,128.08858643726927,35.69757025361116,2713.1736638261423,False,0.0,0.0,,,
라마53a45a,48890330,가야면,250000.0,250000.0,1053250.0,1745250.0,128.08861956847736,35.70207821282015,2317.798064395134,False,0.0,0.0,,,
라마53a45b,48890330,가야면,250000.0,250000.0,1053250.0,1745750.0,128.08865270704356,35.70658616861912,1970.5492646843131,False,0.0,0.0,0.0,,
라마53a46a,48890330,가야면,250000.0,250000.0,1053250.0,1746250.0,128.08868585296955,35.711094121007896,1701.1587056421115,False,0.0,0.0,,,
라마53a46b,48890330,가야면,250000.0,250000.0,1053250.0,1746750.0,128.08871900625692,35.71560206998627,1479.670850856535,False,0.0,0.0,,,
라마53a47a,48890330,가야면,250000.0,250000.0,1053250.0,1747250.0,128.0887521669074,35.720110015554084,1308.741048095298,False,0.0,0.0,,,
라마53a47b,48890330,가야면,250000.0,250000.0,1053250.0,1747750.0,128.0887853349226,35.72461795771114,1317.6419980649732,False,0.0,0.0,,,
라마53a48a,48890330,가야면,250000.0,250000.0,1053250.0,1748250.0,128.08881851030412,35.72912589645726,1503.1825368729278,False,22842.805871404493,0.0913712234856179,0.0,0.0,
라마53a48b,48890330,가야면,250000.0,250000.0,1053250.0,1748750.0,128.0888516930537,35.73363383179227,1788.2454896216143,False,45701.20540853698,0.1828048216341479,6.0,0.0,0.0
라마53a49a,48890330,가야면,250000.0,250000.0,1053250.0,1749250.0,128.0888848831729,35.738141763715966,1907.7433406490652,False,100358.95396192216,0.4014358158476885,23.0,15.0,0.6521739130434783
라마53a49b,48890330,가야면,250000.0,250000.0,1053250.0,1749750.0,128.08891808066343,35.74264969222817,2140.361506014735,False,95283.14379853796,0.3811325751941519,26.0,14.0,0.5384615384615384
라마53a50a,48890330,가야면,250000.0,250000.0,1053250.0,1750250.0,128.08895128552695,35.74715761732873,2454.141417903311,False,55957.83601341162,0.2238313440536465,37.0,24.0,0.6486486486486487
라마53a50b,48890330,가야면,250000.0,250000.0,1053250.0,1750750.0,128.0889844977651,35.751665539017424,2634.03503778659,False,22948.66460126959,0.0917946584050783,11.0,0.0,0.0
라마53a51a,48890330,가야면,250000.0,250000.0,1053250.0,1751250.0,128.0890177173795,35.7561734572941,2684.0829702180527,False,5124.327030273482,0.0204973081210939,,,
라마53a51b,48890330,가야면,250000.0,250000.0,1053250.0,1751750.0,128.08905094437185,35.76068137215856,2823.200701640201,False,0.0,0.0,,,
라마53a52a,48890330,가야면,250000.0,250000.0,1053250.0,1752250.0,128.08908417874378,35.765189283610624,3039.1813062844544,False,0.0,0.0,,,
라마53a52b,48890330,가야면,250000.0,250000.0,1053250.0,1752750.0,128.08911742049696,35.76969719165011,3317.0444409437814,False,0.0,0.0,,,
라마53a53a,48890330,가야면,250000.0,250000.0,1053250.0,1753250.0,128.089150669633,35.77420509627684,3642.6562607420433,False,0.0,0.0,,,
라마53a53b,48890330,가야면,250000.0,250000.0,1053250.0,1753750.0,128.08918392615362,35.77871299749063,4004.385776202184,False,0.0,0.0,,,
라마53a54a,48890330,가야면,250000.0,250000.0,1053250.0,1754250.0,128.08921719006045,35.78322089529129,4393.320641084318,False,0.0,0.0,,,
라마53a54b,48890330,가야면,250000.0,250000.0,1053250.0,1754750.0,128.08925046135516,35.787728789678646,4802.856136311464,False,0.0,0.0,0.0,0.0,
라마53a55a,48890330,가야면,250000.0,250000.0,1053250.0,1755250.0,128.08928374003938,35.79223668065252,5228.1533907137655,False,0.0,0.0,86.0,49.0,0.5697674418604651
라마53a55b,48890330,가야면,250000.0,250000.0,1053250.0,1755750.0,128.0893170261148,35.79674456821272,5665.664011178125,False,15.700221887195717,6.280088754878286e-05,15.0,0.0,0.0
라마53a56a,48890330,가야면,250000.0,250000.0,1053250.0,1756250.0,128.08935031958302,35.80125245235907,6112.7661085866985,False,0.0,0.0,,,
라마53a56b,48890330,가야면,250000.0,250000.0,1053250.0,1756750.0,128.0893836204458,35.80576033309141,6490.17207966116,False,0.0,0.0,,,
라마53a57a,48890330,가야면,250000.0,250000.0,1053250.0,1757250.0,128.08941692870468,35.81026821040952,6859.492909252931,False,0.0,0.0,,,
라마53a57b,48890330,가야면,250000.0,250000.0,1053250.0,1757750.0,128.08945024436142,35.814776084313245,7244.511875935412,False,0.0,0.0,,,
라마53a58a,48890330,가야면,250000.0,250000.0,1053250.0,1758250.0,128.08948356741763,35.81928395480239,7642.856904917638,False,0.0,0.0,,,
라마53a58b,48890330,가야면,250000.0,250000.0,1053250.0,1758750.0,128.089516897875,35.82379182187678,8052.550590808181,False,0.0,0.0,,,
라마53a59a,48890330,가야면,250000.0,168119.23616046645,1053250.0,1759250.0,128.08955023573515,35.82829968553624,8471.946669213821,False,0.0,0.0,,,
라마53b08a,48890430,삼가면,250000.0,150283.2297792764,1053750.0,1708250.0,128.09169147139116,35.36845320955763,529.6863509815356,False,82090.71640100575,0.5462400330467599,,,
라마53b08b,48890430,삼가면,250000.0,250000.0,1053750.0,1708750.0,128.09172437589925,35.372961412753114,73.82008199759869,True,24246.237695367287,0.0969849507814691,31.0,14.0,0.4516129032258064
라마53b09a,48890430,삼가면,250000.0,250000.0,1053750.0,1709250.0,128.09175728771467,35.37746961255167,479.9283056833904,False,4692.395908240424,0.0187695836329616,6.0,,
라마53b09b,48890430,삼가면,250000.0,248471.2084965583,1053750.0,1709750.0,128.09179020683905,35.381977808953124,570.7882592160321,False,12314.929469075396,0.0495628026425684,0.0,0.0,
라마53b10a,48890430,삼가면,250000.0,250000.0,1053750.0,1710250.0,128.09182313327403,35.38648600195727,578.005358920002,False,109287.66975753178,0.4371506790301271,,,
라마53b10b,48890430,삼가면,250000.0,250000.0,1053750.0,1710750.0,128.09185606702118,35.39099419156394,917.8132451766058,False,21307.4877147958,0.0852299508591832,35.0,22.0,0.6285714285714286
라마53b11a,48890430,삼가면,250000.0,250000.0,1053750.0,1711250.0,128.09188900808218,35.39550237777293,1360.3941013923077,False,44330.724921827445,0.1773228996873097,,,
라마53b11b,48890430,삼가면,250000.0,250000.0,1053750.0,1711750.0,128.09192195645863,35.40001056058405,1832.7474100880231,False,70765.41942201885,0.2830616776880754,46.0,34.0,0.7391304347826086
라마53b12a,48890430,삼가면,250000.0,250000.0,1053750.0,1712250.0,128.09195491215215,35.40451873999712,2316.733482139396,False,11895.096738102258,0.047580386952409,9.0,0.0,0.0
라마53b12b,48890430,삼가면,250000.0,250000.0,1053750.0,1712750.0,128.09198787516436,35.409026916011946,2426.5580723787907,False,142859.5614779711,0.5714382459118843,17.0,9.0,0.5294117647058824
라마53b13a,48890430,삼가면,250000.0,250000.0,1053750.0,1713250.0,128.09202084549693,35.41353508862833,2276.515865886281,False,60587.77708042915,0.2423511083217166,0.0,,
라마53b13b,48890430,삼가면,250000.0,250000.0,1053750.0,1713750.0,128.09205382315142,35.41804325784612,2230.888813149876,False,25010.675068353212,0.1000427002734128,,,
라마53b14a,48890430,삼가면,250000.0,250000.0,1053750.0,1714250.0,128.0920868081295,35.422551423665084,1875.6045776475712,False,3802.139260005262,0.015208557040021,,,
라마53b14b,48890430,삼가면,250000.0,250000.0,1053750.0,1714750.0,128.09211980043276,35.42705958608505,1432.3320073958926,False,1731.80460594706,0.0069272184237882,,,
라마53b15a,48890430,삼가면,250000.0,250000.0,1053750.0,1715250.0,128.09215280006288,35.43156774510584,1041.7568944475345,False,9585.342699981711,0.0383413707999268,,,
라마53b15b,48890430,삼가면,250000.0,250000.0,1053750.0,1715750.0,128.09218580702142,35.43607590072725,786.7273192454896,False,0.0,0.0,,,
라마53b16a,48890430,삼가면,250000.0,250000.0,1053750.0,1716250.0,128.09221882131007,35.4405840529491,807.8504332891195,False,0.0,0.0,,,
라마53b16b,48890430,삼가면,250000.0,250000.0,1053750.0,1716750.0,128.09225184293044,35.4450922017712,1089.1761888159515,False,0.0,0.0,,,
라마53b17a,48890430,삼가면,250000.0,250000.0,1053750.0,1717250.0,128.09228487188415,35.44960034719336,1489.962153211237,False,19945.775223730787,0.0797831008949231,0.0,0.0,
라마53b17b,48890430,삼가면,250000.0,250000.0,1053750.0,1717750.0,128.09231790817284,35.45410848921539,1937.4389450302915,False,46997.63206324171,0.1879905282529668,23.0,14.0,0.6086956521739131
라마53b18a,48890430,삼가면,250000.0,250000.0,1053750.0,1718250.0,128.09235095179815,35.45861662783712,2394.134470372437,False,11808.32901747368,0.0472333160698947,0.0,0.0,
라마53b18b,48890430,삼가면,250000.0,250000.0,1053750.0,1718750.0,128.09238400276166,35.46312476305833,2553.6741462402497,False,5823.959672897563,0.0232958386915902,,,
라마53b19a,48890420,쌍백면,250000.0,250000.0,1053750.0,1719250.0,128.09241706106508,35.46763289487887,2794.749260331994,False,4316.890025996482,0.0172675601039859,,,
라마53b19b,48890420,쌍백면,250000.0,250000.0,1053750.0,1719750.0,128.09245012671002,35.472141023298526,2852.320426620409,False,14632.874236360716,0.0585314969454428,,,
라마53b20a,48890420,쌍백면,250000.0,250000.0,1053750.0,1720250.0,128.09248319969805,35.47664914831712,2969.0550088642253,False,0.0,0.0,,,
라마53b20b,48890460,용주면,250000.0,250000.0,1053750.0,1720750.0,128.09251628003088,35.48115726993446,3161.462236878287,False,0.0,0.0,,,
라마53b21a,48890460,용주면,250000.0,250000.0,1053750.0,1721250.0,128.09254936771012,35.48566538815037,3063.2201020432803,False,4280.262857924204,0.0171210514316968,,,
라마53b21b,48890460,용주면,250000.0,250000.0,1053750.0,1721750.0,128.09258246273737,35.490173502964645,2602.7773363085544,False,22876.377559166707,0.0915055102366668,12.0,0.0,0.0
라마53b22a,48890460,용주면,250000.0,250000.0,1053750.0,1722250.0,128.09261556511433,35.4946816143771,2159.995910005587,False,0.0,0.0,,,
라마53b22b,48890460,용주면,250000.0,250000.0,1053750.0,1722750.0,128.09264867484256,35.49918972238757,1748.346304391745,False,1523.3102699268766,0.0060932410797075,,,
라마53b23a,48890460,용주면,250000.0,250000.0,1053750.0,1723250.0,128.09268179192378,35.50369782699585,1395.6529901518074,False,0.0,0.0,,,
라마53b23b,48890460,용주면,250000.0,250000.0,1053750.0,1723750.0,128.09271491635957,35.50820592820176,1157.1429201957249,False,56537.06969523382,0.2261482787809352,0.0,0.0,
라마53b24a,48890460,용주면,250000.0,250000.0,1053750.0,1724250.0,128.0927480481516,35.512714026005106,1109.104236128642,False,406.5217693067161,0.0016260870772268,,,
라마53b24b,48890460,용주면,250000.0,250000.0,1053750.0,1724750.0,128.09278118730148,35.51722212040569,1045.2637562249806,False,0.0,0.0,,,
라마53b25a,48890460,용주면,250000.0,250000.0,1053750.0,1725250.0,128.09281433381088,35.52173021140335,601.6631370532223,False,0.0,0.0,,,
라마53b25b,48890460,용주면,250000.0,250000.0,1053750.0,1725750.0,128.0928474876814,35.526238298997896,362.5199868971272,False,21526.97250106517,0.0861078900042607,0.0,0.0,
라마53b26a,48890460,용주면,250000.0,250000.0,1053750.0,1726250.0,128.0928806489147,35.53074638318912,633.1215928327368,False,48079.17509459624,0.1923167003783849,0.0,,
라마53b26b,48890460,용주면,250000.0,250000.0,1053750.0,1726750.0,128.09291381751245,35.53525446397687,1081.787946744754,False,154555.67859403396,0.6182227143761359,0.0,,
라마53b27a,48890460,용주면,250000.0,250000.0,1053750.0,1727250.0,128.09294699347623,35.539762541360915,1561.949862234188,False,19339.266742824577,0.0773570669712983,80.0,29.0,0.3625
라마53b27b,48890460,용주면,250000.0,250000.0,1053750.0,1727750.0,128.0929801768077,35.544270615341105,2051.6114599369366,False,75841.06721666742,0.3033642688666697,0.0,0.0,
라마53b28a,48890460,용주면,250000.0,250000.0,1053750.0,1728250.0,128.09301336750858,35.54877868591725,2248.967370032078,False,43029.13310787292,0.1721165324314917,9.0,0.0,0.0
라마53b28b,48890460,용주면,250000.0,250000.0,1053750.0,1728750.0,128.09304656558038,35.55328675308914,2202.5339513625404,False,7284.96762534457,0.0291398705013782,,,
라마53b29a,48890460,용주면,250000.0,250000.0,1053750.0,1729250.0,128.09307977102486,35.55779481685662,1799.1025724424712,False,2227.0851017762643,0.008908340407105,0.0,0.0,
라마53b29b,48890460,용주면,250000.0,250000.0,1053750.0,1729750.0,128.09311298384358,35.562302877219494,1456.840528484003,False,785.1752920732018,0.0031407011682928,,,
라마53b30a,48890460,용주면,250000.0,250000.0,1053750.0,1730250.0,128.09314620403828,35.56681093417757,1228.005938380585,False,54967.850924851424,0.2198714036994057,,,
라마53b30b,48890460,용주면,250000.0,250000.0,1053750.0,1730750.0,128.0931794316105,35.57131898773065,1180.513805070662,False,40164.408987578834,0.1606576359503153,,,
라마53b31a,48890460,용주면,250000.0,250000.0,1053750.0,1731250.0,128.09321266656195,35.57582703787857,1333.8767196509748,False,27408.78139309145,0.1096351255723658,,,
라마53b31b,48890460,용주면,250000.0,250000.0,1053750.0,1731750.0,128.09324590889423,35.580335084621126,1632.4341832034995,False,8581.225020414297,0.0343249000816571,0.0,0.0,
라마53b32a,48890460,용주면,250000.0,250000.0,1053750.0,1732250.0,128.09327915860905,35.58484312795816,2012.574376701569,False,15816.5602236113,0.0632662408944452,,,
라마53b32b,48890460,용주면,250000.0,250000.0,1053750.0,1732750.0,128.09331241570803,35.58935116788946,2117.7419342295475,False,0.0,0.0,,,
라마53b33a,48890250,합천읍,250000.0,249999.99999943,1053750.0,1733250.0,128.0933456801928,35.59385920441485,2159.5590499561235,False,0.0,0.0,,,
라마53b33b,48890250,합천읍,250000.0,250000.0,1053750.0,1733750.0,128.09337895206502,35.598367237534134,2311.3977763467037,False,1435.5602548469574,0.0057422410193878,,,
라마53b34a,48890250,합천읍,250000.0,250000.0,1053750.0,1734250.0,128.09341223132634,35.60287526724716,2223.7993586383573,False,12912.931377587443,0.0516517255103497,0.0,0.0,
라마53b34b,48890250,합천읍,250000.0,250000.0,1053750.0,1734750.0,128.0934455179784,35.607383293553696,2031.3493277760972,False,0.0,0.0,,,
라마53b35a,48890250,합천읍,250000.0,250000.0,1053750.0,1735250.0,128.09347881202288,35.6118913164536,1951.275632870056,False,0.0,0.0,,,
라마53b35b,48890250,합천읍,250000.0,250000.0,1053750.0,1735750.0,128.0935121134614,35.61639933594666,1997.141231713088,False,174.17654365015244,0.0006967061746006,0.0,,
라마53b36a,48890250,합천읍,250000.0,249999.9999995095,1053750.0,1736250.0,128.09354542229562,35.62090735203271,2160.9418324852027,False,0.0,0.0,,,
라마53b36b,48890320,묘산면,250000.0,249999.9999999481,1053750.0,1736750.0,128.0935787385272,35.62541536471154,2418.835692510043,False,5158.507470018955,0.0206340298800801,10.0,6.0,0.6
라마53b37a,48890320,묘산면,250000.0,250000.0,1053750.0,1737250.0,128.09361206215775,35.629923373983004,2681.5767850726816,False,42721.99101161285,0.1708879640464514,31.0,25.0,0.8064516129032258
라마53b37b,48890320,묘산면,250000.0,250000.0,1053750.0,1737750.0,128.09364539318904,35.63443137984687,2507.9342817553324,False,19401.403065061862,0.0776056122602474,0.0,0.0,
라마53b38a,48890320,묘산면,250000.0,250000.0,1053750.0,1738250.0,128.0936787316226,35.63893938230299,2338.1395233469284,False,23007.906008787268,0.092031624035149,0.0,0.0,
라마53b38b,48890320,묘산면,250000.0,250000.0,1053750.0,1738750.0,128.09371207746014,35.643447381351166,2268.051696869004,False,23972.23011346763,0.0958889204538705,9.0,0.0,0.0
라마53b39a,48890320,묘산면,250000.0,250000.0,1053750.0,1739250.0,128.09374543070328,35.647955376991206,2306.777095582435,False,54527.39960201558,0.2181095984080623,17.0,12.0,0.7058823529411765
라마53b39b,48890320,묘산면,250000.0,250000.0,1053750.0,1739750.0,128.09377879135374,35.65246336922293,2449.159577842387,False,13012.097899514209,0.0520483915980568,0.0,0.0,
라마53b40a,48890320,묘산면,250000.0,250000.0,1053750.0,1740250.0,128.0938121594131,35.65697135804616,2678.720722055673,False,2144.0932875748326,0.0085763731502993,0.0,0.0,
라마53b40b,48890320,묘산면,250000.0,250000.0,1053750.0,1740750.0,128.09384553488306,35.66147934346072,2975.349857714859,False,39719.32240499449,0.1588772896199779,23.0,6.0,0.2608695652173913
라마53b41a,48890320,묘산면,250000.0,250000.0,1053750.0,1741250.0,128.09387891776527,35.6659873254664,3321.1246355470003,False,131.30736358265227,0.0005252294543306,,,
라마53b41b,48890320,묘산면,250000.0,250000.0,1053750.0,1741750.0,128.0939123080614,35.67049530406305,3702.300759510302,False,852.4289517302981,0.0034097158069211,,,
라마53b42a,48890320,묘산면,250000.0,250000.0,1053750.0,1742250.0,128.09394570577308,35.675003279250454,3759.925727818655,False,0.0,0.0,,,
라마53b42b,48890320,묘산면,250000.0,250000.0,1053750.0,1742750.0,128.09397911090198,35.67951125102845,3800.2074693063655,False,0.0,0.0,,,
라마53b43a,48890320,묘산면,250000.0,218815.76731375823,1053750.0,1743250.0,128.09401252344978,35.68401921939683,3878.979443073116,False,0.0,0.0,,,
라마53b43b,48890320,묘산면,250000.0,129312.75338189164,1053750.0,1743750.0,128.09404594341814,35.68852718435545,3399.6114567723585,False,0.0,0.0,,,
라마53b44a,48890330,가야면,250000.0,226299.99089461897,1053750.0,1744250.0,128.09407937080866,35.6930351459041,2927.154692572966,False,0.0,0.0,,,
라마53b44b,48890330,가야면,250000.0,250000.0,1053750.0,1744750.0,128.09411280562307,35.69754310404259,2465.5853527075456,False,0.0,0.0,,,
라마53b45a,48890330,가야면,250000.0,250000.0,1053750.0,1745250.0,128.09414624786302,35.70205105877074,2022.3717929006152,False,0.0,0.0,,,
라마53b45b,48890330,가야면,250000.0,250000.0,1053750.0,1745750.0,128.09417969753014,35.706559010088384,1612.7195062856113,False,0.0,0.0,,,
라마53b46a,48890330,가야면,250000.0,250000.0,1053750.0,1746250.0,128.09421315462615,35.71106695799532,1269.5435176425274,False,0.0,0.0,,,
라마53b46b,48890330,가야면,250000.0,250000.0,1053750.0,1746750.0,128.09424661915264,35.71557490249137,1059.5363516284938,False,0.0,0.0,,,
라마53b47a,48890330,가야면,250000.0,250000.0,1053750.0,1747250.0,128.0942800911113,35.72008284357636,820.873011554439,False,234.8894453673307,0.0009395577814693,,,
라마53b47b,48890330,가야면,250000.0,250000.0,1053750.0,1747750.0,128.09431357050386,35.72459078125009,834.9909012639183,False,1740.1780834114263,0.0069607123336457,0.0,0.0,
라마53b48a,48890330,가야면,250000.0,250000.0,1053750.0,1748250.0,128.0943470573319,35.72909871551241,1104.8018416388556,False,55743.92271919994,0.2229756908767997,18.0,10.0,0.5555555555555556
라마53b48b,48890330,가야면,250000.0,250000.0,1053750.0,1748750.0,128.0943805515971,35.733606646363086,1292.2372994157654,False,93791.76697509474,0.3751670679003789,16.0,8.0,0.5
라마53b49a,48890330,가야면,250000.0,250000.0,1053750.0,1749250.0,128.0944140533012,35.73811457380198,1453.113884263776,False,159272.10658941948,0.6370884263576779,39.0,23.0,0.5897435897435898
라마53b49b,48890330,가야면,250000.0,250000.0,1053750.0,1749750.0,128.09444756244577,35.7426224978289,1747.341604632296,False,68885.94481508392,0.2755437792603357,39.0,29.0,0.7435897435897436
라마53b50a,48890330,가야면,250000.0,250000.0,1053750.0,1750250.0,128.09448107903253,35.747130418443646,2120.1097627051704,False,67149.334069756,0.268597336279024,0.0,0.0,
라마53b50b,48890330,가야면,250000.0,250000.0,1053750.0,1750750.0,128.09451460306315,35.75163833564604,2134.0466535058854,False,13612.403313383187,0.0544496132535327,0.0,0.0,
라마53b51a,48890330,가야면,250000.0,250000.0,1053750.0,1751250.0,128.09454813453925,35.75614624943591,2195.521789932141,False,0.0,0.0,,,
라마53b51b,48890330,가야면,250000.0,250000.0,1053750.0,1751750.0,128.0945816734626,35.76065415981307,2363.572876133501,False,0.0,0.0,,,
라마53b52a,48890330,가야면,250000.0,250000.0,1053750.0,1752250.0,128.09461521983474,35.76516206677735,2617.754295483277,False,0.0,0.0,,,
라마53b52b,48890330,가야면,250000.0,250000.0,1053750.0,1752750.0,128.09464877365744,35.769669970328536,2935.779004327184,False,0.0,0.0,,,
라마53b53a,48890330,가야면,250000.0,250000.0,1053750.0,1753250.0,128.09468233493234,35.77417787046648,3299.236149925536,False,0.0,0.0,,,
라마53b53b,48890330,가야면,250000.0,250000.0,1053750.0,1753750.0,128.0947159036611,35.77868576719098,3694.74220801704,False,0.0,0.0,,,
라마53b54a,48890330,가야면,250000.0,250000.0,1053750.0,1754250.0,128.0947494798454,35.783193660501844,4113.062216211882,False,0.0,0.0,,,
라마53b54b,48890330,가야면,250000.0,250000.0,1053750.0,1754750.0,128.09478306348691,35.78770155039893,4547.9051886727975,False,0.0,0.0,,,
라마53b55a,48890330,가야면,250000.0,250000.0,1053750.0,1755250.0,128.09481665458733,35.792209436882025,4994.957699108583,False,0.0,0.0,7.0,6.0,0.8571428571428571
라마53b55b,48890330,가야면,250000.0,250000.0,1053750.0,1755750.0,128.0948502531483,35.79671731995094,5432.805799933901,False,6244.377987979714,0.0249775119519188,0.0,0.0,
라마53b56a,48890330,가야면,250000.0,250000.0,1053750.0,1756250.0,128.09488385917152,35.80122519960551,5783.224723999008,False,3534.3962584989745,0.0141375850339958,14.0,6.0,0.4285714285714285
라마53b56b,48890330,가야면,250000.0,250000.0,1053750.0,1756750.0,128.09491747265864,35.80573307584556,6154.347857957932,False,150.04772328266932,0.0006001908931306,,,
라마53b57a,48890330,가야면,250000.0,250000.0,1053750.0,1757250.0,128.09495109361137,35.810240948670895,6542.6528950594175,False,0.0,0.0,,,
라마53b57b,48890330,가야면,250000.0,250000.0,1053750.0,1757750.0,128.09498472203134,35.81474881808134,6945.258544770479,False,0.0,0.0,,,
라마53b58a,48890330,가야면,250000.0,250000.0,1053750.0,1758250.0,128.09501835792025,35.8192566840767,7359.818313123316,False,0.0,0.0,,,
라마53b58b,48890330,가야면,250000.0,250000.0,1053750.0,1758750.0,128.0950520012798,35.82376454665681,7784.422582996333,False,0.0,0.0,,,
라마53b59a,48890330,가야면,250000.0,250000.0,1053750.0,1759250.0,128.09508565211163,35.828272405821494,8217.514484267205,False,0.0,0.0,,,
라마54a08a,48890430,삼가면,250000.0,112516.95227067907,1054250.0,1708250.0,128.0971953126339,35.36842613510894,679.0820008247181,False,38962.27265995433,0.3462791328210154,,,
라마54a08b,48890430,삼가면,250000.0,240175.4974841247,1054250.0,1708750.0,128.09722852317154,35.37293433381788,431.31674896078414,False,57326.64315935828,0.2386864761803917,34.0,14.0,0.4117647058823529
라마54a09a,48890430,삼가면,250000.0,250000.0,1054250.0,1709250.0,128.09726174108445,35.377442529129404,641.0272318896427,False,38195.40611978128,0.1527816244791251,0.0,0.0,
라마54a09b,48890430,삼가면,250000.0,250000.0,1054250.0,1709750.0,128.0972949663743,35.38195072104334,242.3120461924042,True,45773.38196626838,0.1830935278650735,24.0,17.0,0.7083333333333334
라마54a10a,48890430,삼가면,250000.0,250000.0,1054250.0,1710250.0,128.09732819904275,35.38645890955948,258.8553376141236,True,125851.35838915658,0.5034054335566264,28.0,14.0,0.5
라마54a10b,48890430,삼가면,250000.0,250000.0,1054250.0,1710750.0,128.0973614390914,35.390967094677634,758.4833840584078,False,30.223138700438746,0.0001208925548017,,,
라마54a11a,48890430,삼가면,250000.0,250000.0,1054250.0,1711250.0,128.09739468652185,35.39547527639764,1258.4069301994748,False,67.55599847214822,0.0002702239938885,,,
라마54a11b,48890430,삼가면,250000.0,250000.0,1054250.0,1711750.0,128.09742794133578,35.39998345471928,1758.3739534170306,False,50133.52233610184,0.2005340893444073,6.0,,
라마54a12a,48890430,삼가면,250000.0,250000.0,1054250.0,1712250.0,128.09746120353486,35.40449162964237,1992.1111307861704,False,39452.02784543669,0.1578081113817467,22.0,16.0,0.7272727272727273
라마54a12b,48890430,삼가면,250000.0,250000.0,1054250.0,1712750.0,128.0974944731207,35.40899980116673,1959.9760277026096,False,38420.24364420877,0.153680974576835,8.0,6.0,0.75
라마54a13a,48890430,삼가면,250000.0,250000.0,1054250.0,1713250.0,128.09752775009494,35.41350796929217,1789.4346497342012,False,105139.2887834874,0.4205571551339496,57.0,35.0,0.6140350877192983
라마54a13b,48890430,삼가면,250000.0,250000.0,1054250.0,1713750.0,128.0975610344592,35.4180161340185,1731.0161104607482,False,9866.364678291033,0.0394654587131641,12.0,9.0,0.75
라마54a14a,48890430,삼가면,250000.0,250000.0,1054250.0,1714250.0,128.09759432621513,35.422524295345525,1814.044427151648,False,35450.40657287229,0.1418016262914891,0.0,,
라마54a14b,48890430,삼가면,250000.0,250000.0,1054250.0,1714750.0,128.09762762536442,35.42703245327306,1748.7077234110516,False,27303.78486629172,0.1092151394651668,21.0,17.0,0.8095238095238095
라마54a15a,48890430,삼가면,250000.0,250000.0,1054250.0,1715250.0,128.09766093190865,35.43154060780092,1446.2576359818074,False,61849.0707332581,0.2473962829330324,13.0,12.0,0.9230769230769232
라마54a15b,48890430,삼가면,250000.0,250000.0,1054250.0,1715750.0,128.0976942458495,35.43604875892891,1274.889641245041,False,52214.79473638905,0.2088591789455562,8.0,8.0,1.0
라마54a16a,48890430,삼가면,250000.0,250000.0,1054250.0,1716250.0,128.0977275671886,35.44055690665685,1288.0318494013,False,49464.57444697207,0.1978582977878882,0.0,,
라마54a16b,48890430,삼가면,250000.0,250000.0,1054250.0,1716750.0,128.09776089592762,35.44506505098454,1480.7796908353237,False,48595.395776351135,0.1943815831054045,,,
라마54a17a,48890430,삼가면,250000.0,250000.0,1054250.0,1717250.0,128.09779423206817,35.44957319191182,1796.2157277199697,False,10656.85858642665,0.0426274343457066,,,
라마54a17b,48890430,삼가면,250000.0,250000.0,1054250.0,1717750.0,128.09782757561192,35.45408132943847,1833.0089943201,False,5265.303898302544,0.0210612155932101,,,
라마54a18a,48890430,삼가면,250000.0,250000.0,1054250.0,1718250.0,128.09786092656046,35.45858946356431,1910.312476064778,False,5685.220954610566,0.0227408838184422,0.0,0.0,
라마54a18b,48890420,쌍백면,250000.0,250000.0,1054250.0,1718750.0,128.09789428491553,35.463097594289145,2106.8140732297907,False,49517.166830613285,0.1980686673224531,0.0,,
라마54a19a,48890420,쌍백면,250000.0,250000.0,1054250.0,1719250.0,128.0979276506787,35.46760572161283,2320.858967724119,False,40551.58971904063,0.1622063588761625,19.0,11.0,0.5789473684210527
라마54a19b,48890420,쌍백면,250000.0,250000.0,1054250.0,1719750.0,128.09796102385167,35.47211384553512,2359.2249103489853,False,2300.310182724318,0.0092012407308972,,,
라마54a20a,48890420,쌍백면,250000.0,250000.0,1054250.0,1720250.0,128.09799440443606,35.47662196605586,2499.0994392294388,False,15724.121022000272,0.0628964840880011,,,
라마54a20b,48890460,용주면,250000.0,250000.0,1054250.0,1720750.0,128.0980277924335,35.481130083174854,2724.895197379637,False,0.0,0.0,,,
라마54a21a,48890460,용주면,250000.0,250000.0,1054250.0,1721250.0,128.09806118784567,35.48563819689193,3017.384573806979,False,20244.329020314904,0.0809773160812596,0.0,0.0,
라마54a21b,48890460,용주면,250000.0,250000.0,1054250.0,1721750.0,128.09809459067424,35.49014630720686,2850.3575152441185,False,80728.41419716865,0.3229136567886745,7.0,0.0,0.0
라마54a22a,48890460,용주면,250000.0,250000.0,1054250.0,1722250.0,128.09812800092084,35.49465441411948,2452.686370808146,False,22521.734856038995,0.0900869394241559,0.0,0.0,
라마54a22b,48890460,용주면,250000.0,250000.0,1054250.0,1722750.0,128.09816141858707,35.499162517629635,2099.2386482692823,False,2659.662089974413,0.0106386483598976,,,
라마54a23a,48890460,용주면,250000.0,250000.0,1054250.0,1723250.0,128.0981948436747,35.503670617737086,1816.0218531798707,False,4179.2067992221055,0.0167168271968884,0.0,0.0,
라마54a23b,48890460,용주면,250000.0,250000.0,1054250.0,1723750.0,128.09822827618524,35.508178714441684,1639.83774809164,False,54488.77589998111,0.2179551035999244,,,
라마54a24a,48890460,용주면,250000.0,250000.0,1054250.0,1724250.0,128.09826171612042,35.51268680774322,1606.3001926494528,False,0.0,0.0,,,
라마54a24b,48890460,용주면,250000.0,250000.0,1054250.0,1724750.0,128.09829516348194,35.51719489764152,1305.5939855938025,False,0.0,0.0,,,
라마54a25a,48890460,용주면,250000.0,250000.0,1054250.0,1725250.0,128.09832861827135,35.521702984136375,986.9133019824378,False,0.0,0.0,,,
라마54a25b,48890460,용주면,250000.0,250000.0,1054250.0,1725750.0,128.09836208049038,35.52621106722762,862.2181139601785,False,0.0,0.0,,,
라마54a26a,48890460,용주면,250000.0,250000.0,1054250.0,1726250.0,128.09839555014065,35.53071914691507,1006.400659008238,False,82586.462044107,0.330345848176428,,,
라마54a26b,48890460,용주면,250000.0,250000.0,1054250.0,1726750.0,128.09842902722383,35.53522722319853,1335.0147927507712,False,173582.70191542048,0.6943308076616819,87.0,55.0,0.632183908045977
라마54a27a,48890460,용주면,250000.0,250000.0,1054250.0,1727250.0,128.0984625117416,35.5397352960778,1469.7948741351413,False,60963.40180544179,0.2438536072217671,40.0,23.0,0.575
라마54a27b,48890460,용주면,250000.0,250000.0,1054250.0,1727750.0,128.09849600369554,35.544243365552724,1581.317630796323,False,80609.40375478943,0.3224376150191577,9.0,0.0,0.0
라마54a28a,48890460,용주면,250000.0,250000.0,1054250.0,1728250.0,128.0985295030874,35.548751431623096,1827.794826259408,False,16626.452937653565,0.0665058117506142,0.0,0.0,
라마54a28b,48890460,용주면,250000.0,250000.0,1054250.0,1728750.0,128.0985630099188,35.55325949428873,1982.0336458043776,False,14.174088199192145,5.669635279676858e-05,,,
라마54a29a,48890460,용주면,250000.0,250000.0,1054250.0,1729250.0,128.09859652419135,35.557767553549446,1521.2072943438789,False,3202.565470501559,0.0128102618820062,,,
라마54a29b,48890460,용주면,250000.0,250000.0,1054250.0,1729750.0,128.0986300459068,35.56227560940506,1095.3017354270266,False,55021.27421156288,0.2200850968462515,,,
라마54a30a,48890460,용주면,250000.0,250000.0,1054250.0,1730250.0,128.09866357506672,35.56678366185539,765.0491166545376,False,7395.887351776712,0.0295835494071068,,,
라마54a30b,48890460,용주면,250000.0,250000.0,1054250.0,1730750.0,128.09869711167286,35.571291710900205,686.2320381316513,False,34693.98738588279,0.1387759495435311,12.0,8.0,0.6666666666666666
라마54a31a,48890460,용주면,250000.0,250000.0,1054250.0,1731250.0,128.09873065572685,35.57579975653939,925.4883410517672,False,61698.62592875158,0.2467945037150063,43.0,24.0,0.5581395348837209
라마54a31b,48890460,용주면,250000.0,250000.0,1054250.0,1731750.0,128.0987642072303,35.58030779877271,1319.9026209107942,False,77710.31185700842,0.3108412474280336,25.0,14.0,0.56
라마54a32a,48890460,용주면,250000.0,250000.0,1054250.0,1732250.0,128.09879776618487,35.584815837600004,1768.546631545693,False,21962.53204122003,0.0878501281648801,0.0,,
라마54a32b,48890460,용주면,250000.0,250000.0,1054250.0,1732750.0,128.09883133259234,35.58932387302106,2239.055927665954,False,0.0,0.0,,,
라마54a33a,48890460,용주면,250000.0,249999.99999890928,1054250.0,1733250.0,128.09886490645425,35.59383190503572,2526.466284588684,False,0.0,0.0,,,
라마54a33b,48890250,합천읍,250000.0,250000.0,1054250.0,1733750.0,128.09889848777237,35.59833993364378,2136.382079858231,False,0.0,0.0,,,
라마54a34a,48890250,합천읍,250000.0,250000.0,1054250.0,1734250.0,128.09893207654824,35.60284795884507,1801.4507751019496,False,68613.44609211017,0.2744537843684407,18.0,9.0,0.5
라마54a34b,48890250,합천읍,250000.0,250000.0,1054250.0,1734750.0,128.0989656727836,35.60735598063939,1557.6653681363816,False,30998.83428898496,0.1239953371559398,37.0,27.0,0.7297297297297297
라마54a35a,48890250,합천읍,250000.0,250000.0,1054250.0,1735250.0,128.09899927648013,35.611863999026575,1451.6948381348898,False,17567.8458058645,0.070271383223458,,,
라마54a35b,48890250,합천읍,250000.0,250000.0,1054250.0,1735750.0,128.09903288763945,35.616372014006416,1512.7836616791965,False,0.0,0.0,,,
라마54a36a,48890320,묘산면,250000.0,249999.99999929275,1054250.0,1736250.0,128.09906650626326,35.620880025578735,1723.2559041011732,False,673.0624135544477,0.0026922496542254,0.0,,
라마54a36b,48890320,묘산면,250000.0,250000.0,1054250.0,1736750.0,128.0991001323532,35.62538803374336,2037.3284995296133,False,95960.40439544736,0.3838416175817894,0.0,0.0,
라마54a37a,48890320,묘산면,250000.0,250000.0,1054250.0,1737250.0,128.09913376591098,35.62989603850009,2365.521186478541,False,74530.97189399625,0.298123887575985,0.0,0.0,
라마54a37b,48890320,묘산면,250000.0,250000.0,1054250.0,1737750.0,128.09916740693825,35.63440403984876,2067.087940246425,False,13814.185420573333,0.0552567416822933,6.0,0.0,0.0
라마54a38a,48890320,묘산면,250000.0,250000.0,1054250.0,1738250.0,128.09920105543665,35.638912037789154,1857.4214981380976,False,1.513899105102919,6.055596420411676e-06,,,
라마54a38b,48890320,묘산면,250000.0,250000.0,1054250.0,1738750.0,128.09923471140786,35.643420032321124,1768.3825069195127,False,1310.069389229218,0.0052402775569168,,,
라마54a39a,48890320,묘산면,250000.0,250000.0,1054250.0,1739250.0,128.09926837485358,35.64792802344446,1817.7840245233497,False,11705.968376405765,0.046823873505623,6.0,0.0,0.0
라마54a39b,48890320,묘산면,250000.0,250000.0,1054250.0,1739750.0,128.0993020457755,35.652436011158976,1995.369847633684,False,10132.351061513566,0.0405294042460542,,,
라마54a40a,48890320,묘산면,250000.0,250000.0,1054250.0,1740250.0,128.09933572417518,35.6569439954645,2271.269006057855,False,36406.13248759237,0.1456245299503694,0.0,0.0,
라마54a40b,48890320,묘산면,250000.0,250000.0,1054250.0,1740750.0,128.09936941005444,35.66145197636086,2614.5410623878915,False,16925.956204065584,0.0677038248162623,,,
라마54a41a,48890320,묘산면,250000.0,250000.0,1054250.0,1741250.0,128.09940310341486,35.66595995384784,3002.16372570614,False,27623.53289458503,0.1104941315783401,0.0,0.0,
라마54a41b,48890320,묘산면,250000.0,250000.0,1054250.0,1741750.0,128.0994368042581,35.67046792792527,3289.8291658963,False,0.0,0.0,,,
라마54a42a,48890320,묘산면,250000.0,250000.0,1054250.0,1742250.0,128.0994705125859,35.67497589859297,3259.9863913582817,False,0.0,0.0,,,
라마54a42b,48890320,묘산면,250000.0,250000.0,1054250.0,1742750.0,128.0995042283999,35.67948386585076,3306.3645598905814,False,0.0,0.0,,,
라마54a43a,48890320,묘산면,250000.0,250000.0,1054250.0,1743250.0,128.09953795170173,35.68399182969845,3425.869515022381,False,0.0,0.0,,,
라마54a43b,48890320,묘산면,250000.0,250000.0,1054250.0,1743750.0,128.09957168249315,35.688499790135864,3282.553557586547,False,0.0,0.0,,,
라마54a44a,48890330,가야면,250000.0,250000.0,1054250.0,1744250.0,128.0996054207758,35.69300774716279,2790.346644354094,False,0.0,0.0,,,
라마54a44b,48890330,가야면,250000.0,250000.0,1054250.0,1744750.0,128.09963916655136,35.69751570077908,2301.501886354258,False,0.0,0.0,,,
라마54a45a,48890330,가야면,250000.0,250000.0,1054250.0,1745250.0,128.09967291982147,35.702023650984536,1818.73238001809,False,0.0,0.0,,,
라마54a45b,48890330,가야면,250000.0,250000.0,1054250.0,1745750.0,128.09970668058787,35.706531597778955,1348.5785136062057,False,0.0,0.0,,,
라마54a46a,48890330,가야면,250000.0,250000.0,1054250.0,1746250.0,128.0997404488522,35.7110395411622,910.7911640954692,False,11625.701126084436,0.0465028045043377,,,
라마54a46b,48890330,가야면,250000.0,250000.0,1054250.0,1746750.0,128.09977422461617,35.715547481134045,583.4527245873796,False,45367.78654708846,0.1814711461883538,7.0,6.0,0.8571428571428571
라마54a47a,48890330,가야면,250000.0,250000.0,1054250.0,1747250.0,128.0998080078814,35.720055417694326,367.2354438603794,False,30399.586327929246,0.1215983453117169,23.0,7.0,0.3043478260869565
라마54a47b,48890330,가야면,250000.0,250000.0,1054250.0,1747750.0,128.09984179864963,35.72456335084285,397.7928799292494,False,69579.26577366884,0.2783170630946753,36.0,16.0,0.4444444444444444
라마54a48a,48890330,가야면,250000.0,250000.0,1054250.0,1748250.0,128.0998755969225,35.72907128057945,825.600677941511,False,76067.29073231356,0.3042691629292542,28.0,16.0,0.5714285714285714
라마54a48b,48890330,가야면,250000.0,250000.0,1054250.0,1748750.0,128.0999094027017,35.73357920690392,801.2069301064821,False,136653.38459288405,0.5466135383715361,20.0,10.0,0.5
라마54a49a,48890330,가야면,250000.0,250000.0,1054250.0,1749250.0,128.099943215989,35.7380871298161,1040.9588212265946,False,144528.75246959113,0.5781150098783645,29.0,20.0,0.6896551724137931
라마54a49b,48890330,가야면,250000.0,250000.0,1054250.0,1749750.0,128.09997703678593,35.7425950493158,1423.115592679762,False,46942.17778103372,0.1877687111241348,20.0,8.0,0.4
라마54a50a,48890330,가야면,250000.0,250000.0,1054250.0,1750250.0,128.10001086509428,35.747102965402824,1704.1152683034018,False,33930.081309125475,0.1357203252365019,35.0,20.0,0.5714285714285714
라마54a50b,48890330,가야면,250000.0,250000.0,1054250.0,1750750.0,128.10004470091567,35.75161087807701,1634.0653776369952,False,99.64514059297332,0.0003985805623718,,,
라마54a51a,48890330,가야면,250000.0,250000.0,1054250.0,1751250.0,128.10007854425183,35.75611878733816,1713.5724289095854,False,0.0,0.0,,,
라마54a51b,48890330,가야면,250000.0,250000.0,1054250.0,1751750.0,128.10011239510445,35.76062669318609,1924.185874557408,False,0.0,0.0,,,
라마54a52a,48890330,가야면,250000.0,250000.0,1054250.0,1752250.0,128.10014625347517,35.76513459562064,2229.0473504556644,False,0.0,0.0,,,
라마54a52b,48890330,가야면,250000.0,250000.0,1054250.0,1752750.0,128.10018011936572,35.7696424946416,2595.151806985591,False,0.0,0.0,,,
라마54a53a,48890330,가야면,250000.0,250000.0,1054250.0,1753250.0,128.10021399277778,35.77415039024881,3000.162280948772,False,0.0,0.0,,,
라마54a53b,48890330,가야면,250000.0,250000.0,1054250.0,1753750.0,128.10024787371302,35.77865828244208,3430.325716714799,False,0.0,0.0,,,
라마54a54a,48890330,가야면,250000.0,250000.0,1054250.0,1754250.0,128.10028176217313,35.78316617122122,3877.279372637734,False,0.0,0.0,,,
라마54a54b,48890330,가야면,250000.0,250000.0,1054250.0,1754750.0,128.1003156581598,35.78767405658605,4335.833961789729,False,0.0,0.0,,,
라마54a55a,48890330,가야면,250000.0,250000.0,1054250.0,1755250.0,128.10034956167473,35.792181938536395,4726.386933425529,False,0.0,0.0,,,
라마54a55b,48890330,가야면,250000.0,250000.0,1054250.0,1755750.0,128.1003834727196,35.796689817072064,5076.321777914946,False,1482.0850567974712,0.0059283402271898,6.0,0.0,0.0
라마54a56a,48890330,가야면,250000.0,250000.0,1054250.0,1756250.0,128.1004173912961,35.8011976921929,5449.711197982104,False,0.0,0.0,179.0,34.0,0.1899441340782122
라마54a56b,48890330,가야면,250000.0,250000.0,1054250.0,1756750.0,128.1004513174059,35.80570556389869,5842.059695851243,False,0.0,0.0,,,
라마54a57a,48890330,가야면,250000.0,250000.0,1054250.0,1757250.0,128.10048525105077,35.81021343218926,6249.797663794205,False,0.0,0.0,,,
라마54a57b,48890330,가야면,250000.0,250000.0,1054250.0,1757750.0,128.10051919223233,35.814721297064445,6670.10346147985,False,0.0,0.0,,,
라마54a58a,48890330,가야면,250000.0,250000.0,1054250.0,1758250.0,128.10055314095226,35.81922915852403,7100.745702764145,False,0.0,0.0,,,
라마54a58b,48890330,가야면,250000.0,250000.0,1054250.0,1758750.0,128.1005870972123,35.8237370165679,7539.953506740041,False,0.0,0.0,,,
라마54a59a,48890330,가야면,250000.0,203363.2433731563,1054250.0,1759250.0,128.10062106101415,35.8282448711958,7986.313807525937,False,0.0,0.0,,,
라마54b08b,48890430,삼가면,250000.0,93234.79501487438,1054750.0,1708750.0,128.10273266306854,35.37290700419116,930.923665700936,False,20053.82571076756,0.2150895028789223,15.0,14.0,0.9333333333333332
라마54b09a,48890430,삼가면,250000.0,229506.50597025928,1054750.0,1709250.0,128.10276618707735,35.37741519497412,885.0650035560435,False,57880.02139728498,0.2521933796717091,0.0,0.0,
라마54b09b,48890430,삼가면,250000.0,250000.0,1054750.0,1709750.0,128.10279971853103,35.381923382359,540.0287201631329,False,79374.03731282975,0.317496149251319,34.0,24.0,0.7058823529411765
라마54b10a,48890430,삼가면,250000.0,250000.0,1054750.0,1710250.0,128.10283325743129,35.38643156634558,547.6513276551088,False,97876.98888642772,0.3915079555457109,,,
라마54b10b,48890430,삼가면,250000.0,250000.0,1054750.0,1710750.0,128.10286680377973,35.39093974693369,899.0066377751476,False,8630.945816015103,0.0345237832640604,13.0,9.0,0.6923076923076923
라마54b11a,48890430,삼가면,250000.0,250000.0,1054750.0,1711250.0,128.10290035757802,35.39544792412314,1347.777389944329,False,3032.6954053969444,0.0121307816215877,,,
라마54b11b,48890430,삼가면,250000.0,250000.0,1054750.0,1711750.0,128.10293391882783,35.39995609791374,1699.8219629053758,False,13946.548164054457,0.0557861926562178,,,
라마54b12a,48890430,삼가면,250000.0,250000.0,1054750.0,1712250.0,128.1029674875308,35.40446426830528,1504.125652112294,False,0.0,0.0,,,
라마54b12b,48890430,삼가면,250000.0,250000.0,1054750.0,1712750.0,128.10300106368862,35.40897243529761,1461.298480499101,False,19113.46324411189,0.0764538529764475,,,
라마54b13a,48890430,삼가면,250000.0,250000.0,1054750.0,1713250.0,128.10303464730288,35.41348059889052,1312.1083201118574,False,164252.53597721946,0.6570101439088779,,,
라마54b13b,48890430,삼가면,250000.0,250000.0,1054750.0,1713750.0,128.1030682383753,35.41798875908382,1231.2467878991824,False,19505.46838157053,0.0780218735262821,,,
라마54b14a,48890430,삼가면,250000.0,250000.0,1054750.0,1714250.0,128.10310183690748,35.42249691587733,1345.4772616872228,False,151.66127799152838,0.0006066451119661,0.0,0.0,
라마54b14b,48890430,삼가면,250000.0,250000.0,1054750.0,1714750.0,128.1031354429011,35.42700506927084,1613.892645352423,False,198.9527382824052,0.0007958109531296,,,
라마54b15a,48890430,삼가면,250000.0,250000.0,1054750.0,1715250.0,128.10316905635787,35.43151321926418,1896.856576587276,False,9322.54141345161,0.0372901656538064,,,
라마54b15b,48890430,삼가면,250000.0,250000.0,1054750.0,1715750.0,128.10320267727937,35.436021365857165,1769.674354185149,False,8595.122823239391,0.0343804912929575,6.0,0.0,0.0
라마54b16a,48890430,삼가면,250000.0,250000.0,1054750.0,1716250.0,128.10323630566728,35.44052950904958,1779.165469420663,False,7699.654855599516,0.030798619422398,,,
라마54b16b,48890430,삼가면,250000.0,250000.0,1054750.0,1716750.0,128.10326994152325,35.44503764884127,1642.7392676078882,False,26564.7117457127,0.1062588469828507,30.0,22.0,0.7333333333333333
라마54b17a,48890430,삼가면,250000.0,250000.0,1054750.0,1717250.0,128.103303584849,35.44954578523204,1409.9518021163915,False,19099.373464051598,0.0763974938562063,0.0,0.0,
라마54b17b,48890430,삼가면,250000.0,250000.0,1054750.0,1717750.0,128.10333723564614,35.454053918221696,1333.167606582765,False,21298.195320447736,0.0851927812817909,,,
라마54b18a,48890430,삼가면,250000.0,250000.0,1054750.0,1718250.0,128.10337089391632,35.458562047810034,1437.6048310269332,False,15184.944936996464,0.0607397797479858,0.0,0.0,
라마54b18b,48890420,쌍백면,250000.0,250000.0,1054750.0,1718750.0,128.10340455966124,35.46307017399688,1689.993915119914,False,16258.825740897984,0.0650353029635919,0.0,0.0,
라마54b19a,48890420,쌍백면,250000.0,250000.0,1054750.0,1719250.0,128.10343823288255,35.46757829678205,1821.1525772325092,False,16092.628441879377,0.0643705137675175,38.0,24.0,0.631578947368421
라마54b19b,48890420,쌍백면,250000.0,250000.0,1054750.0,1719750.0,128.1034719135819,35.47208641616536,1869.800133465159,False,34980.756488828,0.1399230259553119,,,
라마54b20a,48890420,쌍백면,250000.0,250000.0,1054750.0,1720250.0,128.103505601761,35.47659453214661,2043.45500773862,False,13.428739246098278,5.371495698439311e-05,,,
라마54b20b,48890460,용주면,250000.0,250000.0,1054750.0,1720750.0,128.10353929742143,35.48110264472562,2314.1443771289983,False,0.0,0.0,,,
라마54b21a,48890460,용주면,250000.0,250000.0,1054750.0,1721250.0,128.1035730005649,35.485610753902186,2652.3235149097995,False,266.5447284626373,0.0010661789138505,,,
라마54b21b,48890460,용주면,250000.0,250000.0,1054750.0,1721750.0,128.1036067111931,35.49011885967614,3035.519042485023,False,10064.018665403144,0.0402560746616125,9.0,0.0,0.0
라마54b22a,48890460,용주면,250000.0,250000.0,1054750.0,1722250.0,128.10364042930766,35.4946269620473,2804.595966597543,False,21270.150367852664,0.0850806014714106,0.0,0.0,
라마54b22b,48890460,용주면,250000.0,250000.0,1054750.0,1722750.0,128.1036741549103,35.499135061015444,2501.3778212606376,False,30882.806255774023,0.123531225023096,12.0,0.0,0.0
라마54b23a,48890460,용주면,250000.0,250000.0,1054750.0,1723250.0,128.10370788800256,35.50364315658043,2268.9256209787977,False,56983.36157900969,0.2279334463160387,22.0,16.0,0.7272727272727273
라마54b23b,48890460,용주면,250000.0,250000.0,1054750.0,1723750.0,128.10374162858625,35.508151248742045,2130.529498123279,False,66597.35652051725,0.266389426082069,7.0,0.0,0.0
라마54b24a,48890460,용주면,250000.0,250000.0,1054750.0,1724250.0,128.10377537666298,35.5126593375001,2011.7536578688491,False,0.0,0.0,,,
라마54b24b,48890460,용주면,250000.0,250000.0,1054750.0,1724750.0,128.10380913223443,35.517167422854406,1678.2654707643435,False,0.0,0.0,,,
라마54b25a,48890460,용주면,250000.0,250000.0,1054750.0,1725250.0,128.10384289530225,35.52167550480479,1444.2981689287822,False,0.0,0.0,,,
라마54b25b,48890460,용주면,250000.0,250000.0,1054750.0,1725750.0,128.1038766658681,35.52618358335106,1362.1378091743145,False,0.0,0.0,,,
라마54b26a,48890460,용주면,250000.0,250000.0,1054750.0,1726250.0,128.1039104439337,35.53069165849303,1327.6820826534,False,67222.24158545522,0.2688889663418209,0.0,,
라마54b26b,48890460,용주면,250000.0,250000.0,1054750.0,1726750.0,128.10394422950068,35.53519973023051,1050.2419673733432,False,189395.97372101492,0.7575838948840597,32.0,21.0,0.65625
라마54b27a,48890460,용주면,250000.0,250000.0,1054750.0,1727250.0,128.10397802257071,35.53970779856331,971.2243136709416,False,192652.2562994545,0.7706090251978179,0.0,0.0,
라마54b27b,48890460,용주면,250000.0,250000.0,1054750.0,1727750.0,128.10401182314553,35.54421586349125,1132.9365140637635,False,160373.02610643324,0.641492104425733,32.0,16.0,0.5
라마54b28a,48890460,용주면,250000.0,250000.0,1054750.0,1728250.0,128.1040456312267,35.548723925014144,1457.3309927165874,False,112684.38603225102,0.4507375441290041,0.0,0.0,
라마54b28b,48890460,용주면,250000.0,250000.0,1054750.0,1728750.0,128.10407944681597,35.553231983131795,1861.204475538804,False,15094.38746386894,0.0603775498554757,7.0,0.0,0.0
라마54b29a,48890460,용주면,250000.0,250000.0,1054750.0,1729250.0,128.104113269915,35.557740037844034,1375.2720452917422,False,4034.983018296513,0.016139932073186,6.0,0.0,0.0
라마54b29b,48890460,용주면,250000.0,250000.0,1054750.0,1729750.0,128.10414710052547,35.562248089150664,881.4689205101694,False,8321.519349696895,0.0332860773987875,,,
라마54b30a,48890460,용주면,250000.0,250000.0,1054750.0,1730250.0,128.10418093864905,35.566756137051506,403.23903220025136,False,19404.27180841293,0.0776170872336517,,,
라마54b30b,48890460,용주면,250000.0,250000.0,1054750.0,1730750.0,128.1042147842874,35.571264181546354,219.58136613617108,True,25157.22511880096,0.1006289004752038,47.0,19.0,0.4042553191489361
라마54b31a,48890460,용주면,250000.0,250000.0,1054750.0,1731250.0,128.1042486374422,35.57577222263505,658.6579048479257,False,4074.427130787237,0.0162977085231489,,,
라마54b31b,48890460,용주면,250000.0,250000.0,1054750.0,1731750.0,128.10428249811514,35.58028026031739,1148.6707512960757,False,36788.78258442579,0.1471551303377031,0.0,,
라마54b32a,48890460,용주면,250000.0,250000.0,1054750.0,1732250.0,128.1043163663079,35.5847882945932,1644.7062820295675,False,1369.3619128446742,0.0054774476513786,,,
라마54b32b,48890460,용주면,250000.0,250000.0,1054750.0,1732750.0,128.10435024202215,35.589296325462264,2142.5855906852253,False,0.0,0.0,,,
라마54b33a,48890460,용주면,250000.0,249999.9999988904,1054750.0,1733250.0,128.10438412525957,35.59380435292444,2276.614415046693,False,0.0,0.0,,,
라마54b33b,48890250,합천읍,250000.0,249999.99999973492,1054750.0,1733750.0,128.10441801602184,35.5983123769795,1834.1400433921144,False,0.0,0.0,,,
라마54b34a,48890250,합천읍,250000.0,250000.0,1054750.0,1734250.0,128.10445191431063,35.60282039762729,1430.093074855781,False,70741.8507307443,0.2829674029229772,0.0,0.0,
라마54b34b,48890250,합천읍,250000.0,250000.0,1054750.0,1734750.0,128.10448582012765,35.607328414867624,1107.3674668900546,False,114811.40960158312,0.4592456384063325,41.0,20.0,0.4878048780487805
라마54b35a,48890250,합천읍,250000.0,250000.0,1054750.0,1735250.0,128.10451973347458,35.61183642870032,952.5540460795544,False,36114.10891041469,0.1444564356416587,17.0,14.0,0.8235294117647058
라마54b35b,48890250,합천읍,250000.0,250000.0,1054750.0,1735750.0,128.10455365435303,35.61634443912516,1043.290810214757,False,1496.2760439573085,0.0059851041758292,,,
라마54b36a,48890250,합천읍,250000.0,249999.99999923923,1054750.0,1736250.0,128.10458758276476,35.62085244614198,1330.2451723853758,False,0.0,0.0,,,
라마54b36b,48890320,묘산면,250000.0,250000.0,1054750.0,1736750.0,128.1046215187114,35.62536044975059,1717.745243809638,False,985.848992368151,0.0039433959694726,,,
라마54b37a,48890320,묘산면,250000.0,250000.0,1054750.0,1737250.0,128.1046554621947,35.62986844995081,2019.606069209393,False,23063.363528750557,0.0922534541150022,,,
라마54b37b,48890320,묘산면,250000.0,250000.0,1054750.0,1737750.0,128.1046894132163,35.63437644674247,1660.1116660697205,False,15838.73234505005,0.0633549293802002,,,
라마54b38a,48890320,묘산면,250000.0,250000.0,1054750.0,1738250.0,128.10472337177788,35.63888444012535,1390.3714657796124,False,42253.62117097273,0.1690144846838909,21.0,16.0,0.7619047619047619
라마54b38b,48890320,묘산면,250000.0,250000.0,1054750.0,1738750.0,128.10475733788115,35.643392430099304,1268.9739484668366,False,10342.583469045574,0.0413703338761822,16.0,12.0,0.75
라마54b39a,48890320,묘산면,250000.0,250000.0,1054750.0,1739250.0,128.10479131152775,35.647900416664115,1336.9580961723816,False,4286.259042830201,0.0171450361713208,0.0,0.0,
라마54b39b,48890320,묘산면,250000.0,250000.0,1054750.0,1739750.0,128.10482529271945,35.65240839981961,1569.9105133587218,False,37856.70937224132,0.1514268374889652,,,
라마54b40a,48890320,묘산면,250000.0,250000.0,1054750.0,1740250.0,128.1048592814578,35.65691637956561,1908.3451178934092,False,39546.96488943653,0.158187859557746,24.0,17.0,0.7083333333333334
라마54b40b,48890320,묘산면,250000.0,250000.0,1054750.0,1740750.0,128.10489327774462,35.66142435590193,2306.2834080010584,False,67734.85693533275,0.270939427741331,73.0,56.0,0.7671232876712328
라마54b41a,48890320,묘산면,250000.0,250000.0,1054750.0,1741250.0,128.10492728158155,35.66593232882838,2737.9016101851325,False,3170.9431687241804,0.0126837726748967,0.0,0.0,
라마54b41b,48890320,묘산면,250000.0,250000.0,1054750.0,1741750.0,128.10496129297027,35.67044029834477,2795.254144780129,False,0.0,0.0,,,
라마54b42a,48890320,묘산면,250000.0,250000.0,1054750.0,1742250.0,128.1049953119125,35.674948264450926,2760.0690326456943,False,0.0,0.0,,,
라마54b42b,48890320,묘산면,250000.0,250000.0,1054750.0,1742750.0,128.10502933840988,35.67945622714667,2814.6965015839605,False,0.0,0.0,,,
라마54b43a,48890320,묘산면,250000.0,250000.0,1054750.0,1743250.0,128.10506337246414,35.6839641864318,2954.158378809138,False,0.0,0.0,,,
라마54b43b,48890320,묘산면,250000.0,250000.0,1054750.0,1743750.0,128.10509741407694,35.68847214230616,3167.268074878961,False,0.0,0.0,,,
라마54b44a,48890330,가야면,250000.0,250000.0,1054750.0,1744250.0,128.10513146325005,35.69298009476953,2739.312723488206,False,0.0,0.0,,,
라마54b44b,48890330,가야면,250000.0,250000.0,1054750.0,1744750.0,128.10516551998504,35.69748804382175,2239.354981752207,False,0.0,0.0,,,
라마54b45a,48890330,가야면,250000.0,250000.0,1054750.0,1745250.0,128.1051995842837,35.70199598946263,1739.4215335945694,False,0.0,0.0,,,
라마54b45b,48890330,가야면,250000.0,250000.0,1054750.0,1745750.0,128.10523365614765,35.706503931691984,1239.5417737077444,False,695.9976384454312,0.0027839905537817,,,
라마54b46a,48890330,가야면,250000.0,250000.0,1054750.0,1746250.0,128.10526773557865,35.71101187050964,739.824537306379,False,36952.91536068841,0.1478116614427536,21.0,13.0,0.6190476190476191
라마54b46b,48890330,가야면,250000.0,250000.0,1054750.0,1746750.0,128.10530182257838,35.7155198059154,241.28175072859213,True,77670.37081497765,0.3106814832599106,28.0,23.0,0.8214285714285714
라마54b47a,48890330,가야면,250000.0,250000.0,1054750.0,1747250.0,128.1053359171485,35.720027737909085,262.85627340566026,True,149756.57178681716,0.5990262871472687,33.0,21.0,0.6363636363636364
라마54b47b,48890330,가야면,250000.0,250000.0,1054750.0,1747750.0,128.10537001929077,35.72453566649051,345.3527840502837,False,125022.2764257383,0.5000891057029532,7.0,7.0,1.0
라마54b48a,48890330,가야면,250000.0,250000.0,1054750.0,1748250.0,128.1054041290068,35.729043591659504,415.1206198939626,False,111605.53278933738,0.4464221311573495,69.0,34.0,0.4927536231884058
라마54b48b,48890330,가야면,250000.0,250000.0,1054750.0,1748750.0,128.10543824629832,35.73355151341586,337.62086976363884,False,125113.7315322087,0.5004549261288348,52.0,37.0,0.7115384615384616
라마54b49a,48890330,가야면,250000.0,250000.0,1054750.0,1749250.0,128.10547237116705,35.73805943175942,745.4197303122344,False,103616.01417044728,0.4144640566817891,6.0,0.0,0.0
라마54b49b,48890330,가야면,250000.0,250000.0,1054750.0,1749750.0,128.1055065036147,35.742567346689995,1223.6475378872678,False,59894.24508930131,0.2395769803572052,21.0,8.0,0.3809523809523809
라마54b50a,48890330,가야면,250000.0,250000.0,1054750.0,1750250.0,128.1055406436429,35.7470752582074,1232.8922851234986,False,946.9364375664804,0.0037877457502659,,,
라마54b50b,48890330,가야면,250000.0,250000.0,1054750.0,1750750.0,128.10557479125345,35.751583166311434,1134.1006116937783,False,0.0,0.0,,,
라마54b51a,48890330,가야면,250000.0,250000.0,1054750.0,1751250.0,128.10560894644797,35.75609107100194,1245.931381806945,False,0.0,0.0,,,
라마54b51b,48890330,가야면,250000.0,250000.0,1054750.0,1751750.0,128.10564310922817,35.760598972278736,1522.664053197068,False,0.0,0.0,,,
라마54b52a,48890330,가야면,250000.0,250000.0,1054750.0,1752250.0,128.10567727959582,35.765106870141615,1893.3215864257409,False,0.0,0.0,,,
라마54b52b,48890330,가야면,250000.0,250000.0,1054750.0,1752750.0,128.10571145755253,35.769614764590415,2313.185561158647,False,0.0,0.0,,,
라마54b53a,48890330,가야면,250000.0,250000.0,1054750.0,1753250.0,128.10574564310002,35.77412265562495,2759.889173695205,False,0.0,0.0,,,
라마54b53b,48890330,가야면,250000.0,250000.0,1054750.0,1753750.0,128.10577983624006,35.77863054324504,3222.289413104783,False,0.0,0.0,,,
라마54b54a,48890330,가야면,250000.0,250000.0,1054750.0,1754250.0,128.1058140369743,35.78313842745048,3694.497242187944,False,0.0,0.0,,,
라마54b54b,48890330,가야면,250000.0,250000.0,1054750.0,1754750.0,128.10584824530443,35.78764630824113,4020.209948387736,False,0.0,0.0,,,
라마54b55a,48890330,가야면,250000.0,250000.0,1054750.0,1755250.0,128.10588246123217,35.792154185616766,4369.484795441415,False,0.0,0.0,,,
라마54b55b,48890330,가야면,250000.0,250000.0,1054750.0,1755750.0,128.10591668475925,35.79666205957724,4745.809385770955,False,0.0,0.0,0.0,,
라마54b56a,48890330,가야면,250000.0,250000.0,1054750.0,1756250.0,128.10595091588738,35.80116993012234,5143.249563704805,False,0.0,0.0,,,
라마54b56b,48890330,가야면,250000.0,250000.0,1054750.0,1756750.0,128.1059851546182,35.805677797251896,5557.276799209092,False,0.0,0.0,,,
라마54b57a,48890330,가야면,250000.0,250000.0,1054750.0,1757250.0,128.10601940095347,35.81018566096573,5984.449412561328,False,0.0,0.0,,,
라마54b57b,48890330,가야면,250000.0,250000.0,1054750.0,1757750.0,128.1060536548949,35.81469352126366,6422.144822408135,False,0.0,0.0,,,
라마54b58a,48890330,가야면,250000.0,250000.0,1054750.0,1758250.0,128.10608791644418,35.819201378145515,6868.351583055543,False,0.0,0.0,,,
라마54b58b,48890330,가야면,250000.0,232449.66094704924,1054750.0,1758750.0,128.10612218560303,35.8237092316111,7321.513697107967,False,0.0,0.0,,,
라마55a09b,48890430,삼가면,250000.0,232128.78313836572,1055250.0,1709750.0,128.10830446324118,35.38189579290119,1012.1990463698892,False,1523.1114444814232,0.006561493253396,,,
라마55a10a,48890430,삼가면,250000.0,250000.0,1055250.0,1710250.0,128.1083383083716,35.38640397231666,1016.2863118007076,False,0.0,0.0,,,
라마55a10b,48890430,삼가면,250000.0,250000.0,1055250.0,1710750.0,128.10837216101822,35.39091214833317,1241.4220980934958,False,0.0,0.0,,,
라마55a11a,48890430,삼가면,250000.0,250000.0,1055250.0,1711250.0,128.1084060211827,35.395420320950514,1596.6902591662006,False,0.0,0.0,,,
라마55a11b,48890430,삼가면,250000.0,250000.0,1055250.0,1711750.0,128.1084398888667,35.39992849016851,1297.4135522321185,False,0.0,0.0,,,
라마55a12a,48890430,삼가면,250000.0,250000.0,1055250.0,1712250.0,128.10847376407196,35.40443665598697,1027.755417053256,False,1755.662163257171,0.0070226486530286,0.0,,
라마55a12b,48890430,삼가면,250000.0,250000.0,1055250.0,1712750.0,128.10850764680006,35.408944818405686,963.9919444938638,False,25426.34777046812,0.1017053910818724,17.0,12.0,0.7058823529411765
라마55a13a,48890430,삼가면,250000.0,250000.0,1055250.0,1713250.0,128.1085415370527,35.413452977424484,860.9181852790409,False,144470.42938247457,0.5778817175298983,0.0,,
라마55a13b,48890430,삼가면,250000.0,250000.0,1055250.0,1713750.0,128.1085754348316,35.41796113304318,731.7926829023713,False,63240.699869123295,0.2529627994764932,0.0,0.0,
라마55a14a,48890430,삼가면,250000.0,250000.0,1055250.0,1714250.0,128.10860934013837,35.422469285261585,910.967035492912,False,38804.27586982067,0.1552171034792826,25.0,16.0,0.64
라마55a14b,48890430,삼가면,250000.0,250000.0,1055250.0,1714750.0,128.1086432529747,35.42697743407949,1274.4415831100453,False,35474.683888325366,0.1418987355533014,9.0,8.0,0.8888888888888888
라마55a15a,48890430,삼가면,250000.0,250000.0,1055250.0,1715250.0,128.1086771733423,35.43148557949672,1708.3740099185927,False,36203.12646347089,0.1448125058538835,,,
라마55a15b,48890430,삼가면,250000.0,250000.0,1055250.0,1715750.0,128.10871110124276,35.4359937215131,2130.0851225768934,False,19308.724123812928,0.0772348964952517,,,
라마55a16a,48890430,삼가면,250000.0,250000.0,1055250.0,1716250.0,128.10874503667785,35.44050186012841,1681.2597694508058,False,0.0,0.0,,,
라마55a16b,48890430,삼가면,250000.0,250000.0,1055250.0,1716750.0,128.10877897964917,35.44500999534249,1271.2223233267007,False,24845.298829332824,0.0993811953173312,,,
라마55a17a,48890430,삼가면,250000.0,250000.0,1055250.0,1717250.0,128.10881293015845,35.44951812715514,951.51351975392,False,7082.872257144672,0.0283314890285786,,,
라마55a17b,48890430,삼가면,250000.0,250000.0,1055250.0,1717750.0,128.10884688820732,35.45402625556617,833.5165032708423,False,0.0,0.0,,,
라마55a18a,48890420,쌍백면,250000.0,250000.0,1055250.0,1718250.0,128.10888085379744,35.458534380575394,992.0290036965706,False,12339.697343593329,0.0493587893743733,,,
라마55a18b,48890420,쌍백면,250000.0,250000.0,1055250.0,1718750.0,128.10891482693057,35.46304250218262,1331.725695151058,False,21782.92874890042,0.0871317149956016,,,
라마55a19a,48890420,쌍백면,250000.0,250000.0,1055250.0,1719250.0,128.10894880760836,35.46755062038767,1321.6682908565822,False,0.0,0.0,,,
라마55a19b,48890420,쌍백면,250000.0,250000.0,1055250.0,1719750.0,128.10898279583242,35.472058735190345,1387.934760931318,False,0.0,0.0,,,
라마55a20a,48890420,쌍백면,250000.0,250000.0,1055250.0,1720250.0,128.10901679160452,35.47656684659047,1614.28582665747,False,12354.966112223903,0.0494198644488956,0.0,0.0,
라마55a20b,48890420,쌍백면,250000.0,250000.0,1055250.0,1720750.0,128.1090507949263,35.481074954587854,1945.629604958998,False,23190.776722120245,0.0927631068884809,0.0,,
라마55a21a,48890420,쌍백면,250000.0,250000.0,1055250.0,1721250.0,128.10908480579943,35.48558305918229,2337.7404452245382,False,418.3223551610837,0.0016732894206443,,,
라마55a21b,48890460,용주면,250000.0,250000.0,1055250.0,1721750.0,128.10911882422556,35.49009116037361,2764.884485613158,False,0.0,0.0,,,
라마55a22a,48890460,용주면,250000.0,250000.0,1055250.0,1722250.0,128.10915285020647,35.494599258161614,3196.22380914766,False,0.0,0.0,,,
라마55a22b,48890460,용주면,250000.0,250000.0,1055250.0,1722750.0,128.10918688374375,35.49910735254613,2933.7653462746107,False,352.3931734019708,0.0014095726936078,,,
라마55a23a,48890460,용주면,250000.0,250000.0,1055250.0,1723250.0,128.10922092483912,35.50361544352696,2549.219034351642,False,8355.39138807605,0.0334215655523042,0.0,0.0,
라마55a23b,48890460,용주면,250000.0,250000.0,1055250.0,1723750.0,128.10925497349422,35.50812353110393,2128.570235154046,False,88460.27854646127,0.3538411141858451,41.0,28.0,0.6829268292682927
라마55a24a,48890460,용주면,250000.0,250000.0,1055250.0,1724250.0,128.10928902971082,35.51263161527683,1750.1727934312028,False,32798.72737387483,0.1311949094954993,0.0,0.0,
라마55a24b,48890460,용주면,250000.0,250000.0,1055250.0,1724750.0,128.10932309349053,35.51713969604548,1447.549089927457,False,8753.39696607304,0.0350135878642921,0.0,0.0,
라마55a25a,48890460,용주면,250000.0,250000.0,1055250.0,1725250.0,128.10935716483507,35.52164777340971,1275.8103027616764,False,0.0,0.0,,,
라마55a25b,48890460,용주면,250000.0,250000.0,1055250.0,1725750.0,128.1093912437461,35.52615584736931,1288.404241500264,False,0.0,0.0,,,
라마55a26a,48890460,용주면,250000.0,250000.0,1055250.0,1726250.0,128.10942533022535,35.5306639179241,1022.6042284434992,False,0.0,0.0,,,
라마55a26b,48890460,용주면,250000.0,250000.0,1055250.0,1726750.0,128.10945942427446,35.53517198507392,621.2792330859656,False,9132.059796054664,0.0365282391842186,,,
라마55a27a,48890460,용주면,250000.0,250000.0,1055250.0,1727250.0,128.10949352589512,35.539680048818525,475.6641282430773,False,11321.156861207835,0.0452846274448313,41.0,26.0,0.6341463414634146
라마55a27b,48890460,용주면,250000.0,250000.0,1055250.0,1727750.0,128.10952763508908,35.544188109157794,752.6784441782611,False,13163.840279050715,0.0526553611162028,11.0,0.0,0.0
라마55a28a,48890460,용주면,250000.0,250000.0,1055250.0,1728250.0,128.10956175185794,35.54869616609148,1186.0831833239895,False,146577.49025617956,0.5863099610247182,0.0,0.0,
라마55a28b,48890460,용주면,250000.0,250000.0,1055250.0,1728750.0,128.10959587620343,35.55320421961946,1657.4262563376176,False,187841.3818316652,0.7513655273266608,15.0,12.0,0.8
라마55a29a,48890460,용주면,250000.0,250000.0,1055250.0,1729250.0,128.10963000812723,35.55771226974149,1403.0947098313925,False,42955.02314803654,0.1718200925921461,28.0,17.0,0.6071428571428571
라마55a29b,48890460,용주면,250000.0,250000.0,1055250.0,1729750.0,128.10966414763104,35.56222031645741,924.2775687104336,False,0.0,0.0,,,
라마55a30a,48890460,용주면,250000.0,250000.0,1055250.0,1730250.0,128.10969829471657,35.56672835976705,489.79922752664936,False,64677.92066157832,0.2587116826463133,0.0,0.0,
라마55a30b,48890460,용주면,250000.0,250000.0,1055250.0,1730750.0,128.10973244938546,35.571236399670184,354.28455025605376,False,14821.176053093975,0.0592847042123759,0.0,0.0,
라마55a31a,48890460,용주면,250000.0,250000.0,1055250.0,1731250.0,128.10976661163943,35.57574443616665,714.9348234731374,False,13893.373660247484,0.0555734946409899,0.0,0.0,
라마55a31b,48890460,용주면,250000.0,250000.0,1055250.0,1731750.0,128.1098007814802,35.58025246925626,1181.8401165466494,False,0.0,0.0,,,
라마55a32a,48890460,용주면,250000.0,250000.0,1055250.0,1732250.0,128.10983495890943,35.584760498938834,1668.0408629117665,False,7094.653821806268,0.028378615287225,0.0,0.0,
라마55a32b,48890460,용주면,250000.0,250000.0,1055250.0,1732750.0,128.1098691439288,35.589268525214166,2160.5496012838635,False,285.09515382288384,0.0011403806152915,,,
라마55a33a,48890460,용주면,250000.0,250000.0,1055250.0,1733250.0,128.10990333654004,35.5937765480821,2117.289423398096,False,4876.711519710247,0.0195068460788409,,,
라마55a33b,48890250,합천읍,250000.0,249999.99999903864,1055250.0,1733750.0,128.1099375367448,35.59828456754241,1632.17983274193,False,0.0,0.0,,,
라마55a34a,48890250,합천읍,250000.0,250000.0,1055250.0,1734250.0,128.10997174454482,35.602792583594955,1159.787700566577,False,17422.56969960914,0.0696902787984365,,,
라마55a34b,48890250,합천읍,250000.0,250000.0,1055250.0,1734750.0,128.1100059599418,35.60730059623951,725.3992103397566,False,113246.51249960696,0.4529860499984278,14.0,10.0,0.7142857142857143
라마55a35a,48890250,합천읍,250000.0,250000.0,1055250.0,1735250.0,128.1100401829374,35.61180860547593,455.30266673672855,False,20969.96026964011,0.0838798410785604,0.0,0.0,
라마55a35b,48890250,합천읍,250000.0,250000.0,1055250.0,1735750.0,128.11007441353334,35.61631661130398,623.2150690681432,False,1480.3595754859832,0.0059214383019439,,,
라마55a36a,48890250,합천읍,250000.0,250000.0,1055250.0,1736250.0,128.11010865173128,35.620824613723514,1034.1632009937523,False,0.0,0.0,,,
라마55a36b,48890250,합천읍,250000.0,249999.99999927828,1055250.0,1736750.0,128.110142897533,35.62533261273434,1500.1966638630013,False,0.0,0.0,,,
라마55a37a,48890320,묘산면,250000.0,249999.9999999425,1055250.0,1737250.0,128.1101771509401,35.629840608336266,1749.8362397367332,False,0.0,0.0,,,
라마55a37b,48890320,묘산면,250000.0,250000.0,1055250.0,1737750.0,128.11021141195437,35.634348600529115,1318.7452122867994,False,8625.779184563922,0.0345031167382556,0.0,,
라마55a38a,48890320,묘산면,250000.0,250000.0,1055250.0,1738250.0,128.11024568057744,35.63885658931268,957.2100103753206,False,95920.44085663988,0.3836817634265596,16.0,12.0,0.75
라마55a38b,48890320,묘산면,250000.0,250000.0,1055250.0,1738750.0,128.11027995681104,35.64336457468681,770.333092237434,False,43489.76325253698,0.1739590530101479,0.0,,
라마55a39a,48890320,묘산면,250000.0,250000.0,1055250.0,1739250.0,128.11031424065683,35.647872556651286,877.8240951520144,False,0.0,0.0,,,
라마55a39b,48890320,묘산면,250000.0,250000.0,1055250.0,1739750.0,128.1103485321166,35.65238053520595,1203.2195190665825,False,17547.72583170079,0.0701909033268031,0.0,0.0,
라마55a40a,48890320,묘산면,250000.0,250000.0,1055250.0,1740250.0,128.110382831192,35.65688851035059,1620.154091466668,False,59108.91533960022,0.2364356613584008,114.0,65.0,0.5701754385964912
라마55a40b,48890320,묘산면,250000.0,250000.0,1055250.0,1740750.0,128.11041713788472,35.66139648208506,2074.141111190256,False,45432.47106015077,0.181729884240603,9.0,0.0,0.0
라마55a41a,48890320,묘산면,250000.0,250000.0,1055250.0,1741250.0,128.1104514521965,35.66590445040914,2449.363222549852,False,6762.806897913632,0.0270512275916545,,,
라마55a41b,48890320,묘산면,250000.0,250000.0,1055250.0,1741750.0,128.11048577412896,35.67041241532266,2303.0231277690286,False,9466.4468672383,0.0378657874689532,,,
라마55a42a,48890320,묘산면,250000.0,250000.0,1055250.0,1742250.0,128.11052010368394,35.67492037682543,2260.1882351030604,False,0.0,0.0,,,
라마55a42b,48890320,묘산면,250000.0,250000.0,1055250.0,1742750.0,128.110554440863,35.67942833491728,2326.582512862489,False,0.0,0.0,,,
라마55a43a,48890320,묘산면,250000.0,250000.0,1055250.0,1743250.0,128.11058878566797,35.683936289598016,2493.4958432323047,False,0.0,0.0,,,
라마55a43b,48890320,묘산면,250000.0,250000.0,1055250.0,1743750.0,128.11062313810052,35.68844424086745,2742.636842762094,False,0.0,0.0,,,
라마55a44a,48890320,묘산면,250000.0,250000.0,1055250.0,1744250.0,128.1106574981623,35.692952188725414,2778.782826791361,False,0.0,0.0,,,
라마55a44b,48890330,가야면,250000.0,250000.0,1055250.0,1744750.0,128.11069186585507,35.69746013317171,2287.46814965906,False,0.0,0.0,,,
라마55a45a,48890330,가야면,250000.0,250000.0,1055250.0,1745250.0,128.11072624118057,35.70196807420614,1800.9406078321133,False,0.0,0.0,,,
라마55a45b,48890330,가야면,250000.0,250000.0,1055250.0,1745750.0,128.11076062414045,35.70647601182856,1324.4861683584163,False,0.0,0.0,,,
라마55a46a,48890330,가야면,250000.0,250000.0,1055250.0,1746250.0,128.1107950147364,35.710983946038745,874.7228974977251,False,0.0,0.0,,,
라마55a46b,48890330,가야면,250000.0,250000.0,1055250.0,1746750.0,128.11082941297016,35.71549187683653,525.372900558139,False,22811.075065837635,0.0912443002633505,,,
라마55a47a,48890330,가야면,250000.0,250000.0,1055250.0,1747250.0,128.11086381884348,35.719999804221736,535.6241423563065,False,61012.38438807181,0.2440495375522872,,,
라마55a47b,48890330,가야면,250000.0,250000.0,1055250.0,1747750.0,128.11089823235804,35.72450772819417,761.772876637228,False,176401.36895525726,0.7056054758210291,,,
라마55a48a,48890330,가야면,250000.0,250000.0,1055250.0,1748250.0,128.11093265351553,35.72901564875366,379.97425690492577,False,127977.75259528097,0.5119110103811239,91.0,59.0,0.6483516483516484
라마55a48b,48890330,가야면,250000.0,250000.0,1055250.0,1748750.0,128.1109670823177,35.733523565900015,293.33114145835026,True,73059.64046409415,0.2922385618563766,69.0,30.0,0.4347826086956521
라마55a49a,48890330,가야면,250000.0,250000.0,1055250.0,1749250.0,128.11100151876622,35.738031479633065,726.4336729447961,False,30527.242217171293,0.1221089688686851,8.0,0.0,0.0
라마55a49b,48890330,가야면,250000.0,250000.0,1055250.0,1749750.0,128.11103596286284,35.74253938995258,1170.4174960423943,False,33990.76250944401,0.135963050037776,18.0,8.0,0.4444444444444444
라마55a50a,48890330,가야면,250000.0,250000.0,1055250.0,1750250.0,128.1110704146093,35.74704729685846,797.5198591692301,False,1384.1263604969536,0.0055365054419878,,,
라마55a50b,48890330,가야면,250000.0,250000.0,1055250.0,1750750.0,128.11110487400722,35.751555200350445,634.1914036759479,False,10100.500036678432,0.0404020001467137,,,
라마55a51a,48890330,가야면,250000.0,250000.0,1055250.0,1751250.0,128.11113934105842,35.75606310042838,817.5325970404051,False,0.0,0.0,,,
라마55a51b,48890330,가야면,250000.0,250000.0,1055250.0,1751750.0,128.11117381576454,35.76057099709208,1197.7146396161274,False,0.0,0.0,,,
라마55a52a,48890330,가야면,250000.0,250000.0,1055250.0,1752250.0,128.1112082981273,35.76507889034138,1643.3749324721823,False,0.0,0.0,,,
라마55a52b,48890330,가야면,250000.0,250000.0,1055250.0,1752750.0,128.11124278814853,35.769586780176084,2113.490472986597,False,1722.4567269581987,0.0068898269078327,,,
라마55a53a,48890330,가야면,250000.0,250000.0,1055250.0,1753250.0,128.1112772858298,35.77409466659601,2594.8030349396986,False,1502.5610406860246,0.006010244162744,0.0,0.0,
라마55a53b,48890330,가야면,250000.0,250000.0,1055250.0,1753750.0,128.11131179117288,35.77860254960096,3009.1748479106177,False,0.0,0.0,,,
라마55a54a,48890330,가야면,250000.0,250000.0,1055250.0,1754250.0,128.11134630417953,35.78311042919077,3314.429455242014,False,0.0,0.0,8.0,0.0,0.0
라마55a54b,48890330,가야면,250000.0,250000.0,1055250.0,1754750.0,128.11138082485144,35.787618305365264,3662.7519657019984,False,62.90820702671981,0.0002516328281068,,,
라마55a55a,48890330,가야면,250000.0,250000.0,1055250.0,1755250.0,128.11141535319032,35.792126178124235,4043.026256497951,False,0.0,0.0,,,
라마55a55b,48890330,가야면,250000.0,250000.0,1055250.0,1755750.0,128.1114498891979,35.79663404746752,4447.063149901272,False,0.0,0.0,,,
라마55a56a,48890330,가야면,250000.0,250000.0,1055250.0,1756250.0,128.1114844328759,35.801141913394936,4868.950606412824,False,0.0,0.0,,,
라마55a56b,48890330,가야면,250000.0,250000.0,1055250.0,1756750.0,128.11151898422602,35.80564977590629,5304.431105798791,False,0.0,0.0,,,
라마55a57a,48890330,가야면,250000.0,250000.0,1055250.0,1757250.0,128.11155354325004,35.81015763500142,5750.417263524775,False,0.0,0.0,,,
라마55a57b,48890330,가야면,250000.0,250000.0,1055250.0,1757750.0,128.11158810994962,35.81466549068013,6204.6440714292185,False,0.0,0.0,,,
라마55a58a,48890330,가야면,250000.0,250000.0,1055250.0,1758250.0,128.11162268432653,35.81917334294223,6665.427023199619,False,0.0,0.0,,,
라마55a58b,48890330,가야면,250000.0,153125.51156080462,1055250.0,1758750.0,128.11165726638248,35.823681191787564,7131.49540770221,False,0.0,0.0,,,
라마55b09b,48890430,삼가면,250000.0,191361.70006572173,1055750.0,1709750.0,128.1138092004368,35.381867952671,1502.4855408100252,False,314.2490599249736,0.0016421732238846,0.0,0.0,
라마55b10a,48890430,삼가면,250000.0,250000.0,1055750.0,1710250.0,128.1138433517957,35.38637612747384,1505.2420929619814,False,8179.884175727065,0.0327195367029082,17.0,0.0,0.0
라마55b10b,48890430,삼가면,250000.0,250000.0,1055750.0,1710750.0,128.11387751073883,35.39088429887719,1665.546371766916,False,25407.513768076067,0.1016300550723042,0.0,0.0,
라마55b11a,48890430,삼가면,250000.0,250000.0,1055750.0,1711250.0,128.11391167726785,35.39539246688088,1450.5757042253588,False,4497.6765016581285,0.0179907060066325,32.0,12.0,0.375
라마55b11b,48890430,삼가면,250000.0,250000.0,1055750.0,1711750.0,128.1139458513844,35.39990063148471,988.5186621686224,False,3506.101514903429,0.0140244060596137,16.0,12.0,0.75
라마55b12a,48890430,삼가면,250000.0,250000.0,1055750.0,1712250.0,128.11398003309023,35.4044087926885,591.750299723111,False,29390.511799804088,0.1175620471992163,0.0,0.0,
라마55b12b,48890430,삼가면,250000.0,250000.0,1055750.0,1712750.0,128.11401422238697,35.40891695049205,472.40627534902615,False,55851.40675425273,0.2234056270170109,28.0,13.0,0.4642857142857143
라마55b13a,48890430,삼가면,250000.0,250000.0,1055750.0,1713250.0,128.11404841927634,35.41342510489516,510.6192316996628,False,69735.92111030762,0.2789436844412304,25.0,15.0,0.6
라마55b13b,48890430,삼가면,250000.0,250000.0,1055750.0,1713750.0,128.11408262376003,35.41793325589769,234.6751132669324,True,14767.416730475205,0.0590696669219008,153.0,23.0,0.1503267973856209
라마55b14a,48890430,삼가면,250000.0,250000.0,1055750.0,1714250.0,128.1141168358397,35.42244140349939,591.1115104547882,False,9031.552691943214,0.0361262107677728,0.0,0.0,
라마55b14b,48890430,삼가면,250000.0,250000.0,1055750.0,1714750.0,128.11415105551706,35.42694954770011,1069.4639904164303,False,110014.20235882186,0.4400568094352874,27.0,19.0,0.7037037037037037
라마55b15a,48890430,삼가면,250000.0,250000.0,1055750.0,1715250.0,128.1141852827938,35.431457688499655,1561.4396036359294,False,41633.60889821879,0.1665344355928751,0.0,0.0,
라마55b15b,48890430,삼가면,250000.0,250000.0,1055750.0,1715750.0,128.1142195176716,35.43596582589781,1988.6368505603664,False,17731.851015914042,0.0709274040636561,0.0,0.0,
라마55b16a,48890430,삼가면,250000.0,250000.0,1055750.0,1716250.0,128.11425376015217,35.44047395989441,1498.0147884306784,False,35561.6334772666,0.1422465339090664,,,
라마55b16b,48890430,삼가면,250000.0,250000.0,1055750.0,1716750.0,128.11428801023715,35.44498209048928,1016.5727171763804,False,12749.2323513032,0.0509969294052128,,,
라마55b17a,48890420,쌍백면,250000.0,250000.0,1055750.0,1717250.0,128.11432226792826,35.44949021768221,568.1477556566842,False,2652.302763058069,0.0106092110522322,,,
라마55b17b,48890420,쌍백면,250000.0,250000.0,1055750.0,1717750.0,128.11435653322718,35.453998341473,334.90842809353995,False,15612.457457459685,0.0624498298298387,,,
라마55b18a,48890420,쌍백면,250000.0,250000.0,1055750.0,1718250.0,128.11439080613562,35.45850646186149,633.6682398214733,False,48711.31755993672,0.1948452702397469,0.0,0.0,
라마55b18b,48890420,쌍백면,250000.0,250000.0,1055750.0,1718750.0,128.1144250866553,35.46301457884747,998.7299950463048,False,1764.657219213133,0.0070586288768525,7.0,0.0,0.0
라마55b19a,48890420,쌍백면,250000.0,250000.0,1055750.0,1719250.0,128.11445937478783,35.46752269243077,822.810690591042,False,1059.8385213001206,0.0042393540852004,7.0,0.0,0.0
라마55b19b,48890420,쌍백면,250000.0,250000.0,1055750.0,1719750.0,128.11449367053498,35.472030802611194,925.512432167512,False,448.245472326546,0.0017929818893061,,,
라마55b20a,48890420,쌍백면,250000.0,250000.0,1055750.0,1720250.0,128.1145279738984,35.47653890938856,1239.406749877674,False,3980.743265382445,0.0159229730615297,,,
라마55b20b,48890420,쌍백면,250000.0,250000.0,1055750.0,1720750.0,128.1145622848798,35.48104701276266,1647.933530573383,False,20309.09026333332,0.0812363610533332,0.0,0.0,
라마55b21a,48890420,쌍백면,250000.0,250000.0,1055750.0,1721250.0,128.1145966034809,35.48555511273332,2096.482947875744,False,1604.7931465318206,0.0064191725861272,,,
라마55b21b,48890420,쌍백면,250000.0,250000.0,1055750.0,1721750.0,128.11463092970334,35.490063209300345,2564.136614979687,False,5141.284541338996,0.0205651381653559,,,
라마55b22a,48890460,용주면,250000.0,250000.0,1055750.0,1722250.0,128.11466526354886,35.49457130246356,3042.096712766575,False,0.0,0.0,,,
라마55b22b,48890460,용주면,250000.0,250000.0,1055750.0,1722750.0,128.11469960501913,35.49907939222278,2821.192291192391,False,0.0,0.0,,,
라마55b23a,48890460,용주면,250000.0,250000.0,1055750.0,1723250.0,128.11473395411585,35.5035874785778,2343.3777981295298,False,8904.42412089265,0.0356176964835706,14.0,8.0,0.5714285714285714
라마55b23b,48890460,용주면,250000.0,250000.0,1055750.0,1723750.0,128.11476831084076,35.50809556152844,1877.1555784349453,False,60442.65919098364,0.2417706367639345,13.0,8.0,0.6153846153846154
라마55b24a,48890460,용주면,250000.0,250000.0,1055750.0,1724250.0,128.1148026751955,35.51260364107451,1433.878177019395,False,80345.71428435782,0.3213828571374312,,,
라마55b24b,48890460,용주면,250000.0,250000.0,1055750.0,1724750.0,128.11483704718182,35.51711171721583,1043.2162706819204,False,37234.847394167424,0.1489393895766697,,,
라마55b25a,48890460,용주면,250000.0,250000.0,1055750.0,1725250.0,128.1148714268014,35.521619789952204,787.7777277243399,False,2646.0877330553244,0.0105843509322212,,,
라마55b25b,48890460,용주면,250000.0,250000.0,1055750.0,1725750.0,128.11490581405596,35.52612785928346,808.0144238697441,False,5856.52160068099,0.0234260864027239,32.0,22.0,0.6875
라마55b26a,48890460,용주면,250000.0,250000.0,1055750.0,1726250.0,128.11494020894713,35.5306359252094,814.9291985170861,False,2338.7340415454664,0.0093549361661818,,,
라마55b26b,48890460,용주면,250000.0,250000.0,1055750.0,1726750.0,128.1149746114767,35.53514398772983,411.0566638500596,False,28550.534330265644,0.1142021373210625,7.0,0.0,0.0
라마55b27a,48890460,용주면,250000.0,250000.0,1055750.0,1727250.0,128.1150090216463,35.53965204684459,96.1044136806524,True,41480.15712479205,0.1659206284991681,43.0,32.0,0.7441860465116279
라마55b27b,48890460,용주면,250000.0,250000.0,1055750.0,1727750.0,128.11504343945765,35.54416010255345,591.1890863017204,False,95864.052479338,0.383456209917352,23.0,18.0,0.782608695652174
라마55b28a,48890460,용주면,250000.0,250000.0,1055750.0,1728250.0,128.11507786491254,35.548668154856244,1090.7671672706438,False,42144.77628025141,0.1685791051210056,,,
라마55b28b,48890460,용주면,250000.0,250000.0,1055750.0,1728750.0,128.11511229801255,35.5531762037528,1357.0729632260825,False,28233.456415148463,0.1129338256605938,0.0,0.0,
라마55b29a,48890460,용주면,250000.0,250000.0,1055750.0,1729250.0,128.11514673875942,35.55768424924292,1479.5622363774237,False,62411.9723213238,0.2496478892852952,,,
라마55b29b,48890460,용주면,250000.0,250000.0,1055750.0,1729750.0,128.11518118715492,35.562192291326426,1196.490948656603,False,19652.729268429568,0.0786109170737182,,,
라마55b30a,48890460,용주면,250000.0,250000.0,1055750.0,1730250.0,128.11521564320068,35.566700330003115,903.9938326568436,False,79528.27471233472,0.3181130988493388,26.0,20.0,0.7692307692307693
라마55b30b,48890460,용주면,250000.0,250000.0,1055750.0,1730750.0,128.11525010689843,35.57120836527279,838.3430734168687,False,9642.32765948414,0.0385693106379365,,,
라마55b31a,48890460,용주면,250000.0,250000.0,1055750.0,1731250.0,128.1152845782499,35.57571639713531,1043.2801004574335,False,262.8245816835539,0.0010512983267342,,,
라마55b31b,48890460,용주면,250000.0,250000.0,1055750.0,1731750.0,128.11531905725678,35.580224425590444,1405.0080523879233,False,13343.80394992518,0.0533752157997007,,,
라마55b32a,48890460,용주면,250000.0,250000.0,1055750.0,1732250.0,128.11535354392078,35.58473245063804,1832.9380476544584,False,31502.085035633136,0.1260083401425325,25.0,15.0,0.6
라마55b32b,48890460,용주면,250000.0,250000.0,1055750.0,1732750.0,128.1153880382436,35.58924047227789,2290.256785996664,False,20606.89054051627,0.082427562162065,0.0,,
라마55b33a,48890460,용주면,250000.0,249999.99999902688,1055750.0,1733250.0,128.11542254022694,35.59374849050981,2069.50617541202,False,0.0,0.0,,,
라마55b33b,48890250,합천읍,250000.0,249999.9999999835,1055750.0,1733750.0,128.11545704987253,35.598256505333616,1569.6981601710952,False,0.0,0.0,,,
라마55b34a,48890250,합천읍,250000.0,250000.0,1055750.0,1734250.0,128.11549156718212,35.60276451674914,1070.069538871449,False,15499.43121277079,0.0619977248510831,,,
라마55b34b,48890250,합천읍,250000.0,250000.0,1055750.0,1734750.0,128.11552609215732,35.60727252475616,571.0913429536373,False,65174.43631389629,0.2606977452555851,19.0,12.0,0.631578947368421
라마55b35a,48890250,합천읍,250000.0,250000.0,1055750.0,1735250.0,128.11556062479994,35.611780529354526,85.09891875119834,True,98255.77078089167,0.3930230831235667,27.0,17.0,0.6296296296296297
라마55b35b,48890250,합천읍,250000.0,250000.0,1055750.0,1735750.0,128.11559516511164,35.61628853054403,433.9796423205322,False,57244.39845813568,0.2289775938325427,0.0,0.0,
라마55b36a,48890250,합천읍,250000.0,250000.0,1055750.0,1736250.0,128.11562971309414,35.62079652832449,932.4348952740298,False,1612.6919123820626,0.0064507676495282,,,
라마55b36b,48890250,합천읍,250000.0,250000.0,1055750.0,1736750.0,128.11566426874913,35.62530452269573,1431.9676455495512,False,2991.2198583441013,0.0119648794333764,,,
라마55b37a,48890250,합천읍,250000.0,249999.99999951877,1055750.0,1737250.0,128.1156988320784,35.62981251365757,1595.3197350388928,False,0.0,0.0,,,
라마55b37b,48890320,묘산면,250000.0,250000.0,1055750.0,1737750.0,128.1157334030836,35.634320501209814,1105.5347692578143,False,1367.1487748090308,0.0054685950992361,,,
라마55b38a,48890320,묘산면,250000.0,250000.0,1055750.0,1738250.0,128.11576798176645,35.638828485352256,631.9566401829279,False,51588.94182651964,0.2063557673060785,24.0,7.0,0.2916666666666667
라마55b38b,48890320,묘산면,250000.0,250000.0,1055750.0,1738750.0,128.1158025681287,35.64333646608475,276.64284575000346,True,98683.89284753072,0.3947355713901229,25.0,19.0,0.76
라마55b39a,48890320,묘산면,250000.0,250000.0,1055750.0,1739250.0,128.11583716217203,35.647844443407095,503.6797922668984,False,2839.6071607089348,0.0113584286428357,,,
라마55b39b,48890320,묘산면,250000.0,250000.0,1055750.0,1739750.0,128.11587176389818,35.652352417319086,964.8084795291714,False,0.0,0.0,,,
라마55b40a,48890320,묘산면,250000.0,250000.0,1055750.0,1740250.0,128.11590637330883,35.65686038782057,1451.901329706932,False,11602.958547379209,0.0464118341895168,74.0,39.0,0.527027027027027
라마55b40b,48890320,묘산면,250000.0,250000.0,1055750.0,1740750.0,128.11594099040576,35.66136835491135,1945.553787546909,False,13314.36224856704,0.0532574489942681,19.0,0.0,0.0
라마55b41a,48890320,묘산면,250000.0,250000.0,1055750.0,1741250.0,128.11597561519065,35.665876318591245,1997.460885501476,False,23769.65440583357,0.0950786176233342,0.0,,
라마55b41b,48890320,묘산면,250000.0,250000.0,1055750.0,1741750.0,128.11601024766523,35.670384278860055,1815.044164798088,False,47595.64253207397,0.1903825701282959,19.0,17.0,0.8947368421052632
라마55b42a,48890320,묘산면,250000.0,250000.0,1055750.0,1742250.0,128.1160448878312,35.6748922357176,1760.3751450264333,False,2054.4713131762182,0.0082178852527048,,,
라마55b42b,48890320,묘산면,250000.0,250000.0,1055750.0,1742750.0,128.1160795356903,35.67940018916373,1844.845788212685,False,1229.4377612724916,0.0049177510450899,,,
라마55b43a,48890320,묘산면,250000.0,250000.0,1055750.0,1743250.0,128.11611419124426,35.6839081391982,2051.338907480997,False,4654.540813512008,0.018618163254048,,,
라마55b43b,48890320,묘산면,250000.0,250000.0,1055750.0,1743750.0,128.1161488544948,35.68841608582088,2347.877050529813,False,0.0,0.0,,,
라마55b44a,48890320,묘산면,250000.0,250000.0,1055750.0,1744250.0,128.1161835254436,35.69292402903156,2705.0068346427192,False,4287.50595189536,0.0171500238075814,,,
라마55b44b,48890330,가야면,250000.0,250000.0,1055750.0,1744750.0,128.11621820409246,35.69743196883006,2439.325795606413,False,5219.904449305485,0.0208796177972219,,,
라마55b45a,48890330,가야면,250000.0,250000.0,1055750.0,1745250.0,128.11625289044304,35.70193990521619,1990.2730652714265,False,34728.133192515816,0.1389125327700632,0.0,0.0,
라마55b45b,48890330,가야면,250000.0,250000.0,1055750.0,1745750.0,128.11628758449706,35.706447838189774,1572.2796861814938,False,0.0,0.0,,,
라마55b46a,48890330,가야면,250000.0,250000.0,1055750.0,1746250.0,128.1163222862563,35.71095576775064,1217.7602181107056,False,2887.4073651822546,0.011549629460729,,,
라마55b46b,48890330,가야면,250000.0,250000.0,1055750.0,1746750.0,128.11635699572244,35.71546369389857,996.9034487085949,False,9979.78530163533,0.0399191412065413,,,
라마55b47a,48890330,가야면,250000.0,250000.0,1055750.0,1747250.0,128.11639171289724,35.719971616633416,1002.3437650233312,False,9489.776192584326,0.0379591047703373,,,
라마55b47b,48890330,가야면,250000.0,250000.0,1055750.0,1747750.0,128.11642643778237,35.72447953595498,1083.8694663661972,False,107621.87298289764,0.4304874919315906,0.0,,
라마55b48a,48890330,가야면,250000.0,250000.0,1055750.0,1748250.0,128.1164611703796,35.72898745186307,785.1342195827114,False,136772.65405719614,0.5470906162287845,58.0,37.0,0.6379310344827587
라마55b48b,48890330,가야면,250000.0,250000.0,1055750.0,1748750.0,128.1164959106907,35.73349536435752,715.3919036741036,False,43132.236859277415,0.1725289474371096,6.0,0.0,0.0
라마55b49a,48890330,가야면,250000.0,250000.0,1055750.0,1749250.0,128.11653065871732,35.73800327343813,773.2338631987585,False,5106.725365035351,0.0204269014601414,,,
라마55b49b,48890330,가야면,250000.0,250000.0,1055750.0,1749750.0,128.1165654144612,35.742511179104724,992.9207692935096,False,34067.14904878996,0.1362685961951598,32.0,27.0,0.84375
라마55b50a,48890330,가야면,250000.0,250000.0,1055750.0,1750250.0,128.11660017792414,35.747019081357124,502.048269413983,False,32880.16151490472,0.1315206460596188,9.0,0.0,0.0
라마55b50b,48890330,가야면,250000.0,250000.0,1055750.0,1750750.0,128.11663494910778,35.75152698019514,134.95656912034957,True,77166.28303894884,0.3086651321557953,57.0,29.0,0.5087719298245614
라마55b51a,48890330,가야면,250000.0,250000.0,1055750.0,1751250.0,128.11666972801387,35.75603487561858,533.2673684709164,False,19838.15098156701,0.079352603926268,0.0,,
라마55b51b,48890330,가야면,250000.0,250000.0,1055750.0,1751750.0,128.11670451464423,35.760542767627285,1024.9560463761636,False,1537.094926211084,0.0061483797048443,0.0,,
라마55b52a,48890330,가야면,250000.0,250000.0,1055750.0,1752250.0,128.11673930900048,35.765050656221064,1522.0695475996545,False,0.0,0.0,,,
라마55b52b,48890330,가야면,250000.0,250000.0,1055750.0,1752750.0,128.1167741110844,35.76955854139972,2020.607957634874,False,1206.9810815546462,0.0048279243262185,0.0,0.0,
라마55b53a,48890330,가야면,250000.0,250000.0,1055750.0,1753250.0,128.1168089208977,35.77406642316309,2319.156710952936,False,0.0,0.0,,,
라마55b53b,48890330,가야면,250000.0,250000.0,1055750.0,1753750.0,128.11684373844218,35.77857430151097,2609.367202682677,False,1.987609426529892,7.950437706119566e-06,,,
라마55b54a,48890330,가야면,250000.0,250000.0,1055750.0,1754250.0,128.11687856371952,35.783082176443195,2956.197988449692,False,9248.622624096814,0.0369944904963872,27.0,17.0,0.6296296296296297
라마55b54b,48890330,가야면,250000.0,250000.0,1055750.0,1754750.0,128.1169133967315,35.78759004795958,3342.067607842783,False,17695.975669702137,0.0707839026788085,,,
라마55b55a,48890330,가야면,250000.0,250000.0,1055750.0,1755250.0,128.11694823747973,35.79209791605993,3754.960085522877,False,0.0,0.0,,,
라마55b55b,48890330,가야면,250000.0,250000.0,1055750.0,1755750.0,128.1169830859661,35.79660578074408,4186.888414126647,False,0.0,0.0,,,
라마55b56a,48890330,가야면,250000.0,250000.0,1055750.0,1756250.0,128.11701794219226,35.80111364201183,4632.531051253292,False,0.0,0.0,,,
라마55b56b,48890330,가야면,250000.0,250000.0,1055750.0,1756750.0,128.11705280616,35.80562149986302,5088.285889108817,False,0.0,0.0,,,
라마55b57a,48890330,가야면,250000.0,250000.0,1055750.0,1757250.0,128.11708767787098,35.81012935429746,5551.663051535269,False,0.0,0.0,,,
라마55b57b,48890330,가야면,250000.0,250000.0,1055750.0,1757750.0,128.11712255732704,35.814637205314945,6020.902921178839,False,0.0,0.0,,,
라마55b58a,48890330,가야면,250000.0,250000.0,1055750.0,1758250.0,128.11715744452985,35.819145052915324,6494.734893337668,False,0.0,0.0,,,
라마55b58b,48890330,가야면,250000.0,233323.10261396572,1055750.0,1758750.0,128.11719233948114,35.8236528970984,6972.2227935727815,False,0.0,0.0,,,
라마56a09b,48890430,삼가면,250000.0,250000.0,1056250.0,1709750.0,128.1193139300499,35.38183986166956,1997.5932246616867,False,13965.287324247813,0.0558611492969912,44.0,25.0,0.5681818181818182
라마56a10a,48890430,삼가면,250000.0,250000.0,1056250.0,1710250.0,128.11934838763565,35.3863480318182,1999.667384665672,False,93275.21585776344,0.3731008634310538,11.0,8.0,0.7272727272727273
라마56a10b,48890430,삼가면,250000.0,250000.0,1056250.0,1710750.0,128.11938285287357,35.39085619856686,1877.5137341341144,False,117511.6930699949,0.4700467722799796,17.0,11.0,0.6470588235294118
라마56a11a,48890430,삼가면,250000.0,250000.0,1056250.0,1711250.0,128.1194173257654,35.395364361915334,1377.6999287322965,False,111250.01635604106,0.4450000654241642,31.0,19.0,0.6129032258064516
라마56a11b,48890430,삼가면,250000.0,250000.0,1056250.0,1711750.0,128.1194518063128,35.39987252186345,878.098152483948,False,176481.58497405896,0.7059263398962359,17.0,9.0,0.5294117647058824
라마56a12a,48890430,삼가면,250000.0,250000.0,1056250.0,1712250.0,128.11948629451754,35.404380678410995,379.54662053886216,False,155472.45248162752,0.6218898099265101,,,
라마56a12b,48890430,삼가면,250000.0,250000.0,1056250.0,1712750.0,128.11952079038124,35.4088888315578,130.59444448068723,True,59555.77072472744,0.2382230828989097,167.0,85.0,0.5089820359281437
라마56a13a,48890430,삼가면,250000.0,250000.0,1056250.0,1713250.0,128.11955529390565,35.413396981303684,236.9528528442194,True,19914.344274315397,0.0796573770972615,439.0,248.0,0.5649202733485194
라마56a13b,48890430,삼가면,250000.0,250000.0,1056250.0,1713750.0,128.11958980509246,35.41790512764844,273.17446224756145,True,60636.559902777386,0.2425462396111095,154.0,52.0,0.3376623376623376
라마56a14a,48890430,삼가면,250000.0,250000.0,1056250.0,1714250.0,128.11962432394336,35.42241327059188,607.424642099362,False,1424.0947373885988,0.0056963789495543,,,
라마56a14b,48890430,삼가면,250000.0,250000.0,1056250.0,1714750.0,128.11965885046007,35.42692141013381,1078.5662264482564,False,40263.04246279513,0.1610521698511805,0.0,0.0,
라마56a15a,48890430,삼가면,250000.0,250000.0,1056250.0,1715250.0,128.11969338464428,35.43142954627406,1567.6879516791998,False,22717.035109041102,0.0908681404361644,0.0,0.0,
라마56a15b,48890430,삼가면,250000.0,250000.0,1056250.0,1715750.0,128.1197279264977,35.435937679012426,1706.1924271668606,False,30320.034672394875,0.1212801386895795,23.0,16.0,0.6956521739130435
라마56a16a,48890430,삼가면,250000.0,250000.0,1056250.0,1716250.0,128.119762476022,35.44044580834872,1470.1912121694388,False,963.9682089938948,0.0038558728359755,,,
라마56a16b,48890420,쌍백면,250000.0,250000.0,1056250.0,1716750.0,128.11979703321896,35.44495393428276,975.1071650288508,False,6554.297695804873,0.0262171907832194,,,
라마56a17a,48890420,쌍백면,250000.0,250000.0,1056250.0,1717250.0,128.11983159809023,35.44946205681435,490.107912852834,False,60335.26426312614,0.2413410570525045,0.0,,
라마56a17b,48890420,쌍백면,250000.0,250000.0,1056250.0,1717750.0,128.11986617063755,35.453970175943304,171.981246626833,True,10891.1807426162,0.0435647229704648,31.0,21.0,0.6774193548387096
라마56a18a,48890420,쌍백면,250000.0,250000.0,1056250.0,1718250.0,128.11990075086257,35.458478291669444,564.755993453525,False,0.0,0.0,,,
라마56a18b,48890420,쌍백면,250000.0,250000.0,1056250.0,1718750.0,128.11993533876708,35.46298640399256,653.9663328492836,False,17202.50661432137,0.0688100264572854,6.0,,
라마56a19a,48890420,쌍백면,250000.0,250000.0,1056250.0,1719250.0,128.11996993435272,35.46749451291248,327.4565529135978,False,9434.796871772163,0.0377391874870886,,,
라마56a19b,48890420,쌍백면,250000.0,250000.0,1056250.0,1719750.0,128.12000453762124,35.47200261842901,535.5218236372555,False,15306.824571011828,0.0612272982840473,,,
라마56a20a,48890420,쌍백면,250000.0,250000.0,1056250.0,1720250.0,128.12003914857428,35.476510720541974,983.0256625019956,False,20148.962867810213,0.0805958514712408,,,
라마56a20b,48890420,쌍백면,250000.0,250000.0,1056250.0,1720750.0,128.12007376721365,35.48101881925116,1464.8874641702698,False,25091.73868260853,0.1003669547304341,9.0,6.0,0.6666666666666666
라마56a21a,48890420,쌍백면,250000.0,250000.0,1056250.0,1721250.0,128.120108393541,35.48552691455641,1955.8760472557865,False,25457.763930593777,0.1018310557223751,,,
라마56a21b,48890420,쌍백면,250000.0,250000.0,1056250.0,1721750.0,128.12014302755804,35.49003500645748,2450.5115673619325,False,1679.2863840921088,0.0067171455363684,,,
라마56a22a,48890460,용주면,250000.0,250000.0,1056250.0,1722250.0,128.12017766926647,35.49454309495425,2946.958223545144,False,0.0,0.0,,,
라마56a22b,48890460,용주면,250000.0,250000.0,1056250.0,1722750.0,128.12021231866805,35.499051180046514,2729.840245059966,False,4305.076360132099,0.0172203054405283,,,
라마56a23a,48890460,용주면,250000.0,250000.0,1056250.0,1723250.0,128.12024697576445,35.503559261734054,2232.559366384708,False,19046.788564400915,0.0761871542576036,,,
라마56a23b,48890460,용주면,250000.0,250000.0,1056250.0,1723750.0,128.12028164055744,35.50806734001672,1736.8404893124518,False,960.1863552003588,0.0038407454208014,,,
라마56a24a,48890460,용주면,250000.0,250000.0,1056250.0,1724250.0,128.12031631304868,35.512575414894286,1244.5515040359503,False,0.0,0.0,,,
라마56a24b,48890460,용주면,250000.0,250000.0,1056250.0,1724750.0,128.12035099323987,35.51708348636659,762.3660584530094,False,4320.287129515986,0.0172811485180639,,,
라마56a25a,48890460,용주면,250000.0,250000.0,1056250.0,1725250.0,128.1203856811328,35.52159155443344,336.89103277500215,False,109767.73692563592,0.4390709477025437,,,
라마56a25b,48890460,용주면,250000.0,250000.0,1056250.0,1725750.0,128.1204203767291,35.52609961909466,381.8234262682659,False,88904.01559599212,0.3556160623839685,0.0,0.0,
라마56a26a,48890460,용주면,250000.0,250000.0,1056250.0,1726250.0,128.12045508003055,35.53060768035004,417.96511062905415,False,114258.31637039532,0.4570332654815813,9.0,7.0,0.7777777777777778
라마56a26b,48890460,용주면,250000.0,250000.0,1056250.0,1726750.0,128.12048979103884,35.53511573819941,286.52031996558827,True,103107.51346372704,0.4124300538549081,8.0,6.0,0.75
라마56a27a,48890460,용주면,250000.0,250000.0,1056250.0,1727250.0,128.1205245097557,35.539623792642566,540.5698417046193,False,41325.49039058577,0.165301961562343,0.0,0.0,
라마56a27b,48890460,용주면,250000.0,250000.0,1056250.0,1727750.0,128.12055923618283,35.54413184367934,795.2887722041085,False,3583.532193561283,0.0143341287742451,,,
라마56a28a,48890460,용주면,250000.0,250000.0,1056250.0,1728250.0,128.12059397032195,35.548639891309534,943.7269869807012,False,137159.9292844676,0.5486397171378704,0.0,,
라마56a28b,48890460,용주면,250000.0,250000.0,1056250.0,1728750.0,128.12062871217478,35.55314793553298,859.1146662411342,False,39576.07133502911,0.1583042853401164,0.0,,
라마56a29a,48890460,용주면,250000.0,250000.0,1056250.0,1729250.0,128.12066346174305,35.55765597634945,1041.8902982298848,False,19835.934789688727,0.0793437391587549,9.0,0.0,0.0
라마56a29b,48890460,용주면,250000.0,250000.0,1056250.0,1729750.0,128.1206982190285,35.5621640137588,1390.321105838684,False,105478.26282670588,0.4219130513068235,0.0,0.0,
라마56a30a,48890460,용주면,250000.0,250000.0,1056250.0,1730250.0,128.12073298403283,35.566672047760825,1376.4107002190576,False,151216.68734274048,0.604866749370962,40.0,23.0,0.575
라마56a30b,48890460,용주면,250000.0,250000.0,1056250.0,1730750.0,128.12076775675772,35.571180078355326,1334.211630492685,False,20686.565175164826,0.0827462607006592,0.0,0.0,
라마56a31a,48890460,용주면,250000.0,250000.0,1056250.0,1731250.0,128.12080253720495,35.57568810554214,1471.6436165751477,False,2231.310329942952,0.0089252413197718,0.0,0.0,
라마56a31b,48890460,용주면,250000.0,250000.0,1056250.0,1731750.0,128.12083732537627,35.58019612932107,1746.8111499159868,False,111874.85706241576,0.447499428249663,55.0,34.0,0.6181818181818182
라마56a32a,48890460,용주면,250000.0,250000.0,1056250.0,1732250.0,128.12087212127332,35.58470414969194,2106.4100865537184,False,54025.33266661572,0.2161013306664629,37.0,14.0,0.3783783783783784
라마56a32b,48890460,용주면,250000.0,249999.99999925564,1056250.0,1732750.0,128.12090692489787,35.58921216665455,2514.473645119327,False,7184.500254033898,0.0287380010162211,,,
라마56a33a,48890250,합천읍,250000.0,249999.9999997769,1056250.0,1733250.0,128.1209417362516,35.59372018020871,2140.746859790652,False,3176.8856424255464,0.0127075425697135,0.0,0.0,
라마56a33b,48890250,합천읍,250000.0,250000.0,1056250.0,1733750.0,128.12097655533634,35.59822819035424,1662.4962020045543,False,0.0,0.0,,,
라마56a34a,48890250,합천읍,250000.0,250000.0,1056250.0,1734250.0,128.12101138215368,35.60273619709096,1202.0774208243,False,10822.054509793425,0.0432882180391736,0.0,0.0,
라마56a34b,48890250,합천읍,250000.0,250000.0,1056250.0,1734750.0,128.12104621670548,35.6072442004187,791.2563615110058,False,35081.52263481176,0.140326090539247,0.0,0.0,
라마56a35a,48890250,합천읍,250000.0,250000.0,1056250.0,1735250.0,128.12108105899335,35.61175220033725,554.2410428754529,False,45666.75410500877,0.182667016420035,6.0,0.0,0.0
라마56a35b,48890250,합천읍,250000.0,250000.0,1056250.0,1735750.0,128.12111590901912,35.616260196846405,698.7700892165489,False,65437.522446973686,0.2617500897878947,40.0,24.0,0.6
라마56a36a,48890250,합천읍,250000.0,250000.0,1056250.0,1736250.0,128.12115076678444,35.62076818994601,1081.3769655211534,False,0.0,0.0,,,
라마56a36b,48890250,합천읍,250000.0,250000.0,1056250.0,1736750.0,128.12118563229106,35.62527617963589,1533.1251239007763,False,7302.284324659608,0.0292091372986384,,,
라마56a37a,48890250,합천읍,250000.0,249999.9999993393,1056250.0,1737250.0,128.12122050554072,35.62978416591584,1590.019889219357,False,0.0,0.0,,,
라마56a37b,48890320,묘산면,250000.0,250000.0,1056250.0,1737750.0,128.12125538653518,35.63429214878568,1097.8730879052014,False,7815.416549314662,0.0312616661972586,0.0,,
라마56a38a,48890320,묘산면,250000.0,250000.0,1056250.0,1738250.0,128.1212902752761,35.6388001282452,618.4556460894086,False,54295.38665290074,0.2171815466116029,0.0,0.0,
라마56a38b,48890320,묘산면,250000.0,250000.0,1056250.0,1738750.0,128.12132517176525,35.64330810429426,244.23237953480583,True,140409.41172723428,0.5616376469089371,32.0,26.0,0.8125
라마56a39a,48890320,묘산면,250000.0,250000.0,1056250.0,1739250.0,128.12136007600438,35.64781607693265,486.63284337023447,False,52180.59408758455,0.2087223763503382,21.0,8.0,0.3809523809523809
라마56a39b,48890320,묘산면,250000.0,250000.0,1056250.0,1739750.0,128.1213949879952,35.65232404616018,956.0196615551192,False,32574.913643776927,0.1302996545751077,0.0,0.0,
라마56a40a,48890320,묘산면,250000.0,250000.0,1056250.0,1740250.0,128.12142990773944,35.656832011976675,1446.0759531619806,False,28826.04631989942,0.1153041852795976,0.0,,
라마56a40b,48890320,묘산면,250000.0,250000.0,1056250.0,1740750.0,128.12146483523884,35.66133997438194,1917.2335411153335,False,89303.41219882976,0.357213648795319,31.0,24.0,0.7741935483870968
라마56a41a,48890320,묘산면,250000.0,250000.0,1056250.0,1741250.0,128.12149977049515,35.66584793337581,1574.9031024913531,False,53115.42027902253,0.2124616811160901,0.0,0.0,
라마56a41b,48890320,묘산면,250000.0,250000.0,1056250.0,1741750.0,128.12153471351007,35.67035588895808,1335.98469800224,False,36560.58078411006,0.1462423231364402,53.0,36.0,0.6792452830188679
라마56a42a,48890320,묘산면,250000.0,250000.0,1056250.0,1742250.0,128.12156966428535,35.67486384112857,1260.7102935866685,False,36139.99793127494,0.1445599917250997,0.0,0.0,
라마56a42b,48890320,묘산면,250000.0,250000.0,1056250.0,1742750.0,128.12160462282276,35.67937178988711,1376.1997585432978,False,636.8158428510835,0.0025472633714043,,,
라마56a43a,48890320,묘산면,250000.0,250000.0,1056250.0,1743250.0,128.121639589124,35.68387973523349,1642.6993353848654,False,0.0,0.0,,,
라마56a43b,48890320,묘산면,250000.0,250000.0,1056250.0,1743750.0,128.1216745631908,35.688387677167555,2000.7489691445865,False,0.0,0.0,,,
라마56a44a,48890320,묘산면,250000.0,250000.0,1056250.0,1744250.0,128.12170954502488,35.69289561568909,2409.8821067828967,False,0.0,0.0,,,
라마56a44b,48890330,가야면,250000.0,250000.0,1056250.0,1744750.0,128.12174453462808,35.697403550797944,2677.3326536904374,False,1694.5733415037014,0.0067782933660148,,,
라마56a45a,48890330,가야면,250000.0,250000.0,1056250.0,1745250.0,128.12177953200205,35.701911482493905,2275.7387099030366,False,27774.365819579623,0.1110974632783184,13.0,9.0,0.6923076923076923
라마56a45b,48890330,가야면,250000.0,250000.0,1056250.0,1745750.0,128.12181453714854,35.70641941077679,1920.9016666620896,False,6898.484924352932,0.0275939396974117,0.0,,
라마56a46a,48890330,가야면,250000.0,250000.0,1056250.0,1746250.0,128.1218495500693,35.71092733564644,1643.3927559227134,False,23493.1807221369,0.0939727228885476,,,
라마56a46b,48890330,가야면,250000.0,250000.0,1056250.0,1746750.0,128.12188457076607,35.715435257102655,1487.1503916730503,False,10692.767035954816,0.0427710681438192,,,
라마56a47a,48890330,가야면,250000.0,250000.0,1056250.0,1747250.0,128.12191959924058,35.71994317514524,1490.802745062996,False,19558.15113050082,0.0782326045220032,0.0,0.0,
라마56a47b,48890330,가야면,250000.0,250000.0,1056250.0,1747750.0,128.12195463549463,35.724451089774035,1180.3434480662054,False,47150.20701740861,0.1886008280696344,36.0,26.0,0.7222222222222222
라마56a48a,48890330,가야면,250000.0,250000.0,1056250.0,1748250.0,128.12198967952992,35.72895900098884,692.3262863329961,False,148879.73452697205,0.5955189381078883,22.0,10.0,0.4545454545454545
라마56a48b,48890330,가야면,250000.0,250000.0,1056250.0,1748750.0,128.12202473134815,35.733466908789474,255.77474093908523,True,120584.77265071338,0.4823390906028535,11.0,0.0,0.0
라마56a49a,48890330,가야면,250000.0,250000.0,1056250.0,1749250.0,128.1220597909511,35.73797481317576,389.2630851458621,False,97773.72783498904,0.3910949113399561,22.0,8.0,0.3636363636363636
라마56a49b,48890330,가야면,250000.0,250000.0,1056250.0,1749750.0,128.12209485834055,35.742482714147506,858.8543420231938,False,125340.70687073642,0.5013628274829457,0.0,,
라마56a50a,48890330,가야면,250000.0,250000.0,1056250.0,1750250.0,128.12212993351824,35.74699061170454,606.6852593180766,False,65762.99173810908,0.2630519669524363,25.0,12.0,0.48
라마56a50b,48890330,가야면,250000.0,250000.0,1056250.0,1750750.0,128.12216501648584,35.75149850584667,366.3711432427537,False,30475.43234236729,0.1219017293694691,21.0,12.0,0.5714285714285714
라마56a51a,48890330,가야면,250000.0,250000.0,1056250.0,1751250.0,128.12220010724516,35.756006396573696,632.7626927436247,False,17445.792265356813,0.0697831690614272,,,
라마56a51b,48890330,가야면,250000.0,250000.0,1056250.0,1751750.0,128.12223520579798,35.76051428388547,1080.069181143191,False,27553.99113122502,0.1102159645249,0.0,0.0,
라마56a52a,48890330,가야면,250000.0,250000.0,1056250.0,1752250.0,128.12227031214596,35.765022167781794,1507.1606039636931,False,20803.547704899454,0.0832141908195978,0.0,0.0,
라마56a52b,48890330,가야면,250000.0,250000.0,1056250.0,1752750.0,128.1223054262909,35.769530048262475,1643.7282119067577,False,17230.45212017193,0.0689218084806877,29.0,22.0,0.7586206896551724
라마56a53a,48890330,가야면,250000.0,250000.0,1056250.0,1753250.0,128.12234054823455,35.77403792532735,1905.8205012792173,False,49.46358666397047,0.0001978543466558,,,
라마56a53b,48890330,가야면,250000.0,250000.0,1056250.0,1753750.0,128.12237567797862,35.77854579897622,2249.9913625554545,False,8974.315479486178,0.0358972619179447,11.0,0.0,0.0
라마56a54a,48890330,가야면,250000.0,250000.0,1056250.0,1754250.0,128.12241081552492,35.7830536692089,2644.384707271643,False,41714.83204222924,0.1668593281689169,22.0,12.0,0.5454545454545454
라마56a54b,48890330,가야면,250000.0,250000.0,1056250.0,1754750.0,128.12244596087515,35.78756153602522,3069.703540821184,False,7340.99152778991,0.0293639661111596,,,
라마56a55a,48890330,가야면,250000.0,250000.0,1056250.0,1755250.0,128.12248111403107,35.79206939942499,3514.738849048119,False,0.0,0.0,,,
라마56a55b,48890330,가야면,250000.0,250000.0,1056250.0,1755750.0,128.1225162749945,35.79657725940804,3972.870313197509,False,0.0,0.0,,,
라마56a56a,48890330,가야면,250000.0,180349.98554409065,1056250.0,1756250.0,128.1225514437671,35.80108511597416,4440.04593151513,False,0.0,0.0,,,
라마56a56b,48890330,가야면,250000.0,125764.10950327844,1056250.0,1756750.0,128.12258662035066,35.80559296912321,4913.686724084273,False,0.0,0.0,,,
라마56a58a,48890330,가야면,250000.0,179653.64529411748,1056250.0,1758250.0,128.12269219698464,35.819116508065925,6358.871383183968,False,0.0,0.0,,,
라마56b09a,48890430,삼가면,250000.0,211294.22974366928,1056750.0,1709250.0,128.12478389592013,35.377303351044766,2591.332403225025,False,0.0,0.0,,,
라마56b09b,48890430,삼가면,250000.0,198184.4444947216,1056750.0,1709750.0,128.1248186520125,35.38181151989799,2494.653198760373,False,50980.43085195508,0.257237297215387,21.0,14.0,0.6666666666666666
라마56b10a,48890430,삼가면,250000.0,214635.86108188023,1056750.0,1710250.0,128.12485341582334,35.38631968535088,2438.4310057976945,False,40866.433024002414,0.1903989054672113,0.0,,
라마56b10b,48890430,삼가면,250000.0,250000.0,1056750.0,1710750.0,128.1248881873544,35.39082784740328,1954.212128148402,False,10137.36624614509,0.0405494649845803,,,
라마56b11a,48890430,삼가면,250000.0,250000.0,1056750.0,1711250.0,128.12492296660736,35.39533600605499,1480.521635630177,False,46766.822063775406,0.1870672882551016,0.0,,
라마56b11b,48890430,삼가면,250000.0,250000.0,1056750.0,1711750.0,128.12495775358394,35.39984416130583,1031.961038671423,False,82848.62418500753,0.3313944967400301,0.0,,
라마56b12a,48890430,삼가면,250000.0,250000.0,1056750.0,1712250.0,128.12499254828586,35.40435231315559,661.7725115948458,False,83164.58372728346,0.3326583349091338,,,
라마56b12b,48890430,삼가면,250000.0,250000.0,1056750.0,1712750.0,128.12502735071482,35.40886046160409,464.53378242963015,False,23190.15025794912,0.0927606010317964,11.0,9.0,0.8181818181818182
라마56b13a,48890430,삼가면,250000.0,250000.0,1056750.0,1713250.0,128.12506216087257,35.41336860665115,125.43285129980134,True,24255.12381987388,0.0970204952794955,459.0,224.0,0.4880174291938998
라마56b13b,48890430,삼가면,250000.0,250000.0,1056750.0,1713750.0,128.12509697876078,35.417876748296564,475.6627976841386,False,31005.32884877013,0.1240213153950805,18.0,8.0,0.4444444444444444
라마56b14a,48890430,삼가면,250000.0,250000.0,1056750.0,1714250.0,128.1251318043812,35.42238488654016,916.9192378289258,False,7331.939932641647,0.0293277597305665,,,
라마56b14b,48890430,삼가면,250000.0,250000.0,1056750.0,1714750.0,128.12516663773556,35.42689302138172,1133.2098022356088,False,29438.048052662736,0.1177521922106509,0.0,0.0,
라마56b15a,48890430,삼가면,250000.0,250000.0,1056750.0,1715250.0,128.12520147882552,35.431401152821095,1272.9388439516651,False,3622.0137605628006,0.0144880550422512,,,
라마56b15b,48890430,삼가면,250000.0,250000.0,1056750.0,1715750.0,128.12523632765286,35.43590928085805,1207.1064948219223,False,4123.739870002601,0.0164949594800104,,,
라마56b16a,48890420,쌍백면,250000.0,250000.0,1056750.0,1716250.0,128.1252711842193,35.44041740549245,1339.3427041805,False,5252.962483854838,0.0210118499354193,,,
라마56b16b,48890420,쌍백면,250000.0,250000.0,1056750.0,1716750.0,128.12530604852648,35.44492552672405,1169.721281876087,False,63247.44355444874,0.2529897742177949,0.0,0.0,
라마56b17a,48890420,쌍백면,250000.0,250000.0,1056750.0,1717250.0,128.12534092057624,35.449433644552705,810.9375193097152,False,22033.740076580263,0.088134960306321,,,
라마56b17b,48890420,쌍백면,250000.0,250000.0,1056750.0,1717750.0,128.12537580037016,35.4539417589782,668.5741867396267,False,522.4082681486027,0.0020896330725944,,,
라마56b18a,48890420,쌍백면,250000.0,250000.0,1056750.0,1718250.0,128.12541068791012,35.458449870000365,858.116091286553,False,10754.610102619856,0.0430184404104794,,,
라마56b18b,48890420,쌍백면,250000.0,250000.0,1056750.0,1718750.0,128.12544558319772,35.46295797761899,598.2326687798724,False,35006.07034690098,0.1400242813876039,30.0,16.0,0.5333333333333333
라마56b19a,48890420,쌍백면,250000.0,250000.0,1056750.0,1719250.0,128.12548048623475,35.46746608183391,193.4894197138549,True,26182.253226756387,0.1047290129070255,18.0,14.0,0.7777777777777778
라마56b19b,48890420,쌍백면,250000.0,250000.0,1056750.0,1719750.0,128.1255153970229,35.47197418264493,465.8261318205754,False,477.9554864715921,0.0019118219458863,,,
라마56b20a,48890420,쌍백면,250000.0,250000.0,1056750.0,1720250.0,128.1255503155639,35.47648228005185,946.863144616283,False,4171.805946879244,0.0166872237875169,,,
라마56b20b,48890420,쌍백면,250000.0,250000.0,1056750.0,1720750.0,128.1255852418595,35.48099037405448,1440.8697526766089,False,37189.31104214258,0.1487572441685703,37.0,28.0,0.7567567567567568
라마56b21a,48890420,쌍백면,250000.0,250000.0,1056750.0,1721250.0,128.12562017591137,35.48549846465264,1937.9529080253903,False,30524.35448048308,0.1220974179219323,19.0,16.0,0.8421052631578947
라마56b21b,48890420,쌍백면,250000.0,250000.0,1056750.0,1721750.0,128.1256551177213,35.49000655184615,2436.2301416881337,False,2674.114334430298,0.0106964573377211,0.0,,
라마56b22a,48890460,용주면,250000.0,250000.0,1056750.0,1722250.0,128.12569006729098,35.49451463563482,2935.0933771884497,False,0.0,0.0,,,
라마56b22b,48890460,용주면,250000.0,250000.0,1056750.0,1722750.0,128.12572502462214,35.49902271601845,2728.5398262101176,False,340.24667942802387,0.001360986717712,,,
라마56b23a,48890410,대양면,250000.0,250000.0,1056750.0,1723250.0,128.12575998971653,35.503530792996855,2230.969104245456,False,274.92120298237506,0.0010996848119295,,,
라마56b23b,48890460,용주면,250000.0,250000.0,1056750.0,1723750.0,128.12579496257584,35.50803886656986,1734.795868389362,False,0.0,0.0,,,
라마56b24a,48890460,용주면,250000.0,250000.0,1056750.0,1724250.0,128.12582994320184,35.51254693673725,1241.6965272818595,False,0.0,0.0,,,
라마56b24b,48890460,용주면,250000.0,250000.0,1056750.0,1724750.0,128.12586493159623,35.51705500349887,757.696394835597,False,683.5454609656949,0.0027341818438627,,,
라마56b25a,48890460,용주면,250000.0,250000.0,1056750.0,1725250.0,128.12589992776077,35.52156306685452,326.1861242142146,False,48159.93333332309,0.1926397333332923,25.0,15.0,0.6
라마56b25b,48890460,용주면,250000.0,250000.0,1056750.0,1725750.0,128.12593493169717,35.526071126804005,372.41233668196514,False,5122.116861592728,0.0204884674463709,16.0,9.0,0.5625
라마56b26a,48890460,용주면,250000.0,250000.0,1056750.0,1726250.0,128.12596994340714,35.530579183347136,430.44171360430994,False,897.3546403618716,0.0035894185614474,0.0,,
라마56b26b,48890460,용주면,250000.0,250000.0,1056750.0,1726750.0,128.12600496289244,35.53508723648375,304.4324701155255,False,65234.99174866947,0.2609399669946778,0.0,0.0,
라마56b27a,48890460,용주면,250000.0,250000.0,1056750.0,1727250.0,128.1260399901548,35.53959528621363,707.1620669342113,False,37458.247690851946,0.1498329907634077,0.0,0.0,
라마56b27b,48890460,용주면,250000.0,250000.0,1056750.0,1727750.0,128.12607502519597,35.5441033325366,969.3266861033616,False,0.0,0.0,,,
라마56b28a,48890460,용주면,250000.0,250000.0,1056750.0,1728250.0,128.12611006801765,35.548611375452474,535.7719740589907,False,26605.998342642622,0.1064239933705705,,,
라마56b28b,48890460,용주면,250000.0,250000.0,1056750.0,1728750.0,128.12614511862157,35.55311941496108,366.7546754739613,False,107250.03815130652,0.429000152605226,93.0,61.0,0.6559139784946236
라마56b29a,48890460,용주면,250000.0,250000.0,1056750.0,1729250.0,128.12618017700953,35.55762745106221,694.2379820904022,False,118929.27229019084,0.4757170891607634,43.0,24.0,0.5581395348837209
라마56b29b,48890460,용주면,250000.0,250000.0,1056750.0,1729750.0,128.12621524318322,35.56213548375567,1153.006400490429,False,51494.38923129944,0.2059775569251977,0.0,,
라마56b30a,48890460,용주면,250000.0,250000.0,1056750.0,1730250.0,128.12625031714435,35.566643513041306,1636.117704618723,False,34586.32012078528,0.1383452804831411,,,
라마56b30b,48890460,용주면,250000.0,250000.0,1056750.0,1730750.0,128.1262853988947,35.571151538918905,1832.3270016942545,False,130243.5989325513,0.5209743957302052,,,
라마56b31a,48890460,용주면,250000.0,250000.0,1056750.0,1731250.0,128.12632048843597,35.57565956138828,1934.6928697863875,False,66546.08097542416,0.2661843239016966,0.0,0.0,
라마56b31b,48890460,용주면,250000.0,249999.99999998405,1056750.0,1731750.0,128.12635558576997,35.580167580449256,2151.429933710768,False,11350.04807023174,0.0454001922809298,0.0,0.0,
라마56b32a,48890460,용주면,250000.0,249999.9999997675,1056750.0,1732250.0,128.12639069089835,35.58467559610166,2400.558046823583,False,3029.178147102999,0.0121167125884232,,,
라마56b32b,48890250,합천읍,250000.0,249999.9999991497,1056750.0,1732750.0,128.12642580382288,35.58918360834527,2172.1776414255205,False,17848.033415000464,0.0713921336602446,0.0,0.0,
라마56b33a,48890250,합천읍,250000.0,250000.0,1056750.0,1733250.0,128.12646092454534,35.59369161717993,2043.0449029936717,False,29545.50904883657,0.1181820361953463,15.0,10.0,0.6666666666666666
라마56b33b,48890250,합천읍,250000.0,250000.0,1056750.0,1733750.0,128.12649605306743,35.59819962260542,1887.8122071102875,False,0.0,0.0,,,
라마56b34a,48890250,합천읍,250000.0,250000.0,1056750.0,1734250.0,128.1265311893909,35.602707624621594,1498.3095251951945,False,0.0,0.0,,,
라마56b34b,48890250,합천읍,250000.0,250000.0,1056750.0,1734750.0,128.1265663335175,35.60721562322825,1194.1641165546223,False,0.0,0.0,,,
라마56b35a,48890250,합천읍,250000.0,250000.0,1056750.0,1735250.0,128.12660148544893,35.6117236184252,1052.199810512583,False,33.77271729105978,0.0001350908691642,,,
라마56b35b,48890250,합천읍,250000.0,250000.0,1056750.0,1735750.0,128.126636645187,35.616231610212246,1134.9982137513475,False,37367.130942627744,0.1494685237705109,19.0,14.0,0.7368421052631579
라마56b36a,48890250,합천읍,250000.0,250000.0,1056750.0,1736250.0,128.12667181273343,35.620739598589225,1403.323715040398,False,3412.2731632728314,0.0136490926530913,,,
라마56b36b,48890250,합천읍,250000.0,250000.0,1056750.0,1736750.0,128.12670698808995,35.62524758355594,1774.9405491933578,False,32634.07143439076,0.130536285737563,11.0,7.0,0.6363636363636364
라마56b37a,48890250,합천읍,250000.0,249999.99999994412,1056750.0,1737250.0,128.12674217125831,35.62975556511221,1735.304422636475,False,951.3901940500988,0.0038055607762012,0.0,0.0,
라마56b37b,48890250,합천읍,250000.0,249999.99999928533,1056750.0,1737750.0,128.12677736224023,35.634263543257845,1299.401211425892,False,1068.861878081264,0.0042754475123372,0.0,0.0,
라마56b38a,48890320,묘산면,250000.0,250000.0,1056750.0,1738250.0,128.12681256103753,35.638771517992666,930.3792652936978,False,9798.609850177983,0.0391944394007119,0.0,0.0,
라마56b38b,48890320,묘산면,250000.0,250000.0,1056750.0,1738750.0,128.12684776765187,35.64327948931648,736.7276608909202,False,111291.50510637484,0.4451660204254993,0.0,,
라마56b39a,48890320,묘산면,250000.0,250000.0,1056750.0,1739250.0,128.12688298208505,35.647787457229086,848.4867207889422,False,106759.15320121196,0.4270366128048479,92.0,50.0,0.5434782608695652
라마56b39b,48890320,묘산면,250000.0,250000.0,1056750.0,1739750.0,128.1269182043388,35.65229542173034,1181.9863723362205,False,35627.49614823925,0.142509984592957,30.0,21.0,0.7
라마56b40a,48890320,묘산면,250000.0,250000.0,1056750.0,1740250.0,128.12695343441487,35.65680338282002,1604.4481460682684,False,48548.81873502903,0.1941952749401161,32.0,17.0,0.53125
라마56b40b,48890320,묘산면,250000.0,250000.0,1056750.0,1740750.0,128.12698867231504,35.66131134049797,1632.8668789298747,False,85189.63907346017,0.3407585562938407,33.0,22.0,0.6666666666666666
라마56b41a,48890320,묘산면,250000.0,250000.0,1056750.0,1741250.0,128.127023918041,35.66581929476398,1212.761136978522,False,47117.083130179606,0.1884683325207184,8.0,0.0,0.0
라마56b41b,48890320,묘산면,250000.0,250000.0,1056750.0,1741750.0,128.12705917159454,35.67032724561788,880.525358195143,False,87941.44408999108,0.3517657763599643,16.0,13.0,0.8125
라마56b42a,48890320,묘산면,250000.0,250000.0,1056750.0,1742250.0,128.1270944329774,35.67483519305946,761.4855464707995,False,104686.44593709128,0.4187457837483651,58.0,34.0,0.5862068965517241
라마56b42b,48890320,묘산면,250000.0,250000.0,1056750.0,1742750.0,128.12712970219135,35.67934313708857,940.423079546211,False,5647.117511085261,0.022588470044341,,,
라마56b43a,48890320,묘산면,250000.0,250000.0,1056750.0,1743250.0,128.1271649792381,35.683851077705015,1299.5887424883406,False,0.0,0.0,,,
라마56b43b,48890320,묘산면,250000.0,250000.0,1056750.0,1743750.0,128.12720026411947,35.68835901490861,1730.163642740673,False,32.70796673833304,0.0001308318669533,,,
라마56b44a,48890320,묘산면,250000.0,250000.0,1056750.0,1744250.0,128.12723555683715,35.692866948699155,2190.434103487462,False,56.7251964518119,0.0002269007858072,,,
라마56b44b,48890320,묘산면,250000.0,250000.0,1056750.0,1744750.0,128.12727085739292,35.6973748790765,2553.6863429481155,False,17276.686366535792,0.0691067454661431,10.0,9.0,0.9
라마56b45a,48890340,야로면,250000.0,250000.0,1056750.0,1745250.0,128.12730616578853,35.70188280604042,2433.883029071844,False,0.0,0.0,,,
라마56b45b,48890330,가야면,250000.0,250000.0,1056750.0,1745750.0,128.1273414820257,35.706390729590744,2325.4382413625635,False,0.0,0.0,,,
라마56b46a,48890330,가야면,250000.0,250000.0,1056750.0,1746250.0,128.1273768061063,35.71089864972732,2102.0322432411613,False,551.8781722285497,0.0022075126889141,,,
라마56b46b,48890330,가야면,250000.0,250000.0,1056750.0,1746750.0,128.12741213803196,35.715406566449914,1982.275482585487,False,42987.97387778397,0.1719518955111359,0.0,,
라마56b47a,48890330,가야면,250000.0,250000.0,1056750.0,1747250.0,128.1274474778045,35.71991447975837,1691.3724504963411,False,52807.536538043954,0.2112301461521758,43.0,25.0,0.5813953488372093
라마56b47b,48890330,가야면,250000.0,250000.0,1056750.0,1747750.0,128.12748282542566,35.724422389652496,1202.8490336084649,False,60368.10820713695,0.2414724328285478,0.0,0.0,
라마56b48a,48890330,가야면,250000.0,250000.0,1056750.0,1748250.0,128.12751818089717,35.72893029613213,730.0348135586659,False,48481.44059629247,0.1939257623851699,0.0,0.0,
라마56b48b,48890330,가야면,250000.0,250000.0,1056750.0,1748750.0,128.1275535442209,35.733438199197046,345.04472226430937,False,101527.46232316288,0.4061098492926515,62.0,32.0,0.5161290322580645
라마56b49a,48890330,가야면,250000.0,250000.0,1056750.0,1749250.0,128.12758891539843,35.737946098847104,452.9468972377147,False,22463.411476978286,0.0898536459079131,11.0,6.0,0.5454545454545454
라마56b49b,48890330,가야면,250000.0,250000.0,1056750.0,1749750.0,128.12762429443168,35.74245399508209,889.531294037535,False,17610.87159857773,0.0704434863943109,0.0,0.0,
라마56b50a,48890330,가야면,250000.0,250000.0,1056750.0,1750250.0,128.12765968132237,35.74696188790184,992.0088421612523,False,64135.69753515732,0.2565427901406293,7.0,0.0,0.0
라마56b50b,48890330,가야면,250000.0,250000.0,1056750.0,1750750.0,128.12769507607223,35.75146977730616,866.165315429606,False,59060.508219027965,0.2362420328761118,66.0,40.0,0.6060606060606061
라마56b51a,48890330,가야면,250000.0,250000.0,1056750.0,1751250.0,128.127730478683,35.755977663294864,1008.1682222627478,False,4947.396637779953,0.0197895865511198,,,
라마56b51b,48890330,가야면,250000.0,250000.0,1056750.0,1751750.0,128.1277658891565,35.76048554586777,1046.3688024785297,False,19425.17526213676,0.077700701048547,0.0,0.0,
라마56b52a,48890330,가야면,250000.0,250000.0,1056750.0,1752250.0,128.12780130749448,35.76499342502471,1012.520132776793,False,63777.11722731352,0.255108468909254,,,
라마56b52b,48890330,가야면,250000.0,250000.0,1056750.0,1752750.0,128.1278367336987,35.76950130076548,1206.4436861106765,False,46916.06880888875,0.1876642752355549,25.0,10.0,0.4
라마56b53a,48890330,가야면,250000.0,250000.0,1056750.0,1753250.0,128.12787216777087,35.77400917308992,1544.6085964522852,False,25779.10631551646,0.1031164252620658,151.0,103.0,0.6821192052980133
라마56b53b,48890330,가야면,250000.0,250000.0,1056750.0,1753750.0,128.12790760971285,35.77851704199783,1953.4904823705388,False,14267.367658251356,0.0570694706330054,30.0,14.0,0.4666666666666667
라마56b54a,48890330,가야면,250000.0,250000.0,1056750.0,1754250.0,128.12794305952636,35.783024907489015,2397.172170118421,False,40317.40719126535,0.1612696287650614,79.0,44.0,0.5569620253164557
라마56b54b,48890330,가야면,250000.0,238684.52528308507,1056750.0,1754750.0,128.12797851721314,35.78753276956333,2859.500614035297,False,0.0,0.0,,,
라마56b55a,48890330,가야면,250000.0,154286.3110912749,1056750.0,1755250.0,128.12801398277497,35.79204062822056,3332.724577601069,False,0.0,0.0,,,
라마57a10b,48890430,삼가면,250000.0,250000.0,1057250.0,1710750.0,128.13039351411336,35.39079924538761,2147.750511987457,False,3073.6618426748264,0.0122946473706993,0.0,,
라마57a11a,48890430,삼가면,250000.0,250000.0,1057250.0,1711250.0,128.1304285997257,35.395307399301004,1727.9558829753537,False,79604.0895207072,0.3184163580828288,0.0,0.0,
라마57a11b,48890430,삼가면,250000.0,250000.0,1057250.0,1711750.0,128.1304636931297,35.399815549813,1363.389454732536,False,0.6084370054287591,2.4337480217150365e-06,,,
라마57a12a,48890430,삼가면,250000.0,250000.0,1057250.0,1712250.0,128.1304987943271,35.404323696923406,1109.8784064223566,False,0.0,0.0,,,
라마57a12b,48890430,삼가면,250000.0,250000.0,1057250.0,1712750.0,128.13053390331962,35.40883184063203,762.1374191702633,False,19657.054176825088,0.0786282167073003,15.0,9.0,0.6
라마57a13a,48890430,삼가면,250000.0,250000.0,1057250.0,1713250.0,128.13056902010896,35.413339980938694,617.086064391612,False,66577.7686776558,0.2663110747106232,11.0,0.0,0.0
라마57a13b,48890430,삼가면,250000.0,250000.0,1057250.0,1713750.0,128.13060414469692,35.41784811784319,825.0678614714961,False,129650.86369160218,0.5186034547664087,19.0,12.0,0.631578947368421
라마57a14a,48890430,삼가면,250000.0,250000.0,1057250.0,1714250.0,128.13063927708512,35.42235625134535,737.4613664368842,False,124205.5148196454,0.4968220592785816,26.0,17.0,0.6538461538461539
라마57a14b,48890430,삼가면,250000.0,250000.0,1057250.0,1714750.0,128.13067441727537,35.42686438144497,637.6325771934163,False,10150.644813589251,0.040602579254357,16.0,9.0,0.5625
라마57a15a,48890430,삼가면,250000.0,250000.0,1057250.0,1715250.0,128.13070956526943,35.43137250814187,816.3251752584425,False,0.0,0.0,,,
라마57a15b,48890420,쌍백면,250000.0,250000.0,1057250.0,1715750.0,128.13074472106896,35.43588063143584,709.3092281656806,False,815.9816923067376,0.0032639267692269,,,
라마57a16a,48890420,쌍백면,250000.0,250000.0,1057250.0,1716250.0,128.13077988467575,35.440388751326715,916.4345969905654,False,58264.92014685027,0.2330596805874011,0.0,,
라마57a16b,48890420,쌍백면,250000.0,250000.0,1057250.0,1716750.0,128.13081505609148,35.44489686781429,1294.830166454862,False,38417.0732353417,0.1536682929413667,31.0,24.0,0.7741935483870968
라마57a17a,48890420,쌍백면,250000.0,250000.0,1057250.0,1717250.0,128.13085023531795,35.4494049808984,1255.003408046141,False,3091.1027188493936,0.0123644108753975,,,
라마57a17b,48890420,쌍백면,250000.0,250000.0,1057250.0,1717750.0,128.13088542235687,35.45391309057883,1168.077624628512,False,0.0,0.0,,,
라마57a18a,48890420,쌍백면,250000.0,250000.0,1057250.0,1718250.0,128.13092061720994,35.458421196855404,1268.2810642538668,False,39254.362464111735,0.1570174498564469,0.0,0.0,
라마57a18b,48890420,쌍백면,250000.0,250000.0,1057250.0,1718750.0,128.13095581987895,35.46292929972792,887.7458462255045,False,142.70593669107865,0.0005708237467643,,,
라마57a19a,48890420,쌍백면,250000.0,250000.0,1057250.0,1719250.0,128.13099103036564,35.46743739919621,683.8483143478185,False,5190.25906876144,0.0207610362750457,,,
라마57a19b,48890420,쌍백면,250000.0,250000.0,1057250.0,1719750.0,128.13102624867173,35.47194549526006,804.4901159007912,False,5646.551798882749,0.0225862071955309,,,
라마57a20a,48890420,쌍백면,250000.0,250000.0,1057250.0,1720250.0,128.13106147479894,35.47645358791932,1151.8507612220362,False,29004.73834916163,0.1160189533966465,,,
라마57a20b,48890420,쌍백면,250000.0,250000.0,1057250.0,1720750.0,128.13109670874903,35.48096167717375,1583.1348665459618,False,36430.29286975575,0.145721171479023,0.0,,
라마57a21a,48890420,쌍백면,250000.0,250000.0,1057250.0,1721250.0,128.13113195052375,35.485469763023204,2045.9403303173865,False,42441.36242035258,0.1697654496814103,,,
라마57a21b,48890420,쌍백면,250000.0,250000.0,1057250.0,1721750.0,128.13116720012482,35.48997784546748,2522.979917630129,False,494.4491762677988,0.0019777967050711,,,
라마57a22a,48890410,대양면,250000.0,250000.0,1057250.0,1722250.0,128.131202457554,35.494485924506385,2956.944615256889,False,0.0,0.0,,,
라마57a22b,48890410,대양면,250000.0,250000.0,1057250.0,1722750.0,128.131237722813,35.49899400013974,2817.415731282912,False,3149.9679172842225,0.0125998716691368,0.0,,
라마57a23a,48890410,대양면,250000.0,250000.0,1057250.0,1723250.0,128.13127299590363,35.50350207236734,2338.829827876208,False,0.0,0.0,,,
라마57a23b,48890410,대양면,250000.0,250000.0,1057250.0,1723750.0,128.13130827682755,35.50801014118901,1871.474959663229,False,0.0,0.0,,,
라마57a24a,48890460,용주면,250000.0,250000.0,1057250.0,1724250.0,128.1313435655866,35.512518206604575,1426.4333442294153,False,0.0,0.0,,,
라마57a24b,48890460,용주면,250000.0,250000.0,1057250.0,1724750.0,128.13137886218246,35.51702626861382,1032.9596538164228,False,3975.4650440987866,0.0159018601763951,,,
라마57a25a,48890460,용주면,250000.0,250000.0,1057250.0,1725250.0,128.13141416661685,35.52153432721658,774.144177331054,False,29105.07338766449,0.1164202935506579,,,
라마57a25b,48890460,용주면,250000.0,250000.0,1057250.0,1725750.0,128.1314494788916,35.52604238241265,794.7281095938439,False,299.6658179619502,0.0011986632718478,,,
라마57a26a,48890460,용주면,250000.0,250000.0,1057250.0,1726250.0,128.13148479900838,35.53055043420186,834.1854133932528,False,0.0,0.0,,,
라마57a26b,48890460,용주면,250000.0,250000.0,1057250.0,1726750.0,128.13152012696895,35.535058482584,776.7009488651971,False,27164.12273900557,0.1086564909560222,6.0,0.0,0.0
라마57a27a,48890460,용주면,250000.0,250000.0,1057250.0,1727250.0,128.1315554627751,35.53956652755891,1005.31757371396,False,0.0,0.0,,,
라마57a27b,48890460,용주면,250000.0,250000.0,1057250.0,1727750.0,128.13159080642856,35.544074569126366,914.3441401482924,False,0.0,0.0,,,
라마57a28a,48890460,용주면,250000.0,250000.0,1057250.0,1728250.0,128.1316261579311,35.54858260728622,428.3486785534224,False,45620.53363825966,0.1824821345530386,,,
라마57a28b,48890460,용주면,250000.0,250000.0,1057250.0,1728750.0,128.1316615172844,35.55309064203827,175.89762424036888,True,186247.92855342443,0.7449917142136977,31.0,21.0,0.6774193548387096
라마57a29a,48890460,용주면,250000.0,250000.0,1057250.0,1729250.0,128.13169688449028,35.55759867338232,615.1401125014926,False,104533.96456051191,0.4181358582420477,0.0,0.0,
라마57a29b,48890460,용주면,250000.0,250000.0,1057250.0,1729750.0,128.13173225955043,35.5621067013182,1107.1832467136103,False,71435.11144851692,0.2857404457940677,,,
라마57a30a,48890460,용주면,250000.0,250000.0,1057250.0,1730250.0,128.13176764246668,35.5666147258457,1604.1546451630636,False,3929.265009946948,0.0157170600397877,,,
라마57a30b,48890460,용주면,250000.0,250000.0,1057250.0,1730750.0,128.13180303324071,35.571122746964654,2102.56260534453,False,101567.21212110718,0.4062688484844287,6.0,0.0,0.0
라마57a31a,48890460,용주면,250000.0,249999.99999988877,1057250.0,1731250.0,128.1318384318743,35.57563076467487,2412.537681902232,False,11453.550320752956,0.0458142012830322,8.0,0.0,0.0
라마57a31b,48890250,합천읍,250000.0,249999.9999985893,1057250.0,1731750.0,128.13187383836922,35.58013877897615,2352.7151707446083,False,0.0,0.0,,,
라마57a32a,48890250,합천읍,250000.0,249999.9999991473,1057250.0,1732250.0,128.1319092527272,35.58464678986833,1997.735078630626,False,0.0,0.0,,,
라마57a32b,48890250,합천읍,250000.0,250000.0,1057250.0,1732750.0,128.13194467495003,35.589154797351206,1716.5728106115382,False,5966.441712055633,0.0238657668482225,,,
라마57a33a,48890250,합천읍,250000.0,250000.0,1057250.0,1733250.0,128.13198010503945,35.59366280142459,1549.9351547307645,False,15640.396432619,0.062561585730476,,,
라마57a33b,48890250,합천읍,250000.0,250000.0,1057250.0,1733750.0,128.13201554299718,35.59817080208829,1535.5701721542266,False,9495.074297684654,0.0379802971907386,,,
라마57a34a,48890250,합천읍,250000.0,250000.0,1057250.0,1734250.0,128.13205098882497,35.60267879934215,1677.394564003724,False,7825.745170546248,0.0313029806821849,0.0,0.0,
라마57a34b,48890250,합천읍,250000.0,250000.0,1057250.0,1734750.0,128.13208644252464,35.60718679318596,1651.0509516370864,False,0.0,0.0,,,
라마57a35a,48890250,합천읍,250000.0,250000.0,1057250.0,1735250.0,128.13212190409791,35.61169478361955,1551.4721231391052,False,641.3284305366809,0.0025653137221467,,,
라마57a35b,48890250,합천읍,250000.0,250000.0,1057250.0,1735750.0,128.13215737354656,35.61620277064271,1608.7766323681471,False,12460.16195063712,0.0498406478025484,,,
라마57a36a,48890250,합천읍,250000.0,250000.0,1057250.0,1736250.0,128.13219285087234,35.62071075425526,1808.1091661815751,False,17379.953255214856,0.0695198130208594,18.0,12.0,0.6666666666666666
라마57a36b,48890250,합천읍,250000.0,250000.0,1057250.0,1736750.0,128.13222833607696,35.62521873445703,2109.5865141789905,False,618.0105972272219,0.0024720423889088,,,
라마57a37a,48890250,합천읍,250000.0,250000.0,1057250.0,1737250.0,128.13226382916227,35.629726711247834,1998.599417174508,False,44033.16617782677,0.1761326647113071,0.0,0.0,
라마57a37b,48890250,합천읍,250000.0,250000.0,1057250.0,1737750.0,128.13229933012997,35.63423468462748,1634.4912662243407,False,0.0,0.0,,,
라마57a38a,48890320,묘산면,250000.0,249999.99999951053,1057250.0,1738250.0,128.13233483898185,35.63874265459577,1359.677817866061,False,0.0,0.0,,,
라마57a38b,48890320,묘산면,250000.0,249999.99999984528,1057250.0,1738750.0,128.13237035571964,35.64325062115253,1235.267516544647,False,20775.802860312662,0.083103211441302,0.0,0.0,
라마57a39a,48890320,묘산면,250000.0,250000.0,1057250.0,1739250.0,128.13240588034515,35.64775858429757,1305.0087763933795,False,63596.70126756446,0.2543868050702578,6.0,0.0,0.0
라마57a39b,48890320,묘산면,250000.0,250000.0,1057250.0,1739750.0,128.13244141286006,35.65226654403072,1542.7929140027547,False,74479.05230583808,0.2979162092233523,65.0,39.0,0.6
라마57a40a,48890320,묘산면,250000.0,250000.0,1057250.0,1740250.0,128.13247695326623,35.65677450035178,1886.0996910371616,False,18820.0617080238,0.0752802468320952,15.0,10.0,0.6666666666666666
라마57a40b,48890320,묘산면,250000.0,250000.0,1057250.0,1740750.0,128.13251250156537,35.66128245326056,1468.5789176733877,False,48424.48474991026,0.193697938999641,0.0,0.0,
라마57a41a,48890320,묘산면,250000.0,250000.0,1057250.0,1741250.0,128.1325480577593,35.66579040275688,980.4383552748158,False,2447.9746067637684,0.009791898427055,,,
라마57a41b,48890320,묘산면,250000.0,250000.0,1057250.0,1741750.0,128.13258362184968,35.67029834884057,515.5528096647646,False,42452.52869486082,0.1698101147794432,0.0,0.0,
라마57a42a,48890320,묘산면,250000.0,250000.0,1057250.0,1742250.0,128.1326191938384,35.67480629151143,265.1980969246957,True,82456.90146586686,0.3298276058634674,16.0,13.0,0.8125
라마57a42b,48890320,묘산면,250000.0,250000.0,1057250.0,1742750.0,128.13265477372713,35.67931423076928,612.2624940919765,False,42825.30274672513,0.1713012109869005,30.0,20.0,0.6666666666666666
라마57a43a,48890320,묘산면,250000.0,250000.0,1057250.0,1743250.0,128.13269036151766,35.683822166613936,1086.00216055539,False,26492.17804519729,0.1059687121807891,14.0,8.0,0.5714285714285714
라마57a43b,48890320,묘산면,250000.0,250000.0,1057250.0,1743750.0,128.13272595721182,35.6883300990452,1575.1579341398767,False,16482.550591644016,0.065930202366576,6.0,0.0,0.0
라마57a44a,48890320,묘산면,250000.0,250000.0,1057250.0,1744250.0,128.1327615608113,35.692838028062894,1968.8344954513184,False,19862.392240765963,0.0794495689630638,17.0,6.0,0.3529411764705882
라마57a44b,48890340,야로면,250000.0,250000.0,1057250.0,1744750.0,128.1327971723179,35.69734595366686,2088.628714361587,False,15505.383174576722,0.0620215326983068,0.0,0.0,
라마57a45a,48890340,야로면,250000.0,250000.0,1057250.0,1745250.0,128.13283279173342,35.701853875856884,1940.3202229271203,False,20603.525348005267,0.082414101392021,,,
라마57a45b,48890330,가야면,250000.0,250000.0,1057250.0,1745750.0,128.13286841905958,35.706361794632784,1915.0235582217167,False,10795.792857816014,0.043183171431264,,,
라마57a46a,48890330,가야면,250000.0,250000.0,1057250.0,1746250.0,128.13290405429817,35.710869709994384,2017.371529884464,False,22672.99156337449,0.0906919662534979,7.0,0.0,0.0
라마57a46b,48890330,가야면,250000.0,250000.0,1057250.0,1746750.0,128.13293969745098,35.71537762194149,2229.856621093069,False,22901.13877708132,0.0916045551083252,,,
라마57a47a,48890330,가야면,250000.0,250000.0,1057250.0,1747250.0,128.13297534851978,35.71988553047394,1847.802995061432,False,7588.425866147938,0.0303537034645917,,,
라마57a47b,48890330,가야면,250000.0,250000.0,1057250.0,1747750.0,128.13301100750627,35.72439343559152,1414.3835900889178,False,16065.170798616546,0.0642606831944661,,,
라마57a48a,48890330,가야면,250000.0,250000.0,1057250.0,1748250.0,128.13304667441236,35.72890133729406,1042.3943453739732,False,20895.870752621093,0.0835834830104843,,,
라마57a48b,48890330,가야면,250000.0,250000.0,1057250.0,1748750.0,128.13308234923971,35.733409235581384,820.1774214293226,False,42779.536467769205,0.1711181458710768,13.0,,
라마57a49a,48890330,가야면,250000.0,250000.0,1057250.0,1749250.0,128.13311803199014,35.737917130453305,871.0889931443694,False,17634.58798682236,0.0705383519472894,12.0,8.0,0.6666666666666666
라마57a49b,48890330,가야면,250000.0,250000.0,1057250.0,1749750.0,128.1331537226654,35.742425021909625,1159.698695925838,False,0.0,0.0,,,
라마57a50a,48890330,가야면,250000.0,250000.0,1057250.0,1750250.0,128.13318942126733,35.746932909950175,1449.1708256718305,False,7025.916272562876,0.0281036650902515,0.0,0.0,
라마57a50b,48890330,가야면,250000.0,250000.0,1057250.0,1750750.0,128.13322512779763,35.751440794574776,1366.1101319826068,False,40931.40720303754,0.1637256288121501,8.0,0.0,0.0
라마57a51a,48890330,가야면,250000.0,250000.0,1057250.0,1751250.0,128.13326084225812,35.75594867578322,946.7730404640782,False,39274.75661391076,0.157099026455643,44.0,25.0,0.5681818181818182
라마57a51b,48890330,가야면,250000.0,250000.0,1057250.0,1751750.0,128.13329656465055,35.760456553575345,590.3825911546536,False,56928.51840964079,0.2277140736385631,108.0,46.0,0.4259259259259259
라마57a52a,48890330,가야면,250000.0,250000.0,1057250.0,1752250.0,128.13333229497675,35.764964427950964,528.0728665785289,False,41409.29192292727,0.165637167691709,90.0,36.0,0.4
라마57a52b,48890330,가야면,250000.0,250000.0,1057250.0,1752750.0,128.13336803323847,35.7694722989099,842.1224975586669,False,40294.1205624569,0.1611764822498275,53.0,27.0,0.5094339622641509
라마57a53a,48890330,가야면,250000.0,250000.0,1057250.0,1753250.0,128.1334037794375,35.77398016645196,1280.4216685812642,False,17511.720173252514,0.07004688069301,,,
라마57a53b,48890330,가야면,250000.0,250000.0,1057250.0,1753750.0,128.13343953357557,35.778488030576966,1752.081333115107,False,0.0,0.0,,,
라마57a54a,48890330,가야면,250000.0,248963.45466151828,1057250.0,1754250.0,128.13347529565448,35.78299589128472,2236.0899682992167,False,0.0,0.0,,,
라마57b10b,48890430,삼가면,250000.0,250000.0,1057750.0,1710750.0,128.13589883308236,35.39077039252097,2430.3743501120284,False,38232.34359380591,0.1529293743752236,0.0,0.0,
라마57b11a,48890430,삼가면,250000.0,250000.0,1057750.0,1711250.0,128.1359342250524,35.39527854165449,2068.748112615263,False,64713.39366892525,0.2588535746757009,48.0,30.0,0.625
라마57b11b,48890430,삼가면,250000.0,250000.0,1057750.0,1711750.0,128.13596962488214,35.3997866873861,1775.589486682088,False,16186.625326194628,0.0647465013047785,8.0,6.0,0.75
라마57b12a,48890430,삼가면,250000.0,250000.0,1057750.0,1712250.0,128.13600503257328,35.40429482971558,1464.9141583088824,False,9339.19437959474,0.0373567775183789,0.0,0.0,
라마57b12b,48890430,삼가면,250000.0,250000.0,1057750.0,1712750.0,128.1360404481276,35.40880296864276,1202.4621642199977,False,21542.01530807331,0.0861680612322932,16.0,11.0,0.6875
라마57b13a,48890430,삼가면,250000.0,250000.0,1057750.0,1713250.0,128.13607587154684,35.413311104167455,1116.1796546916005,False,1987.4609448790973,0.0079498437795163,,,
라마57b13b,48890430,삼가면,250000.0,250000.0,1057750.0,1713750.0,128.13611130283277,35.41781923628946,896.4006236561003,False,3155.1212794662524,0.012620485117865,0.0,0.0,
라마57b14a,48890430,삼가면,250000.0,250000.0,1057750.0,1714250.0,128.136146741987,35.42232736500862,407.7500638901323,False,91800.44818433932,0.3672017927373572,9.0,0.0,0.0
라마57b14b,48890430,삼가면,250000.0,250000.0,1057750.0,1714750.0,128.13618218901146,35.4268354903247,170.2531970735604,True,14019.016422244436,0.0560760656889777,14.0,9.0,0.6428571428571429
라마57b15a,48890420,쌍백면,250000.0,250000.0,1057750.0,1715250.0,128.13621764390783,35.431343612237534,460.8690519881458,False,25519.118070150464,0.1020764722806018,,,
라마57b15b,48890420,쌍백면,250000.0,250000.0,1057750.0,1715750.0,128.1362531066778,35.43585173074694,221.6598125071813,True,13151.838743768474,0.0526073549750739,46.0,30.0,0.6521739130434783
라마57b16a,48890420,쌍백면,250000.0,250000.0,1057750.0,1716250.0,128.13628857732323,35.44035984585268,621.181021829374,False,82961.96535527763,0.3318478614211105,25.0,21.0,0.84
라마57b16b,48890420,쌍백면,250000.0,250000.0,1057750.0,1716750.0,128.13632405584576,35.44486795755464,1105.7118301263,False,15336.338819489103,0.0613453552779564,0.0,0.0,
라마57b17a,48890420,쌍백면,250000.0,250000.0,1057750.0,1717250.0,128.13635954224722,35.44937606585258,1599.7910615707035,False,8751.027051565252,0.035004108206261,,,
라마57b17b,48890420,쌍백면,250000.0,250000.0,1057750.0,1717750.0,128.13639503652934,35.45388417074633,1667.8786619958362,False,23783.03693714317,0.0951321477485726,0.0,,
라마57b18a,48890420,쌍백면,250000.0,250000.0,1057750.0,1718250.0,128.13643053869384,35.45839227223569,1593.3446643586155,False,64616.69848171868,0.2584667939268747,62.0,38.0,0.6129032258064516
라마57b18b,48890420,쌍백면,250000.0,250000.0,1057750.0,1718750.0,128.13646604874256,35.46290037032048,1310.8405887009242,False,18770.34181471676,0.075081367258867,15.0,7.0,0.4666666666666667
라마57b19a,48890420,쌍백면,250000.0,250000.0,1057750.0,1719250.0,128.13650156667714,35.46740846500051,1182.3108214558054,False,24854.486977206976,0.0994179479088279,19.0,12.0,0.631578947368421
라마57b19b,48890420,쌍백면,250000.0,250000.0,1057750.0,1719750.0,128.1365370924994,35.47191655627558,1255.9517140707349,False,65067.45391036291,0.2602698156414516,7.0,6.0,0.8571428571428571
라마57b20a,48890420,쌍백면,250000.0,250000.0,1057750.0,1720250.0,128.1365726262111,35.476424644145524,1502.321715752965,False,7929.652114448143,0.0317186084577925,,,
라마57b20b,48890420,쌍백면,250000.0,250000.0,1057750.0,1720750.0,128.13660816781393,35.480932728610135,1853.787033930448,False,655.1656045753781,0.0026206624183015,,,
라마57b21a,48890420,쌍백면,250000.0,250000.0,1057750.0,1721250.0,128.13664371730974,35.48544080966922,2261.875813725052,False,779.9668487362721,0.003119867394945,0.0,,
라마57b21b,48890420,쌍백면,250000.0,250000.0,1057750.0,1721750.0,128.1366792747002,35.489948887322605,2440.27968293216,False,989.8638682282732,0.003959455472913,,,
라마57b22a,48890410,대양면,250000.0,250000.0,1057750.0,1722250.0,128.13671483998718,35.4944569615701,2461.237488297655,False,0.0,0.0,,,
라마57b22b,48890410,대양면,250000.0,250000.0,1057750.0,1722750.0,128.1367504131723,35.49896503241152,2580.777986707113,False,13203.041600251572,0.0528121664010062,,,
라마57b23a,48890410,대양면,250000.0,250000.0,1057750.0,1723250.0,128.1367859942574,35.50347309984666,2542.248371703508,False,0.0,0.0,,,
라마57b23b,48890410,대양면,250000.0,250000.0,1057750.0,1723750.0,128.13682158324423,35.50798116387534,2120.217051226635,False,0.0,0.0,,,
라마57b24a,48890460,용주면,250000.0,250000.0,1057750.0,1724250.0,128.13685718013454,35.512489224497386,1740.0039957411584,False,0.0,0.0,,,
라마57b24b,48890460,용주면,250000.0,250000.0,1057750.0,1724750.0,128.1368927849301,35.516997281712584,1435.2377733596018,False,4666.46923831632,0.0186658769532652,,,
라마57b25a,48890460,용주면,250000.0,250000.0,1057750.0,1725250.0,128.13692839763266,35.52150533552076,1261.8244834212314,False,37883.32136684975,0.151533285467399,18.0,9.0,0.5
라마57b25b,48890460,용주면,250000.0,250000.0,1057750.0,1725750.0,128.13696401824396,35.52601338592174,1274.5566240243263,False,17342.774672179872,0.0693710986887194,13.0,6.0,0.4615384615384615
라마57b26a,48890460,용주면,250000.0,250000.0,1057750.0,1726250.0,128.13699964676582,35.53052143291533,1306.311807734099,False,19913.879408489534,0.0796555176339581,0.0,0.0,
라마57b26b,48890460,용주면,250000.0,250000.0,1057750.0,1726750.0,128.13703528319994,35.53502947650132,1270.3738028925009,False,8129.552770183224,0.0325182110807329,,,
라마57b27a,48890460,용주면,250000.0,250000.0,1057750.0,1727250.0,128.13707092754814,35.539537516679545,1421.7062492391249,False,0.0,0.0,,,
라마57b27b,48890460,용주면,250000.0,250000.0,1057750.0,1727750.0,128.13710657981215,35.54404555344979,1110.160433835991,False,0.0,0.0,,,
라마57b28a,48890460,용주면,250000.0,250000.0,1057750.0,1728250.0,128.13714223999372,35.54855358681191,761.5205661371585,False,41542.30462306098,0.1661692184922439,,,
라마57b28b,48890460,용주면,250000.0,250000.0,1057750.0,1728750.0,128.13717790809469,35.553061616765696,653.736152009969,False,198365.0542556259,0.7934602170225036,18.0,8.0,0.4444444444444444
라마57b29a,48890460,용주면,250000.0,250000.0,1057750.0,1729250.0,128.1372135841167,35.55756964331096,880.2433414912857,False,111110.36701625495,0.4444414680650199,39.0,19.0,0.4871794871794871
라마57b29b,48890460,용주면,250000.0,250000.0,1057750.0,1729750.0,128.13724926806162,35.562077666447514,1273.6898068347282,False,14957.671989675617,0.0598306879587024,,,
라마57b30a,48890460,용주면,250000.0,249999.99999948064,1057750.0,1730250.0,128.13728495993118,35.56658568617517,1698.1109505480508,False,16317.60311076654,0.0652704124432017,,,
라마57b30b,48890250,합천읍,250000.0,249999.9999992125,1057750.0,1730750.0,128.13732065972718,35.57109370249374,1793.988891895464,False,1608.0782774942202,0.0064323131099971,,,
라마57b31a,48890250,합천읍,250000.0,249999.99999961935,1057750.0,1731250.0,128.13735636745133,35.57560171540305,2013.2589222743864,False,13611.73463560902,0.0544469385425189,0.0,0.0,
라마57b31b,48890250,합천읍,250000.0,250000.0,1057750.0,1731750.0,128.13739208310542,35.580109724902904,2064.832967305997,False,2939.035281201867,0.0117561411248074,0.0,0.0,
라마57b32a,48890250,합천읍,250000.0,250000.0,1057750.0,1732250.0,128.13742780669128,35.58461773099312,1649.0033209830638,False,6152.572180869645,0.0246102887234785,,,
라마57b32b,48890250,합천읍,250000.0,250000.0,1057750.0,1732750.0,128.1374635382106,35.58912573367349,1294.1749195347031,False,27014.19593127108,0.1080567837250843,0.0,0.0,
라마57b33a,48890250,합천읍,250000.0,250000.0,1057750.0,1733250.0,128.13749927766517,35.593633732943864,1063.2805331106829,False,10461.46167334481,0.0418458466933792,0.0,0.0,
라마57b33b,48890250,합천읍,250000.0,250000.0,1057750.0,1733750.0,128.1375350250568,35.598141728804016,1042.2294669753012,False,10142.885093169494,0.0405715403726779,,,
라마57b34a,48890250,합천읍,250000.0,250000.0,1057750.0,1734250.0,128.13757078038722,35.6026497212538,1241.7403237275912,False,38229.921347166586,0.1529196853886663,0.0,0.0,
라마57b34b,48890250,합천읍,250000.0,250000.0,1057750.0,1734750.0,128.1376065436582,35.60715771029299,1580.3783728305657,False,5879.79383273831,0.0235191753309532,0.0,0.0,
라마57b35a,48890250,합천읍,250000.0,250000.0,1057750.0,1735250.0,128.13764231487153,35.61166569592144,1988.283825576738,False,7637.226895521362,0.0305489075820854,,,
라마57b35b,48890250,합천읍,250000.0,250000.0,1057750.0,1735750.0,128.137678094029,35.61617367813893,2094.780074492032,False,21930.59331234602,0.087722373249384,0.0,0.0,
라마57b36a,48890250,합천읍,250000.0,250000.0,1057750.0,1736250.0,128.13771388113236,35.620681656945294,2251.4884109106306,False,24352.43329044005,0.0974097331617602,6.0,0.0,0.0
라마57b36b,48890250,합천읍,250000.0,250000.0,1057750.0,1736750.0,128.13774967618338,35.62518963234032,2500.059312984576,False,44989.2839867732,0.1799571359470927,7.0,0.0,0.0
라마57b37a,48890250,합천읍,250000.0,250000.0,1057750.0,1737250.0,128.13778547918386,35.62969760432387,2340.4097550298443,False,87696.36977961518,0.3507854791184607,39.0,22.0,0.5641025641025641
라마57b37b,48890250,합천읍,250000.0,250000.0,1057750.0,1737750.0,128.13782129013558,35.63420557289571,2038.3031890452955,False,25782.142570936616,0.1031285702837464,15.0,10.0,0.6666666666666666
라마57b38a,48890250,합천읍,250000.0,250000.0,1057750.0,1738250.0,128.13785710904028,35.63871353805568,1825.3333831126813,False,24806.639339329464,0.0992265573573178,9.0,0.0,0.0
라마57b38b,48890320,묘산면,250000.0,249999.99999960556,1057750.0,1738750.0,128.13789293589974,35.643221499803595,1734.6480993385817,False,638.3477728760074,0.002553391091508,,,
라마57b39a,48890320,묘산면,250000.0,250000.0,1057750.0,1739250.0,128.13792877071575,35.64772945813925,1784.983500644283,False,6353.901369889464,0.0254156054795578,,,
라마57b39b,48890320,묘산면,250000.0,250000.0,1057750.0,1739750.0,128.13796461349014,35.65223741306247,1965.5350840434485,False,30944.31264463827,0.123777250578553,,,
라마57b40a,48890320,묘산면,250000.0,250000.0,1057750.0,1740250.0,128.13800046422463,35.656745364573084,1960.27000678581,False,3206.572871008253,0.012826291484033,,,
라마57b40b,48890320,묘산면,250000.0,250000.0,1057750.0,1740750.0,128.138036322921,35.661253312670894,1465.330621587936,False,3988.1542174925007,0.01595261686997,,,
라마57b41a,48890320,묘산면,250000.0,250000.0,1057750.0,1741250.0,128.13807218958107,35.665761257355705,975.5660724023433,False,24318.8498317434,0.0972753993269736,6.0,0.0,0.0
라마57b41b,48890320,묘산면,250000.0,250000.0,1057750.0,1741750.0,128.13810806420656,35.67026919862735,506.22573293125,False,6520.1679494950295,0.0260806717979801,,,
라마57b42a,48890320,묘산면,250000.0,250000.0,1057750.0,1742250.0,128.1381439467993,35.67477713648563,246.5762027062394,True,95475.54772525057,0.3819021909010022,38.0,29.0,0.7631578947368421
라마57b42b,48890320,묘산면,250000.0,250000.0,1057750.0,1742750.0,128.1381798373611,35.679285070930376,599.3632172502281,False,37476.2801690549,0.1499051206762196,,,
라마57b43a,48890320,묘산면,250000.0,250000.0,1057750.0,1743250.0,128.13821573589365,35.683793001961384,868.5752812438236,False,68390.43199741379,0.2735617279896551,11.0,0.0,0.0
라마57b43b,48890320,묘산면,250000.0,250000.0,1057750.0,1743750.0,128.1382516423988,35.68830092957849,1284.37135291279,False,20577.55559457121,0.0823102223782848,,,
라마57b44a,48890320,묘산면,250000.0,250000.0,1057750.0,1744250.0,128.1382875568783,35.69280885378148,1744.9345332069838,False,491.40548081606846,0.0019656219232642,,,
라마57b44b,48890340,야로면,250000.0,250000.0,1057750.0,1744750.0,128.13832347933402,35.69731677457021,1644.2098025348685,False,24592.18779468861,0.0983687511787544,0.0,,
라마57b45a,48890340,야로면,250000.0,250000.0,1057750.0,1745250.0,128.13835940976762,35.70182469194446,1451.1714357015048,False,48451.57913857859,0.1938063165543143,16.0,11.0,0.6875
라마57b45b,48890340,야로면,250000.0,250000.0,1057750.0,1745750.0,128.13839534818098,35.70633260590406,1417.1701368714282,False,27060.720749292515,0.10824288299717,27.0,14.0,0.5185185185185185
라마57b46a,48890330,가야면,250000.0,250000.0,1057750.0,1746250.0,128.13843129457584,35.71084051644882,1552.6892341625862,False,0.0,0.0,,,
라마57b46b,48890330,가야면,250000.0,250000.0,1057750.0,1746750.0,128.13846724895402,35.71534842357856,1820.251773499648,False,362.54827525319536,0.0014501931010127,,,
라마57b47a,48890330,가야면,250000.0,250000.0,1057750.0,1747250.0,128.13850321131727,35.7198563272931,2113.767028510473,False,0.0,0.0,,,
라마57b47b,48890330,가야면,250000.0,250000.0,1057750.0,1747750.0,128.1385391816674,35.724364227592254,1747.6029532398982,False,0.0,0.0,,,
라마57b48a,48890330,가야면,250000.0,250000.0,1057750.0,1748250.0,128.1385751600062,35.72887212447583,1462.949456928582,False,24279.72373117845,0.0971188949247138,,,
라마57b48b,48890330,가야면,250000.0,250000.0,1057750.0,1748750.0,128.13861114633545,35.73338001794364,1313.897311391743,False,31508.814716285066,0.1260352588651402,31.0,21.0,0.6774193548387096
라마57b49a,48890330,가야면,250000.0,250000.0,1057750.0,1749250.0,128.13864714065696,35.73788790799552,1346.2656410371874,False,17629.822589549214,0.0705192903581968,0.0,0.0,
라마57b49b,48890340,야로면,250000.0,250000.0,1057750.0,1749750.0,128.1386831429725,35.74239579463127,1548.7208294563898,False,344.9086317679817,0.0013796345270719,,,
라마57b50a,48890340,야로면,250000.0,250000.0,1057750.0,1750250.0,128.1387191532839,35.746903677850725,1560.940770236308,False,8189.411553819263,0.032757646215277,0.0,0.0,
라마57b50b,48890340,야로면,250000.0,250000.0,1057750.0,1750750.0,128.13875517159286,35.75141155765367,1276.806383343115,False,15409.779252514954,0.0616391170100598,0.0,0.0,
라마57b51a,48890330,가야면,250000.0,250000.0,1057750.0,1751250.0,128.1387911979013,35.755919434039946,777.2563545727377,False,39107.01764570887,0.1564280705828354,22.0,8.0,0.3636363636363636
라마57b51b,48890330,가야면,250000.0,250000.0,1057750.0,1751750.0,128.1388272322109,35.76042730700936,279.3212145571431,True,36896.59405131453,0.1475863762052581,495.0,193.0,0.3898989898989899
라마57b52a,48890330,가야면,250000.0,250000.0,1057750.0,1752250.0,128.13886327452354,35.76493517656174,180.34657067600435,True,48879.04983441233,0.1955161993376493,216.0,82.0,0.3796296296296296
라마57b52b,48890330,가야면,250000.0,250000.0,1057750.0,1752750.0,128.13889932484096,35.769443042696885,680.3192148047686,False,63266.378587265484,0.2530655143490619,53.0,27.0,0.5094339622641509
라마57b53a,48890330,가야면,250000.0,250000.0,1057750.0,1753250.0,128.13893538316498,35.773950905414644,1180.3150352810724,False,15379.298972587852,0.0615171958903514,0.0,0.0,
라마57b53b,48890330,가야면,250000.0,250000.0,1057750.0,1753750.0,128.13897144949738,35.77845876471478,1680.3133430966204,False,11190.11931911755,0.0447604772764702,0.0,0.0,
라마57b54a,48890330,가야면,250000.0,206003.44068667872,1057750.0,1754250.0,128.13900752383998,35.78296662059714,2180.312427031164,False,0.0,0.0,,,
라마58a10a,48890430,삼가면,250000.0,146319.2194023581,1058250.0,1710250.0,128.14136845379338,35.386233141090166,3134.9015024169094,False,0.0,0.0,,,
라마58a10b,48890430,삼가면,250000.0,250000.0,1058250.0,1710750.0,128.14140414419344,35.39074128880453,2774.9967029930945,False,27375.599014281142,0.1095023960571245,,,
라마58a11a,48890430,삼가면,250000.0,250000.0,1058250.0,1711250.0,128.14143984251942,35.39524943311661,2464.4687000222366,False,13924.914032669192,0.0556996561306767,0.0,0.0,
라마58a11b,48890430,삼가면,250000.0,250000.0,1058250.0,1711750.0,128.14147554877314,35.39975757402627,2170.5053643629017,False,98109.114099363,0.392436456397452,8.0,0.0,0.0
라마58a12a,48890430,삼가면,250000.0,250000.0,1058250.0,1712250.0,128.1415112629563,35.40426571153327,1873.7756807833089,False,2277.287355667382,0.0091091494226695,,,
라마58a12b,48890430,삼가면,250000.0,250000.0,1058250.0,1712750.0,128.14154698507065,35.40877384563744,1676.5968707658294,False,0.0,0.0,,,
라마58a13a,48890430,삼가면,250000.0,250000.0,1058250.0,1713250.0,128.14158271511803,35.4132819763386,1436.3909249209055,False,2560.551145386178,0.0102422045815447,,,
라마58a13b,48890430,삼가면,250000.0,250000.0,1058250.0,1713750.0,128.14161845310014,35.41779010363655,962.2603211743152,False,100185.65518572157,0.4007426207428862,24.0,13.0,0.5416666666666666
라마58a14a,48890430,삼가면,250000.0,250000.0,1058250.0,1714250.0,128.14165419901877,35.4222982275311,537.2810830634721,False,72307.13685421555,0.2892285474168622,16.0,9.0,0.5625
라마58a14b,48890430,삼가면,250000.0,250000.0,1058250.0,1714750.0,128.14168995287565,35.426806348022055,389.0976724798276,False,89514.62863792072,0.3580585145516828,18.0,7.0,0.3888888888888889
라마58a15a,48890420,쌍백면,250000.0,250000.0,1058250.0,1715250.0,128.14172571467253,35.431314465109246,508.3441495681617,False,88936.62736528182,0.3557465094611273,0.0,0.0,
라마58a15b,48890420,쌍백면,250000.0,250000.0,1058250.0,1715750.0,128.14176148441126,35.435822578792454,308.4583663972239,False,94946.44444425534,0.3797857777770213,12.0,0.0,0.0
라마58a16a,48890420,쌍백면,250000.0,250000.0,1058250.0,1716250.0,128.14179726209355,35.44033068907152,657.1752834675925,False,50957.88786527013,0.2038315514610805,29.0,16.0,0.5517241379310345
라마58a16b,48890420,쌍백면,250000.0,250000.0,1058250.0,1716750.0,128.14183304772115,35.44483879594622,1126.3268364915118,False,15182.407551655908,0.0607296302066236,,,
라마58a17a,48890420,쌍백면,250000.0,250000.0,1058250.0,1717250.0,128.14186884129586,35.449346899416405,1614.108091795975,False,80494.29541917893,0.3219771816767157,0.0,0.0,
라마58a17b,48890420,쌍백면,250000.0,250000.0,1058250.0,1717750.0,128.14190464281944,35.45385499948185,2107.6237143763374,False,91137.97657068704,0.3645519062827481,0.0,0.0,
라마58a18a,48890420,쌍백면,250000.0,250000.0,1058250.0,1718250.0,128.1419404522936,35.4583630961424,1992.22427977756,False,81919.6828121999,0.3276787312487996,0.0,0.0,
라마58a18b,48890420,쌍백면,250000.0,250000.0,1058250.0,1718750.0,128.14197626972023,35.46287118939782,1774.40508635456,False,49763.14543287293,0.1990525817314917,0.0,0.0,
라마58a19a,48890420,쌍백면,250000.0,250000.0,1058250.0,1719250.0,128.14201209510097,35.46737927924797,1681.6864273777824,False,54404.66354802274,0.2176186541920909,,,
라마58a19b,48890420,쌍백면,250000.0,250000.0,1058250.0,1719750.0,128.14204792843768,35.47188736569263,1734.2505786570653,False,3971.1256927723934,0.0158845027710895,0.0,,
라마58a20a,48890420,쌍백면,250000.0,250000.0,1058250.0,1720250.0,128.14208376973207,35.47639544873162,1920.203348376958,False,26154.148718308697,0.1046165948732347,7.0,0.0,0.0
라마58a20b,48890420,쌍백면,250000.0,250000.0,1058250.0,1720750.0,128.14211961898593,35.48090352836476,2206.068160475509,False,7526.055416493384,0.0301042216659735,0.0,,
라마58a21a,48890420,쌍백면,250000.0,250000.0,1058250.0,1721250.0,128.14215547620103,35.48541160459185,2041.178190204436,False,0.0,0.0,,,
라마58a21b,48890410,대양면,250000.0,250000.0,1058250.0,1721750.0,128.1421913413792,35.48991967741269,1941.425622329252,False,0.0,0.0,,,
라마58a22a,48890410,대양면,250000.0,250000.0,1058250.0,1722250.0,128.14222721452214,35.494427746827135,1967.70386234992,False,7949.045737486839,0.0317961829499473,0.0,0.0,
라마58a22b,48890410,대양면,250000.0,250000.0,1058250.0,1722750.0,128.14226309563162,35.49893581283494,2115.321141760054,False,36951.24883296765,0.1478049953318706,23.0,18.0,0.782608695652174
라마58a23a,48890410,대양면,250000.0,250000.0,1058250.0,1723250.0,128.14229898470947,35.50344387543596,2297.7283577315925,False,2904.9035116987925,0.0116196140467951,15.0,0.0,0.0
라마58a23b,48890410,대양면,250000.0,250000.0,1058250.0,1723750.0,128.14233488175742,35.507951934629986,2002.770404909329,False,6988.169309109029,0.0279526772364361,,,
라마58a24a,48890410,대양면,250000.0,250000.0,1058250.0,1724250.0,128.14237078677724,35.51245999041684,1785.3445745813358,False,2552.144501415215,0.0102085780056608,,,
라마58a24b,48890460,용주면,250000.0,250000.0,1058250.0,1724750.0,128.14240669977076,35.51696804279632,1692.282838414827,False,0.0,0.0,,,
라마58a25a,48890460,용주면,250000.0,250000.0,1058250.0,1725250.0,128.14244262073967,35.52147609176825,1743.6132485157584,False,5133.788337339551,0.0205351533493582,,,
라마58a25b,48890460,용주면,250000.0,250000.0,1058250.0,1725750.0,128.14247854968582,35.52598413733244,1765.6150224525084,False,70042.14166770209,0.2801685666708083,23.0,13.0,0.5652173913043478
라마58a26a,48890460,용주면,250000.0,250000.0,1058250.0,1726250.0,128.14251448661096,35.53049217948871,1793.60970507326,False,9205.191301049685,0.0368207652041987,0.0,,
라마58a26b,48890460,용주면,250000.0,250000.0,1058250.0,1726750.0,128.14255043151687,35.53500021823686,1767.6070927055628,False,15618.50704993438,0.0624740281997375,,,
라마58a27a,48890460,용주면,250000.0,250000.0,1058250.0,1727250.0,128.14258638440535,35.5395082535767,1811.4717186010296,False,0.0,0.0,,,
라마58a27b,48890460,용주면,250000.0,250000.0,1058250.0,1727750.0,128.1426223452781,35.54401628550805,1459.0706532194768,False,0.0,0.0,,,
라마58a28a,48890460,용주면,250000.0,250000.0,1058250.0,1728250.0,128.142658314137,35.548524314030715,1215.0491985435217,False,9707.66048477568,0.0388306419391027,,,
라마58a28b,48890460,용주면,250000.0,250000.0,1058250.0,1728750.0,128.14269429098383,35.55303233914453,1150.5659210476367,False,37270.40656317696,0.1490816262527078,15.0,7.0,0.4666666666666667
라마58a29a,48890460,용주면,250000.0,250000.0,1058250.0,1729250.0,128.14273027582027,35.55754036084927,1292.77195300298,False,3001.9028653500877,0.0120076114614003,,,
라마58a29b,48890460,용주면,250000.0,249999.99999992413,1058250.0,1729750.0,128.14276626864816,35.56204837914479,1266.007092998335,False,27.922515409157484,0.0001116900616366,,,
라마58a30a,48890250,합천읍,250000.0,249999.99999922267,1058250.0,1730250.0,128.14280226946929,35.56655639403088,1198.9951223400392,False,594.8683387675022,0.0023794733550774,,,
라마58a30b,48890250,합천읍,250000.0,250000.0,1058250.0,1730750.0,128.14283827828544,35.57106440550734,1331.3168846177514,False,13047.49002761614,0.0521899601104645,76.0,49.0,0.6447368421052632
라마58a31a,48890250,합천읍,250000.0,250000.0,1058250.0,1731250.0,128.1428742950984,35.575572413574,1614.6888217676571,False,74386.86939800187,0.2975474775920075,20.0,10.0,0.5
라마58a31b,48890250,합천읍,250000.0,250000.0,1058250.0,1731750.0,128.14291031990993,35.58008041823068,1868.6363185744704,False,85231.8253265218,0.3409273013060871,,,
라마58a32a,48890250,합천읍,250000.0,250000.0,1058250.0,1732250.0,128.14294635272185,35.584588419477186,1395.5208564672305,False,65375.63923005873,0.2615025569202349,16.0,0.0,0.0
라마58a32b,48890250,합천읍,250000.0,250000.0,1058250.0,1732750.0,128.1429823935359,35.58909641731332,950.3447956265738,False,34293.615629689724,0.1371744625187589,32.0,18.0,0.5625
라마58a33a,48890250,합천읍,250000.0,250000.0,1058250.0,1733250.0,128.1430184423539,35.59360441173892,599.0258761639575,False,20922.29915969412,0.0836891966387764,0.0,0.0,
라마58a33b,48890250,합천읍,250000.0,250000.0,1058250.0,1733750.0,128.1430544991776,35.59811240275375,560.8108148506763,False,109442.0606785363,0.4377682427141452,11.0,8.0,0.7272727272727273
라마58a34a,48890250,합천읍,250000.0,250000.0,1058250.0,1734250.0,128.14309056400884,35.602620390357686,877.6021534801303,False,10264.656074964909,0.0410586242998596,,,
라마58a34b,48890250,합천읍,250000.0,250000.0,1058250.0,1734750.0,128.1431266368494,35.607128374550506,1313.7207882698838,False,0.0,0.0,,,
라마58a35a,48890250,합천읍,250000.0,250000.0,1058250.0,1735250.0,128.14316271770102,35.61163635533203,1783.6869342101286,False,6843.894325312672,0.0273755773012506,,,
라마58a35b,48890250,합천읍,250000.0,250000.0,1058250.0,1735750.0,128.14319880656552,35.61614433270208,2098.391732894489,False,13195.548303746078,0.0527821932149843,11.0,0.0,0.0
라마58a36a,48890250,합천읍,250000.0,250000.0,1058250.0,1736250.0,128.14323490344472,35.62065230666045,2265.76987566045,False,34250.25998654633,0.1370010399461853,,,
라마58a36b,48890250,합천읍,250000.0,250000.0,1058250.0,1736750.0,128.14327100834032,35.62516027720697,2522.732327105039,False,74104.51448400696,0.2964180579360278,0.0,0.0,
라마58a37a,48890250,합천읍,250000.0,250000.0,1058250.0,1737250.0,128.14330712125422,35.62966824434147,2731.416484637125,False,112818.59135854874,0.4512743654341949,,,
라마58a37b,48890250,합천읍,250000.0,250000.0,1058250.0,1737750.0,128.14334324218814,35.63417620806372,2477.4579878538398,False,104104.84524068428,0.4164193809627371,53.0,29.0,0.5471698113207547
라마58a38a,48890250,합천읍,250000.0,250000.0,1058250.0,1738250.0,128.14337937114388,35.63868416837356,2305.4197341512804,False,49101.17258213223,0.1964046903285289,10.0,8.0,0.8
라마58a38b,48890250,합천읍,250000.0,249999.99999969124,1058250.0,1738750.0,128.14341550812327,35.643192125270815,2234.305757869215,False,4847.03954038728,0.019388158161573,0.0,0.0,
라마58a39a,48890320,묘산면,250000.0,249999.99999880383,1058250.0,1739250.0,128.14345165312807,35.64770007875528,2273.6060099940123,False,0.0,0.0,,,
라마58a39b,48890320,묘산면,250000.0,249999.99999992663,1058250.0,1739750.0,128.1434878061601,35.65220802882678,2417.94258776222,False,0.0,0.0,,,
라마58a40a,48890320,묘산면,250000.0,250000.0,1058250.0,1740250.0,128.1435239672211,35.65671597548513,2081.616749700239,False,0.0,0.0,,,
라마58a40b,48890320,묘산면,250000.0,250000.0,1058250.0,1740750.0,128.14356013631294,35.66122391873012,1624.0885516780895,False,0.0,0.0,,,
라마58a41a,48890320,묘산면,250000.0,250000.0,1058250.0,1741250.0,128.14359631343737,35.66573185856159,1200.9158816299675,False,0.0,0.0,,,
라마58a41b,48890320,묘산면,250000.0,250000.0,1058250.0,1741750.0,128.1436324985962,35.67023979497938,858.690872725036,False,20310.88940288413,0.0812435576115365,11.0,8.0,0.7272727272727273
라마58a42a,48890320,묘산면,250000.0,250000.0,1058250.0,1742250.0,128.14366869179122,35.674747727983245,364.0559955508593,False,57937.09554657087,0.2317483821862834,9.0,0.0,0.0
라마58a42b,48890320,묘산면,250000.0,250000.0,1058250.0,1742750.0,128.14370489302425,35.67925565757303,166.50381644806393,True,82403.40439648446,0.3296136175859378,13.0,6.0,0.4615384615384615
라마58a43a,48890320,묘산면,250000.0,250000.0,1058250.0,1743250.0,128.14374110229704,35.68376358374856,650.3155187191936,False,1894.9052770549845,0.0075796211082199,,,
라마58a43b,48890320,묘산면,250000.0,250000.0,1058250.0,1743750.0,128.14377731961144,35.68827150650964,1148.0840678636112,False,4941.945115723409,0.0197677804628936,0.0,0.0,
라마58a44a,48890340,야로면,250000.0,250000.0,1058250.0,1744250.0,128.1438135449692,35.692779425856074,1625.4258463564404,False,6021.235449156401,0.0240849417966256,,,
라마58a44b,48890340,야로면,250000.0,250000.0,1058250.0,1744750.0,128.1438497783722,35.6972873417877,1242.7718386927531,False,8551.194880799434,0.0342047795231977,,,
라마58a45a,48890340,야로면,250000.0,250000.0,1058250.0,1745250.0,128.14388601982213,35.701795254304315,973.1158739286818,False,15985.248928273784,0.0639409957130951,0.0,0.0,
라마58a45b,48890340,야로면,250000.0,250000.0,1058250.0,1745750.0,128.14392226932088,35.70630316340574,921.6437300476784,False,5288.823754013224,0.0211552950160528,,,
라마58a46a,48890340,야로면,250000.0,250000.0,1058250.0,1746250.0,128.14395852687022,35.7108110690918,1118.8832942628171,False,115.8450751344847,0.0004633803005379,,,
라마58a46b,48890340,야로면,250000.0,250000.0,1058250.0,1746750.0,128.14399479247194,35.715318971362294,1467.7780783294966,False,0.0,0.0,,,
라마58a47a,48890330,가야면,250000.0,250000.0,1058250.0,1747250.0,128.14403106612792,35.71982687021704,1885.960007070364,False,0.0,0.0,,,
라마58a47b,48890330,가야면,250000.0,250000.0,1058250.0,1747750.0,128.14406734783984,35.72433476565587,2146.5673118802524,False,0.0,0.0,,,
라마58a48a,48890330,가야면,250000.0,250000.0,1058250.0,1748250.0,128.1441036376096,35.72884265767857,1921.9407524134635,False,6771.992472507262,0.027087969890029,,,
라마58a48b,48890330,가야면,250000.0,250000.0,1058250.0,1748750.0,128.14413993543897,35.73335054628499,1811.0663397961016,False,25393.751812956398,0.1015750072518255,,,
라마58a49a,48890340,야로면,250000.0,250000.0,1058250.0,1749250.0,128.14417624132977,35.73785843147493,1593.5263999072215,False,2696.271264538377,0.0107850850581535,0.0,,
라마58a49b,48890340,야로면,250000.0,250000.0,1058250.0,1749750.0,128.14421255528376,35.742366313248205,1260.5237136940775,False,53160.99882363192,0.2126439952945276,27.0,17.0,0.6296296296296297
라마58a50a,48890340,야로면,250000.0,250000.0,1058250.0,1750250.0,128.1442488773028,35.74687419160465,1067.0115643089102,False,33887.539053417524,0.1355501562136701,9.0,,
라마58a50b,48890340,야로면,250000.0,250000.0,1058250.0,1750750.0,128.1442852073887,35.75138206654403,1090.003359606192,False,0.0,0.0,,,
라마58a51a,48890330,가야면,250000.0,250000.0,1058250.0,1751250.0,128.14432154554325,35.75588993806621,901.041448157524,False,0.0,0.0,,,
라마58a51b,48890330,가야면,250000.0,250000.0,1058250.0,1751750.0,128.14435789176824,35.76039780617098,534.5732797996772,False,720.6233475079007,0.0028824933900316,,,
라마58a52a,48890330,가야면,250000.0,250000.0,1058250.0,1752250.0,128.1443942460655,35.764905670858184,509.5699085049666,False,4578.715905563096,0.0183148636222523,8.0,0.0,0.0
라마58a52b,48890330,가야면,250000.0,250000.0,1058250.0,1752750.0,128.14443060843686,35.76941353212763,846.4621475120475,False,7936.304919107184,0.0317452196764287,0.0,,
라마58a53a,48890330,가야면,250000.0,250000.0,1058250.0,1753250.0,128.14446697888408,35.773921389979115,1283.2799833429528,False,12796.923075103432,0.0511876923004137,0.0,,
라마58a53b,48890330,가야면,250000.0,250000.0,1058250.0,1753750.0,128.14450335740904,35.778429244412465,1754.1712755961637,False,42069.41656182491,0.1682776662472996,50.0,23.0,0.46
라마58a54a,48890330,가야면,250000.0,218023.63404662535,1058250.0,1754250.0,128.14453974401349,35.78293709542749,2237.727912996719,False,4097.17200849068,0.0187923296774994,,,
라마58b10a,48890430,삼가면,250000.0,124046.49380819562,1058750.0,1710250.0,128.14687345069234,35.38620379138752,3444.3760936088165,False,0.0,0.0,,,
라마58b10b,48890430,삼가면,250000.0,250000.0,1058750.0,1710750.0,128.1469094473786,35.39071193423943,3084.9930851882486,False,11037.818404770327,0.0441512736190813,,,
라마58b11a,48890430,삼가면,250000.0,250000.0,1058750.0,1711250.0,128.14694545205876,35.395220073688535,2769.591666129628,False,4152.418018706299,0.0166096720748251,0.0,0.0,
라마58b11b,48890430,삼가면,250000.0,250000.0,1058750.0,1711750.0,128.14698146473464,35.39972820973467,2514.775071160454,False,67698.4284923803,0.2707937139695212,9.0,6.0,0.6666666666666666
라마58b12a,48890430,삼가면,250000.0,250000.0,1058750.0,1712250.0,128.14701748540807,35.40423634237763,2318.6412211845286,False,16574.609539592868,0.0662984381583714,0.0,0.0,
라마58b12b,48890430,삼가면,250000.0,250000.0,1058750.0,1712750.0,128.14705351408077,35.408744471617226,2079.15937347266,False,7158.0858928519465,0.0286323435714077,,,
라마58b13a,48890430,삼가면,250000.0,250000.0,1058750.0,1713250.0,128.1470895507545,35.41325259745327,1638.7891068745191,False,32362.837309416216,0.1294513492376648,,,
라마58b13b,48890430,삼가면,250000.0,250000.0,1058750.0,1713750.0,128.14712559543102,35.41776071988558,1244.3294472614343,False,103142.47170724157,0.4125698868289663,125.0,82.0,0.656
라마58b14a,48890430,삼가면,250000.0,250000.0,1058750.0,1714250.0,128.1471616481122,35.422268838913965,954.5060554199268,False,15047.488607765335,0.0601899544310613,,,
라마58b14b,48890430,삼가면,250000.0,250000.0,1058750.0,1714750.0,128.14719770879978,35.42677695453821,879.6634847171217,False,45483.30840069873,0.1819332336027949,0.0,0.0,
라마58b15a,48890430,삼가면,250000.0,250000.0,1058750.0,1715250.0,128.1472337774955,35.43128506675816,896.8986931197429,False,31687.22797097941,0.1267489118839176,6.0,0.0,0.0
라마58b15b,48890420,쌍백면,250000.0,250000.0,1058750.0,1715750.0,128.14726985420114,35.43579317557361,800.7247062006825,False,15310.949900291387,0.0612437996011655,6.0,0.0,0.0
라마58b16a,48890420,쌍백면,250000.0,250000.0,1058750.0,1716250.0,128.14730593891855,35.44030128098436,988.884646720959,False,38839.32816827855,0.1553573126731141,125.0,66.0,0.528
라마58b16b,48890420,쌍백면,250000.0,250000.0,1058750.0,1716750.0,128.14734203164943,35.44480938299023,1347.0804110819452,False,39567.50186411485,0.1582700074564594,7.0,6.0,0.8571428571428571
라마58b17a,48890420,쌍백면,250000.0,250000.0,1058750.0,1717250.0,128.14737813239563,35.44931748159103,1775.206586096663,False,21612.71516876599,0.0864508606750639,9.0,0.0,0.0
라마58b17b,48890420,쌍백면,250000.0,250000.0,1058750.0,1717750.0,128.14741424115886,35.45382557678658,2233.403504233222,False,0.0,0.0,,,
라마58b18a,48890420,쌍백면,250000.0,250000.0,1058750.0,1718250.0,128.14745035794098,35.45833366857667,2428.820277918967,False,25624.326222559444,0.1024973048902377,,,
라마58b18b,48890420,쌍백면,250000.0,250000.0,1058750.0,1718750.0,128.1474864827437,35.46284175696112,2253.6023988219576,False,51698.62533595078,0.2067945013438031,19.0,14.0,0.7368421052631579
라마58b19a,48890420,쌍백면,250000.0,250000.0,1058750.0,1719250.0,128.14752261556887,35.46734984193976,2181.3481156206585,False,16317.82906227164,0.0652713162490865,0.0,,
라마58b19b,48890420,쌍백면,250000.0,250000.0,1058750.0,1719750.0,128.14755875641822,35.47185792351238,2222.1240809341666,False,9231.3193164332,0.0369252772657327,17.0,8.0,0.4705882352941176
라마58b20a,48890420,쌍백면,250000.0,250000.0,1058750.0,1720250.0,128.14759490529357,35.476366001678784,2185.2063597131414,False,11741.909434759187,0.0469676377390367,,,
라마58b20b,48890420,쌍백면,250000.0,250000.0,1058750.0,1720750.0,128.14763106219667,35.480874076438816,1837.8933259036085,False,10.988897635057192,4.3955590540228766e-05,,,
라마58b21a,48890420,쌍백면,250000.0,250000.0,1058750.0,1721250.0,128.14766722712938,35.48538214779226,1574.9847365201024,False,5491.713067796534,0.0219668522711861,,,
라마58b21b,48890410,대양면,250000.0,250000.0,1058750.0,1721750.0,128.1477034000934,35.48989021573892,1443.3648059799589,False,0.0,0.0,,,
라마58b22a,48890410,대양면,250000.0,250000.0,1058750.0,1722250.0,128.14773958109052,35.494398280278624,1478.5218990640053,False,303.366598144817,0.0012134663925792,,,
라마58b22b,48890410,대양면,250000.0,250000.0,1058750.0,1722750.0,128.14777577012262,35.4989063414112,1669.955702670613,False,21795.858119854,0.087183432479416,,,
라마58b23a,48890410,대양면,250000.0,250000.0,1058750.0,1723250.0,128.1478119671914,35.50341439913641,1797.7299306420923,False,82940.5193060511,0.3317620772242043,0.0,0.0,
라마58b23b,48890410,대양면,250000.0,250000.0,1058750.0,1723750.0,128.1478481722987,35.50792245345413,1603.2495704930282,False,13091.294835083085,0.0523651793403323,,,
라마58b24a,48890410,대양면,250000.0,250000.0,1058750.0,1724250.0,128.14788438544628,35.51243050436412,1321.6562111579592,False,6926.810996258228,0.0277072439850329,0.0,0.0,
라마58b24b,48890460,용주면,250000.0,250000.0,1058750.0,1724750.0,128.14792060663595,35.5169385518662,1192.9547752110072,False,930.3830733502008,0.0037215322934008,,,
라마58b25a,48890460,용주면,250000.0,250000.0,1058750.0,1725250.0,128.14795683586948,35.5214465959602,1264.7161938178374,False,18209.392111883717,0.0728375684475348,,,
라마58b25b,48890460,용주면,250000.0,250000.0,1058750.0,1725750.0,128.14799307314868,35.52595463664592,1508.5996838496983,False,15986.642436347169,0.0639465697453886,7.0,6.0,0.8571428571428571
라마58b26a,48890460,용주면,250000.0,250000.0,1058750.0,1726250.0,128.14802931847535,35.53046267392318,1858.0201724733083,False,11959.012415661682,0.0478360496626467,,,
라마58b26b,48890460,용주면,250000.0,250000.0,1058750.0,1726750.0,128.14806557185128,35.534970707791786,1610.4306593448082,False,2422.9433589174755,0.0096917734356699,,,
라마58b27a,48890460,용주면,250000.0,250000.0,1058750.0,1727250.0,128.14810183327822,35.539478738251546,1400.5949113503823,False,0.0,0.0,,,
라마58b27b,48890460,용주면,250000.0,250000.0,1058750.0,1727750.0,128.148138102758,35.54398676530228,1352.7177469241017,False,12542.4564652767,0.0501698258611068,0.0,0.0,
라마58b28a,48890460,용주면,250000.0,250000.0,1058750.0,1728250.0,128.14817438029243,35.5484947889438,1482.5736069370214,False,20386.52560021832,0.0815461024008732,9.0,0.0,0.0
라마58b28b,48890460,용주면,250000.0,250000.0,1058750.0,1728750.0,128.14821066588328,35.55300280917592,1443.1282521631674,False,30814.87182216317,0.1232594872886526,26.0,7.0,0.2692307692307692
라마58b29a,48890460,용주면,250000.0,250000.0,1058750.0,1729250.0,128.14824695953237,35.55751082599845,1088.579533671149,False,0.0,0.0,,,
라마58b29b,48890460,용주면,250000.0,249999.99999863136,1058750.0,1729750.0,128.14828326124146,35.562018839411195,810.4211636834866,False,1921.7333494241095,0.0076869333977385,0.0,,
라마58b30a,48890250,합천읍,250000.0,250000.0,1058750.0,1730250.0,128.1483195710124,35.566526849413975,701.140361425019,False,48220.721218604886,0.1928828848744195,10.0,0.0,0.0
라마58b30b,48890250,합천읍,250000.0,250000.0,1058750.0,1730750.0,128.14835588884694,35.5710348560066,909.0726870236044,False,111267.14875734544,0.4450685950293818,31.0,24.0,0.7741935483870968
라마58b31a,48890250,합천읍,250000.0,250000.0,1058750.0,1731250.0,128.1483922147469,35.57554285918889,1288.8865326961195,False,112575.12395460135,0.4503004958184055,0.0,0.0,
라마58b31b,48890250,합천읍,250000.0,250000.0,1058750.0,1731750.0,128.1484285487141,35.58005085896064,1730.9083852239364,False,100411.54761484018,0.4016461904593607,,,
라마58b32a,48890250,합천읍,250000.0,250000.0,1058750.0,1732250.0,128.14846489075026,35.5845588553217,1294.505685216133,False,83674.1451284016,0.3346965805136063,24.0,19.0,0.7916666666666666
라마58b32b,48890250,합천읍,250000.0,250000.0,1058750.0,1732750.0,128.14850124085726,35.58906684827184,794.62049985913,False,88735.58949816,0.35494235799264,,,
라마58b33a,48890250,합천읍,250000.0,250000.0,1058750.0,1733250.0,128.1485375990369,35.59357483781091,295.1245644399261,True,63954.87495030164,0.2558194998012065,7.0,0.0,0.0
라마58b33b,48890250,합천읍,250000.0,250000.0,1058750.0,1733750.0,128.14857396529095,35.59808282393868,206.8218515421875,True,60880.17886035929,0.2435207154414371,19.0,9.0,0.4736842105263157
라마58b34a,48890250,합천읍,250000.0,250000.0,1058750.0,1734250.0,128.1486103396212,35.602590806655,706.011365358109,False,10626.503502752035,0.0425060140110081,0.0,0.0,
라마58b34b,48890250,합천읍,250000.0,250000.0,1058750.0,1734750.0,128.1486467220295,35.60709878595967,1205.872637451528,False,24070.509532641056,0.0962820381305642,0.0,0.0,
라마58b35a,48890250,합천읍,250000.0,250000.0,1058750.0,1735250.0,128.14868311251763,35.61160676185252,1542.769267559012,False,7250.000521315735,0.0290000020852629,,,
라마58b35b,48890250,합천읍,250000.0,250000.0,1058750.0,1735750.0,128.1487195110874,35.61611473433334,1615.73583165535,False,0.0,0.0,,,
라마58b36a,48890250,합천읍,250000.0,250000.0,1058750.0,1736250.0,128.14875591774057,35.62062270340196,1827.8587315395685,False,208.1823285771881,0.0008327293143087,,,
라마58b36b,48890250,합천읍,250000.0,250000.0,1058750.0,1736750.0,128.14879233247902,35.62513066905817,2138.114311077842,False,2545.755729693345,0.0101830229187733,0.0,0.0,
라마58b37a,48890250,합천읍,250000.0,250000.0,1058750.0,1737250.0,128.14882875530452,35.6296386313018,2510.378073519268,False,2429.67918708268,0.0097187167483307,,,
라마58b37b,48890250,합천읍,250000.0,250000.0,1058750.0,1737750.0,128.1488651862189,35.63414659013268,2921.038058084274,False,39716.01810146319,0.1588640724058527,21.0,11.0,0.5238095238095238
라마58b38a,48890250,합천읍,250000.0,250000.0,1058750.0,1738250.0,128.14890162522389,35.6386545455506,2792.5039555428984,False,83716.59015016916,0.3348663606006766,15.0,12.0,0.8
라마58b38b,48890250,합천읍,250000.0,250000.0,1058750.0,1738750.0,128.1489380723214,35.64316249755539,2734.08858868108,False,26681.48288649463,0.1067259315459785,54.0,34.0,0.6296296296296297
라마58b39a,48890250,합천읍,250000.0,250000.0,1058750.0,1739250.0,128.14897452751316,35.64767044614685,2766.297612295081,False,0.0,0.0,,,
라마58b39b,48890250,합천읍,250000.0,249999.9999998169,1058750.0,1739750.0,128.14901099080106,35.65217839132481,2742.0909457386506,False,0.0,0.0,,,
라마58b40a,48890320,묘산면,250000.0,250000.0,1058750.0,1740250.0,128.1490474621868,35.656686333089056,2307.2923711053904,False,0.0,0.0,,,
라마58b40b,48890320,묘산면,250000.0,250000.0,1058750.0,1740750.0,128.1490839416723,35.661194271439435,1901.4372888975392,False,0.0,0.0,,,
라마58b41a,48890320,묘산면,250000.0,250000.0,1058750.0,1741250.0,128.1491204292593,35.66570220637575,1417.9740888342308,False,19903.68477467641,0.0796147390987056,,,
라마58b41b,48890320,묘산면,250000.0,250000.0,1058750.0,1741750.0,128.14915692494964,35.67021013789781,951.7548369199446,False,93832.1988051293,0.3753287952205172,19.0,13.0,0.6842105263157895
라마58b42a,48890320,묘산면,250000.0,250000.0,1058750.0,1742250.0,128.14919342874515,35.67471806600543,548.6565616082192,False,14037.403013914813,0.0561496120556592,,,
라마58b42b,48890320,묘산면,250000.0,250000.0,1058750.0,1742750.0,128.1492299406476,35.67922599069843,442.956855225198,False,66496.76576963428,0.2659870630785371,29.0,22.0,0.7586206896551724
라마58b43a,48890320,묘산면,250000.0,250000.0,1058750.0,1743250.0,128.14926646065882,35.683733911976624,769.0237503395069,False,7159.040500998704,0.0286361620039948,,,
라마58b43b,48890340,야로면,250000.0,250000.0,1058750.0,1743750.0,128.14930298878068,35.68824182983983,1219.2556260200251,False,0.0,0.0,,,
라마58b44a,48890340,야로면,250000.0,250000.0,1058750.0,1744250.0,128.1493395250149,35.69274974428786,1408.2134604879925,False,0.0,0.0,,,
라마58b44b,48890340,야로면,250000.0,250000.0,1058750.0,1744750.0,128.14937606936334,35.69725765532052,941.0301862022186,False,28070.81941229897,0.1122832776491958,0.0,,
라마58b45a,48890340,야로면,250000.0,250000.0,1058750.0,1745250.0,128.14941262182785,35.70176556293763,536.6660715826908,False,69332.59871415878,0.2773303948566351,0.0,0.0,
라마58b45b,48890340,야로면,250000.0,250000.0,1058750.0,1745750.0,128.1494491824102,35.70627346713901,436.4437345548836,False,45464.96592842552,0.181859863713702,30.0,15.0,0.5
라마58b46a,48890340,야로면,250000.0,250000.0,1058750.0,1746250.0,128.1494857511122,35.71078136792449,770.0362293271853,False,0.0,0.0,,,
라마58b46b,48890340,야로면,250000.0,250000.0,1058750.0,1746750.0,128.1495223279357,35.71528926529386,1222.8771220039423,False,0.0,0.0,,,
라마58b47a,48890340,야로면,250000.0,250000.0,1058750.0,1747250.0,128.14955891288253,35.719797159246944,1702.3222716527157,False,0.0,0.0,,,
라마58b47b,48890340,야로면,250000.0,250000.0,1058750.0,1747750.0,128.1495955059545,35.724305049783545,2190.9755310384176,False,0.0,0.0,,,
라마58b48a,48890330,가야면,250000.0,250000.0,1058750.0,1748250.0,128.1496321071534,35.72881293690351,2267.623576834705,False,0.0,0.0,,,
라마58b48b,48890340,야로면,250000.0,250000.0,1058750.0,1748750.0,128.14966871648105,35.73332082060663,1786.5358467717522,False,33846.975958257775,0.1353879038330311,0.0,,
라마58b49a,48890340,야로면,250000.0,250000.0,1058750.0,1749250.0,128.1497053339393,35.73782870089272,1319.5847746106726,False,21947.566238552023,0.0877902649542081,,,
라마58b49b,48890340,야로면,250000.0,250000.0,1058750.0,1749750.0,128.14974195953,35.7423365777616,889.3242507478013,False,110513.72192310174,0.442054887692407,0.0,,
라마58b50a,48890340,야로면,250000.0,250000.0,1058750.0,1750250.0,128.1497785932549,35.74684445121311,583.5162967321277,False,55104.03721909079,0.2204161488763631,83.0,53.0,0.6385542168674698
라마58b50b,48890340,야로면,250000.0,250000.0,1058750.0,1750750.0,128.14981523511585,35.751352321247026,624.5677818586344,False,2514.6751249043928,0.0100587004996175,0.0,,
라마58b51a,48890340,야로면,250000.0,250000.0,1058750.0,1751250.0,128.14985188511474,35.75586018786319,969.3701871419672,False,22538.79949150281,0.0901551979660112,18.0,7.0,0.3888888888888889
라마58b51b,48890340,야로면,250000.0,250000.0,1058750.0,1751750.0,128.1498885432533,35.760368051061405,996.7531500075082,False,4191.772130673169,0.0167670885226926,0.0,0.0,
라마58b52a,48890330,가야면,250000.0,250000.0,1058750.0,1752250.0,128.1499252095334,35.7648759108415,983.569896971164,False,0.0,0.0,,,
라마58b52b,48890330,가야면,250000.0,250000.0,1058750.0,1752750.0,128.14996188395688,35.76938376720329,1200.5426449759468,False,539.9482517142551,0.002159793006857,,,
라마58b53a,48890330,가야면,250000.0,250000.0,1058750.0,1753250.0,128.1499985665255,35.77389162014658,1549.3454904529265,False,0.0,0.0,,,
라마58b53b,48890330,가야면,250000.0,250000.0,1058750.0,1753750.0,128.15003525724117,35.7783994696712,1957.2380532946931,False,1435.3588467454988,0.0057414353869819,,,
라마58b54a,48890330,가야면,250000.0,224930.54365703173,1058750.0,1754250.0,128.1500719561057,35.78290731577694,2400.227102951465,False,0.0,0.0,,,
라마59a10b,48890430,삼가면,250000.0,238620.3128575147,1059250.0,1710750.0,128.15241474256976,35.390682328826834,2739.355492354069,False,0.0,0.0,,,
라마59a11a,48890430,삼가면,250000.0,250000.0,1059250.0,1711250.0,128.15245105360236,35.39519046337142,2378.55506030989,False,1675.2036670694258,0.0067008146682777,,,
라마59a11b,48890430,삼가면,250000.0,250000.0,1059250.0,1711750.0,128.1524873726987,35.39969859451248,2076.2899210758505,False,80777.9943816392,0.3231119775265568,0.0,0.0,
라마59a12a,48890430,삼가면,250000.0,250000.0,1059250.0,1712250.0,128.15252369986058,35.404206722249846,1861.299411109492,False,61283.97650646288,0.2451359060258515,0.0,,
라마59a12b,48890430,삼가면,250000.0,250000.0,1059250.0,1712750.0,128.15256003508978,35.408714846583294,1765.7551243680196,False,802.5548695246912,0.0032102194780987,,,
라마59a13a,48890430,삼가면,250000.0,250000.0,1059250.0,1713250.0,128.1525963783881,35.41322296751266,1808.6864904309143,False,18723.56377360717,0.0748942550944286,0.0,0.0,
라마59a13b,48890430,삼가면,250000.0,250000.0,1059250.0,1713750.0,128.15263272975736,35.41773108503775,1634.248029197954,False,179777.05813553627,0.7191082325421451,12.0,9.0,0.75
라마59a14a,48890430,삼가면,250000.0,250000.0,1059250.0,1714250.0,128.1526690891993,35.42223919915838,1426.005840608221,False,48877.431145560666,0.1955097245822426,0.0,,
라마59a14b,48890430,삼가면,250000.0,250000.0,1059250.0,1714750.0,128.15270545671575,35.426747309874344,1377.032568227825,False,15883.375615782685,0.0635335024631307,,,
라마59a15a,48890430,삼가면,250000.0,250000.0,1059250.0,1715250.0,128.1527418323085,35.43125541718546,1360.3090667343315,False,14299.295218039426,0.0571971808721577,0.0,0.0,
라마59a15b,48890420,쌍백면,250000.0,250000.0,1059250.0,1715750.0,128.1527782159793,35.43576352109153,1298.9124475652293,False,91372.45338774094,0.3654898135509637,,,
라마59a16a,48890420,쌍백면,250000.0,250000.0,1059250.0,1716250.0,128.15281460773002,35.44027162159238,1422.6406207613225,False,97181.87436282952,0.388727497451318,83.0,49.0,0.5903614457831325
라마59a16b,48890420,쌍백면,250000.0,250000.0,1059250.0,1716750.0,128.15285100756245,35.444779718687805,1691.342403311768,False,61646.95657937883,0.2465878263175153,17.0,0.0,0.0
라마59a17a,48890420,쌍백면,250000.0,250000.0,1059250.0,1717250.0,128.15288741547832,35.44928781237763,2048.748865683809,False,16053.054651974662,0.0642122186078986,,,
라마59a17b,48890420,쌍백면,250000.0,250000.0,1059250.0,1717750.0,128.15292383147948,35.45379590266165,2456.441471731204,False,2883.7438031393813,0.0115349752125575,0.0,0.0,
라마59a18a,48890420,쌍백면,250000.0,250000.0,1059250.0,1718250.0,128.15296025556768,35.458303989539694,2886.0662334613035,False,1009.6071573296408,0.0040384286293185,,,
라마59a18b,48890420,쌍백면,250000.0,250000.0,1059250.0,1718750.0,128.15299668774475,35.462812073011555,2740.243444198203,False,12190.974425089667,0.0487638977003586,,,
라마59a19a,48890420,쌍백면,250000.0,250000.0,1059250.0,1719250.0,128.15303312801254,35.46732015307705,2681.1359463885724,False,38502.58306745912,0.1540103322698365,6.0,6.0,1.0
라마59a19b,48890420,쌍백면,250000.0,250000.0,1059250.0,1719750.0,128.1530695763728,35.471828229736,2342.3429099441296,False,39979.77979886662,0.1599191191954664,21.0,13.0,0.6190476190476191
라마59a20a,48890420,쌍백면,250000.0,250000.0,1059250.0,1720250.0,128.15310603282728,35.4763363029882,1894.5435731689572,False,9976.243896973048,0.0399049755878921,,,
라마59a20b,48890420,쌍백면,250000.0,250000.0,1059250.0,1720750.0,128.15314249737787,35.48084437283347,1480.5473290327698,False,82036.95791710695,0.3281478316684278,0.0,0.0,
라마59a21a,48890420,쌍백면,250000.0,250000.0,1059250.0,1721250.0,128.15317897002632,35.485352439271615,1137.8688133420026,False,11384.71178175844,0.0455388471270337,0.0,0.0,
라마59a21b,48890410,대양면,250000.0,250000.0,1059250.0,1721750.0,128.15321545077444,35.48986050230245,947.349185488965,False,0.0,0.0,,,
라마59a22a,48890410,대양면,250000.0,250000.0,1059250.0,1722250.0,128.15325193962403,35.49436856192579,1000.0977562802916,False,19867.052300260453,0.0794682092010418,0.0,,
라마59a22b,48890410,대양면,250000.0,250000.0,1059250.0,1722750.0,128.1532884365769,35.49887661814144,1266.0649924025,False,53485.3965380261,0.2139415861521044,13.0,8.0,0.6153846153846154
라마59a23a,48890410,대양면,250000.0,250000.0,1059250.0,1723250.0,128.15332494163485,35.50338467094921,1297.7327155962907,False,51596.61210329775,0.206386448413191,17.0,16.0,0.9411764705882352
라마59a23b,48890410,대양면,250000.0,250000.0,1059250.0,1723750.0,128.1533614547997,35.50789272034893,1276.6084269624264,False,6213.338204487659,0.0248533528179506,,,
라마59a24a,48890410,대양면,250000.0,250000.0,1059250.0,1724250.0,128.15339797607325,35.51240076634038,897.8279517801915,False,0.0,0.0,,,
라마59a24b,48890410,대양면,250000.0,250000.0,1059250.0,1724750.0,128.15343450545728,35.516908808923404,694.5941161600396,False,0.0,0.0,,,
라마59a25a,48890410,대양면,250000.0,250000.0,1059250.0,1725250.0,128.1534710429536,35.52141684809778,811.6815517248616,False,0.0,0.0,,,
라마59a25b,48890460,용주면,250000.0,250000.0,1059250.0,1725750.0,128.1535075885641,35.525924883863354,1155.505472343949,False,0.0,0.0,,,
라마59a26a,48890460,용주면,250000.0,250000.0,1059250.0,1726250.0,128.15354414229046,35.530432916219915,1584.7898446870313,False,583.559653545462,0.0023342386141818,,,
라마59a26b,48890460,용주면,250000.0,250000.0,1059250.0,1726750.0,128.1535807041346,35.534940945167286,1223.0868200426755,False,0.0,0.0,,,
라마59a27a,48890460,용주면,250000.0,250000.0,1059250.0,1727250.0,128.15361727409825,35.539448970705266,929.5808552809896,False,1245.7290828462037,0.0049829163313848,,,
라마59a27b,48890460,용주면,250000.0,250000.0,1059250.0,1727750.0,128.15365385218325,35.54395699283369,855.7451511097029,False,4341.4071461345,0.017365628584538,,,
라마59a28a,48890460,용주면,250000.0,250000.0,1059250.0,1728250.0,128.1536904383914,35.548465011552345,1049.037158917929,False,405.1313499860318,0.0016205253999441,0.0,0.0,
라마59a28b,48890460,용주면,250000.0,250000.0,1059250.0,1728750.0,128.15372703272453,35.55297302686106,1207.3244766719758,False,46209.630121474096,0.1848385204858963,14.0,7.0,0.5
라마59a29a,48890460,용주면,250000.0,250000.0,1059250.0,1729250.0,128.15376363518445,35.55748103875963,748.3439322313228,False,14873.534848844927,0.0594941393953797,0.0,0.0,
라마59a29b,48890250,합천읍,250000.0,249999.99999869784,1059250.0,1729750.0,128.15380024577294,35.561989047247906,402.99490051812927,False,9055.924652312082,0.036223698609437,773.0,150.0,0.1940491591203104
라마59a30a,48890250,합천읍,250000.0,250000.0,1059250.0,1730250.0,128.15383686449186,35.56649705232566,213.55633786710004,True,32196.098146976303,0.1287843925879052,604.0,186.0,0.3079470198675497
라마59a30b,48890250,합천읍,250000.0,250000.0,1059250.0,1730750.0,128.153873491343,35.571005053992714,616.7833114768238,False,88274.83334920138,0.3530993333968055,696.0,145.0,0.2083333333333333
라마59a31a,48890250,합천읍,250000.0,250000.0,1059250.0,1731250.0,128.15391012632816,35.57551305224889,1102.3778831187726,False,9082.438095544609,0.0363297523821784,33.0,0.0,0.0
라마59a31b,48890250,합천읍,250000.0,250000.0,1059250.0,1731750.0,128.15394676944916,35.580021047093986,1256.0405438889836,False,30507.945393431088,0.1220317815737243,,,
라마59a32a,48890250,합천읍,250000.0,250000.0,1059250.0,1732250.0,128.15398342070787,35.58452903852785,1379.859223717677,False,32304.0203219454,0.1292160812877816,13.0,6.0,0.4615384615384615
라마59a32b,48890250,합천읍,250000.0,250000.0,1059250.0,1732750.0,128.154020080106,35.589037026550244,927.1937483709823,False,10373.936746862708,0.0414957469874508,,,
라마59a33a,48890250,합천읍,250000.0,250000.0,1059250.0,1733250.0,128.15405674764546,35.59354501116102,561.5736966398223,False,0.0,0.0,,,
라마59a33b,48890250,합천읍,250000.0,250000.0,1059250.0,1733750.0,128.15409342332802,35.598052992359975,520.616736666425,False,3977.149159666909,0.0159085966386676,,,
라마59a34a,48890250,합천읍,250000.0,250000.0,1059250.0,1734250.0,128.1541301071555,35.602560970146925,852.4778919342602,False,31908.56842198296,0.1276342736879318,0.0,,
라마59a34b,48890250,합천읍,250000.0,250000.0,1059250.0,1734750.0,128.1541667991298,35.60706894452168,1164.9146583201723,False,537.3232857610668,0.0021492931430442,,,
라마59a35a,48890250,합천읍,250000.0,250000.0,1059250.0,1735250.0,128.15420349925262,35.611576915484065,1042.82856977532,False,0.0,0.0,,,
라마59a35b,48890250,합천읍,250000.0,250000.0,1059250.0,1735750.0,128.15424020752582,35.61608488303388,1148.022948686164,False,0.0,0.0,,,
라마59a36a,48890250,합천읍,250000.0,250000.0,1059250.0,1736250.0,128.15427692395122,35.62059284717095,1431.2309231848333,False,2877.3501781065333,0.0115094007124261,,,
라마59a36b,48890250,합천읍,250000.0,250000.0,1059250.0,1736750.0,128.15431364853066,35.62510080789507,1810.7697866517835,False,65746.9575554536,0.2629878302218144,,,
라마59a37a,48890250,합천읍,250000.0,250000.0,1059250.0,1737250.0,128.15435038126597,35.62960876520608,2238.158279707085,False,45576.74663112814,0.1823069865245125,,,
라마59a37b,48890250,합천읍,250000.0,250000.0,1059250.0,1737750.0,128.15438712215897,35.63411671910378,2690.6909428233885,False,19093.18401007896,0.0763727360403158,15.0,12.0,0.8
라마59a38a,48890250,합천읍,250000.0,250000.0,1059250.0,1738250.0,128.15442387121143,35.638624669587976,3157.5754962569385,False,43485.36142146563,0.1739414456858625,14.0,10.0,0.7142857142857143
라마59a38b,48890250,합천읍,250000.0,250000.0,1059250.0,1738750.0,128.15446062842523,35.64313261665849,3233.938558764633,False,30704.85218277912,0.1228194087311164,,,
라마59a39a,48890250,합천읍,250000.0,250000.0,1059250.0,1739250.0,128.15449739380216,35.647640560315146,3261.214600558822,False,12332.74592309562,0.0493309836923824,,,
라마59a39b,48890250,합천읍,250000.0,250000.0,1059250.0,1739750.0,128.15453416734408,35.652148500557736,2998.929394353719,False,15390.845367937138,0.0615633814717485,,,
라마59a40a,48890320,묘산면,250000.0,249999.99999965337,1059250.0,1740250.0,128.15457094905278,35.65665643738608,2527.600495591423,False,11306.033225549763,0.0452241329022617,,,
라마59a40b,48890320,묘산면,250000.0,250000.0,1059250.0,1740750.0,128.1546077389301,35.661164370800016,2069.7707646764293,False,0.0,0.0,,,
라마59a41a,48890320,묘산면,250000.0,250000.0,1059250.0,1741250.0,128.15464453697788,35.66567230079933,1636.8071881881792,False,11498.100728260026,0.0459924029130401,0.0,,
라마59a41b,48890320,묘산면,250000.0,250000.0,1059250.0,1741750.0,128.15468134319792,35.67018022738386,1254.7208949801295,False,40742.13927107923,0.1629685570843169,39.0,19.0,0.4871794871794871
라마59a42a,48890340,야로면,250000.0,250000.0,1059250.0,1742250.0,128.1547181575921,35.674688150553386,984.637637557584,False,4626.442833565444,0.0185057713342617,,,
라마59a42b,48890340,야로면,250000.0,250000.0,1059250.0,1742750.0,128.15475498016218,35.67919607030775,929.8914077946002,False,30837.729899257785,0.1233509195970311,,,
라마59a43a,48890320,묘산면,250000.0,250000.0,1059250.0,1743250.0,128.15479181091004,35.68370398664677,1122.445893255201,False,700.4751279275058,0.00280190051171,,,
라마59a43b,48890340,야로면,250000.0,250000.0,1059250.0,1743750.0,128.1548286498375,35.688211899570256,1468.0161907420195,False,31636.922779177727,0.1265476911167109,6.0,0.0,0.0
라마59a44a,48890340,야로면,250000.0,250000.0,1059250.0,1744250.0,128.15486549694634,35.69271980907801,1245.0783584516328,False,2473.384486815943,0.0098935379472637,,,
라마59a44b,48890340,야로면,250000.0,250000.0,1059250.0,1744750.0,128.15490235223848,35.69722771516986,852.4047041398808,False,25268.132309124623,0.1010725292364985,,,
라마59a45a,48890340,야로면,250000.0,250000.0,1059250.0,1745250.0,128.15493921571567,35.7017356178456,359.2581810954533,False,59697.0560225068,0.2387882240900272,0.0,0.0,
라마59a45b,48890340,야로면,250000.0,250000.0,1059250.0,1745750.0,128.15497608737982,35.70624351710507,177.5925159690839,True,77895.37924768208,0.3115815169907283,64.0,37.0,0.578125
라마59a46a,48890340,야로면,250000.0,250000.0,1059250.0,1746250.0,128.15501296723266,35.7107514129481,658.7956912218272,False,39320.2324989889,0.1572809299959556,21.0,8.0,0.3809523809523809
라마59a46b,48890340,야로면,250000.0,250000.0,1059250.0,1746750.0,128.15504985527616,35.715259305374445,1156.0641953700758,False,1798.1078132516525,0.0071924312530066,0.0,0.0,
라마59a47a,48890340,야로면,250000.0,250000.0,1059250.0,1747250.0,128.15508675151202,35.719767194383984,1654.97948170389,False,5907.494585619135,0.0236299783424765,,,
라마59a47b,48890340,야로면,250000.0,250000.0,1059250.0,1747750.0,128.15512365594213,35.724275079976486,1923.827908528418,False,15991.410244112763,0.063965640976451,,,
라마59a48a,48890340,야로면,250000.0,250000.0,1059250.0,1748250.0,128.1551605685684,35.728782962151804,2200.9303206598006,False,36796.29064613841,0.1471851625845536,9.0,0.0,0.0
라마59a48b,48890340,야로면,250000.0,250000.0,1059250.0,1748750.0,128.15519748939255,35.73329084090972,1701.08433711662,False,95485.47554296712,0.3819419021718684,49.0,38.0,0.7755102040816326
라마59a49a,48890340,야로면,250000.0,250000.0,1059250.0,1749250.0,128.15523441841646,35.73779871625008,1201.366541721272,False,41709.735985552106,0.1668389439422084,22.0,6.0,0.2727272727272727
라마59a49b,48890340,야로면,250000.0,250000.0,1059250.0,1749750.0,128.15527135564196,35.74230658817267,702.0507197853779,False,16667.10052518457,0.0666684021007382,9.0,8.0,0.8888888888888888
라마59a50a,48890340,야로면,250000.0,250000.0,1059250.0,1750250.0,128.15530830107093,35.74681445667733,206.0797387784771,True,56733.80559446384,0.2269352223778553,27.0,15.0,0.5555555555555556
라마59a50b,48890340,야로면,250000.0,250000.0,1059250.0,1750750.0,128.15534525470517,35.751322321763865,303.41803558596115,False,7749.820384368108,0.0309992815374724,27.0,18.0,0.6666666666666666
라마59a51a,48890340,야로면,250000.0,250000.0,1059250.0,1751250.0,128.1553822165465,35.75583018343209,801.0344249173576,False,7173.176996575,0.0286927079863,0.0,0.0,
라마59a51b,48890340,야로면,250000.0,250000.0,1059250.0,1751750.0,128.15541918659682,35.76033804168181,1300.480601734036,False,27359.73367160364,0.1094389346864145,16.0,7.0,0.4375
라마59a52a,48890340,야로면,250000.0,250000.0,1059250.0,1752250.0,128.15545616485792,35.764845896512874,1474.8416839789866,False,94.42576362514755,0.0003777030545005,,,
라마59a52b,48890330,가야면,250000.0,250000.0,1059250.0,1752750.0,128.15549315133168,35.76935374792508,1627.590517599543,False,4355.627835380225,0.0174225113415209,,,
라마59a53a,48890330,가야면,250000.0,250000.0,1059250.0,1753250.0,128.15553014601994,35.77386159591824,1903.4032134988963,False,3170.799570310948,0.0126831982812437,,,
라마59a53b,48890330,가야면,250000.0,250000.0,1059250.0,1753750.0,128.1555671489245,35.77836944049217,2254.871333447417,False,0.0,0.0,,,
라마59a54a,48890330,가야면,250000.0,209745.11647419992,1059250.0,1754250.0,128.1556041600472,35.78287728164668,2648.538102214298,False,0.0,0.0,,,
라마59b11a,48890430,삼가면,250000.0,250000.0,1059750.0,1711250.0,128.1579566470822,35.39516060216644,2035.7824915144745,False,13256.996532537923,0.0530279861301516,,,
라마59b11b,48890430,삼가면,250000.0,250000.0,1059750.0,1711750.0,128.15799327259717,35.399668728360886,1672.6822813051674,False,17820.255026069743,0.0712810201042789,6.0,0.0,0.0
라마59b12a,48890430,삼가면,250000.0,250000.0,1059750.0,1712250.0,128.15802990624573,35.40417685115108,1396.897160004142,False,71279.9800869317,0.2851199203477267,15.0,11.0,0.7333333333333333
라마59b12b,48890430,삼가면,250000.0,250000.0,1059750.0,1712750.0,128.15806654802967,35.40868497053682,1266.7980648323617,False,1293.7104475863737,0.0051748417903454,0.0,0.0,
라마59b13a,48890420,쌍백면,250000.0,250000.0,1059750.0,1713250.0,128.1581031979508,35.41319308651793,1325.9837851566645,False,92426.33991116482,0.3697053596446593,0.0,0.0,
라마59b13b,48890430,삼가면,250000.0,250000.0,1059750.0,1713750.0,128.15813985601093,35.41770119909424,1552.961255129623,False,115208.96348626952,0.460835853945078,0.0,,
라마59b14a,48890430,삼가면,250000.0,250000.0,1059750.0,1714250.0,128.15817652221187,35.422209308265536,1888.158976720221,False,40364.592469905234,0.1614583698796209,,,
라마59b14b,48890430,삼가면,250000.0,250000.0,1059750.0,1714750.0,128.15821319655544,35.42671741403162,1875.8010399761408,False,20117.73011093152,0.080470920443726,,,
라마59b15a,48890430,삼가면,250000.0,250000.0,1059750.0,1715250.0,128.1582498790434,35.43122551639232,1842.9471637459808,False,5244.465574337969,0.0209778622973518,,,
라마59b15b,48890420,쌍백면,250000.0,250000.0,1059750.0,1715750.0,128.1582865696776,35.43573361534743,1798.1065145757134,False,150860.35397174663,0.6034414158869865,21.0,11.0,0.5238095238095238
라마59b16a,48890420,쌍백면,250000.0,250000.0,1059750.0,1716250.0,128.15832326845987,35.440241710896785,1889.423146666698,False,9913.796846128773,0.039655187384515,0.0,0.0,
라마59b16b,48890420,쌍백면,250000.0,250000.0,1059750.0,1716750.0,128.15835997539196,35.44474980304015,2099.202852646726,False,43776.72113119056,0.1751068845247622,7.0,0.0,0.0
라마59b17a,48890420,쌍백면,250000.0,250000.0,1059750.0,1717250.0,128.15839669047574,35.44925789177741,2396.5361265711017,False,93143.54608884906,0.3725741843553962,12.0,0.0,0.0
라마59b17b,48890420,쌍백면,250000.0,250000.0,1059750.0,1717750.0,128.158433413713,35.45376597710829,2753.201444747675,False,10746.602576509606,0.0429864103060384,10.0,6.0,0.6
라마59b18a,48890420,쌍백면,250000.0,250000.0,1059750.0,1718250.0,128.15847014510555,35.45827405903265,3149.1032032565954,False,1355.0509495460285,0.0054202037981841,,,
라마59b18b,48890420,쌍백면,250000.0,250000.0,1059750.0,1718750.0,128.1585068846552,35.4627821375503,3177.3084109242586,False,315.3769713786481,0.0012615078855145,,,
라마59b19a,48890420,쌍백면,250000.0,250000.0,1059750.0,1719250.0,128.15854363236377,35.467290212661034,2682.9114374127794,False,0.0,0.0,,,
라마59b19b,48890420,쌍백면,250000.0,250000.0,1059750.0,1719750.0,128.15858038823308,35.47179828436467,2191.0588362411845,False,23570.309881387573,0.0942812395255502,8.0,,
라마59b20a,48890420,쌍백면,250000.0,250000.0,1059750.0,1720250.0,128.15861715226495,35.47630635266103,1703.9553593744297,False,49824.62909192606,0.1992985163677042,8.0,0.0,0.0
라마59b20b,48890420,쌍백면,250000.0,250000.0,1059750.0,1720750.0,128.1586539244612,35.4808144175499,1227.268882360793,False,9048.778251765993,0.0361951130070639,,,
라마59b21a,48890410,대양면,250000.0,250000.0,1059750.0,1721250.0,128.15869070482358,35.48532247903111,780.3293871701733,False,0.0,0.0,,,
라마59b21b,48890410,대양면,250000.0,250000.0,1059750.0,1721750.0,128.158727493354,35.48983053710447,460.0423842991495,False,1362.2971215321872,0.0054491884861287,,,
라마59b22a,48890410,대양면,250000.0,250000.0,1059750.0,1722250.0,128.15876429005422,35.49433859176979,560.681761984385,False,670.1228889926334,0.0026804915559705,,,
라마59b22b,48890410,대양면,250000.0,250000.0,1059750.0,1722750.0,128.15880109492608,35.498846643026866,944.1850565226248,False,39064.40981111869,0.1562576392444747,0.0,0.0,
라마59b23a,48890410,대양면,250000.0,250000.0,1059750.0,1723250.0,128.15883790797142,35.50335469087553,797.7389916077966,False,1.4971634375006142,5.9886537500024565e-06,,,
라마59b23b,48890410,대양면,250000.0,250000.0,1059750.0,1723750.0,128.158874729192,35.507862735315584,938.7702469199884,False,0.0,0.0,,,
라마59b24a,48890410,대양면,250000.0,250000.0,1059750.0,1724250.0,128.15891155858972,35.512370776346835,604.4955926251367,False,13343.202239561371,0.0533728089582454,,,
라마59b24b,48890410,대양면,250000.0,250000.0,1059750.0,1724750.0,128.1589483961663,35.51687881396911,204.40371011688583,True,18698.499162484022,0.0747939966499361,36.0,15.0,0.4166666666666667
라마59b25a,48890410,대양면,250000.0,250000.0,1059750.0,1725250.0,128.1589852419237,35.5213868481822,467.06191443520703,False,2914.718804904832,0.0116588752196193,,,
라마59b25b,48890410,대양면,250000.0,250000.0,1059750.0,1725750.0,128.15902209586358,35.52589487898593,945.7868613605358,False,3748.380406605052,0.0149935216264202,0.0,0.0,
라마59b26a,48890410,대양면,250000.0,250000.0,1059750.0,1726250.0,128.1590589579879,35.5304029063801,1424.8567061370147,False,36.97320796527997,0.0001478928318611,,,
라마59b26b,48890410,대양면,250000.0,250000.0,1059750.0,1726750.0,128.1590958282984,35.53491093036454,947.8374492319108,False,0.0,0.0,,,
라마59b27a,48890410,대양면,250000.0,250000.0,1059750.0,1727250.0,128.15913270679692,35.53941895093906,516.3090424438516,False,2782.723012506089,0.0111308920500243,,,
라마59b27b,48890410,대양면,250000.0,250000.0,1059750.0,1727750.0,128.15916959348533,35.54392696810345,367.0888508959636,False,4908.950309536265,0.019635801238145,,,
라마59b28a,48890460,용주면,250000.0,250000.0,1059750.0,1728250.0,128.1592064883654,35.54843498185754,709.177990066634,False,952.6257568404694,0.0038105030273618,,,
라마59b28b,48890410,대양면,250000.0,250000.0,1059750.0,1728750.0,128.15924339143902,35.55294299220114,1154.4027164516735,False,1878.4465892803933,0.0075137863571215,36.0,17.0,0.4722222222222222
라마59b29a,48890460,용주면,250000.0,249999.9999994396,1059750.0,1729250.0,128.15928030270794,35.55745099913406,659.5694661574179,False,0.0,0.0,11.0,,
라마59b29b,48890250,합천읍,250000.0,249999.9999999319,1059750.0,1729750.0,128.15931722217402,35.56195900265611,193.43766340441397,True,4790.930401564243,0.0191637216062621,1644.0,329.0,0.2001216545012165
라마59b30a,48890250,합천읍,250000.0,250000.0,1059750.0,1730250.0,128.15935414983912,35.56646700276711,156.31292173248636,True,2712.314025000764,0.010849256100003,1608.0,522.0,0.3246268656716418
라마59b30b,48890250,합천읍,250000.0,250000.0,1059750.0,1730750.0,128.159391085705,35.57097499946686,588.4251882866155,False,39229.6524135891,0.1569186096543564,918.0,225.0,0.2450980392156862
라마59b31a,48890250,합천읍,250000.0,250000.0,1059750.0,1731250.0,128.15942802977358,35.5754829927552,848.6944242595446,False,43287.351137394624,0.1731494045495785,21.0,8.0,0.3809523809523809
라마59b31b,48890250,합천읍,250000.0,250000.0,1059750.0,1731750.0,128.1594649820466,35.579990982631905,758.9856481326669,False,28801.811427482964,0.1152072457099318,0.0,,
라마59b32a,48890250,합천읍,250000.0,250000.0,1059750.0,1732250.0,128.15950194252596,35.58449896909681,965.316633221188,False,2480.0192327524387,0.0099200769310097,,,
라마59b32b,48890250,합천읍,250000.0,250000.0,1059750.0,1732750.0,128.15953891121345,35.58900695214972,1260.1407680255772,False,0.0,0.0,,,
라마59b33a,48890250,합천읍,250000.0,250000.0,1059750.0,1733250.0,128.15957588811094,35.59351493179046,1021.5828527239356,False,1828.4541641056464,0.0073138166564225,,,
라마59b33b,48890250,합천읍,250000.0,250000.0,1059750.0,1733750.0,128.1596128732202,35.59802290801882,999.6540875318108,False,0.0,0.0,,,
라마59b34a,48890250,합천읍,250000.0,250000.0,1059750.0,1734250.0,128.1596498665431,35.60253088083464,1154.9525139216064,False,12713.65312898792,0.0508546125159516,,,
라마59b34b,48890250,합천읍,250000.0,250000.0,1059750.0,1734750.0,128.15968686808148,35.60703885023773,751.2526700014275,False,2040.3384557818465,0.0081613538231273,,,
라마59b35a,48890250,합천읍,250000.0,250000.0,1059750.0,1735250.0,128.15972387783717,35.61154681622787,542.9970892690945,False,6879.00174686908,0.0275160069874763,7.0,,
라마59b35b,48890250,합천읍,250000.0,250000.0,1059750.0,1735750.0,128.159760895812,35.61605477880492,724.7834874810161,False,0.0,0.0,,,
라마59b36a,48890250,합천읍,250000.0,250000.0,1059750.0,1736250.0,128.15979792200784,35.620562737968655,1120.614281764952,False,51968.63597359413,0.2078745438943765,0.0,0.0,
라마59b36b,48890250,합천읍,250000.0,250000.0,1059750.0,1736750.0,128.1598349564265,35.6250706937189,1576.782050020235,False,7539.868685779063,0.0301594747431162,,,
라마59b37a,48890250,합천읍,250000.0,250000.0,1059750.0,1737250.0,128.15987199906974,35.62957864605548,2053.4621735100086,False,2577.846345993392,0.0103113853839735,0.0,,
라마59b37b,48890250,합천읍,250000.0,250000.0,1059750.0,1737750.0,128.15990904993953,35.63408659497821,2539.128228901976,False,0.0,0.0,,,
라마59b38a,48890250,합천읍,250000.0,250000.0,1059750.0,1738250.0,128.15994610903763,35.63859454048688,3029.4615738737007,False,0.0,0.0,,,
라마59b38b,48890250,합천읍,250000.0,250000.0,1059750.0,1738750.0,128.1599831763659,35.64310248258133,3522.5136894478856,False,642.2322016364067,0.0025689288065456,,,
라마59b39a,48890250,합천읍,250000.0,250000.0,1059750.0,1739250.0,128.1600202519262,35.64761042126135,3642.372580341383,False,10339.85391028999,0.0413594156411599,,,
라마59b39b,48890250,합천읍,250000.0,241112.3238291906,1059750.0,1739750.0,128.1600573357203,35.65211835652677,3187.799361160923,False,1441.714550756366,0.0059794311956352,,,
라마59b40b,48890320,묘산면,250000.0,153084.23990153766,1059750.0,1740750.0,128.16013152801747,35.66113421681307,2335.045668291838,False,0.0,0.0,,,
라마59b41b,48890340,야로면,250000.0,204246.63843849563,1059750.0,1741750.0,128.16020575327212,35.670150063438705,1656.1436468491988,False,0.0,0.0,,,
라마59b42a,48890340,야로면,250000.0,250000.0,1059750.0,1742250.0,128.16024287826315,35.674657981628314,1462.1896361259735,False,0.0,0.0,,,
라마59b42b,48890340,야로면,250000.0,250000.0,1059750.0,1742750.0,128.160280011499,35.67916589640221,1395.057677718652,False,35302.91244685956,0.1412116497874382,27.0,22.0,0.8148148148148148
라마59b43a,48890340,야로면,250000.0,250000.0,1059750.0,1743250.0,128.16031715298166,35.68367380776021,1126.5572712159008,False,4446.382142422697,0.0177855285696907,,,
라마59b43b,48890340,야로면,250000.0,250000.0,1059750.0,1743750.0,128.1603543027129,35.688181715702115,1045.0247109504514,False,1827.294547962836,0.0073091781918513,0.0,0.0,
라마59b44a,48890340,야로면,250000.0,250000.0,1059750.0,1744250.0,128.16039146069454,35.69268962022774,794.1849785344559,False,2294.4212382812057,0.0091776849531248,,,
라마59b44b,48890340,야로면,250000.0,250000.0,1059750.0,1744750.0,128.16042862692854,35.6971975213369,673.4352247476469,False,14092.186217842962,0.0563687448713718,8.0,0.0,0.0
라마59b45a,48890340,야로면,250000.0,250000.0,1059750.0,1745250.0,128.16046580141662,35.70170541902943,685.6547301521584,False,1248.3507812189882,0.0049934031248759,,,
라마59b45b,48890340,야로면,250000.0,250000.0,1059750.0,1745750.0,128.16050298416067,35.70621331330513,610.4056602164211,False,73244.27970125679,0.2929771188050271,53.0,28.0,0.5283018867924528
라마59b46a,48890340,야로면,250000.0,250000.0,1059750.0,1746250.0,128.16054017516257,35.710721204163804,880.3793109043742,False,35053.681783571614,0.1402147271342864,12.0,10.0,0.8333333333333334
라마59b46b,48890340,야로면,250000.0,250000.0,1059750.0,1746750.0,128.16057737442418,35.71522909160528,1175.503008879921,False,93809.169731017,0.375236678924068,39.0,17.0,0.4358974358974359
라마59b47a,48890340,야로면,250000.0,250000.0,1059750.0,1747250.0,128.16061458194727,35.719736975629374,1256.7003635284573,False,62507.50266532369,0.2500300106612947,11.0,0.0,0.0
라마59b47b,48890340,야로면,250000.0,250000.0,1059750.0,1747750.0,128.16065179773375,35.7242448562359,1508.9016811904498,False,8479.51133690022,0.0339180453476008,0.0,,
라마59b48a,48890340,야로면,250000.0,250000.0,1059750.0,1748250.0,128.16068902178546,35.728752733424656,1863.940117950728,False,6192.076976338265,0.024768307905353,27.0,15.0,0.5555555555555556
라마59b48b,48890340,야로면,250000.0,250000.0,1059750.0,1748750.0,128.16072625410428,35.73326060719548,1759.4503437626536,False,38566.28934768822,0.1542651573907528,43.0,23.0,0.5348837209302325
라마59b49a,48890340,야로면,250000.0,250000.0,1059750.0,1749250.0,128.16076349469202,35.7377684775482,1282.6765600689669,False,5249.42034424506,0.0209976813769802,,,
라마59b49b,48890340,야로면,250000.0,250000.0,1059750.0,1749750.0,128.16080074355054,35.74227634448259,833.5783126582626,False,4291.357850968674,0.0171654314038746,,,
라마59b50a,48890340,야로면,250000.0,250000.0,1059750.0,1750250.0,128.16083800068168,35.7467842079985,494.4152595926165,False,23032.281326289805,0.0921291253051592,,,
라마59b50b,48890340,야로면,250000.0,250000.0,1059750.0,1750750.0,128.16087526608734,35.75129206809574,542.2546399081086,False,19241.96996756003,0.0769678798702401,,,
라마59b51a,48890340,야로면,250000.0,250000.0,1059750.0,1751250.0,128.16091253976936,35.755799924774095,918.4953674819002,False,0.0,0.0,,,
라마59b51b,48890340,야로면,250000.0,250000.0,1059750.0,1751750.0,128.16094982172956,35.76030777803342,1375.945996639966,False,0.0,0.0,,,
라마59b52a,48890340,야로면,250000.0,246521.93714522527,1059750.0,1752250.0,128.16098711196983,35.76481562787351,1855.484042306316,False,0.0,0.0,,,
라마59b52b,48890330,가야면,250000.0,189816.86353030143,1059750.0,1752750.0,128.16102441049202,35.7693234742942,2087.29469494704,False,0.0,0.0,,,
라마59b53a,48890330,가야면,250000.0,206910.1738882344,1059750.0,1753250.0,128.161061717298,35.77383131729529,2308.8291499658503,False,0.0,0.0,,,
라마60a11a,48890430,삼가면,250000.0,243097.67110474288,1060250.0,1711250.0,128.16346223243028,35.395130490074806,1769.5469845663824,False,878.7674160492826,0.0036148738573091,,,
라마60a11b,48890430,삼가면,250000.0,250000.0,1060250.0,1711750.0,128.1634991643621,35.39963861128107,1335.9461785653475,False,6331.13286957563,0.0253245314783025,,,
라마60a12a,48890430,삼가면,250000.0,250000.0,1060250.0,1712250.0,128.1635361044955,35.404146729082534,968.6113015336616,False,46405.57015714866,0.1856222806285946,10.0,10.0,1.0
라마60a12b,48890420,쌍백면,250000.0,250000.0,1060250.0,1712750.0,128.1635730528324,35.408654843479006,769.1966685407009,False,2459.131057531135,0.0098365242301245,,,
라마60a13a,48890420,쌍백면,250000.0,250000.0,1060250.0,1713250.0,128.1636100093745,35.413162954470295,863.2028593149421,False,131729.36656363052,0.5269174662545221,0.0,,
라마60a13b,48890430,삼가면,250000.0,250000.0,1060250.0,1713750.0,128.16364697412374,35.41767106205624,1182.6135623122502,False,48552.45331218251,0.19420981324873,,,
라마60a14a,48890430,삼가면,250000.0,250000.0,1060250.0,1714250.0,128.16368394708184,35.42217916623662,1597.507589716008,False,25278.64308241698,0.1011145723296679,,,
라마60a14b,48890430,삼가면,250000.0,250000.0,1060250.0,1714750.0,128.16372092825068,35.42668726701124,2050.7282025260265,False,13138.42677133942,0.0525537070853576,0.0,0.0,
라마60a15a,48890420,쌍백면,250000.0,250000.0,1060250.0,1715250.0,128.16375791763207,35.43119536437994,2299.8767511924552,False,8006.082264903294,0.0320243290596131,,,
라마60a15b,48890420,쌍백면,250000.0,250000.0,1060250.0,1715750.0,128.16379491522784,35.435703458342495,2105.886208813821,False,179361.54148026757,0.7174461659210702,,,
라마60a16a,48890420,쌍백면,250000.0,250000.0,1060250.0,1716250.0,128.16383192103982,35.440211548898745,2019.9208841607972,False,31733.4711901746,0.1269338847606984,0.0,0.0,
라마60a16b,48890420,쌍백면,250000.0,250000.0,1060250.0,1716750.0,128.1638689350698,35.444719636048475,2055.578758419542,False,0.0,0.0,,,
라마60a17a,48890420,쌍백면,250000.0,250000.0,1060250.0,1717250.0,128.16390595731968,35.44922771979152,2206.9725158828583,False,45756.570238404085,0.1830262809536163,,,
라마60a17b,48890420,쌍백면,250000.0,250000.0,1060250.0,1717750.0,128.16394298779124,35.45373580012766,2452.764020377623,False,92529.1195884069,0.3701164783536276,25.0,13.0,0.52
라마60a18a,48890420,쌍백면,250000.0,250000.0,1060250.0,1718250.0,128.16398002648629,35.45824387705674,2767.918892138224,False,16537.02534762628,0.0661481013905051,6.0,0.0,0.0
라마60a18b,48890420,쌍백면,250000.0,250000.0,1060250.0,1718750.0,128.16401707340668,35.46275195057854,3131.564887919836,False,24112.33356736475,0.096449334269459,,,
라마60a19a,48890420,쌍백면,250000.0,250000.0,1060250.0,1719250.0,128.16405412855428,35.4672600206929,2648.052548025689,False,0.0,0.0,,,
라마60a19b,48890420,쌍백면,250000.0,250000.0,1060250.0,1719750.0,128.16409119193085,35.4717680873996,2148.233539440164,False,3334.31874239082,0.0133372749695632,,,
라마60a20a,48890420,쌍백면,250000.0,250000.0,1060250.0,1720250.0,128.16412826353826,35.476276150698475,1648.5243045966542,False,39148.14894491893,0.1565925957796757,0.0,0.0,
라마60a20b,48890410,대양면,250000.0,250000.0,1060250.0,1720750.0,128.1641653433783,35.48078421058932,1149.0680683563314,False,984.5168047317206,0.0039380672189268,,,
라마60a21a,48890410,대양면,250000.0,250000.0,1060250.0,1721250.0,128.16420243145288,35.485292267071955,650.4478984410812,False,1383.0575021536947,0.0055322300086147,,,
라마60a21b,48890410,대양면,250000.0,250000.0,1060250.0,1721750.0,128.16423952776375,35.48980032014618,160.64716448380665,True,40163.15500366876,0.160652620014675,42.0,23.0,0.5476190476190477
라마60a22a,48890410,대양면,250000.0,250000.0,1060250.0,1722250.0,128.16427663231278,35.49430836981182,358.51437115819425,False,51500.47083162292,0.2060018833264916,7.0,0.0,0.0
라마60a22b,48890410,대양면,250000.0,250000.0,1060250.0,1722750.0,128.16431374510182,35.49881641606868,586.3128163046865,False,45631.02684455861,0.1825241073782344,0.0,,
라마60a23a,48890410,대양면,250000.0,250000.0,1060250.0,1723250.0,128.16435086613268,35.50332445891656,297.76634520026766,True,22218.60887446616,0.0888744354978646,9.0,6.0,0.6666666666666666
라마60a23b,48890410,대양면,250000.0,250000.0,1060250.0,1723750.0,128.16438799540722,35.507832498355285,577.5524860172596,False,0.0,0.0,,,
라마60a24a,48890410,대양면,250000.0,250000.0,1060250.0,1724250.0,128.16442513292725,35.51234053438467,651.7168188781203,False,0.3976029746884479,1.5904118987537916e-06,,,
라마60a24b,48890410,대양면,250000.0,250000.0,1060250.0,1724750.0,128.1644622786946,35.51684856700452,317.96346836539146,False,49341.37460378784,0.1973654984151513,0.0,0.0,
라마60a25a,48890410,대양면,250000.0,250000.0,1060250.0,1725250.0,128.16449943271112,35.52135659621463,526.7511010157284,False,9145.717787630669,0.0365828711505226,25.0,15.0,0.6
라마60a25b,48890410,대양면,250000.0,250000.0,1060250.0,1725750.0,128.1645365949787,35.52586462201484,976.6435775796688,False,40235.69277705622,0.1609427711082248,19.0,9.0,0.4736842105263157
라마60a26a,48890410,대양면,250000.0,250000.0,1060250.0,1726250.0,128.16457376549906,35.53037264440494,1390.205414256459,False,24.174975595544293,9.669990238217718e-05,7.0,0.0,0.0
라마60a26b,48890410,대양면,250000.0,250000.0,1060250.0,1726750.0,128.16461094427413,35.53488066338476,894.9023918678538,False,0.0,0.0,,,
라마60a27a,48890410,대양면,250000.0,250000.0,1060250.0,1727250.0,128.16464813130577,35.5393886789541,411.1319594894536,False,1001.4200319044148,0.0040056801276176,0.0,0.0,
라마60a27b,48890410,대양면,250000.0,250000.0,1060250.0,1727750.0,128.16468532659573,35.543896691112764,192.8955293843526,True,22327.46166218595,0.0893098466487438,21.0,18.0,0.8571428571428571
라마60a28a,48890410,대양면,250000.0,250000.0,1060250.0,1728250.0,128.16472253014592,35.548404699860576,636.7007793298997,False,4403.267771009687,0.0176130710840387,16.0,0.0,0.0
라마60a28b,48890410,대양면,250000.0,250000.0,1060250.0,1728750.0,128.16475974195814,35.55291270519736,1128.524292845366,False,2968.1053838443213,0.0118724215353772,365.0,22.0,0.0602739726027397
라마60a29a,48890410,대양면,250000.0,249999.9999997577,1060250.0,1729250.0,128.16479696203425,35.557420707122894,900.0250665769946,False,0.0,0.0,74.0,10.0,0.1351351351351351
라마60a29b,48890250,합천읍,250000.0,249999.99999996088,1060250.0,1729750.0,128.16483419037613,35.56192870563703,642.2081978635135,False,17790.731776624758,0.0711629271065101,279.0,90.0,0.3225806451612903
라마60a30a,48890250,합천읍,250000.0,250000.0,1060250.0,1730250.0,128.16487142698554,35.566436700739544,642.8649265003767,False,15835.35193820037,0.0633414077528014,917.0,218.0,0.23773173391494
라마60a30b,48890250,합천읍,250000.0,250000.0,1060250.0,1730750.0,128.1649086718644,35.57094469243027,857.3714401786002,False,69497.99280985248,0.2779919712394099,1051.0,241.0,0.2293054234062797
라마60a31a,48890250,합천읍,250000.0,250000.0,1060250.0,1731250.0,128.1649459250145,35.57545268070901,467.6575584203365,False,28570.34276449182,0.1142813710579672,74.0,69.0,0.9324324324324323
라마60a31b,48890250,합천읍,250000.0,250000.0,1060250.0,1731750.0,128.16498318643775,35.579960665575584,272.9113047306672,True,88366.42430549009,0.3534656972219603,172.0,70.0,0.4069767441860465
라마60a32a,48890250,합천읍,250000.0,250000.0,1060250.0,1732250.0,128.16502045613595,35.58446864702981,655.9402172087939,False,19526.86914968046,0.0781074765987218,10.0,7.0,0.7
라마60a32b,48890250,합천읍,250000.0,250000.0,1060250.0,1732750.0,128.16505773411097,35.588976625071474,1134.0346365319026,False,2121.9023485894013,0.0084876093943576,,,
라마60a33a,48890250,합천읍,250000.0,250000.0,1060250.0,1733250.0,128.16509502036456,35.59348459970043,1507.2816701603697,False,10426.86279258159,0.0417074511703263,,,
라마60a33b,48890250,합천읍,250000.0,250000.0,1060250.0,1733750.0,128.1651323148987,35.597992570916446,1492.5062153776498,False,2154.276297170989,0.0086171051886839,,,
라마60a34a,48890250,합천읍,250000.0,250000.0,1060250.0,1734250.0,128.1651696177152,35.602500538719376,1020.4262454626048,False,73232.31872547296,0.2929292749018918,0.0,,
라마60a34b,48890250,합천읍,250000.0,250000.0,1060250.0,1734750.0,128.1652069288159,35.60700850310899,521.2820610757129,False,74812.73893944523,0.2992509557577809,28.0,16.0,0.5714285714285714
라마60a35a,48890250,합천읍,250000.0,250000.0,1060250.0,1735250.0,128.1652442482026,35.61151646408515,46.90684352819405,True,61544.47917507176,0.246177916700287,23.0,12.0,0.5217391304347826
라마60a35b,48890250,합천읍,250000.0,250000.0,1060250.0,1735750.0,128.16528157587723,35.61602442164763,482.3541403784295,False,56757.422050165,0.22702968820066,29.0,18.0,0.6206896551724138
라마60a36a,48890250,합천읍,250000.0,250000.0,1060250.0,1736250.0,128.16531891184164,35.62053237579626,981.39226688957,False,62999.12489536832,0.2519964995814733,53.0,37.0,0.6981132075471698
라마60a36b,48890250,합천읍,250000.0,250000.0,1060250.0,1736750.0,128.16535625609762,35.62504032653084,1481.0793517840575,False,24922.49168552725,0.0996899667421089,,,
라마60a37a,48890250,합천읍,250000.0,250000.0,1060250.0,1737250.0,128.16539360864704,35.62954827385122,1980.924357730885,False,9784.799410099084,0.0391391976403963,0.0,,
라마60a37b,48890250,합천읍,250000.0,250000.0,1060250.0,1737750.0,128.16543096949178,35.63405621775717,2480.831831427103,False,43577.25040693239,0.1743090016277295,0.0,0.0,
라마60a38a,48890250,합천읍,250000.0,250000.0,1060250.0,1738250.0,128.1654683386337,35.63856415824851,2980.7703434837763,False,42778.29188680109,0.1711131675472043,29.0,25.0,0.8620689655172413
라마60a38b,48890250,합천읍,250000.0,250000.0,1060250.0,1738750.0,128.1655057160746,35.64307209532509,3347.693193019978,False,2511.532723074922,0.0100461308922996,0.0,0.0,
라마60a39a,48890250,합천읍,250000.0,250000.0,1060250.0,1739250.0,128.16554310181638,35.64758002898669,3694.597542800726,False,0.0,0.0,,,
라마60a39b,48890350,율곡면,250000.0,226446.81681229832,1060250.0,1739750.0,128.1655804958609,35.65208795923312,3439.5569513699315,False,0.0,0.0,,,
라마60a42a,48890340,야로면,250000.0,184118.4893337605,1060250.0,1742250.0,128.16576759068926,35.67462755923142,1526.6842652873113,False,0.0,0.0,,,
라마60a42b,48890340,야로면,250000.0,250000.0,1060250.0,1742750.0,128.16580503458908,35.679135468983,1074.1090294022836,False,39386.975148928046,0.1575479005957122,7.0,0.0,0.0
라마60a43a,48890340,야로면,250000.0,250000.0,1060250.0,1743250.0,128.16584248680468,35.68364337531813,690.4024682829383,False,7408.332013313835,0.0296333280532553,0.0,,
라마60a43b,48890340,야로면,250000.0,250000.0,1060250.0,1743750.0,128.16587994733786,35.68815127823661,547.3581363045879,False,347.748559950731,0.0013909942398029,,,
라마60a44a,48890340,야로면,250000.0,250000.0,1060250.0,1744250.0,128.1659174161905,35.69265917773825,459.6079215754832,False,43918.59578899859,0.1756743831559943,0.0,0.0,
라마60a44b,48890340,야로면,250000.0,250000.0,1060250.0,1744750.0,128.1659548933644,35.69716707382289,184.45775499033616,True,79085.77661799685,0.3163431064719874,137.0,70.0,0.5109489051094891
라마60a45a,48890340,야로면,250000.0,250000.0,1060250.0,1745250.0,128.16599237886155,35.70167496649032,597.3356553707591,False,53771.94285848107,0.2150877714339242,29.0,11.0,0.3793103448275862
라마60a45b,48890340,야로면,250000.0,250000.0,1060250.0,1745750.0,128.16602987268374,35.70618285574036,1086.09166601091,False,32446.605694741163,0.1297864227789646,206.0,82.0,0.3980582524271844
라마60a46a,48890340,야로면,250000.0,250000.0,1060250.0,1746250.0,128.1660673748328,35.71069074157283,871.773655225643,False,18958.81949489737,0.0758352779795894,33.0,11.0,0.3333333333333333
라마60a46b,48890340,야로면,250000.0,250000.0,1060250.0,1746750.0,128.16610488531066,35.71519862398754,676.3710414796651,False,61059.99457724708,0.2442399783089883,20.0,0.0,0.0
라마60a47a,48890340,야로면,250000.0,250000.0,1060250.0,1747250.0,128.16614240411914,35.71970650298432,809.2998613363873,False,34209.65131913541,0.1368386052765416,77.0,34.0,0.4415584415584415
라마60a47b,48890340,야로면,250000.0,250000.0,1060250.0,1747750.0,128.16617993126013,35.72421437856296,1162.9508783116785,False,45896.69820595449,0.1835867928238179,30.0,18.0,0.6
라마60a48a,48890340,야로면,250000.0,250000.0,1060250.0,1748250.0,128.16621746673547,35.7287222507233,1596.8541652801964,False,6385.494595958364,0.0255419783838334,0.0,0.0,
라마60a48b,48890340,야로면,250000.0,250000.0,1060250.0,1748750.0,128.16625501054708,35.73323011946514,1948.754243702768,False,34379.45274047063,0.1375178109618825,17.0,7.0,0.4117647058823529
라마60a49a,48890340,야로면,250000.0,250000.0,1060250.0,1749250.0,128.16629256269675,35.7377379847883,1532.0694331306877,False,15781.245560329013,0.063124982241316,22.0,9.0,0.4090909090909091
라마60a49b,48890340,야로면,250000.0,250000.0,1060250.0,1749750.0,128.16633012318644,35.7422458466926,1181.8757944544025,False,0.0,0.0,,,
라마60a50a,48890340,야로면,250000.0,250000.0,1060250.0,1750250.0,128.16636769201793,35.74675370517784,972.8432757135464,False,26636.36448549706,0.1065454579419882,,,
라마60a50b,48890340,야로면,250000.0,250000.0,1060250.0,1750750.0,128.16640526919318,35.75126156024385,998.0068560310102,False,4366.298306784704,0.0174651932271388,0.0,,
라마60a51a,48890340,야로면,250000.0,250000.0,1060250.0,1751250.0,128.16644285471398,35.755769411890434,1243.2261782430178,False,14073.702621778117,0.0562948104871124,,,
라마60a51b,48890340,야로면,250000.0,247182.71737180863,1060250.0,1751750.0,128.1664804485822,35.76027726011743,1610.963989620059,False,0.0,0.0,0.0,,
라마60b11a,48890430,삼가면,250000.0,181322.6354197604,1060750.0,1711250.0,128.16896780957853,35.39510012709771,1618.079945002432,False,0.0,0.0,,,
라마60b11b,48890430,삼가면,250000.0,250000.0,1060750.0,1711750.0,128.1690050479254,35.39960824327424,1127.6694417489782,False,20838.730188585345,0.0833549207543413,,,
라마60b12a,48890430,삼가면,250000.0,250000.0,1060750.0,1712250.0,128.16904229454187,35.4041163560454,651.9923552387949,False,355.72931810763026,0.0014229172724305,,,
라마60b12b,48890420,쌍백면,250000.0,250000.0,1060750.0,1712750.0,128.16907954942985,35.40862446541103,280.26718096346843,True,56716.07793788085,0.2268643117515233,0.0,,
라마60b13a,48890420,쌍백면,250000.0,250000.0,1060750.0,1713250.0,128.16911681259114,35.413132571370944,481.6693411050658,False,94942.99368367414,0.3797719747346965,58.0,41.0,0.7068965517241379
라마60b13b,48890420,쌍백면,250000.0,250000.0,1060750.0,1713750.0,128.16915408402758,35.417640673924936,940.989381234436,False,27967.17599145568,0.1118687039658227,20.0,17.0,0.85
라마60b14a,48890420,쌍백면,250000.0,250000.0,1060750.0,1714250.0,128.16919136374105,35.42214877307283,1427.9063964529837,False,51014.280783221846,0.2040571231328873,10.0,0.0,0.0
라마60b14b,48890430,삼가면,250000.0,250000.0,1060750.0,1714750.0,128.1692286517334,35.426656868814405,1921.554667051324,False,371.7631623079269,0.0014870526492317,,,
라마60b15a,48890420,쌍백면,250000.0,250000.0,1060750.0,1715250.0,128.16926594800637,35.43116496114951,1876.7595154661688,False,11160.167224863477,0.0446406688994539,,,
라마60b15b,48890420,쌍백면,250000.0,250000.0,1060750.0,1715750.0,128.1693032525619,35.43567305007793,1633.263583347617,False,83542.96118421765,0.3341718447368706,,,
라마60b16a,48890420,쌍백면,250000.0,250000.0,1060750.0,1716250.0,128.16934056540177,35.44018113559946,1520.81346209395,False,85288.74143614426,0.341154965744577,62.0,35.0,0.5645161290322581
라마60b16b,48890420,쌍백면,250000.0,250000.0,1060750.0,1716750.0,128.16937788652783,35.44468921771396,1567.8639100007608,False,12098.64742191196,0.0483945896876478,0.0,,
라마60b17a,48890420,쌍백면,250000.0,250000.0,1060750.0,1717250.0,128.16941521594194,35.4491972964212,1761.681269151591,False,11526.740869876438,0.0461069634795057,,,
라마60b17b,48890420,쌍백면,250000.0,250000.0,1060750.0,1717750.0,128.16945255364595,35.45370537172098,2061.2725554560343,False,43292.97814482638,0.1731719125793055,0.0,0.0,
라마60b18a,48890420,쌍백면,250000.0,250000.0,1060750.0,1718250.0,128.16948989964172,35.45821344361317,2427.7908068186057,False,89461.95301694932,0.3578478120677973,35.0,26.0,0.7428571428571429
라마60b18b,48890420,쌍백면,250000.0,250000.0,1060750.0,1718750.0,128.16952725393102,35.46272151209751,2835.3997699565443,False,27301.14755735985,0.1092045902294394,,,
라마60b19a,48890420,쌍백면,250000.0,250000.0,1060750.0,1719250.0,128.16956461651577,35.467229577173846,2706.723261290372,False,1462.6131313328528,0.0058504525253314,0.0,0.0,
라마60b19b,48890420,쌍백면,250000.0,250000.0,1060750.0,1719750.0,128.16960198739775,35.47173763884199,2220.1522146196767,False,209.02651873329276,0.0008361060749331,,,
라마60b20a,48890420,쌍백면,250000.0,250000.0,1060750.0,1720250.0,128.16963936657888,35.476245697101746,1741.2067364190052,False,10506.612874465583,0.0420264514978623,22.0,10.0,0.4545454545454545
라마60b20b,48890410,대양면,250000.0,250000.0,1060750.0,1720750.0,128.16967675406093,35.480753751952925,1278.485800398734,False,0.0,0.0,,,
라마60b21a,48890410,대양면,250000.0,250000.0,1060750.0,1721250.0,128.16971414984582,35.48526180339534,858.6332073076721,False,14683.775810382642,0.0587351032415305,,,
라마60b21b,48890410,대양면,250000.0,250000.0,1060750.0,1721750.0,128.16975155393533,35.48976985142879,583.0746329259473,False,4150.481909225264,0.016601927636901,0.0,,
라마60b22a,48890410,대양면,250000.0,250000.0,1060750.0,1722250.0,128.16978896633137,35.494277896053084,665.3578514092972,False,3250.5648644765224,0.013002259457906,,,
라마60b22b,48890410,대양면,250000.0,250000.0,1060750.0,1722750.0,128.16982638703573,35.49878593726807,544.0955946941987,False,11257.148110292246,0.0450285924411689,0.0,,
라마60b23a,48890410,대양면,250000.0,250000.0,1060750.0,1723250.0,128.16986381605028,35.50329397507352,202.34152795811767,True,48681.15366838086,0.1947246146735234,46.0,19.0,0.4130434782608695
라마60b23b,48890410,대양면,250000.0,250000.0,1060750.0,1723750.0,128.1699012533769,35.507802009469266,534.6439672410207,False,577.9900805044158,0.0023119603220176,,,
라마60b24a,48890410,대양면,250000.0,250000.0,1060750.0,1724250.0,128.16993869901745,35.51231004045509,549.5034674321864,False,3502.234336033344,0.0140089373441333,13.0,10.0,0.7692307692307693
라마60b24b,48890410,대양면,250000.0,250000.0,1060750.0,1724750.0,128.1699761529737,35.516818068030844,388.27387694099366,False,41004.14201132399,0.1640165680452959,,,
라마60b25a,48890410,대양면,250000.0,250000.0,1060750.0,1725250.0,128.1700136152476,35.521326092196304,641.4256110758511,False,85985.66287318997,0.3439426514927599,14.0,9.0,0.6428571428571429
라마60b25b,48890410,대양면,250000.0,250000.0,1060750.0,1725750.0,128.17005108584095,35.52583411295132,1082.6342990933126,False,87398.52314178408,0.3495940925671363,11.0,9.0,0.8181818181818182
라마60b26a,48890410,대양면,250000.0,250000.0,1060750.0,1726250.0,128.1700885647556,35.53034213029565,1528.1117611720435,False,36825.90565444664,0.1473036226177865,17.0,6.0,0.3529411764705882
라마60b26b,48890410,대양면,250000.0,250000.0,1060750.0,1726750.0,128.1701260519934,35.53485014422915,1096.9524838274249,False,48456.76916036501,0.19382707664146,,,
라마60b27a,48890410,대양면,250000.0,250000.0,1060750.0,1727250.0,128.17016354755623,35.53935815475161,755.9655738973755,False,28524.850553147084,0.1140994022125883,0.0,0.0,
라마60b27b,48890410,대양면,250000.0,250000.0,1060750.0,1727750.0,128.17020105144593,35.54386616186285,663.0709962446106,False,41648.1730708292,0.1665926922833167,7.0,0.0,0.0
라마60b28a,48890410,대양면,250000.0,250000.0,1060750.0,1728250.0,128.17023856366436,35.54837416556269,898.8005024495994,False,0.0,0.0,0.0,,
라마60b28b,48890410,대양면,250000.0,250000.0,1060750.0,1728750.0,128.17027608421338,35.552882165850924,1294.6125058667108,False,11635.734490272309,0.0465429379610892,0.0,0.0,
라마60b29a,48890410,대양면,250000.0,249999.9999997329,1060750.0,1729250.0,128.17031361309483,35.55739016272737,1298.097977907163,False,1588.611553931305,0.006354446215732,0.0,0.0,
라마60b29b,48890350,율곡면,250000.0,249999.99999897968,1060750.0,1729750.0,128.17035115031064,35.56189815619186,1134.6561634181714,False,411.0012917090048,0.0016440051668427,,,
라마60b30a,48890250,합천읍,250000.0,250000.0,1060750.0,1730250.0,128.17038869586256,35.56640614624417,1141.1033686516412,False,33343.82180187411,0.1333752872074964,547.0,80.0,0.1462522851919561
라마60b30b,48890250,합천읍,250000.0,250000.0,1060750.0,1730750.0,128.17042624975252,35.57091413288413,928.0883416054618,False,46779.94249047684,0.1871197699619073,91.0,0.0,0.0
라마60b31a,48890350,율곡면,250000.0,250000.0,1060750.0,1731250.0,128.17046381198233,35.57542211611155,465.96669207798647,False,15866.729715858375,0.0634669188634335,0.0,,
라마60b31b,48890250,합천읍,250000.0,250000.0,1060750.0,1731750.0,128.17050138255394,35.579930095926244,270.0036044726546,True,4070.203646524113,0.0162808145860964,11.0,0.0,0.0
라마60b32a,48890250,합천읍,250000.0,250000.0,1060750.0,1732250.0,128.1705389614691,35.58443807232804,654.7357747445533,False,3838.888720154934,0.0153555548806197,8.0,0.0,0.0
라마60b32b,48890250,합천읍,250000.0,250000.0,1060750.0,1732750.0,128.17057654872977,35.58894604531673,1133.338397404974,False,33693.83671544646,0.1347753468617858,0.0,,
라마60b33a,48890250,합천읍,250000.0,250000.0,1060750.0,1733250.0,128.17061414433772,35.593454014892124,1624.8793528550357,False,81599.94455876094,0.3263997782350437,22.0,10.0,0.4545454545454545
라마60b33b,48890250,합천읍,250000.0,250000.0,1060750.0,1733750.0,128.1706517482949,35.59796198105405,1586.870779450407,False,25069.16332787868,0.1002766533115147,0.0,,
라마60b34a,48890250,합천읍,250000.0,250000.0,1060750.0,1734250.0,128.17068936060312,35.60246994380232,1117.4185140062689,False,1885.3310592031687,0.0075413242368126,,,
라마60b34b,48890250,합천읍,250000.0,250000.0,1060750.0,1734750.0,128.17072698126427,35.60697790313672,692.1628422664805,False,228.159144277192,0.0009126365771087,,,
라마60b35a,48890350,율곡면,250000.0,250000.0,1060750.0,1735250.0,128.17076461028017,35.6114858590571,457.7714112795249,False,0.0,0.0,,,
라마60b35b,48890350,율곡면,250000.0,250000.0,1060750.0,1735750.0,128.17080224765274,35.61599381156326,663.3399805192531,False,0.0,0.0,,,
라마60b36a,48890350,율곡면,250000.0,250000.0,1060750.0,1736250.0,128.17083989338386,35.62050176065499,1081.8896406407257,False,581.7970253860611,0.0023271881015442,,,
라마60b36b,48890250,합천읍,250000.0,250000.0,1060750.0,1736750.0,128.1708775474753,35.62500970633213,1549.5000675366728,False,44321.69828359846,0.1772867931343938,7.0,0.0,0.0
라마60b37a,48890250,합천읍,250000.0,250000.0,1060750.0,1737250.0,128.17091520992903,35.6295176485945,2032.588429581008,False,45492.35482376159,0.1819694192950463,20.0,9.0,0.45
라마60b37b,48890250,합천읍,250000.0,250000.0,1060750.0,1737750.0,128.17095288074688,35.63402558744189,2354.0732434848974,False,16094.357063385583,0.0643774282535423,,,
라마60b38a,48890250,합천읍,250000.0,250000.0,1060750.0,1738250.0,128.17099055993071,35.63853352287412,2642.851135491436,False,0.0,0.0,,,
라마60b38b,48890350,율곡면,250000.0,250000.0,1060750.0,1738750.0,128.1710282474824,35.643041454891005,2987.9195794139505,False,0.0,0.0,,,
라마60b39a,48890350,율곡면,250000.0,250000.0,1060750.0,1739250.0,128.17106594340382,35.64754938349237,3372.041622181154,False,0.0,0.0,,,
라마60b39b,48890350,율곡면,250000.0,250000.0,1060750.0,1739750.0,128.17110364769687,35.652057308678,3741.529002482333,False,0.0,0.0,,,
라마60b42a,48890340,야로면,250000.0,195722.20408091813,1060750.0,1742250.0,128.1712922948015,35.67459688336392,1427.686635350214,False,9094.558148953363,0.0464666653007513,0.0,0.0,
라마60b42b,48890340,야로면,250000.0,250000.0,1060750.0,1742750.0,128.17133004936343,35.67910478805135,928.0272032248156,False,35560.50867173807,0.1422420346869523,0.0,0.0,
라마60b43a,48890340,야로면,250000.0,250000.0,1060750.0,1743250.0,128.1713678123101,35.68361268932175,429.1618005984817,False,28761.07781149899,0.1150443112459959,0.0,,
라마60b43b,48890340,야로면,250000.0,250000.0,1060750.0,1743750.0,128.17140558364335,35.688120587174964,84.41097239452384,True,27873.76670679268,0.1114950668271707,22.0,11.0,0.5
라마60b44a,48890340,야로면,250000.0,250000.0,1060750.0,1744250.0,128.17144336336509,35.69262848161077,540.1380407082033,False,15716.334297709747,0.0628653371908389,9.0,7.0,0.7777777777777778
라마60b44b,48890340,야로면,250000.0,250000.0,1060750.0,1744750.0,128.17148115147717,35.69713637262901,338.4292020810796,False,108339.30679168124,0.4333572271667249,10.0,6.0,0.6
라마60b45a,48890340,야로면,250000.0,250000.0,1060750.0,1745250.0,128.17151894798147,35.701644260229486,661.301403765617,False,160796.48361218994,0.6431859344487598,27.0,14.0,0.5185185185185185
라마60b45b,48890340,야로면,250000.0,250000.0,1060750.0,1745750.0,128.17155675287987,35.70615214441201,790.8199322614697,False,87604.69792323584,0.3504187916929434,142.0,67.0,0.4718309859154929
라마60b46a,48890340,야로면,250000.0,250000.0,1060750.0,1746250.0,128.17159456617426,35.7106600251764,579.3615173723717,False,160552.1514712264,0.6422086058849056,26.0,16.0,0.6153846153846154
라마60b46b,48890340,야로면,250000.0,250000.0,1060750.0,1746750.0,128.1716323878665,35.71516790252247,182.06660215104188,True,91303.8879223972,0.3652155516895888,57.0,34.0,0.5964912280701754
라마60b47a,48890340,야로면,250000.0,250000.0,1060750.0,1747250.0,128.1716702179585,35.71967577645005,480.2465277601021,False,1744.162136787332,0.0069766485471493,0.0,0.0,
라마60b47b,48890340,야로면,250000.0,250000.0,1060750.0,1747750.0,128.17170805645213,35.72418364695894,963.3925509533708,False,15312.182961449838,0.0612487318457993,0.0,0.0,
라마60b48a,48890340,야로면,250000.0,250000.0,1060750.0,1748250.0,128.17174590334926,35.72869151404895,1457.9484514341557,False,482.60305430384864,0.0019304122172153,,,
라마60b48b,48890340,야로면,250000.0,250000.0,1060750.0,1748750.0,128.17178375865174,35.7331993777199,1955.2754708342404,False,35180.945160464624,0.1407237806418585,6.0,0.0,0.0
라마60b49a,48890340,야로면,250000.0,250000.0,1060750.0,1749250.0,128.1718216223615,35.73770723797161,1883.9358635888896,False,15151.833614614525,0.0606073344584581,0.0,,
라마60b49b,48890340,야로면,250000.0,250000.0,1060750.0,1749750.0,128.1718594944805,35.742215094803896,1612.0818787208837,False,33431.67171145065,0.1337266868458025,23.0,20.0,0.8695652173913043
라마60b50a,48890340,야로면,250000.0,250000.0,1060750.0,1750250.0,128.17189737501047,35.74672294821658,1465.7426886340222,False,13353.554302588323,0.0534142172103533,0.0,,
라마60b50b,48890340,야로면,250000.0,250000.0,1060750.0,1750750.0,128.1719352639534,35.75123079820945,1482.5637506926744,False,0.0,0.0,11.0,0.0,0.0
라마60b51a,48890340,야로면,250000.0,250000.0,1060750.0,1751250.0,128.17197316131112,35.75573864478234,1657.5852679279485,False,19656.659762203115,0.0786266390488124,14.0,8.0,0.5714285714285714
라마61a11a,48890430,삼가면,250000.0,128292.40515399064,1061250.0,1711250.0,128.174473378459,35.395069513236365,1614.022579225635,False,0.0,0.0,,,
라마61a11b,48890430,삼가면,250000.0,250000.0,1061250.0,1711750.0,128.17451092321903,35.39957762434159,1121.839804823108,False,0.0,0.0,,,
라마61a12a,48890420,쌍백면,250000.0,250000.0,1061250.0,1712250.0,128.17454847631672,35.40408573204091,641.8568447254632,False,18190.76251855368,0.0727630500742147,,,
라마61a12b,48890420,쌍백면,250000.0,250000.0,1061250.0,1712750.0,128.17458603775395,35.40859383633414,255.80435992434948,True,77373.4956431663,0.3094939825726652,48.0,33.0,0.6875
라마61a13a,48890420,쌍백면,250000.0,250000.0,1061250.0,1713250.0,128.1746236075326,35.41310193722108,467.8584529445683,False,46200.50655631051,0.184802026225242,25.0,17.0,0.68
라마61a13b,48890420,쌍백면,250000.0,250000.0,1061250.0,1713750.0,128.1746611856545,35.41761003470156,933.9952855486282,False,21179.765130770087,0.0847190605230803,,,
라마61a14a,48890420,쌍백면,250000.0,250000.0,1061250.0,1714250.0,128.17469877212145,35.42211812877538,1423.307013564692,False,39680.41009899419,0.1587216403959767,,,
라마61a14b,48890420,쌍백면,250000.0,250000.0,1061250.0,1714750.0,128.1747363669354,35.42662621944233,1899.9199544489688,False,8124.595877035616,0.0324983835081424,0.0,0.0,
라마61a15a,48890420,쌍백면,250000.0,250000.0,1061250.0,1715250.0,128.17477397009813,35.43113430670225,1501.6722302520143,False,14557.83068559654,0.0582313227423861,6.0,0.0,0.0
라마61a15b,48890420,쌍백면,250000.0,250000.0,1061250.0,1715750.0,128.17481158161155,35.43564239055493,1183.360951234553,False,15236.158993591784,0.0609446359743671,0.0,0.0,
라마61a16a,48890420,쌍백면,250000.0,250000.0,1061250.0,1716250.0,128.17484920147749,35.44015047100017,1022.5785029538974,False,108272.91112590834,0.4330916445036333,62.0,44.0,0.7096774193548387
라마61a16b,48890420,쌍백면,250000.0,250000.0,1061250.0,1716750.0,128.17488682969778,35.44465854803781,1091.325088367404,False,23052.26694209353,0.0922090677683741,0.0,0.0,
라마61a17a,48890420,쌍백면,250000.0,250000.0,1061250.0,1717250.0,128.17492446627432,35.44916662166765,1355.1066756151745,False,4.592642598488416,1.8370570393953663e-05,0.0,0.0,
라마61a17b,48890420,쌍백면,250000.0,250000.0,1061250.0,1717750.0,128.17496211120894,35.45367469188948,1726.7419483216063,False,14675.447720690649,0.0587017908827625,,,
라마61a18a,48890420,쌍백면,250000.0,250000.0,1061250.0,1718250.0,128.17499976450353,35.45818275870313,2151.037286959523,False,94143.21926249778,0.3765728770499911,12.0,10.0,0.8333333333333334
라마61a18b,48890420,쌍백면,250000.0,250000.0,1061250.0,1718750.0,128.17503742615992,35.46269082210839,2602.3614398632008,False,26498.918879059314,0.1059956755162372,0.0,0.0,
라마61a19a,48890420,쌍백면,250000.0,250000.0,1061250.0,1719250.0,128.17507509618,35.46719888210511,2629.5165187350285,False,386.1763802786464,0.0015447055211145,,,
라마61a19b,48890420,쌍백면,250000.0,250000.0,1061250.0,1719750.0,128.17511277456558,35.47170693869305,2148.2923140449616,False,9295.578039948412,0.0371823121597936,,,
라마61a20a,48890420,쌍백면,250000.0,250000.0,1061250.0,1720250.0,128.17515046131854,35.47621499187207,1678.0830166797257,False,14979.038551203404,0.0599161542048136,,,
라마61a20b,48890410,대양면,250000.0,250000.0,1061250.0,1720750.0,128.17518815644078,35.48072304164193,1231.570280233004,False,413.3002482277204,0.0016532009929108,,,
라마61a21a,48890410,대양면,250000.0,250000.0,1061250.0,1721250.0,128.17522585993413,35.48523108800248,847.0939141780398,False,0.0,0.0,,,
라마61a21b,48890410,대양면,250000.0,250000.0,1061250.0,1721750.0,128.1752635718004,35.48973913095351,646.8159272325817,False,1535.555067437364,0.0061422202697494,,,
라마61a22a,48890410,대양면,250000.0,250000.0,1061250.0,1722250.0,128.17530129204158,35.49424717049483,786.8758402734301,False,3603.605570710995,0.0144144222828439,,,
라마61a22b,48890410,대양면,250000.0,250000.0,1061250.0,1722750.0,128.17533902065944,35.49875520662627,865.0533589138503,False,43760.3706551496,0.1750414826205984,0.0,0.0,
라마61a23a,48890410,대양면,250000.0,250000.0,1061250.0,1723250.0,128.17537675765587,35.50326323934763,702.2958005989545,False,101263.31070744884,0.4050532428297953,18.0,13.0,0.7222222222222222
라마61a23b,48890410,대양면,250000.0,250000.0,1061250.0,1723750.0,128.17541450303273,35.5077712686587,859.139959092649,False,44314.86915829774,0.1772594766331909,0.0,0.0,
라마61a24a,48890410,대양면,250000.0,250000.0,1061250.0,1724250.0,128.1754522567919,35.512279294559335,387.03525482197415,False,101003.55164488831,0.4040142065795533,,,
라마61a24b,48890410,대양면,250000.0,250000.0,1061250.0,1724750.0,128.17549001893525,35.5167873170493,112.38046573234294,True,64134.72701623166,0.2565389080649266,78.0,46.0,0.5897435897435898
라마61a25a,48890410,대양면,250000.0,250000.0,1061250.0,1725250.0,128.1755277894646,35.52129533612843,522.7806233091059,False,121122.18959097395,0.4844887583638958,0.0,,
라마61a25b,48890410,대양면,250000.0,250000.0,1061250.0,1725750.0,128.17556556838187,35.52580335179654,1016.8430513784792,False,4789.263185951758,0.019157052743807,,,
라마61a26a,48890410,대양면,250000.0,250000.0,1061250.0,1726250.0,128.1756033556889,35.53031136405343,1400.8222360488232,False,37056.09204460511,0.1482243681784204,8.0,0.0,0.0
라마61a26b,48890410,대양면,250000.0,250000.0,1061250.0,1726750.0,128.17564115138762,35.53481937289892,1451.123431200636,False,1267.249143557557,0.0050689965742302,,,
라마61a27a,48890410,대양면,250000.0,250000.0,1061250.0,1727250.0,128.17567895547978,35.53932737833282,1214.0586516813505,False,40073.45629817113,0.1602938251926845,,,
라마61a27b,48890410,대양면,250000.0,250000.0,1061250.0,1727750.0,128.1757167679674,35.54383538035493,1158.4979960557423,False,385.6592813562272,0.0015426371254249,,,
라마61a28a,48890410,대양면,250000.0,250000.0,1061250.0,1728250.0,128.1757545888522,35.54834337896507,1307.783163987059,False,0.0,0.0,,,
라마61a28b,48890410,대양면,250000.0,249999.99999956103,1061250.0,1728750.0,128.17579241813618,35.552851374163055,1605.763370223283,False,922.323038301143,0.003689292153211,,,
라마61a29a,48890410,대양면,250000.0,249999.99999850703,1061250.0,1729250.0,128.17583025582113,35.5573593659487,1749.3060338392502,False,0.0,0.0,,,
라마61a29b,48890410,대양면,250000.0,249999.99999888893,1061250.0,1729750.0,128.17586810190895,35.561867354321805,1631.7039709955316,False,0.0,0.0,,,
라마61a30a,48890350,율곡면,250000.0,250000.0,1061250.0,1730250.0,128.17590595640155,35.5663753392822,1569.9569044859988,False,9229.927253348493,0.0369197090133939,13.0,8.0,0.6153846153846154
라마61a30b,48890350,율곡면,250000.0,250000.0,1061250.0,1730750.0,128.17594381930073,35.57088332082966,1166.0914784022766,False,34078.348439498965,0.1363133937579958,20.0,11.0,0.55
라마61a31a,48890350,율곡면,250000.0,250000.0,1061250.0,1731250.0,128.17598169060844,35.57539129896404,845.8997129119573,False,105776.62935142092,0.4231065174056837,17.0,9.0,0.5294117647058824
라마61a31b,48890350,율곡면,250000.0,250000.0,1061250.0,1731750.0,128.1760195703265,35.57989927368512,755.8593206454865,False,180600.74238825787,0.7224029695530315,0.0,0.0,
라마61a32a,48890350,율곡면,250000.0,250000.0,1061250.0,1732250.0,128.1760574584568,35.58440724499274,962.8604784229028,False,42387.86028456583,0.1695514411382633,,,
라마61a32b,48890250,합천읍,250000.0,250000.0,1061250.0,1732750.0,128.17609535500125,35.5889152128867,1335.24428072578,False,43359.83776431591,0.1734393510572636,16.0,0.0,0.0
라마61a33a,48890250,합천읍,250000.0,250000.0,1061250.0,1733250.0,128.1761332599617,35.593423177366795,1771.6247564066807,False,17269.144375504173,0.0690765775020166,46.0,26.0,0.5652173913043478
라마61a33b,48890350,율곡면,250000.0,250000.0,1061250.0,1733750.0,128.17617117334,35.597931138432855,1795.9714039172818,False,4710.118498955499,0.0188404739958219,,,
라마61a34a,48890350,율곡면,250000.0,250000.0,1061250.0,1734250.0,128.1762090951381,35.6024390960847,1398.563029848511,False,6954.966152478552,0.0278198646099142,,,
라마61a34b,48890350,율곡면,250000.0,250000.0,1061250.0,1734750.0,128.1762470253578,35.60694705032213,1089.240016355203,False,23793.050699461684,0.0951722027978467,14.0,9.0,0.6428571428571429
라마61a35a,48890350,율곡면,250000.0,250000.0,1061250.0,1735250.0,128.17628496400107,35.61145500114496,957.5536945779684,False,11899.52146514928,0.0475980858605971,,,
라마61a35b,48890350,율곡면,250000.0,250000.0,1061250.0,1735750.0,128.17632291106972,35.61596294855301,1071.155610903641,False,2681.304809859571,0.0107252192394382,,,
라마61a36a,48890350,율곡면,250000.0,250000.0,1061250.0,1736250.0,128.17636086656563,35.62047089254608,1370.3428795527009,False,0.0,0.0,,,
라마61a36b,48890250,합천읍,250000.0,250000.0,1061250.0,1736750.0,128.17639883049074,35.62497883312398,1541.5161227800097,False,0.0,0.0,,,
라마61a37a,48890250,합천읍,250000.0,250000.0,1061250.0,1737250.0,128.1764368028469,35.629486770286555,1679.0691604182305,False,0.0,0.0,,,
라마61a37b,48890250,합천읍,250000.0,250000.0,1061250.0,1737750.0,128.17647478363597,35.63399470403359,1939.6583550059656,False,0.0,0.0,,,
라마61a38a,48890350,율곡면,250000.0,250000.0,1061250.0,1738250.0,128.1765127728599,35.6385026343649,2281.5073576084114,False,0.0,0.0,,,
라마61a38b,48890350,율곡면,250000.0,250000.0,1061250.0,1738750.0,128.17655077052046,35.64301056128031,2673.6262101307625,False,0.0,0.0,,,
라마61a39a,48890350,율곡면,250000.0,250000.0,1061250.0,1739250.0,128.1765887766197,35.64751848477962,3096.9789150355946,False,0.0,0.0,,,
라마61a39b,48890350,율곡면,250000.0,250000.0,1061250.0,1739750.0,128.17662679115935,35.65202640486263,3540.3784668947355,False,0.0,0.0,,,
라마61a40a,48890350,율곡면,250000.0,160956.76568520983,1061250.0,1740250.0,128.1766648141414,35.65653432152919,3457.4603348366472,False,0.0,0.0,,,
라마61a42a,48890340,야로면,250000.0,176144.9487920653,1061250.0,1742250.0,128.1768169905309,35.674565954027045,1498.6038207743138,False,27414.02665563858,0.1556333397218228,9.0,8.0,0.8888888888888888
라마61a42b,48890340,야로면,250000.0,250000.0,1061250.0,1742750.0,128.1768550557531,35.67907385360848,1033.807899373491,False,0.0,0.0,,,
라마61a43a,48890340,야로면,250000.0,250000.0,1061250.0,1743250.0,128.17689312942895,35.68358174977233,625.8627117624825,False,363.7747068277087,0.0014550988273108,,,
라마61a43b,48890340,야로면,250000.0,250000.0,1061250.0,1743750.0,128.1769312115604,35.6880896425184,463.3028114984263,False,52864.78924683679,0.2114591569873471,16.0,0.0,0.0
라마61a44a,48890340,야로면,250000.0,250000.0,1061250.0,1744250.0,128.17696930214936,35.69259753184653,733.2086035433603,False,796.0615613067433,0.0031842462452269,,,
라마61a44b,48890340,야로면,250000.0,250000.0,1061250.0,1744750.0,128.17700740119767,35.69710541775651,833.6929808187169,False,16193.01039054752,0.06477204156219,,,
라마61a45a,48890340,야로면,250000.0,250000.0,1061250.0,1745250.0,128.1770455087073,35.70161330024816,1008.8752192751772,False,143339.0371517928,0.5733561486071711,0.0,0.0,
라마61a45b,48890340,야로면,250000.0,250000.0,1061250.0,1745750.0,128.17708362468002,35.70612117932129,519.9738441170232,False,186735.35023178943,0.7469414009271578,0.0,0.0,
라마61a46a,48890340,야로면,250000.0,250000.0,1061250.0,1746250.0,128.17712174911784,35.71062905497574,105.43056111922344,True,75663.44812939802,0.302653792517592,100.0,66.0,0.66
라마61a46b,48890340,야로면,250000.0,250000.0,1061250.0,1746750.0,128.17715988202264,35.715136927211304,329.87680955981847,False,12715.55659401402,0.050862226376056,13.0,11.0,0.8461538461538461
라마61a47a,48890340,야로면,250000.0,250000.0,1061250.0,1747250.0,128.17719802339624,35.719644796027794,553.4502590948653,False,6762.8713488143,0.0270514853952572,0.0,0.0,
라마61a47b,48890340,야로면,250000.0,250000.0,1061250.0,1747750.0,128.1772361732406,35.72415266142503,1001.8960370712034,False,0.0,0.0,,,
라마61a48a,48890340,야로면,250000.0,250000.0,1061250.0,1748250.0,128.1772743315576,35.72866052340283,1483.6725207759937,False,1274.7689191824122,0.0050990756767296,,,
라마61a48b,48890340,야로면,250000.0,250000.0,1061250.0,1748750.0,128.17731249834918,35.733168381961,1974.530989554887,False,244.6257661936752,0.0009785030647747,0.0,,
라마61a49a,48890340,야로면,250000.0,250000.0,1061250.0,1749250.0,128.17735067361718,35.737676237099365,2291.547932795525,False,0.0,0.0,,,
라마61a49b,48890340,야로면,250000.0,250000.0,1061250.0,1749750.0,128.17738885736352,35.74218408881774,2073.8335453655104,False,16267.924389426666,0.0650716975577066,7.0,6.0,0.8571428571428571
라마61a50a,48890340,야로면,250000.0,250000.0,1061250.0,1750250.0,128.17742704959008,35.74669193711593,1962.2383187235748,False,0.0,0.0,,,
라마61a50b,48890340,야로면,250000.0,250000.0,1061250.0,1750750.0,128.17746525029884,35.75119978199375,1974.8348956434204,False,0.0,0.0,,,
라마61a51a,48890340,야로면,250000.0,238549.8513120601,1061250.0,1751250.0,128.1775034594916,35.75570762345103,2109.3995616371017,False,2020.096959508464,0.0084682381833299,,,
라마61b11b,48890420,쌍백면,250000.0,250000.0,1061750.0,1711750.0,128.18001679017496,35.39954675448436,1321.1399341162332,False,0.0,0.0,,,
라마61b12a,48890420,쌍백면,250000.0,250000.0,1061750.0,1712250.0,128.18005464975204,35.40405485707027,948.0856432580466,False,1162.0902040935666,0.0046483608163742,,,
라마61b12b,48890420,쌍백면,250000.0,250000.0,1061750.0,1712750.0,128.18009251773668,35.408562956249526,743.1837245172977,False,25979.426220824185,0.1039177048832967,,,
라마61b13a,48890420,쌍백면,250000.0,250000.0,1061750.0,1713250.0,128.1801303941308,35.41307105202194,840.1057729969372,False,2486.2153237029474,0.0099448612948117,,,
라마61b13b,48890420,쌍백면,250000.0,250000.0,1061750.0,1713750.0,128.18016827893624,35.41757914438733,1165.861643274261,False,0.0,0.0,,,
라마61b14a,48890420,쌍백면,250000.0,250000.0,1061750.0,1714250.0,128.1802061721549,35.42208723334549,1585.1463757942165,False,0.0,0.0,,,
라마61b14b,48890420,쌍백면,250000.0,250000.0,1061750.0,1714750.0,128.1802440737886,35.42659531889625,1685.9682801080864,False,10016.377143040552,0.0400655085721622,0.0,0.0,
라마61b15a,48890420,쌍백면,250000.0,250000.0,1061750.0,1715250.0,128.18028198383925,35.431103401039394,1219.7592776147706,False,30652.874982919104,0.1226114999316764,0.0,,
라마61b15b,48890420,쌍백면,250000.0,250000.0,1061750.0,1715750.0,128.18031990230872,35.435611479774735,795.6986547204881,False,68774.15914249496,0.2750966365699798,27.0,20.0,0.7407407407407407
라마61b16a,48890420,쌍백면,250000.0,250000.0,1061750.0,1716250.0,128.18035782919884,35.44011955510209,527.6930953884865,False,134083.02479225295,0.5363320991690118,0.0,0.0,
라마61b16b,48890420,쌍백면,250000.0,250000.0,1061750.0,1716750.0,128.1803957645115,35.44462762702128,650.9866793701466,False,75296.44523004824,0.3011857809201929,8.0,0.0,0.0
라마61b17a,48890420,쌍백면,250000.0,250000.0,1061750.0,1717250.0,128.1804337082486,35.44913569553209,1033.976455493092,False,4476.252829478032,0.0179050113179121,,,
라마61b17b,48890420,쌍백면,250000.0,250000.0,1061750.0,1717750.0,128.180471660412,35.45364376063436,1488.0964230555578,False,605.5573170321277,0.0024222292681285,,,
라마61b18a,48890420,쌍백면,250000.0,250000.0,1061750.0,1718250.0,128.18050962100355,35.45815182232788,1964.625821398933,False,35994.17929792848,0.1439767171917139,6.0,0.0,0.0
라마61b18b,48890420,쌍백면,250000.0,250000.0,1061750.0,1718750.0,128.18054759002516,35.46265988061244,2450.526121449049,False,77016.91100431907,0.3080676440172763,35.0,22.0,0.6285714285714286
라마61b19a,48890420,쌍백면,250000.0,250000.0,1061750.0,1719250.0,128.1805855674787,35.467167935487886,2553.3144924143926,False,20606.422557019745,0.0824256902280789,9.0,8.0,0.8888888888888888
라마61b19b,48890420,쌍백면,250000.0,250000.0,1061750.0,1719750.0,128.180623553366,35.47167598695402,2054.316830836383,False,12924.946477172516,0.05169978590869,,,
라마61b20a,48890420,쌍백면,250000.0,250000.0,1061750.0,1720250.0,128.18066154768894,35.47618403501065,1555.9628484452685,False,0.0,0.0,,,
라마61b20b,48890410,대양면,250000.0,250000.0,1061750.0,1720750.0,128.18069955044948,35.480692079657565,1059.1615221608954,False,0.0,0.0,,,
라마61b21a,48890410,대양면,250000.0,250000.0,1061750.0,1721250.0,128.18073756164944,35.4852001208946,568.0016499187806,False,11180.016452166774,0.044720065808667,,,
라마61b21b,48890410,대양면,250000.0,250000.0,1061750.0,1721750.0,128.18077558129067,35.48970815872156,153.06409962734267,True,43053.682879731525,0.1722147315189261,31.0,19.0,0.6129032258064516
라마61b22a,48890410,대양면,250000.0,250000.0,1061750.0,1722250.0,128.1808136093751,35.49421619313826,473.5307412185626,False,65833.73232577027,0.263334929303081,12.0,0.0,0.0
라마61b22b,48890410,대양면,250000.0,250000.0,1061750.0,1722750.0,128.18085164590457,35.49872422414451,961.7869343899788,False,86740.53338170754,0.3469621335268302,0.0,,
라마61b23a,48890410,대양면,250000.0,250000.0,1061750.0,1723250.0,128.180889690881,35.5032322517401,1202.2881057140287,False,9762.287369492498,0.0390491494779699,,,
라마61b23b,48890410,대양면,250000.0,250000.0,1061750.0,1723750.0,128.18092774430625,35.50774027592486,1059.2933409753468,False,72792.09029398399,0.291168361175936,24.0,16.0,0.6666666666666666
라마61b24a,48890410,대양면,250000.0,250000.0,1061750.0,1724250.0,128.18096580618217,35.5122482966986,705.434983701705,False,86061.95715018996,0.3442478286007598,10.0,0.0,0.0
라마61b24b,48890410,대양면,250000.0,250000.0,1061750.0,1724750.0,128.18100387651072,35.51675631406112,610.8802257609403,False,44759.93833965907,0.1790397533586362,39.0,21.0,0.5384615384615384
라마61b25a,48890410,대양면,250000.0,250000.0,1061750.0,1725250.0,128.1810419552937,35.52126432801224,539.935327461505,False,136783.88080001227,0.5471355232000491,18.0,6.0,0.3333333333333333
라마61b25b,48890410,대양면,250000.0,250000.0,1061750.0,1725750.0,128.18108004253304,35.525772338551775,695.3502565491622,False,7148.0008204831865,0.0285920032819327,,,
라마61b26a,48890410,대양면,250000.0,250000.0,1061750.0,1726250.0,128.18111813823063,35.53028034567953,1084.2019187978815,False,25794.895255987885,0.1031795810239515,7.0,6.0,0.8571428571428571
라마61b26b,48890410,대양면,250000.0,250000.0,1061750.0,1726750.0,128.1811562423883,35.53478834939531,1538.6603335912157,False,16629.627997246243,0.0665185119889849,,,
라마61b27a,48890410,대양면,250000.0,250000.0,1061750.0,1727250.0,128.18119435500802,35.539296349698944,1572.7523617085883,False,25616.36283963573,0.1024654513585429,16.0,7.0,0.4375
라마61b27b,48890410,대양면,250000.0,250000.0,1061750.0,1727750.0,128.1812324760916,35.54380434659023,1656.675003635149,False,0.0,0.0,,,
라마61b28a,48890410,대양면,250000.0,249999.9999992192,1061750.0,1728250.0,128.18127060564098,35.548312340068975,1764.2990859863737,False,0.0,0.0,,,
라마61b28b,48890350,율곡면,250000.0,249999.99999955588,1061750.0,1728750.0,128.18130874365798,35.552820330135,1668.6041858555084,False,0.0,0.0,,,
라마61b29a,48890350,율곡면,250000.0,250000.0,1061750.0,1729250.0,128.18134689014457,35.55732831678812,1530.794549163507,False,9671.16108017193,0.0386846443206877,,,
라마61b29b,48890350,율곡면,250000.0,250000.0,1061750.0,1729750.0,128.1813850451026,35.56183630002814,1402.4215107792263,False,18394.10135722056,0.0735764054288822,,,
라마61b30a,48890350,율곡면,250000.0,250000.0,1061750.0,1730250.0,128.18142320853391,35.56634427985486,1106.3969191135684,False,8557.780070177536,0.0342311202807101,0.0,,
라마61b30b,48890350,율곡면,250000.0,250000.0,1061750.0,1730750.0,128.18146138044048,35.57085225626811,990.677642501184,False,3430.7236721175605,0.0137228946884702,,,
라마61b31a,48890350,율곡면,250000.0,250000.0,1061750.0,1731250.0,128.18149956082414,35.5753602292677,1113.000557088545,False,48049.72756224978,0.1921989102489991,26.0,11.0,0.4230769230769231
라마61b31b,48890350,율곡면,250000.0,250000.0,1061750.0,1731750.0,128.18153774968684,35.57986819885343,1252.8945202151244,False,16651.640863571785,0.0666065634542871,22.0,7.0,0.3181818181818182
라마61b32a,48890350,율곡면,250000.0,250000.0,1061750.0,1732250.0,128.18157594703038,35.584376165025134,1387.6316755851358,False,40736.168742017566,0.1629446749680702,0.0,0.0,
라마61b32b,48890350,율곡면,250000.0,250000.0,1061750.0,1732750.0,128.18161415285672,35.5888841277826,1667.7225954544526,False,39433.10088665511,0.1577324035466204,,,
라마61b33a,48890350,율곡면,250000.0,250000.0,1061750.0,1733250.0,128.18165236716777,35.59339208712565,2033.9802466325627,False,96893.83947924642,0.3875753579169857,6.0,0.0,0.0
라마61b33b,48890350,율곡면,250000.0,250000.0,1061750.0,1733750.0,128.18169058996537,35.597900043054096,2105.437649683239,False,30158.965352482624,0.1206358614099305,16.0,9.0,0.5625
라마61b34a,48890350,율곡면,250000.0,250000.0,1061750.0,1734250.0,128.18172882125145,35.60240799556776,1778.5761050554222,False,13745.797032800929,0.0549831881312037,29.0,19.0,0.6551724137931034
라마61b34b,48890350,율곡면,250000.0,250000.0,1061750.0,1734750.0,128.18176706102787,35.60691594466645,1547.1904298581192,False,15722.22797982716,0.0628889119193086,,,
라마61b35a,48890350,율곡면,250000.0,250000.0,1061750.0,1735250.0,128.18180530929655,35.61142389034996,1457.4853313206918,False,31667.963386882573,0.1266718535475303,,,
라마61b35b,48890350,율곡면,250000.0,250000.0,1061750.0,1735750.0,128.1818435660594,35.61593183261812,1308.007292751047,False,229.5477906450392,0.0009181911625801,,,
라마61b36a,48890350,율곡면,250000.0,250000.0,1061750.0,1736250.0,128.1818818313183,35.62043977147074,1074.190097965342,False,0.0,0.0,,,
라마61b36b,48890350,율곡면,250000.0,250000.0,1061750.0,1736750.0,128.18192010507514,35.62494770690764,1047.3230901892969,False,1382.604837688725,0.0055304193507549,0.0,,
라마61b37a,48890350,율곡면,250000.0,250000.0,1061750.0,1737250.0,128.1819583873318,35.62945563892862,1240.921812170503,False,0.0,0.0,,,
라마61b37b,48890350,율곡면,250000.0,250000.0,1061750.0,1737750.0,128.18199667809026,35.6339635675335,1575.7183227332837,False,914.4733298118722,0.0036578933192474,,,
라마61b38a,48890350,율곡면,250000.0,250000.0,1061750.0,1738250.0,128.18203497735237,35.6384714927221,1981.38575781554,False,18735.947063678093,0.0749437882547123,,,
라마61b38b,48890350,율곡면,250000.0,250000.0,1061750.0,1738750.0,128.18207328511997,35.64297941449422,2422.5793712386653,False,3113.100974705901,0.0124524038988236,,,
라마61b39a,48890350,율곡면,250000.0,250000.0,1061750.0,1739250.0,128.18211160139506,35.647487332849664,2883.035223272167,False,5525.552846512179,0.0221022113860487,0.0,0.0,
라마61b39b,48890350,율곡면,250000.0,250000.0,1061750.0,1739750.0,128.1821499261795,35.651995247788264,3354.831350053958,False,0.0,0.0,,,
라마61b40a,48890350,율곡면,250000.0,184684.39955354357,1061750.0,1740250.0,128.18218825947517,35.65650315930984,3558.308059998529,False,0.0,0.0,,,
라마61b42b,48890340,야로면,250000.0,212061.12197905415,1061750.0,1742750.0,128.18238005368903,35.67904266565564,1332.772694681575,False,7366.265296710601,0.0347365194900656,,,
라마61b43a,48890340,야로면,250000.0,250000.0,1061750.0,1743250.0,128.1824184380922,35.683550556671065,1048.4409458126124,False,18643.91423192262,0.0745756569276904,14.0,7.0,0.5
라마61b43b,48890340,야로면,250000.0,250000.0,1061750.0,1743750.0,128.18245683102,35.68805844426818,960.2987962213134,False,47263.11036850302,0.189052441474012,,,
라마61b44a,48890340,야로면,250000.0,250000.0,1061750.0,1744250.0,128.18249523247425,35.69256632844676,1115.8490664923108,False,3390.744846565155,0.0135629793862606,,,
라마61b44b,48890340,야로면,250000.0,250000.0,1061750.0,1744750.0,128.18253364245697,35.697074209206626,1332.499023531184,False,7806.576814936386,0.0312263072597455,11.0,9.0,0.8181818181818182
라마61b45a,48890340,야로면,250000.0,250000.0,1061750.0,1745250.0,128.18257206096993,35.7015820865476,1083.7927049106545,False,79223.49099259691,0.3168939639703876,72.0,40.0,0.5555555555555556
라마61b45b,48890340,야로면,250000.0,250000.0,1061750.0,1745750.0,128.18261048801514,35.70608996046948,644.4760909992186,False,63060.27264433748,0.2522410905773499,12.0,9.0,0.75
라마61b46a,48890340,야로면,250000.0,250000.0,1061750.0,1746250.0,128.18264892359448,35.710597830972105,395.0851003539783,False,117535.40433969538,0.4701416173587815,32.0,16.0,0.5
라마61b46b,48890340,야로면,250000.0,250000.0,1061750.0,1746750.0,128.1826873677099,35.71510569805526,629.9484432664256,False,59397.45718737446,0.2375898287494978,31.0,10.0,0.3225806451612903
라마61b47a,48890340,야로면,250000.0,250000.0,1061750.0,1747250.0,128.18272582036323,35.719613561718795,939.1366520154096,False,0.0,0.0,0.0,,
라마61b47b,48890340,야로면,250000.0,250000.0,1061750.0,1747750.0,128.18276428155644,35.7241214219625,1256.7681293562157,False,8348.482029900004,0.0333939281196,0.0,0.0,
라마61b48a,48890340,야로면,250000.0,250000.0,1061750.0,1748250.0,128.18280275129143,35.728629278786194,1666.419698267015,False,37331.81698654975,0.149327267946199,11.0,0.0,0.0
라마61b48b,48890340,야로면,250000.0,250000.0,1061750.0,1748750.0,128.18284122957016,35.733137132189675,2115.287945074887,False,2794.550737417436,0.0111782029496697,,,
라마61b49a,48890340,야로면,250000.0,250000.0,1061750.0,1749250.0,128.18287971639444,35.7376449821728,2583.008240479683,False,70.51619540709946,0.0002820647816283,,,
라마61b49b,48890340,야로면,250000.0,250000.0,1061750.0,1749750.0,128.1829182117663,35.74215282873535,2550.05160027524,False,6255.865472578736,0.0250234618903149,0.0,0.0,
라마61b50a,48890340,야로면,250000.0,250000.0,1061750.0,1750250.0,128.18295671568757,35.746660671877144,2460.1538182906675,False,0.0,0.0,,,
라마61b50b,48890340,야로면,250000.0,250000.0,1061750.0,1750750.0,128.1829952281602,35.75116851159801,2470.212633607477,False,0.0,0.0,,,
라마62a11b,48890420,쌍백면,250000.0,224558.3746356021,1062250.0,1711750.0,128.1855226487252,35.39951563370377,1652.9660926188842,False,0.0,0.0,,,
라마62a12a,48890420,쌍백면,250000.0,250000.0,1062250.0,1712250.0,128.18556081477976,35.404023731134714,1373.2270623546276,False,0.0,0.0,,,
라마62a12b,48890420,쌍백면,250000.0,250000.0,1062250.0,1712750.0,128.18559898930997,35.408531825158434,1240.6483088363516,False,0.0,0.0,,,
라마62a13a,48890420,쌍백면,250000.0,249580.712589157,1062250.0,1713250.0,128.18563717231768,35.41303991577475,1301.0241687431785,False,0.0,0.0,,,
라마62a13b,48890420,쌍백면,250000.0,147206.12378200394,1062250.0,1713750.0,128.18567536380485,35.41754800298349,1531.704785227642,False,0.0,0.0,,,
라마62a14a,48890420,쌍백면,250000.0,222545.36424618604,1062250.0,1714250.0,128.18571356377328,35.42205608678442,1870.7151601792923,False,0.0,0.0,,,
라마62a14b,48890420,쌍백면,250000.0,250000.0,1062250.0,1714750.0,128.1857517722249,35.42656416717737,1604.7685969471947,False,8062.042762754257,0.032248171051017,0.0,0.0,
라마62a15a,48890420,쌍백면,250000.0,250000.0,1062250.0,1715250.0,128.18578998916155,35.43107224416216,1104.8103473196452,False,33071.55937030236,0.1322862374812094,0.0,,
라마62a15b,48890420,쌍백면,250000.0,250000.0,1062250.0,1715750.0,128.1858282145852,35.435580317738584,604.9211166269887,False,59043.53045740096,0.2361741218296038,0.0,0.0,
라마62a16a,48890420,쌍백면,250000.0,250000.0,1062250.0,1716250.0,128.18586644849762,35.44008838790646,106.08115354732271,True,40846.49470721588,0.1633859788288635,44.0,32.0,0.7272727272727273
라마62a16b,48890420,쌍백면,250000.0,250000.0,1062250.0,1716750.0,128.1859046909008,35.44459645466558,395.6979465888323,False,93291.6123601282,0.3731664494405128,12.0,11.0,0.9166666666666666
라마62a17a,48890420,쌍백면,250000.0,250000.0,1062250.0,1717250.0,128.18594294179658,35.44910451801579,895.4889830317882,False,476.6373574570752,0.0019065494298283,,,
라마62a17b,48890420,쌍백면,250000.0,250000.0,1062250.0,1717750.0,128.18598120118688,35.45361257795686,1395.4297447481883,False,0.0,0.0,,,
라마62a18a,48890420,쌍백면,250000.0,250000.0,1062250.0,1718250.0,128.18601946907356,35.45812063448863,1895.401758552704,False,3367.8290377774874,0.0134713161511099,0.0,,
라마62a18b,48890420,쌍백면,250000.0,250000.0,1062250.0,1718750.0,128.18605774545847,35.462628687610874,2395.3854554374684,False,35846.45154247401,0.143385806169896,6.0,0.0,0.0
라마62a19a,48890420,쌍백면,250000.0,250000.0,1062250.0,1719250.0,128.18609603034358,35.46713673732344,2573.805095971012,False,66802.06580837852,0.2672082632335141,0.0,0.0,
라마62a19b,48890420,쌍백면,250000.0,250000.0,1062250.0,1719750.0,128.18613432373073,35.47164478362611,2079.729649817645,False,20636.178679836623,0.0825447147193464,,,
라마62a20a,48890420,쌍백면,250000.0,250000.0,1062250.0,1720250.0,128.18617262562185,35.47615282651872,1589.3640742809362,False,8280.709110805112,0.0331228364432204,,,
라마62a20b,48890410,대양면,250000.0,250000.0,1062250.0,1720750.0,128.18621093601877,35.480660866001074,1107.646561362951,False,2452.664712502406,0.0098106588500096,7.0,0.0,0.0
라마62a21a,48890410,대양면,250000.0,250000.0,1062250.0,1721250.0,128.18624925492344,35.485168902072964,653.9752664921217,False,24847.361873640308,0.0993894474945612,0.0,,
라마62a21b,48890410,대양면,250000.0,250000.0,1062250.0,1721750.0,128.18628758233774,35.4896769347342,358.4499874009118,False,4310.8883078390345,0.0172435532313561,,,
라마62a22a,48890410,대양면,250000.0,250000.0,1062250.0,1722250.0,128.18632591826355,35.494184963984615,573.8372049213837,False,60573.19672890641,0.2422927869156256,26.0,12.0,0.4615384615384615
라마62a22b,48890410,대양면,250000.0,250000.0,1062250.0,1722750.0,128.1863642627028,35.49869298982401,1014.9344225299772,False,5513.921674381412,0.0220556866975256,15.0,9.0,0.6
라마62a23a,48890410,대양면,250000.0,250000.0,1062250.0,1723250.0,128.1864026156573,35.503201012252184,1493.6179653179493,False,0.0,0.0,,,
라마62a23b,48890410,대양면,250000.0,250000.0,1062250.0,1723750.0,128.18644097712905,35.507709031268966,1403.5471527490008,False,28043.44028204541,0.1121737611281816,13.0,0.0,0.0
라마62a24a,48890410,대양면,250000.0,250000.0,1062250.0,1724250.0,128.1864793471199,35.512217046874134,1058.6582917415326,False,16544.02189342918,0.0661760875737167,,,
라마62a24b,48890410,대양면,250000.0,250000.0,1062250.0,1724750.0,128.18651772563172,35.51672505906754,559.2309005367309,False,49448.28427486145,0.1977931370994458,0.0,,
라마62a25a,48890410,대양면,250000.0,250000.0,1062250.0,1725250.0,128.18655611266647,35.52123306784898,68.7096904166065,True,126841.29780675752,0.50736519122703,57.0,36.0,0.631578947368421
라마62a25b,48890410,대양면,250000.0,250000.0,1062250.0,1725750.0,128.186594508226,35.525741073218256,443.5119423410928,False,26536.08087172332,0.1061443234868932,0.0,0.0,
라마62a26a,48890410,대양면,250000.0,250000.0,1062250.0,1726250.0,128.1866329123122,35.530249075175185,942.7007289915458,False,253.5158007031256,0.0010140632028125,,,
라마62a26b,48890410,대양면,250000.0,250000.0,1062250.0,1726750.0,128.18667132492703,35.534757073719575,1169.6939689199455,False,30016.117488807147,0.1200644699552285,0.0,0.0,
라마62a27a,48890410,대양면,250000.0,250000.0,1062250.0,1727250.0,128.18670974607232,35.53926506885124,1072.9133314660894,False,6257.944361618614,0.0250317774464744,17.0,15.0,0.8823529411764706
라마62a27b,48890410,대양면,250000.0,249999.99999897712,1062250.0,1727750.0,128.18674817575004,35.54377306056998,1197.5400004791616,False,0.0,0.0,,,
라마62a28a,48890350,율곡면,250000.0,249999.99999983105,1062250.0,1728250.0,128.18678661396203,35.54828104887564,1488.9798818847748,False,0.0,0.0,,,
라마62a28b,48890350,율곡면,250000.0,250000.0,1062250.0,1728750.0,128.18682506071022,35.55278903376798,1231.0143209481596,False,21372.7655689406,0.0854910622757624,,,
라마62a29a,48890350,율곡면,250000.0,250000.0,1062250.0,1729250.0,128.18686351599652,35.55729701524685,1036.5752655131416,False,18829.10958878503,0.0753164383551401,,,
라마62a29b,48890350,율곡면,250000.0,250000.0,1062250.0,1729750.0,128.18690197982284,35.561804993312066,1064.6972826901651,False,51446.68743171694,0.2057867497268677,,,
라마62a30a,48890350,율곡면,250000.0,250000.0,1062250.0,1730250.0,128.18694045219107,35.56631296796341,695.31547034762,False,27093.929336809837,0.1083757173472393,7.0,0.0,0.0
라마62a30b,48890350,율곡면,250000.0,250000.0,1062250.0,1730750.0,128.1869789331031,35.57082093920071,490.7052598377565,False,3019.0315207302947,0.0120761260829211,,,
라마62a31a,48890350,율곡면,250000.0,250000.0,1062250.0,1731250.0,128.18701742256087,35.57532890702378,705.7759564905481,False,11704.68295128868,0.0468187318051547,16.0,8.0,0.5
라마62a31b,48890350,율곡면,250000.0,250000.0,1062250.0,1731750.0,128.18705592056625,35.57983687143243,1120.4676476756729,False,71582.20732600472,0.2863288293040189,25.0,13.0,0.52
라마62a32a,48890350,율곡면,250000.0,250000.0,1062250.0,1732250.0,128.1870944271212,35.584344832426474,1585.1737438576138,False,34305.91561895234,0.1372236624758093,0.0,0.0,
라마62a32b,48890350,율곡면,250000.0,250000.0,1062250.0,1732750.0,128.18713294222755,35.588852790005696,2066.4229593534988,False,8331.545001328868,0.0333261800053154,,,
라마62a33a,48890350,율곡면,250000.0,250000.0,1062250.0,1733250.0,128.18717146588727,35.59336074416996,2373.920177653388,False,158027.47714368475,0.632109908574739,0.0,0.0,
라마62a33b,48890350,율곡면,250000.0,250000.0,1062250.0,1733750.0,128.18720999810225,35.59786869491904,2477.947156361239,False,119574.93771022077,0.478299750840883,6.0,0.0,0.0
라마62a34a,48890350,율곡면,250000.0,250000.0,1062250.0,1734250.0,128.1872485388744,35.60237664225274,2206.963383132848,False,10813.667812511529,0.0432546712500461,,,
라마62a34b,48890350,율곡면,250000.0,250000.0,1062250.0,1734750.0,128.18728708820566,35.606884586170914,1882.9482730519,False,46700.2574746808,0.1868010298987232,22.0,14.0,0.6363636363636364
라마62a35a,48890350,율곡면,250000.0,250000.0,1062250.0,1735250.0,128.1873256460979,35.61139252667335,1410.1402368792972,False,8141.139092788335,0.0325645563711533,0.0,,
라마62a35b,48890350,율곡면,250000.0,250000.0,1062250.0,1735750.0,128.18736421255304,35.61590046375985,965.140806485182,False,453.6683898533743,0.0018146735594134,,,
라마62a36a,48890350,율곡면,250000.0,250000.0,1062250.0,1736250.0,128.187402787573,35.62040839743024,611.9624702706325,False,7284.710495360651,0.0291388419814426,0.0,,
라마62a36b,48890350,율곡면,250000.0,250000.0,1062250.0,1736750.0,128.18744137115968,35.624916327684325,563.4708099774131,False,33087.19478248584,0.1323487791299433,14.0,11.0,0.7857142857142857
라마62a37a,48890350,율곡면,250000.0,250000.0,1062250.0,1737250.0,128.187479963315,35.62942425452194,872.0668795301592,False,15051.666007031774,0.0602066640281271,,,
라마62a37b,48890350,율곡면,250000.0,250000.0,1062250.0,1737750.0,128.18751856404091,35.63393217794289,1305.1827194114765,False,10142.053320575,0.0405682132823,0.0,0.0,
라마62a38a,48890350,율곡면,250000.0,250000.0,1062250.0,1738250.0,128.18755717333926,35.638440097946955,1773.8385551473402,False,51697.2470413078,0.2067889881652312,23.0,19.0,0.8260869565217391
라마62a38b,48890350,율곡면,250000.0,250000.0,1062250.0,1738750.0,128.18759579121203,35.64294801453399,2255.9930204688294,False,24925.3455786492,0.0997013823145968,0.0,0.0,
라마62a39a,48890350,율곡면,250000.0,250000.0,1062250.0,1739250.0,128.18763441766112,35.64745592770378,2744.5410904340524,False,2799.5900468413643,0.0111983601873654,,,
라마62a39b,48890350,율곡면,250000.0,250000.0,1062250.0,1739750.0,128.18767305268838,35.651963837456144,3236.5888039350634,False,1960.6726512838368,0.0078426906051353,,,
라마62a40a,48890350,율곡면,250000.0,141586.99794182632,1062250.0,1740250.0,128.18771169629582,35.6564717437909,3724.121444412394,False,0.0,0.0,,,
라마62a43a,48890340,야로면,250000.0,250000.0,1062250.0,1743250.0,128.18794373823087,35.68351911001925,1518.7997563004158,False,66298.48450361432,0.2651939380144573,0.0,,
라마62a43b,48890340,야로면,250000.0,250000.0,1062250.0,1743750.0,128.18798244195304,35.68802699242554,1459.3485056373138,False,0.0,0.0,,,
라마62a44a,48890340,야로면,250000.0,250000.0,1062250.0,1744250.0,128.18802115427076,35.69253487141271,1566.091766811102,False,0.0,0.0,,,
라마62a44b,48890340,야로면,250000.0,250000.0,1062250.0,1744750.0,128.18805987518584,35.697042746980614,1754.6624905859453,False,690.3772134487726,0.002761508853795,,,
라마62a45a,48890340,야로면,250000.0,250000.0,1062250.0,1745250.0,128.18809860470034,35.70155061912904,1348.919293553677,False,4588.456226654345,0.0183538249066173,,,
라마62a45b,48890340,야로면,250000.0,250000.0,1062250.0,1745750.0,128.18813734281608,35.7060584878578,1029.7213531695998,False,16292.671471871514,0.065170685887486,9.0,6.0,0.6666666666666666
라마62a46a,48890340,야로면,250000.0,250000.0,1062250.0,1746250.0,128.18817608953506,35.710566353166726,895.024507946856,False,33972.60281567256,0.1358904112626902,16.0,10.0,0.625
라마62a46b,48890340,야로면,250000.0,250000.0,1062250.0,1746750.0,128.1882148448592,35.715074215055616,1020.6917627166353,False,5713.012956429815,0.0228520518257192,,,
라마62a47a,48890340,야로면,250000.0,250000.0,1062250.0,1747250.0,128.18825360879035,35.71958207352431,1335.12339472038,False,0.0,0.0,0.0,,
라마62a47b,48890340,야로면,250000.0,250000.0,1062250.0,1747750.0,128.18829238133048,35.72408992857258,1629.4589877723406,False,36629.70676225906,0.1465188270490362,10.0,7.0,0.7
라마62a48a,48890340,야로면,250000.0,250000.0,1062250.0,1748250.0,128.1883311624816,35.728597780200275,1962.810503497184,False,4794.555727228386,0.0191782229089135,35.0,20.0,0.5714285714285714
라마62a48b,48890340,야로면,250000.0,250000.0,1062250.0,1748750.0,128.1883699522455,35.733105628407195,2355.8678979190827,False,0.0,0.0,,,
라마62a49a,48890340,야로면,250000.0,250000.0,1062250.0,1749250.0,128.1884087506242,35.737613473193164,2783.451460372982,False,0.0,0.0,,,
라마62a49b,48890340,야로면,250000.0,249998.77708721152,1062250.0,1749750.0,128.18844755761964,35.74212131455799,3033.9315671664945,False,0.0,0.0,,,
라마62a50a,48890340,야로면,250000.0,238906.82087451348,1062250.0,1750250.0,128.18848637323367,35.74662915250149,2958.7724481333776,False,0.0,0.0,0.0,,
라마62a50b,48890340,야로면,250000.0,144413.4570165972,1062250.0,1750750.0,128.18852519746832,35.75113698702348,2967.141392892664,False,0.0,0.0,,,
라마62b12b,48890420,쌍백면,250000.0,127511.08098845238,1062750.0,1712750.0,128.1911054524057,35.40850044306211,1739.5673036849123,False,0.0,0.0,,,
라마62b14b,48890420,쌍백면,250000.0,212850.3078853835,1062750.0,1714750.0,128.1912594621761,35.42653276428696,1675.7313203390083,False,0.0,0.0,,,
라마62b15a,48890420,쌍백면,250000.0,250000.0,1062750.0,1715250.0,128.19129798599693,35.431040836071794,1205.5700360252006,False,746.4359140602451,0.0029857436562409,,,
라마62b15b,48890420,쌍백면,250000.0,250000.0,1062750.0,1715750.0,128.19133651837282,35.4355489044477,773.7717787296789,False,0.0,0.0,,,
라마62b16a,48890420,쌍백면,250000.0,250000.0,1062750.0,1716250.0,128.19137505930573,35.44005696941449,494.01054579348704,False,36137.52573171702,0.144550102926868,0.0,0.0,
라마62b16b,48890420,쌍백면,250000.0,250000.0,1062750.0,1716750.0,128.19141360879752,35.44456503097196,623.9952509048981,False,80556.09136750904,0.3222243654700362,7.0,0.0,0.0
라마62b17a,48890420,쌍백면,250000.0,250000.0,1062750.0,1717250.0,128.19145216685007,35.44907308911995,1017.198961338712,False,10558.07363943888,0.0422322945577555,19.0,12.0,0.631578947368421
라마62b17b,48890420,쌍백면,250000.0,250000.0,1062750.0,1717750.0,128.19149073346534,35.45358114385822,1476.4881918746396,False,26163.29395028384,0.1046531758011353,,,
라마62b18a,48890420,쌍백면,250000.0,250000.0,1062750.0,1718250.0,128.19152930864524,35.45808919518662,1955.8479068020424,False,0.0,0.0,,,
라마62b18b,48890420,쌍백면,250000.0,250000.0,1062750.0,1718750.0,128.19156789239165,35.46259724310494,2443.494360201925,False,14917.327138049865,0.0596693085521994,0.0,0.0,
라마62b19a,48890420,쌍백면,250000.0,250000.0,1062750.0,1719250.0,128.1916064847064,35.467105287612995,2688.778616197201,False,30844.787773270706,0.1233791510930828,,,
라마62b19b,48890420,쌍백면,250000.0,250000.0,1062750.0,1719750.0,128.19164508559157,35.4716133287106,2220.435360735279,False,54963.328758077456,0.2198533150323098,22.0,14.0,0.6363636363636364
라마62b20a,48890420,쌍백면,250000.0,250000.0,1062750.0,1720250.0,128.19168369504888,35.476121366397564,1769.5016065231143,False,17770.67047166318,0.0710826818866527,,,
라마62b20b,48890410,대양면,250000.0,250000.0,1062750.0,1720750.0,128.19172231308036,35.48062940067368,1353.4912928320423,False,0.0,0.0,,,
라마62b21a,48890410,대양면,250000.0,250000.0,1062750.0,1721250.0,128.19176093968784,35.48513743153879,1016.2388617133408,False,1346.6775204080714,0.0053867100816322,,,
라마62b21b,48890410,대양면,250000.0,250000.0,1062750.0,1721750.0,128.1917995748733,35.48964545899266,856.471930853953,False,8588.057096051745,0.0343522283842069,,,
라마62b22a,48890410,대양면,250000.0,250000.0,1062750.0,1722250.0,128.1918382186386,35.494153483035134,966.6162178574136,False,68014.37198091361,0.2720574879236544,0.0,0.0,
라마62b22b,48890410,대양면,250000.0,250000.0,1062750.0,1722750.0,128.19187687098568,35.49866150366603,1278.7297043977835,False,15361.132299564608,0.0614445291982584,10.0,8.0,0.8
라마62b23a,48890410,대양면,250000.0,250000.0,1062750.0,1723250.0,128.19191553191644,35.50316952088512,1684.0286224389167,False,0.0,0.0,,,
라마62b23b,48890410,대양면,250000.0,250000.0,1062750.0,1723750.0,128.19195420143276,35.507677534692256,1625.4126925022026,False,27324.10862580089,0.1092964345032035,20.0,11.0,0.55
라마62b24a,48890410,대양면,250000.0,250000.0,1062750.0,1724250.0,128.1919928795366,35.512185545087206,1154.9667711191016,False,3520.8769134923477,0.0140835076539693,,,
라마62b24b,48890410,대양면,250000.0,250000.0,1062750.0,1724750.0,128.19203156622984,35.51669355206981,725.2103583315024,False,74337.3990797482,0.2973495963189927,0.0,0.0,
라마62b25a,48890410,대양면,250000.0,250000.0,1062750.0,1725250.0,128.19207026151443,35.52120155563988,466.81033115530886,False,115136.46015815434,0.4605458406326173,30.0,16.0,0.5333333333333333
라마62b25b,48890410,대양면,250000.0,250000.0,1062750.0,1725750.0,128.1921089653922,35.52570955579722,640.2294172524033,False,4163.618002351165,0.0166544720094046,,,
라마62b26a,48890410,대양면,250000.0,250000.0,1062750.0,1726250.0,128.1921476778652,35.53021755254163,1049.7025903356507,False,0.0,0.0,,,
라마62b26b,48890410,대양면,250000.0,249999.99999991,1062750.0,1726750.0,128.19218639893523,35.53472554587294,738.7672207843384,False,8304.583348497148,0.0332183333940005,,,
라마62b27a,48890410,대양면,250000.0,249999.99999930733,1062750.0,1727250.0,128.19222512860424,35.53923353579094,573.3550753375982,False,3973.679109779509,0.015894716439162,,,
라마62b27b,48890350,율곡면,250000.0,249999.99999985888,1062750.0,1727750.0,128.19226386687416,35.54374152229545,782.1093774692581,False,44748.09805790543,0.1789923922317227,0.0,,
라마62b28a,48890350,율곡면,250000.0,250000.0,1062750.0,1728250.0,128.1923026137469,35.54824950538629,1180.9547469040965,False,48867.894835862746,0.195471579343451,0.0,,
라마62b28b,48890350,율곡면,250000.0,250000.0,1062750.0,1728750.0,128.19234136922438,35.55275748506326,864.032746893538,False,101421.14962510877,0.4056845985004351,0.0,,
라마62b29a,48890350,율곡면,250000.0,250000.0,1062750.0,1729250.0,128.19238013330852,35.557265461326175,552.8513456604538,False,77775.27428186274,0.311101097127451,56.0,34.0,0.6071428571428571
라마62b29b,48890350,율곡면,250000.0,250000.0,1062750.0,1729750.0,128.19241890600122,35.56177343417486,603.9342953440847,False,111989.43881897668,0.4479577552759067,7.0,0.0,0.0
라마62b30a,48890350,율곡면,250000.0,250000.0,1062750.0,1730250.0,128.1924576873044,35.56628140360911,492.76065588221263,False,126919.7013873746,0.5076788055494984,16.0,6.0,0.375
라마62b30b,48890350,율곡면,250000.0,250000.0,1062750.0,1730750.0,128.19249647722,35.57078936962872,11.87908721982858,True,55207.577799919134,0.2208303111996765,120.0,76.0,0.6333333333333333
라마62b31a,48890350,율곡면,250000.0,250000.0,1062750.0,1731250.0,128.19253527574995,35.57529733223353,507.4141912095918,False,131869.0917984482,0.5274763671937929,,,
라마62b31b,48890350,율곡면,250000.0,250000.0,1062750.0,1731750.0,128.19257408289616,35.579805291423355,1007.3714360495796,False,167586.8841441479,0.6703475365765915,27.0,13.0,0.4814814814814814
라마62b32a,48890350,율곡면,250000.0,250000.0,1062750.0,1732250.0,128.1926128986605,35.58431324719799,1507.357044265326,False,84568.22340555624,0.3382728936222249,0.0,0.0,
라마62b32b,48890350,율곡면,250000.0,250000.0,1062750.0,1732750.0,128.192651723045,35.58882119955725,2007.3498219353817,False,657.1266095879134,0.0026285064383516,,,
라마62b33a,48890350,율곡면,250000.0,250000.0,1062750.0,1733250.0,128.19269055605153,35.59332914850095,2432.957505619491,False,31647.733165866288,0.1265909326634651,,,
라마62b33b,48890350,율곡면,250000.0,250000.0,1062750.0,1733750.0,128.192729397682,35.5978370940289,2100.112907058795,False,1943.072799758436,0.0077722911990337,,,
라마62b34a,48890350,율곡면,250000.0,250000.0,1062750.0,1734250.0,128.19276824793832,35.60234503614091,1844.3606536249008,False,110174.78798769944,0.4406991519507977,0.0,0.0,
라마62b34b,48890350,율곡면,250000.0,250000.0,1062750.0,1734750.0,128.19280710682247,35.6068529748368,1700.840444863774,False,106847.32803716412,0.4273893121486564,26.0,14.0,0.5384615384615384
라마62b35a,48890350,율곡면,250000.0,250000.0,1062750.0,1735250.0,128.19284597433634,35.61136091011637,1307.329027490381,False,11569.620611753264,0.046278482447013,8.0,0.0,0.0
라마62b35b,48890350,율곡면,250000.0,250000.0,1062750.0,1735750.0,128.19288485048185,35.61586884197945,807.5335750269529,False,38169.19820795755,0.1526767928318302,9.0,7.0,0.7777777777777778
라마62b36a,48890350,율곡면,250000.0,250000.0,1062750.0,1736250.0,128.19292373526096,35.62037677042582,308.4019511492732,False,92650.82850911486,0.3706033140364594,38.0,24.0,0.631578947368421
라마62b36b,48890350,율곡면,250000.0,250000.0,1062750.0,1736750.0,128.19296262867556,35.62488469545533,195.2256441903726,True,67673.64441537693,0.2706945776615077,33.0,21.0,0.6363636363636364
라마62b37a,48890350,율곡면,250000.0,250000.0,1062750.0,1737250.0,128.19300153072763,35.629392617067786,693.6240630387712,False,56375.29187089677,0.2255011674835871,0.0,0.0,
라마62b37b,48890350,율곡면,250000.0,250000.0,1062750.0,1737750.0,128.19304044141907,35.63390053526298,1193.3631591025762,False,94224.39981841634,0.3768975992736653,,,
라마62b38a,48890350,율곡면,250000.0,250000.0,1062750.0,1738250.0,128.1930793607518,35.63840845004074,1693.256306109665,False,37216.581248610855,0.1488663249944434,,,
라마62b38b,48890350,율곡면,250000.0,250000.0,1062750.0,1738750.0,128.19311828872776,35.64291636140088,2193.198168624307,False,16451.205215847065,0.0658048208633882,,,
라마62b39a,48890350,율곡면,250000.0,250000.0,1062750.0,1739250.0,128.1931572253489,35.6474242693432,2693.161617046753,False,24699.28320639281,0.0987971328255712,15.0,8.0,0.5333333333333333
라마62b39b,48890350,율곡면,250000.0,180762.43427946995,1062750.0,1739750.0,128.1931961706171,35.651932173867515,3193.1365119911093,False,1231.9863349193868,0.0068154998013285,,,
라마62b43a,48890340,야로면,250000.0,231452.4016514728,1062750.0,1743250.0,128.19346902977594,35.68348740981811,2003.5660664475129,False,16818.347862585622,0.0726643912207536,,,
라마62b43b,48890340,야로면,250000.0,250000.0,1062750.0,1743750.0,128.19350804429058,35.687995286991736,1958.8829326398293,False,50.18569721516245,0.0002007427888606,,,
라마62b44a,48890340,야로면,250000.0,250000.0,1062750.0,1744250.0,128.19354706746978,35.69250316074565,2039.648917082368,False,0.0,0.0,0.0,0.0,
라마62b44b,48890340,야로면,250000.0,250000.0,1062750.0,1744750.0,128.19358609931544,35.697011031079725,2055.1927133904187,False,12826.461136158552,0.0513058445446342,,,
라마62b45a,48890340,야로면,250000.0,250000.0,1062750.0,1745250.0,128.19362513982946,35.70151889799374,1721.7897356602955,False,0.0,0.0,,,
라마62b45b,48890340,야로면,250000.0,250000.0,1062750.0,1745750.0,128.19366418901384,35.70602676148752,1485.0261608730098,False,0.0,0.0,,,
라마62b46a,48890340,야로면,250000.0,250000.0,1062750.0,1746250.0,128.19370324687054,35.710534621560875,1395.007348772511,False,4936.149827796045,0.0197445993111841,0.0,0.0,
라마62b46b,48890340,야로면,250000.0,250000.0,1062750.0,1746750.0,128.19374231340143,35.715042478213626,1478.7793303199062,False,0.0,0.0,,,
라마62b47a,48890340,야로면,250000.0,250000.0,1062750.0,1747250.0,128.19378138860847,35.71955033144558,1711.0029551211974,False,0.0,0.0,,,
라마62b47b,48890340,야로면,250000.0,250000.0,1062750.0,1747750.0,128.19382047249366,35.72405818125655,2041.635108702226,False,30929.910872113316,0.1237196434884532,7.0,6.0,0.8571428571428571
라마62b48a,48890340,야로면,250000.0,249299.33308374888,1062750.0,1748250.0,128.1938595650589,35.72856602764636,2329.870282763701,False,464.3114451599338,0.0018624656529023,0.0,,
라마62b48b,48890340,야로면,250000.0,247769.46969031703,1062750.0,1748750.0,128.1938986663061,35.73307387061482,2669.416418304236,False,0.0,0.0,,,
라마62b49a,48890340,야로면,250000.0,193018.9002114313,1062750.0,1749250.0,128.19393777623728,35.73758171016174,3053.403427999488,False,0.0,0.0,,,
라마63a15a,48890420,쌍백면,250000.0,192512.30880497317,1063250.0,1715250.0,128.19680597427717,35.43100917676956,1478.577803153778,False,0.0,0.0,,,
라마63a15b,48890420,쌍백면,250000.0,250000.0,1063250.0,1715750.0,128.19684481360346,35.43551723990336,1153.9133302704065,False,0.0,0.0,,,
라마63a16a,48890420,쌍백면,250000.0,250000.0,1063250.0,1716250.0,128.1968836615549,35.440025299627465,988.3519755494128,False,1073.7489679301584,0.0042949958717206,0.0,0.0,
라마63a16b,48890420,쌍백면,250000.0,250000.0,1063250.0,1716750.0,128.19692251813342,35.44453335594168,1059.3220857553736,False,20077.949913195283,0.0803117996527811,9.0,0.0,0.0
라마63a17a,48890420,쌍백면,250000.0,250000.0,1063250.0,1717250.0,128.1969613833409,35.449041408845844,1329.46866648515,False,27053.379799220584,0.1082135191968823,0.0,0.0,
라마63a17b,48890420,쌍백면,250000.0,250000.0,1063250.0,1717750.0,128.19700025717924,35.453549458339715,1706.6958103196043,False,0.0,0.0,,,
라마63a18a,48890420,쌍백면,250000.0,250000.0,1063250.0,1718250.0,128.19703913965043,35.45805750442314,2134.978745271057,False,0.0,0.0,,,
라마63a18b,48890420,쌍백면,250000.0,250000.0,1063250.0,1718750.0,128.19707803075636,35.462565547095885,2589.1036859415008,False,3415.0118094684944,0.0136600472378739,,,
라마63a19a,48890420,쌍백면,250000.0,250000.0,1063250.0,1719250.0,128.19711693049896,35.46707358635783,2886.9686908230096,False,49906.87959026943,0.1996275183610777,22.0,14.0,0.6363636363636364
라마63a19b,48890420,쌍백면,250000.0,250000.0,1063250.0,1719750.0,128.19715583888012,35.47158162220872,2456.703271882177,False,20373.792264670097,0.0814951690586803,,,
라마63a20a,48890420,쌍백면,250000.0,250000.0,1063250.0,1720250.0,128.1971947559018,35.476089654648405,2058.201571848799,False,3448.0291856323297,0.0137921167425293,,,
라마63a20b,48890410,대양면,250000.0,250000.0,1063250.0,1720750.0,128.19723368156585,35.48059768367666,1713.7667445265529,False,1107.7637066769726,0.0044310548267078,,,
라마63a21a,48890410,대양면,250000.0,250000.0,1063250.0,1721250.0,128.19727261587428,35.485105709293336,1462.1214720157184,False,11073.07691687211,0.0442923076674884,0.0,0.0,
라마63a21b,48890410,대양면,250000.0,250000.0,1063250.0,1721750.0,128.197311558829,35.48961373149821,1355.950568130595,False,32744.457718871367,0.1309778308754854,13.0,6.0,0.4615384615384615
라마63a22a,48890410,대양면,250000.0,250000.0,1063250.0,1722250.0,128.19735051043187,35.4941217502911,1428.077269442363,False,4052.7801705626016,0.0162111206822504,0.0,0.0,
라마63a22b,48890410,대양면,250000.0,250000.0,1063250.0,1722750.0,128.1973894706849,35.49862976567182,1655.3571916001174,False,6103.366897271861,0.0244134675890874,,,
라마63a23a,48890410,대양면,250000.0,250000.0,1063250.0,1723250.0,128.19742843958994,35.50313777764018,1985.197767494841,False,0.0,0.0,,,
라마63a23b,48890410,대양면,250000.0,250000.0,1063250.0,1723750.0,128.19746741714894,35.507645786196,1831.7088427649855,False,13205.96213866594,0.0528238485546637,,,
라마63a24a,48890410,대양면,250000.0,250000.0,1063250.0,1724250.0,128.1975064033639,35.51215379133907,1430.7826900355856,False,4259.122441707427,0.0170364897668297,,,
라마63a24b,48890410,대양면,250000.0,250000.0,1063250.0,1724750.0,128.19754539823666,35.51666179306919,1113.1580874015558,False,21852.70892522917,0.0874108357009166,0.0,0.0,
라마63a25a,48890410,대양면,250000.0,250000.0,1063250.0,1725250.0,128.19758440176912,35.52116979138621,964.936655428486,False,1391.8980384520148,0.005567592153808,,,
라마63a25b,48890410,대양면,250000.0,250000.0,1063250.0,1725750.0,128.19762341396333,35.525677786289926,1059.7568449562075,False,52077.14769234767,0.2083085907693906,14.0,6.0,0.4285714285714285
라마63a26a,48890410,대양면,250000.0,250000.0,1063250.0,1726250.0,128.19766243482113,35.53018577778014,969.747903412618,False,0.0,0.0,,,
라마63a26b,48890410,대양면,250000.0,249999.999998995,1063250.0,1726750.0,128.19770146434445,35.534693765856666,472.6203889837337,False,0.0,0.0,,,
라마63a27a,48890350,율곡면,250000.0,250000.0,1063250.0,1727250.0,128.19774050253525,35.53920175051931,79.55543974552086,True,44074.6339618443,0.1762985358473772,30.0,17.0,0.5666666666666667
라마63a27b,48890350,율곡면,250000.0,250000.0,1063250.0,1727750.0,128.19777954939548,35.54370973176788,537.8550956373572,False,15507.780971358268,0.062031123885433,0.0,0.0,
라마63a28a,48890350,율곡면,250000.0,250000.0,1063250.0,1728250.0,128.19781860492702,35.548217709602206,1035.4936696151449,False,10231.726480805752,0.040926905923223,,,
라마63a28b,48890350,율곡면,250000.0,250000.0,1063250.0,1728750.0,128.19785766913188,35.5527256840221,691.1648985801634,False,26504.775158598022,0.106019100634392,,,
라마63a29a,48890350,율곡면,250000.0,250000.0,1063250.0,1729250.0,128.1978967420119,35.55723365502734,191.8357102405837,True,41010.605418577936,0.1640424216743117,26.0,19.0,0.7307692307692307
라마63a29b,48890350,율곡면,250000.0,250000.0,1063250.0,1729750.0,128.19793582356908,35.561741622617774,309.66588836630166,False,26033.360626946334,0.1041334425077853,0.0,0.0,
라마63a30a,48890350,율곡면,250000.0,250000.0,1063250.0,1730250.0,128.19797491380533,35.5662495867932,708.6342672113765,False,9421.778147739353,0.0376871125909574,,,
라마63a30b,48890350,율곡면,250000.0,250000.0,1063250.0,1730750.0,128.19801401272258,35.57075754755339,509.4021725453402,False,168.0337884927736,0.000672135153971,,,
라마63a31a,48890350,율곡면,250000.0,250000.0,1063250.0,1731250.0,128.19805312032278,35.575265504898226,718.9009821398357,False,27661.438274265303,0.1106457530970612,0.0,0.0,
라마63a31b,48890350,율곡면,250000.0,250000.0,1063250.0,1731750.0,128.1980922366079,35.57977345882749,1128.781055319998,False,52199.335623446124,0.2087973424937845,0.0,0.0,
라마63a32a,48890350,율곡면,250000.0,250000.0,1063250.0,1732250.0,128.19813136157978,35.58428140934097,1591.0608786520509,False,22017.216977573396,0.0880688679102935,0.0,,
라마63a32b,48890350,율곡면,250000.0,250000.0,1063250.0,1732750.0,128.19817049524045,35.588789356438504,2070.942483099119,False,0.0,0.0,0.0,,
라마63a33a,48890350,율곡면,250000.0,250000.0,1063250.0,1733250.0,128.19820963759182,35.5932973001199,2118.5485194274897,False,0.0,0.0,,,
라마63a33b,48890350,율곡면,250000.0,250000.0,1063250.0,1733750.0,128.19824878863582,35.59780524038496,1726.1053929042507,False,0.0,0.0,,,
라마63a34a,48890350,율곡면,250000.0,250000.0,1063250.0,1734250.0,128.19828794837443,35.602313177233505,1403.7919452888543,False,2276.312028664945,0.0091052481146597,,,
라마63a34b,48890350,율곡면,250000.0,250000.0,1063250.0,1734750.0,128.19832711680954,35.606821110665344,1209.059065514417,False,47045.29094985688,0.1881811637994275,9.0,0.0,0.0
라마63a35a,48890350,율곡면,250000.0,250000.0,1063250.0,1735250.0,128.19836629394308,35.611329040680296,1205.4110594097451,False,41439.50294827714,0.1657580117931085,44.0,21.0,0.4772727272727273
라마63a35b,48890350,율곡면,250000.0,250000.0,1063250.0,1735750.0,128.19840547977708,35.61583696727817,934.1970740955868,False,52668.26823948255,0.2106730729579302,0.0,0.0,
라마63a36a,48890350,율곡면,250000.0,250000.0,1063250.0,1736250.0,128.1984446743134,35.62034489045876,561.8945291828553,False,38849.20987128263,0.1553968394851305,0.0,,
라마63a36b,48890350,율곡면,250000.0,250000.0,1063250.0,1736750.0,128.19848387755405,35.6248528102219,508.6518953100341,False,4799.926546084143,0.0191997061843365,,,
라마63a37a,48890350,율곡면,250000.0,250000.0,1063250.0,1737250.0,128.1985230895009,35.6293607265674,837.692090973382,False,9475.58608745961,0.0379023443498384,,,
라마63a37b,48890350,율곡면,250000.0,250000.0,1063250.0,1737750.0,128.19856231015592,35.63386863949506,1282.4700105484824,False,11633.620162780917,0.0465344806511236,24.0,21.0,0.875
라마63a38a,48890350,율곡면,250000.0,250000.0,1063250.0,1738250.0,128.1986015395211,35.63837654900472,1757.1939610165668,False,618.195517774664,0.0024727820710986,,,
라마63a38b,48890350,율곡면,250000.0,235025.65762441108,1063250.0,1738750.0,128.19864077759834,35.642884455096166,2242.929313489384,False,0.0,0.0,,,
라마63a39a,48890350,율곡면,250000.0,144087.3742126382,1063250.0,1739250.0,128.1986800243896,35.647392357769206,2733.812940562472,False,0.0,0.0,,,
라마63a43b,48890340,야로면,250000.0,250000.0,1063250.0,1743750.0,128.19903363796362,35.68796332796804,2458.6066433387377,False,5254.410943986098,0.0210176437759443,8.0,0.0,0.0
라마63a44a,48890340,야로면,250000.0,250000.0,1063250.0,1744250.0,128.19907297200237,35.69247119644686,2523.428617543408,False,32225.192070444984,0.1289007682817799,11.0,9.0,0.8181818181818182
라마63a44b,48890340,야로면,250000.0,250000.0,1063250.0,1744750.0,128.1991123147766,35.696979061505246,2422.5593331179466,False,2888.133781665736,0.0115525351266629,,,
라마63a45a,48890340,야로면,250000.0,250000.0,1063250.0,1745250.0,128.19915166628826,35.701486923142994,2146.9831222273147,False,0.0,0.0,,,
라마63a45b,48890340,야로면,250000.0,213115.1852389041,1063250.0,1745750.0,128.19919102653932,35.705994781359905,1962.2128660726464,False,2978.0805511937406,0.0139740420085752,0.0,0.0,
라마63a46a,48890340,야로면,250000.0,199292.6149515656,1063250.0,1746250.0,128.19923039553177,35.71050263615583,1894.999244441303,False,17180.54455156648,0.0862076327100324,23.0,17.0,0.7391304347826086
라마63a46b,48890340,야로면,250000.0,248276.82028368645,1063250.0,1746750.0,128.1992697732675,35.71501048753056,1957.489448524612,False,22.930203881499025,9.23574091826151e-05,,,
라마63a47a,48890340,야로면,250000.0,218883.76709124952,1063250.0,1747250.0,128.1993091597485,35.71951833548391,2138.342289189752,False,0.0,0.0,,,
라마63a47b,48890340,야로면,250000.0,182968.94463721183,1063250.0,1747750.0,128.19934855497675,35.724026180015684,2411.068342123331,False,2059.074252462498,0.0112536816373139,,,
라마63b16a,48890420,쌍백면,250000.0,134976.65204503847,1063750.0,1716250.0,128.20239225517702,35.439993378546646,1486.4833789147042,False,0.0,0.0,,,
라마63b16b,48890420,쌍백면,250000.0,202797.2945421381,1063750.0,1716750.0,128.20243141884035,35.444501429576015,1534.5867487979829,False,0.0,0.0,,,
라마63b17a,48890420,쌍백면,250000.0,250000.0,1063750.0,1717250.0,128.20247059120078,35.44900947719472,1732.1316761098306,False,142.21165923150565,0.000568846636926,,,
라마63b17b,48890420,쌍백면,250000.0,250000.0,1063750.0,1717750.0,128.20250977226033,35.45351752140259,2036.07558729526,False,15003.145862602474,0.0600125834504099,11.0,8.0,0.7272727272727273
라마63b18a,48890420,쌍백면,250000.0,250000.0,1063750.0,1718250.0,128.2025489620209,35.45802556219942,2406.434593122453,False,7655.268886075537,0.0306210755443021,6.0,0.0,0.0
라마63b18b,48890420,쌍백면,250000.0,250000.0,1063750.0,1718750.0,128.20258816048445,35.462533599585,2817.135265615252,False,0.0,0.0,,,
라마63b19a,48890420,쌍백면,250000.0,250000.0,1063750.0,1719250.0,128.2026273676529,35.467041633559184,3152.720412067221,False,9350.331149651514,0.037401324598606,,,
라마63b19b,48890420,쌍백면,250000.0,201150.29333526877,1063750.0,1719750.0,128.20266658352818,35.47154966412174,2764.136165413994,False,13455.273908904806,0.0668916444803693,,,
라마63b20b,48890410,대양면,250000.0,249777.57478090955,1063750.0,1720750.0,128.20274504140704,35.48056571501128,2131.209569591438,False,4896.727313423702,0.0196043512621932,,,
라마63b21a,48890410,대양면,250000.0,250000.0,1063750.0,1721250.0,128.20278428341447,35.48507373533788,1934.6464725635008,False,2406.712307317446,0.0096268492292697,,,
라마63b21b,48890410,대양면,250000.0,250000.0,1063750.0,1721750.0,128.20282353413648,35.4895817522521,1855.710030712414,False,0.0,0.0,,,
라마63b22a,48890410,대양면,250000.0,250000.0,1063750.0,1722250.0,128.20286279357504,35.49408976575375,1909.047527530664,False,6910.652273414809,0.0276426090936592,,,
라마63b22b,48890410,대양면,250000.0,250000.0,1063750.0,1722750.0,128.20290206173206,35.498597775842654,2084.5299725969912,False,2142.719929014177,0.0085708797160567,,,
라마63b23a,48890410,대양면,250000.0,250000.0,1063750.0,1723250.0,128.2029413386095,35.503105782518624,2355.0091190777766,False,3357.007474929233,0.0134280298997169,,,
라마63b23b,48890410,대양면,250000.0,250000.0,1063750.0,1723750.0,128.20298062420926,35.50761378578146,2137.369445926377,False,4997.817826154849,0.0199912713046193,,,
라마63b24a,48890410,대양면,250000.0,250000.0,1063750.0,1724250.0,128.20301991853336,35.51212178563096,1805.638382905517,False,233.7709403104481,0.0009350837612417,,,
라마63b24b,48890410,대양면,250000.0,250000.0,1063750.0,1724750.0,128.20305922158366,35.51662978206696,1565.9858847587589,False,58897.752127227286,0.2355910085089091,20.0,10.0,0.5
라마63b25a,48890410,대양면,250000.0,250000.0,1063750.0,1725250.0,128.20309853336218,35.52113777508925,1464.3406750840788,False,24525.95211868789,0.0981038084747515,15.0,10.0,0.6666666666666666
라마63b25b,48890410,대양면,250000.0,250000.0,1063750.0,1725750.0,128.2031378538708,35.52564576469765,1528.085398739521,False,2827.504817704513,0.011310019270818,,,
라마63b26a,48890410,대양면,250000.0,250000.0,1063750.0,1726250.0,128.20317718311148,35.53015375089198,1057.3570928266802,False,10354.240452990249,0.0414169618119609,0.0,0.0,
라마63b26b,48890350,율곡면,250000.0,249999.99999875107,1063750.0,1726750.0,128.2032165210862,35.53466173367203,633.216438242767,False,227.0360983416641,0.0009081443933711,,,
라마63b27a,48890350,율곡면,250000.0,250000.0,1063750.0,1727250.0,128.20325586779688,35.53916971303762,428.8613920264023,False,4810.5701221663885,0.0192422804886655,,,
라마63b27b,48890350,율곡면,250000.0,250000.0,1063750.0,1727750.0,128.20329522324548,35.543677688988566,683.2870037405885,False,0.0,0.0,,,
라마63b28a,48890350,율곡면,250000.0,250000.0,1063750.0,1728250.0,128.20333458743391,35.54818566152466,1117.962506254462,False,5675.954097576817,0.0227038163903072,,,
라마63b28b,48890350,율곡면,250000.0,250000.0,1063750.0,1728750.0,128.20337396036416,35.55269363064576,841.9413556502983,False,6386.504537888823,0.0255460181515552,0.0,,
라마63b29a,48890350,율곡면,250000.0,250000.0,1063750.0,1729250.0,128.20341334203815,35.55720159635161,517.6458915595138,False,7888.191960167746,0.0315527678406709,,,
라마63b29b,48890350,율곡면,250000.0,250000.0,1063750.0,1729750.0,128.20345273245786,35.56170955864207,571.8822359040587,False,0.0,0.0,,,
라마63b30a,48890350,율곡면,250000.0,250000.0,1063750.0,1730250.0,128.20349213162524,35.56621751751695,941.350792444988,False,1570.2935215328089,0.0062811740861312,13.0,0.0,0.0
라마63b30b,48890350,율곡면,250000.0,250000.0,1063750.0,1730750.0,128.2035315395422,35.570725472976015,1009.3760617701654,False,20046.711911790026,0.0801868476471601,0.0,0.0,
라마63b31a,48890350,율곡면,250000.0,250000.0,1063750.0,1731250.0,128.2035709562107,35.575233425019135,1129.676096410983,False,124949.70505169716,0.4997988202067886,13.0,0.0,0.0
라마63b31b,48890350,율곡면,250000.0,250000.0,1063750.0,1731750.0,128.20361038163276,35.57974137364608,1426.0070587237865,False,22397.810750586385,0.0895912430023455,74.0,40.0,0.5405405405405406
라마63b32a,48890350,율곡면,250000.0,250000.0,1063750.0,1732250.0,128.20364981581025,35.584249318856685,1814.062893137328,False,3190.7144386535865,0.0127628577546143,0.0,0.0,
라마63b32b,48890350,율곡면,250000.0,250000.0,1063750.0,1732750.0,128.2036892587452,35.58875726065074,2234.598704624272,False,0.0,0.0,,,
라마63b33a,48890350,율곡면,250000.0,250000.0,1063750.0,1733250.0,128.2037287104395,35.59326519902808,1886.057643389142,False,0.0,0.0,,,
라마63b33b,48890350,율곡면,250000.0,250000.0,1063750.0,1733750.0,128.2037681708951,35.597773133988504,1431.2251508520008,False,158.5085752060266,0.0006340343008241,,,
라마63b34a,48890350,율곡면,250000.0,250000.0,1063750.0,1734250.0,128.20380764011398,35.60228106553183,1019.6065077646676,False,0.0,0.0,,,
라마63b34b,48890350,율곡면,250000.0,250000.0,1063750.0,1734750.0,128.20384711809814,35.60678899365786,728.5529691935857,False,0.0,0.0,,,
라마63b35a,48890350,율곡면,250000.0,250000.0,1063750.0,1735250.0,128.2038866048495,35.61129691836641,722.4828213636077,False,3031.6961209207298,0.0121267844836829,,,
라마63b35b,48890350,율곡면,250000.0,250000.0,1063750.0,1735750.0,128.20392610036996,35.6158048396573,1006.565162028891,False,0.0,0.0,,,
라마63b36a,48890350,율곡면,250000.0,250000.0,1063750.0,1736250.0,128.2039656046616,35.62031275753033,1018.0074461311992,False,7743.713038524221,0.0309748521540968,,,
라마63b36b,48890350,율곡면,250000.0,250000.0,1063750.0,1736750.0,128.20400511772624,35.62482067198531,989.6163140608758,False,14359.732604559313,0.0574389304182372,,,
라마63b37a,48890350,율곡면,250000.0,250000.0,1063750.0,1737250.0,128.20404463956595,35.62932858302207,1192.6196953481444,False,28415.904359675253,0.113663617438701,0.0,0.0,
라마63b37b,48890350,율곡면,250000.0,250000.0,1063750.0,1737750.0,128.20408417018265,35.63383649064042,1537.9671733847797,False,21079.314255831265,0.084317257023325,0.0,0.0,
라마63b38a,48890350,율곡면,250000.0,250000.0,1063750.0,1738250.0,128.2041237095783,35.638344394840146,1951.4979669694856,False,4764.575543031899,0.0190583021721275,8.0,0.0,0.0
라마63b38b,48890350,율곡면,250000.0,185625.78044191495,1063750.0,1738750.0,128.20416325775489,35.64285229562109,2398.196323023389,False,0.0,0.0,,,
라마64a17b,48890420,쌍백면,250000.0,121914.98349644954,1064250.0,1717750.0,128.20801927864036,35.45348533304812,2424.5405761498378,False,0.0,0.0,,,
라마64a18b,48890420,쌍백면,250000.0,225078.8749398477,1064250.0,1718750.0,128.20809828150763,35.46250140057354,3109.5086931845617,False,0.0,0.0,,,
라마64a19a,48890420,쌍백면,250000.0,183947.66844851527,1064250.0,1719250.0,128.2081377961,35.46700942921834,3470.5480506021368,False,460.4325141436662,0.0025030625178733,,,
라마64a21a,48890410,대양면,250000.0,227859.23877125105,1064250.0,1721250.0,128.20829594224006,35.48504150967369,2418.2462134107395,False,0.0,0.0,,,
라마64a21b,48890410,대양면,250000.0,250000.0,1064250.0,1721750.0,128.20833550072746,35.48954952125561,2355.5715851910877,False,17412.4735471758,0.0696498941887032,0.0,0.0,
라마64a22a,48890410,대양면,250000.0,250000.0,1064250.0,1722250.0,128.20837506799973,35.49405752942439,2397.815722119597,False,20193.253553089075,0.0807730142123563,,,
라마64a22b,48890410,대양면,250000.0,250000.0,1064250.0,1722750.0,128.20841464405882,35.49856553417981,2539.7486059703224,False,27213.15048910147,0.1088526019564058,15.0,6.0,0.4
라마64a23a,48890410,대양면,250000.0,250000.0,1064250.0,1723250.0,128.2084542289067,35.50307353552172,2766.066833215074,False,38797.153532378776,0.1551886141295151,0.0,0.0,
라마64a23b,48890410,대양면,250000.0,250000.0,1064250.0,1723750.0,128.20849382254528,35.50758153344992,2506.2998647599634,False,28403.56447426465,0.1136142578970586,0.0,0.0,
라마64a24a,48890410,대양면,250000.0,250000.0,1064250.0,1724250.0,128.2085334249766,35.51208952796419,2230.139196000517,False,973.3294850441144,0.0038933179401764,,,
라마64a24b,48890410,대양면,250000.0,250000.0,1064250.0,1724750.0,128.20857303620252,35.516597519064376,2040.9563089345777,False,5365.761812810717,0.0214630472512428,0.0,0.0,
라마64a25a,48890410,대양면,250000.0,250000.0,1064250.0,1725250.0,128.20861265622509,35.52110550675027,1964.0479822096704,False,42166.890472444415,0.1686675618897776,,,
라마64a25b,48890410,대양면,250000.0,250000.0,1064250.0,1725750.0,128.20865228504618,35.52561349102167,1735.6952530379983,False,7503.9488200230035,0.030015795280092,,,
라마64a26a,48890410,대양면,250000.0,250000.0,1064250.0,1726250.0,128.20869192266784,35.530121471878424,1339.9988982564903,False,0.0,0.0,,,
라마64a26b,48890410,대양면,250000.0,249999.9999993225,1064250.0,1726750.0,128.208731569092,35.53462944932033,1038.5355474121125,False,0.0,0.0,,,
라마64a27a,48890350,율곡면,250000.0,250000.0,1064250.0,1727250.0,128.20877122432057,35.539137423347164,928.178387568114,False,0.0,0.0,,,
라마64a27b,48890350,율곡면,250000.0,250000.0,1064250.0,1727750.0,128.20881088835557,35.54364539395877,1069.800988529414,False,0.0,0.0,,,
라마64a28a,48890350,율곡면,250000.0,250000.0,1064250.0,1728250.0,128.20885056119897,35.54815336115496,1388.3202767980013,False,0.0,0.0,,,
라마64a28b,48890350,율곡면,250000.0,250000.0,1064250.0,1728750.0,128.20889024285268,35.55266132493553,1200.0089898326582,False,1608.4350656980505,0.0064337402627922,,,
라마64a29a,48890350,율곡면,250000.0,250000.0,1064250.0,1729250.0,128.2089299333187,35.55716928530029,999.5567009296564,False,502.5396650023199,0.0020101586600092,,,
라마64a29b,48890350,율곡면,250000.0,250000.0,1064250.0,1729750.0,128.208969632599,35.561677242249054,1028.6912175514867,False,23922.643156671424,0.0956905726266856,,,
라마64a30a,48890350,율곡면,250000.0,250000.0,1064250.0,1730250.0,128.20900934069553,35.56618519578166,1064.6292276810234,False,87521.56049514978,0.3500862419805991,15.0,10.0,0.6666666666666666
라마64a30b,48890350,율곡면,250000.0,250000.0,1064250.0,1730750.0,128.20904905761026,35.57069314589786,832.6490473179229,False,44034.84070860132,0.1761393628344052,17.0,8.0,0.4705882352941176
라마64a31a,48890350,율곡면,250000.0,250000.0,1064250.0,1731250.0,128.20908878334518,35.575201092597524,867.8556789963391,False,51340.61149551407,0.2053624459820562,,,
라마64a31b,48890350,율곡면,250000.0,250000.0,1064250.0,1731750.0,128.2091285179022,35.579709035880434,1145.8806757830191,False,116091.59874794568,0.4643663949917827,0.0,0.0,
라마64a32a,48890350,율곡면,250000.0,250000.0,1064250.0,1732250.0,128.20916826128334,35.58421697574641,1540.4257744856457,False,63915.893976901134,0.2556635759076045,91.0,25.0,0.2747252747252747
라마64a32b,48890350,율곡면,250000.0,250000.0,1064250.0,1732750.0,128.20920801349055,35.588724912195254,1983.1239523202917,False,69507.61990378686,0.2780304796151475,31.0,19.0,0.6129032258064516
라마64a33a,48890350,율곡면,250000.0,250000.0,1064250.0,1733250.0,128.2092477745258,35.59323284522678,1768.1004041639712,False,8832.929172681934,0.0353317166907277,0.0,0.0,
라마64a33b,48890350,율곡면,250000.0,250000.0,1064250.0,1733750.0,128.2092875443911,35.5977407748408,1271.759032776857,False,18514.314993388238,0.0740572599735529,28.0,18.0,0.6428571428571429
라마64a34a,48890350,율곡면,250000.0,250000.0,1064250.0,1734250.0,128.20932732308833,35.60224870103715,780.1045030598501,False,4396.588195143738,0.0175863527805749,7.0,0.0,0.0
라마64a34b,48890350,율곡면,250000.0,250000.0,1064250.0,1734750.0,128.20936711061955,35.6067566238156,315.84020317081973,False,10735.277455085015,0.04294110982034,0.0,0.0,
라마64a35a,48890350,율곡면,250000.0,250000.0,1064250.0,1735250.0,128.2094069069867,35.61126454317599,301.574256500308,False,8592.120964377344,0.0343684838575093,31.0,18.0,0.5806451612903226
라마64a35b,48890350,율곡면,250000.0,250000.0,1064250.0,1735750.0,128.20944671219172,35.61577245911812,762.9803604473987,False,2374.055101763507,0.009496220407054,,,
라마64a36a,48890350,율곡면,250000.0,250000.0,1064250.0,1736250.0,128.20948652623665,35.6202803716418,1254.3249294633235,False,5633.879921319035,0.0225355196852761,0.0,0.0,
라마64a36b,48890350,율곡면,250000.0,250000.0,1064250.0,1736750.0,128.20952634912342,35.624788280746856,1483.224240466821,False,9789.674212573382,0.0391586968502935,0.0,0.0,
라마64a37a,48890350,율곡면,250000.0,250000.0,1064250.0,1737250.0,128.20956618085404,35.62929618643309,1625.7168991510314,False,0.0,0.0,,,
라마64a37b,48890350,율곡면,250000.0,250000.0,1064250.0,1737750.0,128.20960602143043,35.63380408870032,1893.662252056082,False,5102.722144412985,0.0204108885776519,0.0,0.0,
라마64a38a,48890350,율곡면,250000.0,250000.0,1064250.0,1738250.0,128.20964587085462,35.63831198754835,2242.5338377690045,False,3633.499927577478,0.0145339997103099,0.0,0.0,
라마64a38b,48890350,율곡면,250000.0,143276.1428165543,1064250.0,1738750.0,128.20968572912855,35.642819882976994,2640.446799732168,False,0.0,0.0,,,
라마64b18b,48890420,쌍백면,250000.0,158167.94023490348,1064750.0,1718750.0,128.21360839375768,35.4624689500628,3449.903987244806,False,0.0,0.0,,,
라마64b21a,48890410,대양면,250000.0,159464.29395142154,1064750.0,1721250.0,128.21380759228273,35.48500903230207,2907.399615386293,False,0.0,0.0,,,
라마64b21b,48890410,대양면,250000.0,250000.0,1064750.0,1721750.0,128.2138474585336,35.48951703851004,2855.4816174916336,False,0.0,0.0,,,
라마64b22a,48890410,대양면,250000.0,250000.0,1064750.0,1722250.0,128.21388733363762,35.49402504130427,2890.428690024528,False,18888.297508405387,0.0755531900336215,14.0,8.0,0.5714285714285714
라마64b22b,48890410,대양면,250000.0,250000.0,1064750.0,1722750.0,128.2139272175968,35.498533040684585,3009.21597038185,False,54298.78313330828,0.2171951325332331,38.0,27.0,0.7105263157894737
라마64b23a,48890410,대양면,250000.0,250000.0,1064750.0,1723250.0,128.21396711041317,35.50304103665077,3202.5276736798783,False,6338.342470120579,0.0253533698804823,0.0,0.0,
라마64b23b,48890410,대양면,250000.0,250000.0,1064750.0,1723750.0,128.21400701208862,35.50754902920265,2914.5719884422124,False,8031.30631848752,0.03212522527395,0.0,0.0,
라마64b24a,48890410,대양면,250000.0,250000.0,1064750.0,1724250.0,128.21404692262516,35.512057018340045,2680.804300439332,False,6175.417938160311,0.0247016717526412,0.0,0.0,
라마64b24b,48890410,대양면,250000.0,250000.0,1064750.0,1724750.0,128.21408684202476,35.516565004062734,2525.607554371035,False,741.5344353597241,0.0029661377414388,0.0,,
라마64b25a,48890410,대양면,250000.0,250000.0,1064750.0,1725250.0,128.21412677028945,35.52107298637055,2430.4880170629094,False,139.86194004592895,0.0005594477601837,,,
라마64b25b,48890410,대양면,250000.0,250000.0,1064750.0,1725750.0,128.21416670742107,35.52558096526329,2047.0053827472857,False,1588.2482171484803,0.0063529928685939,0.0,0.0,
라마64b26a,48890410,대양면,250000.0,250000.0,1064750.0,1726250.0,128.21420665342174,35.530088940740775,1724.294079589189,False,0.0,0.0,,,
라마64b26b,48890410,대양면,250000.0,249999.9999995161,1064750.0,1726750.0,128.21424660829334,35.534596912802826,1502.048304421764,False,0.0,0.0,,,
라마64b27a,48890350,율곡면,250000.0,250000.0,1064750.0,1727250.0,128.21428657203785,35.53910488144922,1427.9734397832,False,0.0,0.0,,,
라마64b27b,48890350,율곡면,250000.0,250000.0,1064750.0,1727750.0,128.21432654465733,35.543612846679785,1523.8330553693313,False,0.0,0.0,,,
라마64b28a,48890350,율곡면,250000.0,250000.0,1064750.0,1728250.0,128.2143665261537,35.54812080849434,1762.1084576569626,False,0.0,0.0,,,
라마64b28b,48890350,율곡면,250000.0,250000.0,1064750.0,1728750.0,128.2144065165289,35.552628766892695,1634.3738571710364,False,3565.6827556325893,0.0142627310225303,,,
라마64b29a,48890350,율곡면,250000.0,250000.0,1064750.0,1729250.0,128.214446515785,35.55713672187464,1493.408828050214,False,42163.86257493615,0.1686554502997445,8.0,0.0,0.0
라마64b29b,48890350,율곡면,250000.0,250000.0,1064750.0,1729750.0,128.2144865239239,35.56164467344001,1230.0063367413688,False,67506.7521252297,0.2700270085009188,27.0,19.0,0.7037037037037037
라마64b30a,48890350,율곡면,250000.0,250000.0,1064750.0,1730250.0,128.21452654094765,35.56615262158861,756.825364262241,False,9741.74832422852,0.038966993296914,,,
라마64b30b,48890350,율곡면,250000.0,250000.0,1064750.0,1730750.0,128.21456656685814,35.57066056632023,364.2165229055733,False,13108.847317264366,0.0524353892690574,8.0,0.0,0.0
라마64b31a,48890350,율곡면,250000.0,250000.0,1064750.0,1731250.0,128.21460660165744,35.5751685076347,438.7741094506126,False,23350.95532646981,0.0934038213058792,50.0,13.0,0.26
라마64b31b,48890350,율곡면,250000.0,250000.0,1064750.0,1731750.0,128.2146466453475,35.57967644553183,867.4051894535393,False,4831.7801279743,0.0193271205118971,,,
라마64b32a,48890350,율곡면,250000.0,250000.0,1064750.0,1732250.0,128.21468669793032,35.58418438001144,1346.2023645268505,False,100195.55137322588,0.4007822054929035,11.0,7.0,0.6363636363636364
라마64b32b,48890350,율곡면,250000.0,250000.0,1064750.0,1732750.0,128.21472675940785,35.58869231107332,1836.3359850050413,False,125756.32384598136,0.5030252953839255,39.0,25.0,0.6410256410256411
라마64b33a,48890350,율곡면,250000.0,250000.0,1064750.0,1733250.0,128.21476682978212,35.593200238717294,1787.4967536258612,False,0.0,0.0,,,
라마64b33b,48890350,율곡면,250000.0,250000.0,1064750.0,1733750.0,128.21480690905508,35.59770816294316,1298.5902519531408,False,19741.12813623969,0.0789645125449587,40.0,23.0,0.575
라마64b34a,48890350,율곡면,250000.0,250000.0,1064750.0,1734250.0,128.2148469972287,35.602216083750754,823.1212794676435,False,49255.17524532309,0.1970207009812923,,,
라마64b34b,48890350,율곡면,250000.0,250000.0,1064750.0,1734750.0,128.21488709430503,35.60672400113987,410.7561794509968,False,141403.1433236118,0.5656125732944471,6.0,0.0,0.0
라마64b35a,48890350,율곡면,250000.0,250000.0,1064750.0,1735250.0,128.21492720028598,35.61123191511033,399.8907815915595,False,30978.13521199391,0.1239125408479756,0.0,0.0,
라마64b35b,48890350,율곡면,250000.0,250000.0,1064750.0,1735750.0,128.21496731517362,35.615739825661926,806.9105498421973,False,0.0,0.0,,,
라마64b36a,48890350,율곡면,250000.0,250000.0,1064750.0,1736250.0,128.2150074389699,35.620247732794496,1281.5212185880366,False,0.0,0.0,,,
라마64b36b,48890350,율곡면,250000.0,250000.0,1064750.0,1736750.0,128.2150475716768,35.62475563650782,1770.166272398188,False,0.0,0.0,,,
라마64b37a,48890350,율곡면,250000.0,250000.0,1064750.0,1737250.0,128.2150877132963,35.629263536801744,2088.915779690074,False,0.0,0.0,,,
라마64b37b,48890350,율곡면,250000.0,250000.0,1064750.0,1737750.0,128.21512786383045,35.633771433676074,2303.599449408481,False,108.01249180262786,0.0004320499672105,,,
라마64b38a,48890350,율곡면,250000.0,250000.0,1064750.0,1738250.0,128.21516802328117,35.6382793271306,2597.9937859802367,False,3088.3026508079543,0.0123532106032318,,,
라마65a21b,48890410,대양면,250000.0,249185.85598725485,1065250.0,1721750.0,128.21935940748648,35.48948430401667,3355.418460148543,False,23047.406651585385,0.0924908300283471,,,
라마65a22a,48890410,대양면,250000.0,250000.0,1065250.0,1722250.0,128.21939959042032,35.49399230139473,3385.20838161994,False,94589.87357775432,0.3783594943110173,16.0,8.0,0.5
라마65a22b,48890410,대양면,250000.0,250000.0,1065250.0,1722750.0,128.21943978227765,35.49850029535826,3487.1820329994484,False,54839.11207234564,0.2193564482893825,36.0,24.0,0.6666666666666666
라마65a23a,48890410,대양면,250000.0,250000.0,1065250.0,1723250.0,128.21947998306052,35.503008285907065,3573.371801577437,False,69020.00669824705,0.2760800267929881,26.0,12.0,0.4615384615384615
라마65a23b,48890410,대양면,250000.0,250000.0,1065250.0,1723750.0,128.21952019277086,35.507516273040984,3180.8289065594763,False,53472.03703809699,0.2138881481523879,10.0,7.0,0.7
라마65a24a,48890410,대양면,250000.0,250000.0,1065250.0,1724250.0,128.21956041141067,35.5120242567598,2814.360178483713,False,8090.945122293406,0.0323637804891736,,,
라마65a24b,48890410,대양면,250000.0,250000.0,1065250.0,1724750.0,128.219600638982,35.516532237063345,2494.70918057905,False,2009.1971126072276,0.0080367884504289,,,
라마65a25a,48890410,대양면,250000.0,250000.0,1065250.0,1725250.0,128.21964087548676,35.521040213951395,2241.991208077301,False,0.0,0.0,,,
라마65a25b,48890410,대양면,250000.0,250000.0,1065250.0,1725750.0,128.219681120927,35.525548187423794,2080.7391135186645,False,0.0,0.0,,,
라마65a26a,48890410,대양면,250000.0,250000.0,1065250.0,1726250.0,128.21972137530463,35.53005615748033,2013.5398283029876,False,0.0,0.0,,,
라마65a26b,48890360,초계면,250000.0,249999.9999996868,1065250.0,1726750.0,128.21976163862172,35.53456412412084,1852.9311798141048,False,0.0,0.0,,,
라마65a27a,48890360,초계면,250000.0,249999.9999995373,1065250.0,1727250.0,128.21980191088025,35.5390720873451,1819.990459890425,False,0.0,0.0,,,
라마65a27b,48890350,율곡면,250000.0,249999.99999948184,1065250.0,1727750.0,128.21984219208218,35.54358004715292,1921.2955501580248,False,0.0,0.0,,,
라마65a28a,48890350,율곡면,250000.0,250000.0,1065250.0,1728250.0,128.21988248222954,35.548088003544144,2137.8465585775552,False,0.0,0.0,,,
라마65a28b,48890350,율곡면,250000.0,250000.0,1065250.0,1728750.0,128.21992278132427,35.552595956518566,2098.1740238428906,False,5043.910545226428,0.0201756421809057,,,
라마65a29a,48890350,율곡면,250000.0,250000.0,1065250.0,1729250.0,128.21996308936843,35.55710390607599,1700.704496499951,False,0.0,0.0,,,
라마65a29b,48890350,율곡면,250000.0,250000.0,1065250.0,1729750.0,128.220003406364,35.56161185221624,1205.0995095766586,False,4151.125922333581,0.0166045036893343,0.0,0.0,
라마65a30a,48890350,율곡면,250000.0,250000.0,1065250.0,1730250.0,128.22004373231292,35.566119794939105,715.6352922743926,False,26917.706166056945,0.1076708246642277,20.0,10.0,0.5
라마65a30b,48890350,율곡면,250000.0,250000.0,1065250.0,1730750.0,128.22008406721727,35.5706277342444,268.333589241838,True,39992.46105789619,0.1599698442315847,89.0,50.0,0.5617977528089888
라마65a31a,48890350,율곡면,250000.0,250000.0,1065250.0,1731250.0,128.220124411079,35.575135670131964,363.141788675112,False,71846.4711306247,0.2873858845224988,10.0,8.0,0.8
라마65a31b,48890350,율곡면,250000.0,250000.0,1065250.0,1731750.0,128.2201647639001,35.579643602601585,831.709686278158,False,167607.34299560115,0.6704293719824046,8.0,0.0,0.0
라마65a32a,48890350,율곡면,250000.0,250000.0,1065250.0,1732250.0,128.2202051256826,35.58415153165308,1323.4840557466734,False,77449.94351881869,0.3097997740752747,7.0,0.0,0.0
라마65a32b,48890350,율곡면,250000.0,250000.0,1065250.0,1732750.0,128.22024549642848,35.58865945728625,1819.7469849906104,False,29143.9527374376,0.1165758109497503,0.0,,
라마65a33a,48890350,율곡면,250000.0,250000.0,1065250.0,1733250.0,128.22028587613974,35.59316737950092,1940.1315030794144,False,14194.570312901991,0.0567782812516079,0.0,0.0,
라마65a33b,48890350,율곡면,250000.0,250000.0,1065250.0,1733750.0,128.2203262648184,35.597675298296885,1501.7663758008157,False,131063.90098340846,0.5242556039336338,0.0,,
라마65a34a,48890350,율곡면,250000.0,250000.0,1065250.0,1734250.0,128.22036666246643,35.60218321367397,1116.4650669549162,False,114225.49231209145,0.4569019692483657,0.0,,
라마65a34b,48890350,율곡면,250000.0,250000.0,1065250.0,1734750.0,128.22040706908584,35.60669112563198,858.8866304556,False,15656.216268321436,0.0626248650732857,,,
라마65a35a,48890350,율곡면,250000.0,250000.0,1065250.0,1735250.0,128.2204474846787,35.61119903417074,853.7436630629261,False,17997.799291511965,0.0719911971660478,,,
라마65a35b,48890350,율곡면,250000.0,250000.0,1065250.0,1735750.0,128.22048790924688,35.61570693929003,1104.567897625507,False,13825.448058903252,0.055301792235613,9.0,9.0,1.0
라마65a36a,48890350,율곡면,250000.0,250000.0,1065250.0,1736250.0,128.2205283427925,35.62021484098969,1487.0313509504638,False,1875.318458149418,0.0075012738325976,0.0,0.0,
라마65a36b,48890350,율곡면,250000.0,250000.0,1065250.0,1736750.0,128.2205687853175,35.624722739269515,1924.1762489320697,False,0.0,0.0,,,
라마65a37a,48890350,율곡면,250000.0,250000.0,1065250.0,1737250.0,128.22060923682398,35.62923063412935,2386.136256628908,False,28444.231504126637,0.1137769260165065,18.0,10.0,0.5555555555555556
라마65a37b,48890350,율곡면,250000.0,250000.0,1065250.0,1737750.0,128.22064969731383,35.63373852556897,2743.5714172895155,False,26520.625549160217,0.1060825021966408,6.0,0.0,0.0
라마65a38a,48890350,율곡면,250000.0,246940.9237125757,1065250.0,1738250.0,128.22069016678913,35.6382464135882,2995.026779587265,False,0.0,0.0,,,
라마65b21b,48890410,대양면,250000.0,174771.2410441564,1065750.0,1721750.0,128.22487134751785,35.48945131777683,3855.371683453958,False,84613.21366431161,0.4841369389997858,0.0,,
라마65b22a,48890410,대양면,250000.0,250000.0,1065750.0,1722250.0,128.22491183827947,35.49395930969704,3881.326263258846,False,95549.30835640426,0.382197233425617,,,
라마65b22b,48890410,대양면,250000.0,250000.0,1065750.0,1722750.0,128.224952338033,35.498467298202144,3665.989497048776,False,23127.81293148453,0.0925112517259381,0.0,0.0,
라마65b23a,48890410,대양면,250000.0,250000.0,1065750.0,1723250.0,128.22499284678034,35.50297528329193,3252.5244798368026,False,10920.477277299618,0.0436819091091984,8.0,0.0,0.0
라마65b23b,48890410,대양면,250000.0,250000.0,1065750.0,1723750.0,128.22503336452365,35.50748326496621,2866.766818456532,False,0.0,0.0,,,
라마65b24a,48890410,대양면,250000.0,250000.0,1065750.0,1724250.0,128.2250738912647,35.5119912432248,2477.594808120039,False,7143.695150639379,0.0285747806025575,,,
라마65b24b,48890410,대양면,250000.0,250000.0,1065750.0,1724750.0,128.22511442700574,35.516499218067494,2107.469267783968,False,0.0,0.0,,,
라마65b25a,48890410,대양면,250000.0,250000.0,1065750.0,1725250.0,128.22515497174862,35.52100718949413,1801.2155329344716,False,0.0,0.0,,,
라마65b25b,48890360,초계면,250000.0,250000.0,1065750.0,1725750.0,128.22519552549542,35.525515157504486,1596.0351116172014,False,0.0,0.0,,,
라마65b26a,48890360,초계면,250000.0,250000.0,1065750.0,1726250.0,128.2252360882481,35.5300231220984,1533.0618901223309,False,0.0,0.0,,,
라마65b26b,48890360,초계면,250000.0,250000.0,1065750.0,1726750.0,128.2252766600087,35.53453108327566,1366.7266680442851,False,1897.8351944536112,0.0075913407778144,,,
라마65b27a,48890360,초계면,250000.0,250000.0,1065750.0,1727250.0,128.22531724077922,35.53903904103609,1321.7235346729292,False,334.98002342484256,0.0013399200936993,,,
라마65b27b,48890360,초계면,250000.0,249999.9999999659,1065750.0,1727750.0,128.22535783056162,35.54354699537948,1458.0687292007776,False,0.0,0.0,,,
라마65b28a,48890360,초계면,250000.0,249999.99999935055,1065750.0,1728250.0,128.22539842935797,35.54805494630567,1733.486583749075,False,0.0,0.0,,,
라마65b28b,48890360,초계면,250000.0,249999.9999992812,1065750.0,1728750.0,128.22543903717025,35.55256289381445,2093.797280780283,False,0.0,0.0,,,
라마65b29a,48890350,율곡면,250000.0,249999.99999945876,1065750.0,1729250.0,128.22547965400048,35.557070837905634,1825.3068300899804,False,0.0,0.0,,,
라마65b29b,48890350,율곡면,250000.0,250000.0,1065750.0,1729750.0,128.22552027985068,35.56157877857904,1375.3596138973562,False,0.0,0.0,,,
라마65b30a,48890350,율곡면,250000.0,250000.0,1065750.0,1730250.0,128.22556091472285,35.566086715834466,975.4399577147929,False,1227.7691575525691,0.0049110766302102,,,
라마65b30b,48890350,율곡면,250000.0,250000.0,1065750.0,1730750.0,128.22560155861902,35.570594649671726,715.088913823581,False,2592.1992826147293,0.0103687971304589,,,
라마65b31a,48890350,율곡면,250000.0,250000.0,1065750.0,1731250.0,128.22564221154113,35.57510258009064,755.7917691005514,False,26122.614111658317,0.1044904564466332,14.0,10.0,0.7142857142857143
라마65b31b,48890350,율곡면,250000.0,250000.0,1065750.0,1731750.0,128.22568287349128,35.57961050709101,1063.5272642517884,False,117853.87610942012,0.4714155044376805,39.0,27.0,0.6923076923076923
라마65b32a,48890350,율곡면,250000.0,250000.0,1065750.0,1732250.0,128.22572354447146,35.58411843067265,1480.1889357016712,False,153346.59975563697,0.6133863990225479,0.0,0.0,
라마65b32b,48890350,율곡면,250000.0,250000.0,1065750.0,1732750.0,128.2257642244837,35.588626350835355,1936.7055349072552,False,112090.3948811309,0.4483615795245236,,,
라마65b33a,48890350,율곡면,250000.0,250000.0,1065750.0,1733250.0,128.22580491352997,35.593134267578975,2198.425767284259,False,79568.7028477741,0.3182748113910963,,,
라마65b33b,48890350,율곡면,250000.0,250000.0,1065750.0,1733750.0,128.22584561161233,35.597642180903264,1823.2574838744283,False,51837.41805860446,0.2073496722344178,,,
라마65b34a,48890350,율곡면,250000.0,250000.0,1065750.0,1734250.0,128.22588631873273,35.602150090808095,1521.6635142990187,False,10.03192711974796,4.012770847899183e-05,,,
라마65b34b,48890350,율곡면,250000.0,250000.0,1065750.0,1734750.0,128.22592703489326,35.60665799729324,1344.1174982097243,False,0.0,0.0,0.0,,
라마65b35a,48890350,율곡면,250000.0,250000.0,1065750.0,1735250.0,128.22596776009593,35.61116590035853,1340.8369950289623,False,9542.792596694257,0.038171170386777,,,
라마65b35b,48890350,율곡면,250000.0,250000.0,1065750.0,1735750.0,128.22600849434272,35.61567380000375,1512.9559958845557,False,26738.9521119688,0.1069558084478752,,,
라마65b36a,48890350,율곡면,250000.0,250000.0,1065750.0,1736250.0,128.2260492376357,35.62018169622873,1811.1399293615489,False,29543.41452621004,0.1181736581048401,0.0,0.0,
라마65b36b,48890350,율곡면,250000.0,250000.0,1065750.0,1736750.0,128.22608998997686,35.62468958903328,2184.357993089156,False,46712.5571382498,0.1868502285529992,,,
라마65b37a,48890350,율곡면,250000.0,250000.0,1065750.0,1737250.0,128.2261307513682,35.62919747841721,2600.502228458421,False,35169.857973444814,0.1406794318937792,0.0,,
라마65b37b,48890350,율곡면,250000.0,250000.0,1065750.0,1737750.0,128.2261715218118,35.633705364380354,2575.1624882260785,False,1252.460482346867,0.0050098419293874,,,
라마65b38a,48890350,율곡면,250000.0,236809.65903035057,1065750.0,1738250.0,128.22621230130963,35.63821324692248,2587.5955379064485,False,0.0,0.0,,,
라마66a22a,48890410,대양면,250000.0,240191.93684726735,1066250.0,1722250.0,128.23042407714678,35.493926066212545,3887.1547374185016,False,7163.10526635567,0.0298224218530305,,,
라마66a22b,48890410,대양면,250000.0,250000.0,1066250.0,1722750.0,128.23046488479446,35.498434049217565,3427.7410129852024,False,71559.3876165669,0.2862375504662676,37.0,23.0,0.6216216216216216
라마66a23a,48890410,대양면,250000.0,250000.0,1066250.0,1723250.0,128.23050570150434,35.50294202880666,2981.4166014776506,False,31290.395624759552,0.1251615824990382,16.0,14.0,0.875
라마66a23b,48890410,대양면,250000.0,250000.0,1066250.0,1723750.0,128.23054652727848,35.50745000497965,2555.0501856191136,False,1614.2495163997137,0.0064569980655988,,,
라마66a24a,48890410,대양면,250000.0,250000.0,1066250.0,1724250.0,128.23058736211888,35.51195797773633,2160.490210692469,False,0.0,0.0,,,
라마66a24b,48890410,대양면,250000.0,250000.0,1066250.0,1724750.0,128.2306282060276,35.51646594707653,1777.4362249156477,False,0.0,0.0,,,
라마66a25a,48890360,초계면,250000.0,250000.0,1066250.0,1725250.0,128.23066905900663,35.52097391300004,1400.796278933132,False,0.0,0.0,,,
라마66a25b,48890360,초계면,250000.0,250000.0,1066250.0,1725750.0,128.23070992105798,35.5254818755067,1124.8026033502188,False,0.0,0.0,,,
라마66a26a,48890360,초계면,250000.0,250000.0,1066250.0,1726250.0,128.23075079218367,35.52998983459629,1033.5045127787057,False,0.0,0.0,,,
라마66a26b,48890360,초계면,250000.0,250000.0,1066250.0,1726750.0,128.23079167238575,35.534497790268624,895.8401716598643,False,8783.405071147497,0.0351336202845899,0.0,0.0,
라마66a27a,48890360,초계면,250000.0,250000.0,1066250.0,1727250.0,128.23083256166623,35.53900574252352,825.5549225366193,False,39938.59771240183,0.1597543908496073,,,
라마66a27b,48890360,초계면,250000.0,250000.0,1066250.0,1727750.0,128.23087346002714,35.543513691360786,1029.8311740714164,False,8046.599856339333,0.0321863994253573,0.0,0.0,
라마66a28a,48890360,초계면,250000.0,250000.0,1066250.0,1728250.0,128.23091436747046,35.54802163678023,1392.6821475319414,False,151.2744647787833,0.0006050978591151,,,
라마66a28b,48890360,초계면,250000.0,250000.0,1066250.0,1728750.0,128.2309552839983,35.55252957878167,1821.6956060272664,False,0.0,0.0,0.0,,
라마66a29a,48890360,초계면,250000.0,249999.99999934845,1066250.0,1729250.0,128.23099620961258,35.5570375173649,2066.6625906352283,False,0.0,0.0,,,
라마66a29b,48890350,율곡면,250000.0,249999.99999959036,1066250.0,1729750.0,128.23103714431542,35.56154545252975,1682.546673081572,False,3085.9664568714,0.0123438658275058,,,
라마66a30a,48890350,율곡면,250000.0,250000.0,1066250.0,1730250.0,128.2310780881088,35.56605338427602,1375.0753981744483,False,14011.928973578162,0.0560477158943126,,,
라마66a30b,48890350,율곡면,250000.0,250000.0,1066250.0,1730750.0,128.23111904099474,35.570561312603495,1204.4506607708638,False,29836.76390235422,0.1193470556094168,9.0,6.0,0.6666666666666666
라마66a31a,48890350,율곡면,250000.0,250000.0,1066250.0,1731250.0,128.2311600029753,35.57506923751203,1229.0526586758283,False,82249.59330616685,0.3289983732246674,12.0,0.0,0.0
라마66a31b,48890350,율곡면,250000.0,250000.0,1066250.0,1731750.0,128.23120097405248,35.57957715900141,1438.9021792202814,False,61839.83072723012,0.2473593229089204,0.0,0.0,
라마66a32a,48890350,율곡면,250000.0,250000.0,1066250.0,1732250.0,128.23124195422832,35.584085077071464,1769.2677934477945,False,45548.67600591264,0.1821947040236505,45.0,26.0,0.5777777777777777
라마66a32b,48890350,율곡면,250000.0,250000.0,1066250.0,1732750.0,128.23128294350485,35.58859299172198,2165.6817791398576,False,22074.469989428293,0.0882978799577131,15.0,13.0,0.8666666666666667
라마66a33a,48890350,율곡면,250000.0,250000.0,1066250.0,1733250.0,128.2313239418841,35.59310090295279,2530.225574781343,False,12974.638952984971,0.0518985558119398,,,
라마66a33b,48890350,율곡면,250000.0,250000.0,1066250.0,1733750.0,128.23136494936813,35.59760881076366,2212.065427947896,False,51391.11718479618,0.2055644687391847,25.0,17.0,0.68
라마66a34a,48890350,율곡면,250000.0,250000.0,1066250.0,1734250.0,128.23140596595897,35.60211671515447,1970.894582611418,False,9551.012906720644,0.0382040516268825,25.0,19.0,0.76
라마66a34b,48890350,율곡면,250000.0,250000.0,1066250.0,1734750.0,128.23144699165857,35.606624616124975,1837.2853490984369,False,0.0,0.0,,,
라마66a35a,48890350,율곡면,250000.0,250000.0,1066250.0,1735250.0,128.2314880264691,35.61113251367503,1834.886768238436,False,16359.52425555824,0.0654380970222329,0.0,,
라마66a35b,48890350,율곡면,250000.0,250000.0,1066250.0,1735750.0,128.2315290703924,35.6156404078044,1964.179587130775,False,1213.6751186089043,0.0048547004744356,,,
라마66a36a,48890350,율곡면,250000.0,250000.0,1066250.0,1736250.0,128.2315701234307,35.62014829851293,2202.0884289115074,False,61035.62339230476,0.244142493569219,,,
라마66a36b,48890350,율곡면,250000.0,249999.99999986967,1066250.0,1736750.0,128.23161118558596,35.62465618580042,2384.247063729993,False,34742.65268069221,0.1389706107228412,0.0,0.0,
라마66a37a,48890350,율곡면,250000.0,249999.9999994288,1066250.0,1737250.0,128.23165225686023,35.62916406966668,2179.179407008916,False,33.87540562313171,0.0001355016224928,,,
라마66a37b,48890350,율곡면,250000.0,249999.99999870977,1066250.0,1737750.0,128.23169333725554,35.633671950111534,2076.77916855846,False,0.0,0.0,,,
라마66a38a,48890370,쌍책면,250000.0,232077.0495137665,1066250.0,1738250.0,128.23173442677387,35.63817982713476,2092.1760303533256,False,0.0,0.0,,,
라마66b22b,48890410,대양면,250000.0,250000.0,1066750.0,1722750.0,128.23597742249368,35.498400548405854,3249.513488467113,False,10097.196823555638,0.0403887872942225,0.0,0.0,
라마66b23a,48890410,대양면,250000.0,250000.0,1066750.0,1723250.0,128.23601854716406,35.50290852245259,2774.6665405405797,False,19471.29646513392,0.0778851858605356,,,
라마66b23b,48890410,대양면,250000.0,250000.0,1066750.0,1723750.0,128.2360596809671,35.50741649308262,2310.45686189142,False,0.0,0.0,,,
라마66b24a,48890410,대양면,250000.0,250000.0,1066750.0,1724250.0,128.23610082390476,35.51192446029575,1864.845143738984,False,0.0,0.0,,,
라마66b24b,48890360,초계면,250000.0,250000.0,1066750.0,1724750.0,128.23614197597917,35.51643242409176,1455.020243705425,False,0.0,0.0,,,
라마66b25a,48890360,초계면,250000.0,250000.0,1066750.0,1725250.0,128.23618313719228,35.52094038447049,1086.316267972364,False,0.0,0.0,,,
라마66b25b,48890360,초계면,250000.0,250000.0,1066750.0,1725750.0,128.23622430754617,35.525448341431755,695.0062701097926,False,781.5894906093557,0.0031263579624374,,,
라마66b26a,48890360,초계면,250000.0,250000.0,1066750.0,1726250.0,128.23626548704286,35.52995629497535,534.7750900354713,False,22236.841161467702,0.0889473646458708,,,
라마66b26b,48890360,초계면,250000.0,250000.0,1066750.0,1726750.0,128.23630667568443,35.53446424510106,486.9470619848902,False,40347.756491992106,0.1613910259679684,0.0,0.0,
라마66b27a,48890360,초계면,250000.0,250000.0,1066750.0,1727250.0,128.23634787347285,35.53897219180874,340.77669835331307,False,112928.50458861807,0.4517140183544723,29.0,13.0,0.4482758620689655
라마66b27b,48890360,초계면,250000.0,250000.0,1066750.0,1727750.0,128.23638908041022,35.543480135098164,703.6619039748091,False,67304.088935114,0.269216355740456,7.0,0.0,0.0
라마66b28a,48890360,초계면,250000.0,250000.0,1066750.0,1728250.0,128.2364302964985,35.54798807496917,1172.242036471275,False,54754.90412963928,0.2190196165185571,18.0,11.0,0.6111111111111112
라마66b28b,48890360,초계면,250000.0,250000.0,1066750.0,1728750.0,128.23647152173982,35.55249601142155,1659.2657138129475,False,54903.84042849624,0.2196153617139849,21.0,15.0,0.7142857142857143
라마66b29a,48890360,초계면,250000.0,250000.0,1066750.0,1729250.0,128.23651275613616,35.557003944455126,2152.248597629944,False,18136.001917735637,0.0725440076709425,0.0,,
라마66b29b,48890360,초계면,250000.0,249999.9999997746,1066750.0,1729750.0,128.2365539996896,35.561511874069694,2066.473456557293,False,0.0,0.0,,,
라마66b30a,48890350,율곡면,250000.0,249999.99999946007,1066750.0,1730250.0,128.23659525240214,35.56601980026507,1824.8785138256735,False,0.0,0.0,,,
라마66b30b,48890350,율곡면,250000.0,250000.0,1066750.0,1730750.0,128.23663651427586,35.57052772304105,1700.014892225757,False,7224.350428104341,0.0288974017124173,0.0,,
라마66b31a,48890350,율곡면,250000.0,250000.0,1066750.0,1731250.0,128.2366777853128,35.57503564239748,1717.5330207469387,False,20814.193472384315,0.0832567738895372,8.0,6.0,0.75
라마66b31b,48890350,율곡면,250000.0,250000.0,1066750.0,1731750.0,128.236719065515,35.579543558334144,1873.4430124567057,False,75147.28694208723,0.3005891477683489,0.0,0.0,
라마66b32a,48890350,율곡면,250000.0,250000.0,1066750.0,1732250.0,128.23676035488447,35.58405147085085,2137.675785634858,False,10235.505112169163,0.0409420204486766,14.0,10.0,0.7142857142857143
라마66b32b,48890350,율곡면,250000.0,250000.0,1066750.0,1732750.0,128.2368016534233,35.58855937994743,2055.7371698369766,False,0.0,0.0,,,
라마66b33a,48890350,율곡면,250000.0,250000.0,1066750.0,1733250.0,128.2368429611335,35.593067285623675,2067.2962755684225,False,3819.152698950378,0.0152766107958015,,,
라마66b33b,48890350,율곡면,250000.0,250000.0,1066750.0,1733750.0,128.2368842780172,35.597575187879386,2195.7623893556424,False,117.24300081209232,0.0004689720032483,,,
라마66b34a,48890350,율곡면,250000.0,250000.0,1066750.0,1734250.0,128.23692560407633,35.602083086714416,2422.608315439896,False,3580.3173611875663,0.0143212694447502,,,
라마66b34b,48890350,율곡면,250000.0,250000.0,1066750.0,1734750.0,128.23696693931302,35.60659098212854,2333.363036269744,False,3314.4936712366166,0.0132579746849464,0.0,0.0,
라마66b35a,48890350,율곡면,250000.0,250000.0,1066750.0,1735250.0,128.2370082837293,35.61109887412158,2331.474867390744,False,65857.02018285087,0.2634280807314035,69.0,40.0,0.5797101449275363
라마66b35b,48890350,율곡면,250000.0,250000.0,1066750.0,1735750.0,128.23704963732715,35.61560676269333,2434.5363122203407,False,117012.88290242312,0.4680515316096925,35.0,17.0,0.4857142857142857
라마66b36a,48890350,율곡면,250000.0,249999.99999957893,1066750.0,1736250.0,128.2370910001088,35.62011464784362,2302.606155657128,False,44788.42983213088,0.1791537193288252,0.0,0.0,
라마66b36b,48890370,쌍책면,250000.0,249999.9999994682,1066750.0,1736750.0,128.2371323720761,35.624622529572264,1966.2614106717176,False,0.0,0.0,,,
라마66b37a,48890370,쌍책면,250000.0,249999.99999908215,1066750.0,1737250.0,128.2371737532312,35.62913040787906,1711.833158378283,False,6590.397229314979,0.0263615889173567,0.0,0.0,
라마66b37b,48890370,쌍책면,250000.0,250000.0,1066750.0,1737750.0,128.23721514357615,35.63363828276384,1579.4181172666104,False,4633.450206888393,0.0185338008275535,0.0,,
라마66b38a,48890370,쌍책면,250000.0,250000.0,1066750.0,1738250.0,128.23725654311303,35.63814615422639,1599.609457391597,False,0.0,0.0,,,
라마66b38b,48890370,쌍책면,250000.0,171298.75423820582,1066750.0,1738750.0,128.23729795184383,35.64265402226654,1767.1839868002637,False,0.0,0.0,,,
라마66b39a,48890370,쌍책면,250000.0,168410.02732310203,1066750.0,1739250.0,128.2373393697706,35.64716188688409,2046.24731404342,False,5.846238723452528,3.471431491568054e-05,,,
라마66b39b,48890370,쌍책면,250000.0,115942.50752128288,1066750.0,1739750.0,128.23738079689548,35.65166974807885,2398.1903379958285,False,0.0,0.0,,,
라마67a22b,48890410,대양면,250000.0,250000.0,1067250.0,1722750.0,128.2414899510623,35.49836679576832,3141.5390131842364,False,0.0,0.0,,,
라마67a23a,48890410,대양면,250000.0,250000.0,1067250.0,1723250.0,128.24153138369115,35.50287476423106,2647.395677042687,False,433.99822150524574,0.0017359928860209,0.0,0.0,
라마67a23b,48890410,대양면,250000.0,250000.0,1067250.0,1723750.0,128.24157282552102,35.507382729276486,2155.9546308515005,False,0.0,0.0,,,
라마67a24a,48890360,초계면,250000.0,250000.0,1067250.0,1724250.0,128.24161427655395,35.511890690904366,1669.6038062234263,False,0.0,0.0,,,
라마67a24b,48890360,초계면,250000.0,250000.0,1067250.0,1724750.0,128.24165573679198,35.51639864911454,1194.5766485334775,False,0.0,0.0,,,
라마67a25a,48890360,초계면,250000.0,250000.0,1067250.0,1725250.0,128.24169720623718,35.520906603906816,752.6286392951032,False,0.0,0.0,,,
라마67a25b,48890360,초계면,250000.0,250000.0,1067250.0,1725750.0,128.24173868489157,35.525414555281,448.2036752196733,False,17169.41443396148,0.0686776577358459,0.0,0.0,
라마67a26a,48890360,초계면,250000.0,250000.0,1067250.0,1726250.0,128.24178017275722,35.52992250323689,61.94526544412287,True,56157.65619841174,0.2246306247936469,52.0,32.0,0.6153846153846154
라마67a26b,48890360,초계면,250000.0,250000.0,1067250.0,1726750.0,128.2418216698362,35.53443044777432,414.3733451754081,False,63331.66080703031,0.2533266432281212,6.0,0.0,0.0
라마67a27a,48890360,초계면,250000.0,250000.0,1067250.0,1727250.0,128.24186317613055,35.53893838889308,225.20343282624796,True,144652.24902526868,0.5786089961010747,75.0,50.0,0.6666666666666666
라마67a27b,48890360,초계면,250000.0,250000.0,1067250.0,1727750.0,128.2419046916423,35.54344632659297,655.5363476738684,False,128826.95012395702,0.5153078004958281,25.0,10.0,0.4
라마67a28a,48890360,초계면,250000.0,250000.0,1067250.0,1728250.0,128.24194621637355,35.54795426087383,1144.0014073795817,False,128654.5850434672,0.5146183401738688,20.0,9.0,0.45
라마67a28b,48890360,초계면,250000.0,250000.0,1067250.0,1728750.0,128.2419877503263,35.55246219173546,1639.436042379004,False,151918.9984697294,0.6076759938789177,84.0,52.0,0.6190476190476191
라마67a29a,48890360,초계면,250000.0,250000.0,1067250.0,1729250.0,128.24202929350264,35.55697011917765,2136.998328033085,False,133242.88548053303,0.5329715419221321,16.0,11.0,0.6875
라마67a29b,48890360,초계면,250000.0,250000.0,1067250.0,1729750.0,128.24207084590466,35.56147804320022,2491.9192976928102,False,4087.709596479305,0.0163508383859172,,,
라마67a30a,48890360,초계면,250000.0,249999.99999974613,1067250.0,1730250.0,128.24211240753434,35.565985963802994,2295.5458674965703,False,13118.136191874795,0.0524725447675524,,,
라마67a30b,48890350,율곡면,250000.0,249999.9999985911,1067250.0,1730750.0,128.2421539783938,35.57049388098575,2197.589559801223,False,0.0,0.0,,,
라마67a31a,48890350,율곡면,250000.0,250000.0,1067250.0,1731250.0,128.2421955584851,35.57500179474834,2211.169128970935,False,33386.841371517425,0.1335473654860696,,,
라마67a31b,48890350,율곡면,250000.0,250000.0,1067250.0,1731750.0,128.2422371478102,35.57950970509054,1958.311317358662,False,21166.00148673603,0.0846640059469441,0.0,,
라마67a32a,48890350,율곡면,250000.0,250000.0,1067250.0,1732250.0,128.24227874637126,35.58401761201219,1697.8344428196606,False,6628.233405335009,0.02651293362134,21.0,14.0,0.6666666666666666
라마67a32b,48890350,율곡면,250000.0,250000.0,1067250.0,1732750.0,128.24232035417035,35.58852551551306,1558.9420690822594,False,15342.987022091926,0.0613719480883677,14.0,10.0,0.7142857142857143
라마67a33a,48890350,율곡면,250000.0,250000.0,1067250.0,1733250.0,128.24236197120948,35.593033415593005,1574.1534087515756,False,2380.015758696042,0.0095200630347841,0.0,0.0,
라마67a33b,48890350,율곡면,250000.0,250000.0,1067250.0,1733750.0,128.24240359749075,35.5975413122518,1739.4302325226884,False,5598.338536271039,0.0223933541450841,,,
라마67a34a,48890350,율곡면,250000.0,249999.9999998038,1067250.0,1734250.0,128.2424452330162,35.60204920548928,2018.2358914021083,False,33120.71199155598,0.1324828479663279,,,
라마67a34b,48890350,율곡면,250000.0,249999.99999859268,1067250.0,1734750.0,128.24248687778788,35.60655709530525,2370.8510482258034,False,57836.44129666948,0.2313457651879802,0.0,0.0,
라마67a35a,48890370,쌍책면,250000.0,249999.99999998012,1067250.0,1735250.0,128.2425285318079,35.61106498169951,2769.222503231389,False,58567.66942758118,0.2342706777103433,,,
라마67a35b,48890370,쌍책면,250000.0,249999.9999991984,1067250.0,1735750.0,128.2425701950783,35.61557286467188,2432.9726992375195,False,12080.341888582,0.0483213675544829,,,
라마67a36a,48890370,쌍책면,250000.0,249999.99999996292,1067250.0,1736250.0,128.2426118676011,35.62008074422215,1995.882006096988,False,8181.027820235114,0.0327241112809453,0.0,0.0,
라마67a36b,48890370,쌍책면,250000.0,250000.0,1067250.0,1736750.0,128.24265354937842,35.62458862035017,1596.1622127115938,False,6411.700265875168,0.0256468010635006,,,
라마67a37a,48890370,쌍책면,250000.0,250000.0,1067250.0,1737250.0,128.24269524041236,35.629096493055734,1269.6151528376647,False,37793.23341616576,0.151172933664663,0.0,0.0,
라마67a37b,48890370,쌍책면,250000.0,250000.0,1067250.0,1737750.0,128.2427369407049,35.633604362338644,1084.486728061548,False,2649.2511183620545,0.0105970044734482,,,
라마67a38a,48890370,쌍책면,250000.0,250000.0,1067250.0,1738250.0,128.2427786502582,35.63811222819871,1113.6876987595208,False,1952.972220853581,0.0078118888834143,,,
라마67a38b,48890370,쌍책면,250000.0,250000.0,1067250.0,1738750.0,128.24282036907425,35.642620090635766,1343.3127399808702,False,4972.322457127446,0.0198892898285097,,,
라마67a39a,48890370,쌍책면,250000.0,250000.0,1067250.0,1739250.0,128.24286209715518,35.64712794964959,1693.7171972975736,False,933.8300696012476,0.0037353202784049,,,
라마67a39b,48890370,쌍책면,250000.0,239722.00338614595,1067250.0,1739750.0,128.24290383450304,35.651635805240005,2105.4374299532587,False,0.0,0.0,,,
라마67b22b,48890410,대양면,250000.0,250000.0,1067750.0,1722750.0,128.24700247043197,35.49833279130635,3111.1407603944035,False,0.0,0.0,,,
라마67b23a,48890410,대양면,250000.0,250000.0,1067750.0,1723250.0,128.24704421101725,35.50284075414342,2611.251295921783,False,0.0,0.0,,,
라마67b23b,48890360,초계면,250000.0,250000.0,1067750.0,1723750.0,128.24708596087189,35.507348713562564,2111.41417772992,False,0.0,0.0,,,
라마67b24a,48890360,초계면,250000.0,250000.0,1067750.0,1724250.0,128.24712771999802,35.51185666956356,1611.6781097305488,False,0.0,0.0,,,
라마67b24b,48890360,초계면,250000.0,250000.0,1067750.0,1724750.0,128.24716948839765,35.51636462214621,1112.179315061361,False,0.0,0.0,,,
라마67b25a,48890360,초계면,250000.0,250000.0,1067750.0,1725250.0,128.24721126607284,35.52087257131035,613.4976188348903,False,28732.59881906434,0.1149303952762573,33.0,24.0,0.7272727272727273
라마67b25b,48890360,초계면,250000.0,250000.0,1067750.0,1725750.0,128.2472530530257,35.52538051705578,125.76099467562643,True,105019.78803352069,0.4200791521340827,49.0,33.0,0.673469387755102
라마67b26a,48890360,초계면,250000.0,250000.0,1067750.0,1726250.0,128.24729484925828,35.5298884593823,394.0207193124818,False,183166.87559269147,0.7326675023707659,6.0,0.0,0.0
라마67b26b,48890360,초계면,250000.0,250000.0,1067750.0,1726750.0,128.24733665477262,35.534396398289736,724.3208655906302,False,159641.5730571247,0.6385662922284988,11.0,0.0,0.0
라마67b27a,48890360,초계면,250000.0,250000.0,1067750.0,1727250.0,128.2473784695708,35.538904333777886,696.6379362142632,False,166619.0738809899,0.6664762955239596,20.0,15.0,0.75
라마67b27b,48890360,초계면,250000.0,250000.0,1067750.0,1727750.0,128.24742029365493,35.543412265846555,929.6858238876918,False,148396.44947579014,0.5935857979031606,127.0,83.0,0.6535433070866141
라마67b28a,48890360,초계면,250000.0,250000.0,1067750.0,1728250.0,128.24746212702706,35.54792019449555,1320.3511078885815,False,179212.7995289887,0.7168511981159548,12.0,9.0,0.75
라마67b28b,48890360,초계면,250000.0,250000.0,1067750.0,1728750.0,128.2475039696892,35.55242811972471,1594.5250657901215,False,196954.7786673423,0.7878191146693692,,,
라마67b29a,48890360,초계면,250000.0,250000.0,1067750.0,1729250.0,128.2475458216435,35.55693604153381,1858.023032523028,False,191612.35232421296,0.7664494092968518,,,
라마67b29b,48890360,초계면,250000.0,250000.0,1067750.0,1729750.0,128.247587682892,35.56144395992267,2204.9918352091795,False,53028.6181992115,0.212114472796846,71.0,50.0,0.704225352112676
라마67b30a,48890360,초계면,250000.0,250000.0,1067750.0,1730250.0,128.24762955343678,35.56595187489111,2602.254483576159,False,30460.900393612457,0.1218436015744498,8.0,0.0,0.0
라마67b30b,48890360,초계면,250000.0,249999.999999,1067750.0,1730750.0,128.2476714332799,35.57045978643893,2438.013765330437,False,585.4899887729362,0.0023419599551011,,,
라마67b31a,48890350,율곡면,250000.0,250000.0,1067750.0,1731250.0,128.24771332242344,35.57496769456596,1997.89131322763,False,21383.667429941244,0.0855346697197649,0.0,0.0,
라마67b31b,48890350,율곡면,250000.0,250000.0,1067750.0,1731750.0,128.24775522086946,35.57947559927196,1593.495616247548,False,2463.282257143317,0.0098531290285732,,,
라마67b32a,48890350,율곡면,250000.0,250000.0,1067750.0,1732250.0,128.24779712862008,35.58398350055679,1259.7169755662903,False,27097.884116473568,0.1083915364658942,0.0,,
라마67b32b,48890350,율곡면,250000.0,250000.0,1067750.0,1732750.0,128.24783904567732,35.58849139842024,1065.1504297795736,False,61881.85646466586,0.2475274258586634,16.0,16.0,1.0
라마67b33a,48890350,율곡면,250000.0,250000.0,1067750.0,1733250.0,128.24788097204333,35.592999292862125,1087.292057172009,False,4614.026758759985,0.0184561070350399,0.0,0.0,
라마67b33b,48890350,율곡면,250000.0,249999.9999996184,1067750.0,1733750.0,128.24792290772012,35.59750718388225,1315.2424100214637,False,4919.859012881561,0.0196794360515562,,,
라마67b34a,48890370,쌍책면,250000.0,250000.0,1067750.0,1734250.0,128.2479648527098,35.60201507148043,1666.5896845500984,False,86290.30250657295,0.3451612100262918,0.0,0.0,
라마67b34b,48890370,쌍책면,250000.0,250000.0,1067750.0,1734750.0,128.2480068070144,35.606522955656466,2079.706651472396,False,115027.52028687343,0.4601100811474938,12.0,0.0,0.0
라마67b35a,48890370,쌍책면,250000.0,250000.0,1067750.0,1735250.0,128.2480487706361,35.611030836410194,2524.4481249786563,False,5750.628341775991,0.0230025133671039,,,
라마67b35b,48890370,쌍책면,250000.0,250000.0,1067750.0,1735750.0,128.2480907435769,35.61553871374139,2258.518547505585,False,13274.193086161384,0.0530967723446455,,,
라마67b36a,48890370,쌍책면,250000.0,250000.0,1067750.0,1736250.0,128.2481327258389,35.62004658764989,1779.0713466450338,False,30141.739829582548,0.1205669593183302,12.0,9.0,0.75
라마67b36b,48890370,쌍책면,250000.0,250000.0,1067750.0,1736750.0,128.24817471742418,35.6245544581355,1315.022312920967,False,31171.745106252285,0.1246869804250091,36.0,28.0,0.7777777777777778
라마67b37a,48890370,쌍책면,250000.0,250000.0,1067750.0,1737250.0,128.24821671833485,35.62906232519803,890.7707395882763,False,84142.42974284223,0.3365697189713689,33.0,18.0,0.5454545454545454
라마67b37b,48890370,쌍책면,250000.0,250000.0,1067750.0,1737750.0,128.24825872857295,35.63357018883729,598.0479391597969,False,44488.36401049481,0.1779534560419792,11.0,8.0,0.7272727272727273
라마67b38a,48890370,쌍책면,250000.0,250000.0,1067750.0,1738250.0,128.2483007481406,35.63807804905308,649.4999342262596,False,54418.27233558163,0.2176730893423265,46.0,34.0,0.7391304347826086
라마67b38b,48890370,쌍책면,250000.0,250000.0,1067750.0,1738750.0,128.24834277703985,35.64258590584523,992.994960504106,False,10830.363665707904,0.0433214546628316,,,
라마67b39a,48890370,쌍책면,250000.0,250000.0,1067750.0,1739250.0,128.24838481527283,35.64709375921353,1431.8616618281203,False,0.0,0.0,,,
라마67b39b,48890370,쌍책면,250000.0,153816.41217074927,1067750.0,1739750.0,128.24842686284157,35.651601609157815,1901.1619198899975,False,0.0,0.0,,,
라마68a22b,48890410,대양면,250000.0,250000.0,1068250.0,1722750.0,128.2525149805343,35.498298535021284,3160.557908125771,False,0.0,0.0,,,
라마68a23a,48890410,대양면,250000.0,250000.0,1068250.0,1723250.0,128.25255702907393,35.50280649219104,2669.936851328524,False,0.0,0.0,,,
라마68a23b,48890360,초계면,250000.0,250000.0,1068250.0,1723750.0,128.25259908695134,35.507314445942235,2183.574887552015,False,0.0,0.0,,,
라마68a24a,48890360,초계면,250000.0,250000.0,1068250.0,1724250.0,128.25264115416854,35.51182239627466,1705.120461730935,False,0.0,0.0,,,
라마68a24b,48890360,초계면,250000.0,250000.0,1068250.0,1724750.0,128.25268323072774,35.51633034318813,1243.7332063104368,False,12400.590427595756,0.049602361710383,,,
라마68a25a,48890360,초계면,250000.0,250000.0,1068250.0,1725250.0,128.2527253166309,35.520838286682455,828.4375582655354,False,94792.3900769136,0.3791695603076543,0.0,0.0,
라마68a25b,48890360,초계면,250000.0,250000.0,1068250.0,1725750.0,128.25276741188011,35.52534622675746,570.7409985367135,False,157857.14184414348,0.6314285673765739,0.0,0.0,
라마68a26a,48890360,초계면,250000.0,250000.0,1068250.0,1726250.0,128.25280951647753,35.52985416341293,369.3308434178932,False,153815.87443781926,0.6152634977512771,47.0,37.0,0.7872340425531915
라마68a26b,48890360,초계면,250000.0,250000.0,1068250.0,1726750.0,128.2528516304252,35.534362096648685,607.94251894993,False,189637.97509442407,0.7585519003776965,19.0,13.0,0.6842105263157895
라마68a27a,48890360,초계면,250000.0,250000.0,1068250.0,1727250.0,128.25289375372515,35.538870026464515,1050.134725068455,False,191472.4067043045,0.7658896268172181,,,
라마68a27b,48890360,초계면,250000.0,250000.0,1068250.0,1727750.0,128.2529358863796,35.54337795286026,1010.6398749691856,False,194402.61599328512,0.7776104639731405,28.0,21.0,0.75
라마68a28a,48890360,초계면,250000.0,250000.0,1068250.0,1728250.0,128.2529780283905,35.54788587583571,964.9519992366504,False,165682.68754593193,0.6627307501837277,48.0,35.0,0.7291666666666666
라마68a28b,48890360,초계면,250000.0,250000.0,1068250.0,1728750.0,128.25302017975997,35.55239379539069,1157.960174092307,False,178442.00968458282,0.7137680387383313,0.0,,
라마68a29a,48890360,초계면,250000.0,250000.0,1068250.0,1729250.0,128.25306234049015,35.556901711524986,1500.2037090798578,False,198097.7104153009,0.7923908416612038,,,
라마68a29b,48890360,초계면,250000.0,250000.0,1068250.0,1729750.0,128.25310451058309,35.56140962423843,1913.2042684172643,False,122476.14949708362,0.4899045979883344,76.0,48.0,0.631578947368421
라마68a30a,48890360,초계면,250000.0,250000.0,1068250.0,1730250.0,128.25314669004086,35.56591753353082,2360.103806327831,False,12059.5366383052,0.0482381465532208,0.0,0.0,
라마68a30b,48890350,율곡면,250000.0,249999.99999943303,1068250.0,1730750.0,128.2531888788656,35.570425439401966,2268.9548658459094,False,1658.4757767179085,0.0066339031068866,0.0,,
라마68a31a,48890350,율곡면,250000.0,249999.9999997192,1068250.0,1731250.0,128.2532310770593,35.57493334185168,1787.684189888012,False,4882.137605808417,0.0195285504232556,0.0,,
라마68a31b,48890350,율곡면,250000.0,249999.9999991753,1068250.0,1731750.0,128.2532732846242,35.57944124087976,1320.4065064612817,False,4634.526547837692,0.0185381061914119,,,
라마68a32a,48890350,율곡면,250000.0,250000.0,1068250.0,1732250.0,128.25331550156224,35.58394913648604,889.4559695875989,False,7041.283920881069,0.0281651356835242,,,
라마68a32b,48890350,율곡면,250000.0,250000.0,1068250.0,1732750.0,128.25335772787562,35.58845702867031,582.0571289527725,False,96138.98699484966,0.3845559479793986,,,
라마68a33a,48890350,율곡면,250000.0,250000.0,1068250.0,1733250.0,128.25339996356635,35.5929649174324,621.6502882605888,False,35849.06725434671,0.1433962690173868,27.0,20.0,0.7407407407407407
라마68a33b,48890350,율곡면,250000.0,249999.99999981423,1068250.0,1733750.0,128.2534422086366,35.59747280277209,966.4924523369036,False,23158.131234246364,0.0926325249370542,18.0,15.0,0.8333333333333334
라마68a34a,48890370,쌍책면,250000.0,250000.0,1068250.0,1734250.0,128.25348446308843,35.60198068468922,1407.7521940859942,False,11350.680021014268,0.045402720084057,,,
라마68a34b,48890370,쌍책면,250000.0,250000.0,1068250.0,1734750.0,128.25352672692392,35.60648856318358,1878.676347720293,False,50762.85954907752,0.20305143819631,51.0,36.0,0.7058823529411765
라마68a35a,48890370,쌍책면,250000.0,250000.0,1068250.0,1735250.0,128.2535690001452,35.61099643825499,2361.584933686144,False,74066.95289756263,0.2962678115902505,17.0,13.0,0.7647058823529411
라마68a35b,48890370,쌍책면,250000.0,250000.0,1068250.0,1735750.0,128.25361128275432,35.615504309903265,2186.882690868071,False,65391.94695725,0.261567787829,,,
라마68a36a,48890370,쌍책면,250000.0,250000.0,1068250.0,1736250.0,128.25365357475343,35.62001217812819,1687.2002639417208,False,131205.67368377442,0.5248226947350977,12.0,7.0,0.5833333333333334
라마68a36b,48890370,쌍책면,250000.0,250000.0,1068250.0,1736750.0,128.25369587614458,35.62452004292961,1187.7851479420203,False,112293.32492954814,0.4491732997181925,19.0,10.0,0.5263157894736842
라마68a37a,48890370,쌍책면,250000.0,250000.0,1068250.0,1737250.0,128.2537381869299,35.62902790430733,689.2186769801605,False,85401.61157686483,0.3416064463074593,15.0,8.0,0.5333333333333333
라마68a37b,48890370,쌍책면,250000.0,250000.0,1068250.0,1737750.0,128.25378050711146,35.63353576226115,198.0182105891228,True,107152.56475763382,0.4286102590305353,24.0,13.0,0.5416666666666666
라마68a38a,48890370,쌍책면,250000.0,250000.0,1068250.0,1738250.0,128.25382283669134,35.63804361679086,321.55876407206443,False,34010.21186029258,0.1360408474411703,8.0,7.0,0.875
라마68a38b,48890370,쌍책면,250000.0,250000.0,1068250.0,1738750.0,128.2538651756717,35.64255146789631,817.0611150814785,False,0.0,0.0,,,
라마68a39a,48890370,쌍책면,250000.0,237209.5624996898,1068250.0,1739250.0,128.25390752405465,35.64705931557729,1315.970247689827,False,6553.431573317758,0.0276271812327394,,,
라마68b22b,48890410,대양면,250000.0,236091.94971280664,1068750.0,1722750.0,128.25802748130096,35.49826402691449,3286.1916788655576,False,0.0,0.0,,,
라마68b23a,48890410,대양면,250000.0,250000.0,1068750.0,1723250.0,128.25806983779287,35.50277197837527,2817.5330077411613,False,0.0,0.0,,,
라마68b23b,48890360,초계면,250000.0,250000.0,1068750.0,1723750.0,128.25811220369093,35.50727992641686,2361.763906315929,False,0.0,0.0,,,
라마68b24a,48890360,초계면,250000.0,250000.0,1068750.0,1724250.0,128.2581545789972,35.51178787103905,1928.0470037430105,False,0.0,0.0,,,
라마68b24b,48890360,초계면,250000.0,250000.0,1068750.0,1724750.0,128.2581969637138,35.516295812241665,1522.4620612761917,False,0.0,0.0,,,
라마68b25a,48890400,적중면,250000.0,250000.0,1068750.0,1725250.0,128.25823935784285,35.52080375002451,1025.221713812561,False,0.0,0.0,,,
라마68b25b,48890400,적중면,250000.0,250000.0,1068750.0,1725750.0,128.25828176138637,35.525311684387404,533.1682632342041,False,23096.477061928173,0.0923859082477127,0.0,0.0,
라마68b26a,48890400,적중면,250000.0,250000.0,1068750.0,1726250.0,128.25832417434654,35.52981961533012,132.12581643112495,True,145012.12991110972,0.5800485196444388,56.0,40.0,0.7142857142857143
라마68b26b,48890400,적중면,250000.0,250000.0,1068750.0,1726750.0,128.25836659672544,35.53432754285252,500.6456489524352,False,185501.74519924668,0.7420069807969867,,,
라마68b27a,48890400,적중면,250000.0,250000.0,1068750.0,1727250.0,128.25840902852514,35.53883546695435,953.9471328514744,False,159581.27922893534,0.6383251169157413,0.0,,
라마68b27b,48890360,초계면,250000.0,250000.0,1068750.0,1727750.0,128.2584514697477,35.543343387635474,565.4684219553075,False,141814.08640090068,0.5672563456036027,75.0,41.0,0.5466666666666666
라마68b28a,48890360,초계면,250000.0,250000.0,1068750.0,1728250.0,128.25849392039535,35.54785130489567,479.0552579626936,False,210518.97299047912,0.8420758919619165,0.0,,
라마68b28b,48890360,초계면,250000.0,250000.0,1068750.0,1728750.0,128.25853638047008,35.55235921873477,799.5206965018356,False,195158.37113333435,0.7806334845333374,0.0,0.0,
라마68b29a,48890360,초계면,250000.0,250000.0,1068750.0,1729250.0,128.25857884997404,35.55686712915255,1244.5773371260852,False,196772.1360199829,0.7870885440799316,20.0,6.0,0.3
라마68b29b,48890360,초계면,250000.0,250000.0,1068750.0,1729750.0,128.2586213289093,35.56137503614885,1720.090739478861,False,52760.038702945465,0.2110401548117818,68.0,33.0,0.4852941176470588
라마68b30a,48890360,초계면,250000.0,249999.99999936484,1068750.0,1730250.0,128.258663817278,35.56588293972347,2206.456787701498,False,5237.9046123781045,0.0209516184495656,,,
라마68b30b,48890350,율곡면,250000.0,249999.99999946813,1068750.0,1730750.0,128.2587063150822,35.57039083987621,1946.901442206526,False,7961.795498698344,0.0318471819948611,0.0,,
라마68b31a,48890370,쌍책면,250000.0,249999.99999969176,1068750.0,1731250.0,128.2587488223241,35.574898736606904,1628.5635470256536,False,0.0,0.0,,,
라마68b31b,48890370,쌍책면,250000.0,249999.9999990362,1068750.0,1731750.0,128.25879133900568,35.579406629915326,1203.211704402189,False,0.0,0.0,0.0,0.0,
라마68b32a,48890370,쌍책면,250000.0,249999.99999919397,1068750.0,1732250.0,128.2588338651291,35.58391451980132,703.8302246565926,False,7069.807636502856,0.0282792305461025,,,
라마68b32b,48890350,율곡면,250000.0,250000.0,1068750.0,1732750.0,128.2588764006965,35.58842240626467,207.45014984298837,True,145047.7887119821,0.5801911548479285,13.0,11.0,0.8461538461538461
라마68b33a,48890350,율곡면,250000.0,250000.0,1068750.0,1733250.0,128.25891894570992,35.5929302893052,301.1546848375549,False,106371.93703623176,0.425487748144927,19.0,15.0,0.7894736842105263
라마68b33b,48890350,율곡면,250000.0,249999.9999996572,1068750.0,1733750.0,128.25896150017152,35.59743816892271,798.9697889966402,False,80805.20187879555,0.3232208075156254,,,
라마68b34a,48890370,쌍책면,250000.0,250000.0,1068750.0,1734250.0,128.2590040640834,35.60194604511703,1298.4649796044037,False,5855.829451300832,0.0234233178052033,,,
라마68b34b,48890370,쌍책면,250000.0,250000.0,1068750.0,1734750.0,128.25904663744765,35.60645391788793,1798.2407744205984,False,4376.666017922972,0.0175066640716918,0.0,0.0,
라마68b35a,48890370,쌍책면,250000.0,250000.0,1068750.0,1735250.0,128.25908922026645,35.61096178723528,2298.114109942873,False,108.76742309769504,0.0004350696923907,,,
라마68b35b,48890370,쌍책면,250000.0,250000.0,1068750.0,1735750.0,128.25913181254182,35.615469653158854,2228.0048872949124,False,443.8776745737872,0.0017755106982951,0.0,0.0,
라마68b36a,48890370,쌍책면,250000.0,250000.0,1068750.0,1736250.0,128.2591744142759,35.61997751565845,1740.1708550704584,False,65789.40967205307,0.2631576386882122,,,
라마68b36b,48890370,쌍책면,250000.0,250000.0,1068750.0,1736750.0,128.2592170254708,35.624485374733894,1261.8967595898189,False,3214.4004327537486,0.0128576017310149,,,
라마68b37a,48890370,쌍책면,250000.0,250000.0,1068750.0,1737250.0,128.25925964612867,35.62899323038501,810.2914653937315,False,0.0,0.0,,,
라마68b37b,48890370,쌍책면,250000.0,250000.0,1068750.0,1737750.0,128.2593022762516,35.633501082611595,469.8521958196602,False,33190.01388982394,0.1327600555592957,0.0,,
라마68b38a,48890370,쌍책면,250000.0,250000.0,1068750.0,1738250.0,128.25934491584167,35.63800893141345,533.8069997135591,False,31362.955148238965,0.1254518205929558,0.0,,
라마68b38b,48890370,쌍책면,250000.0,218937.1116459205,1068750.0,1738750.0,128.25938756490106,35.6425167767904,921.4872435198586,False,0.0,0.0,,,
라마69a23b,48890360,초계면,250000.0,165362.57137379202,1069250.0,1723750.0,128.26362531102225,35.507245154987814,2594.7186781226096,False,0.0,0.0,,,
라마69a24a,48890360,초계면,250000.0,249313.12566858076,1069250.0,1724250.0,128.2636679944155,35.511753093858125,2113.233033303652,False,0.0,0.0,,,
라마69a24b,48890400,적중면,250000.0,250000.0,1069250.0,1724750.0,128.26371068728747,35.51626102930822,1642.845911062011,False,0.0,0.0,,,
라마69a25a,48890400,적중면,250000.0,250000.0,1069250.0,1725250.0,128.26375338964024,35.52076896133789,1196.7169765406452,False,0.0,0.0,,,
라마69a25b,48890400,적중면,250000.0,250000.0,1069250.0,1725750.0,128.263796101476,35.525276889946994,815.6717209686728,False,58047.91931575057,0.2321916772630023,,,
라마69a26a,48890400,적중면,250000.0,250000.0,1069250.0,1726250.0,128.26383882279686,35.529784815135294,631.2758436970405,False,173111.02557214542,0.6924441022885817,0.0,0.0,
라마69a26b,48890400,적중면,250000.0,250000.0,1069250.0,1726750.0,128.26388155360485,35.53429273690263,794.7943289196419,False,141104.79224352527,0.564419168974101,0.0,,
라마69a27a,48890400,적중면,250000.0,250000.0,1069250.0,1727250.0,128.26392429390214,35.53880065524878,841.6511816818429,False,181474.47844853209,0.7258979137941283,62.0,33.0,0.532258064516129
라마69a27b,48890400,적중면,250000.0,250000.0,1069250.0,1727750.0,128.26396704369083,35.54330857017358,343.6802519486972,False,188014.64960027023,0.7520585984010809,0.0,0.0,
라마69a28a,48890360,초계면,250000.0,250000.0,1069250.0,1728250.0,128.2640098029731,35.54781648167681,166.89972897700358,True,147280.87783661857,0.5891235113464743,105.0,57.0,0.5428571428571428
라마69a28b,48890360,초계면,250000.0,250000.0,1069250.0,1728750.0,128.26405257175097,35.552324389758326,661.5095792848917,False,219129.81187349945,0.8765192474939977,,,
라마69a29a,48890360,초계면,250000.0,250000.0,1069250.0,1729250.0,128.2640953500266,35.55683229441788,1160.7473142069948,False,110675.82701776558,0.4427033080710623,238.0,91.0,0.3823529411764705
라마69a29b,48890360,초계면,250000.0,250000.0,1069250.0,1729750.0,128.26413813780212,35.561340195655326,1660.4438356631726,False,15808.975754789397,0.0632359030191575,249.0,135.0,0.5421686746987951
라마69a30a,48890360,초계면,250000.0,249999.99999984805,1069250.0,1730250.0,128.26418093507962,35.565848093470464,1984.908805745284,False,0.0,0.0,,,
라마69a30b,48890370,쌍책면,250000.0,250000.0,1069250.0,1730750.0,128.26422374186123,35.57035598786307,1635.663270929461,False,0.0,0.0,,,
라마69a31a,48890370,쌍책면,250000.0,250000.0,1069250.0,1731250.0,128.2642665581491,35.57486387883299,1239.833995703695,False,7978.696727974816,0.0319147869118992,,,
라마69a31b,48890370,쌍책면,250000.0,250000.0,1069250.0,1731750.0,128.26430938394532,35.579371766380035,948.1467913448404,False,46126.05304659643,0.1845042121863857,0.0,0.0,
라마69a32a,48890370,쌍책면,250000.0,250000.0,1069250.0,1732250.0,128.264352219252,35.58387965050399,836.4341267818306,False,161664.1456177434,0.6466565824709736,40.0,26.0,0.65
라마69a32b,48890350,율곡면,250000.0,249999.99999867784,1069250.0,1732750.0,128.2643950640713,35.58838753120468,497.2731924958476,False,52395.73536915928,0.2095829414777455,0.0,0.0,
라마69a33a,48890350,율곡면,250000.0,249999.99999984575,1069250.0,1733250.0,128.26443791840532,35.59289540848192,543.0830576484052,False,203409.8213139836,0.8136392852564363,,,
라마69a33b,48890370,쌍책면,250000.0,249999.99999968696,1069250.0,1733750.0,128.26448078225616,35.5974032823355,917.9312539806398,False,72812.18142439255,0.2912487256979348,0.0,0.0,
라마69a34a,48890370,쌍책면,250000.0,250000.0,1069250.0,1734250.0,128.264523655626,35.60191115276525,1374.865944943069,False,18009.97266926192,0.0720398906770476,22.0,17.0,0.7727272727272727
라마69a34b,48890370,쌍책면,250000.0,250000.0,1069250.0,1734750.0,128.2645665385169,35.606419019770954,1854.1615210369152,False,0.0,0.0,,,
라마69a35a,48890370,쌍책면,250000.0,250000.0,1069250.0,1735250.0,128.26460943093105,35.61092688335246,2342.130125681248,False,8527.263153865,0.03410905261546,0.0,0.0,
라마69a35b,48890370,쌍책면,250000.0,250000.0,1069250.0,1735750.0,128.26465233287055,35.615434743509546,2376.0378052551378,False,37755.3334673789,0.1510213338695156,,,
라마69a36a,48890370,쌍책면,250000.0,250000.0,1069250.0,1736250.0,128.2646952443375,35.619942600242034,1926.0696973443844,False,59980.96576639915,0.2399238630655966,11.0,6.0,0.5454545454545454
라마69a36b,48890370,쌍책면,250000.0,250000.0,1069250.0,1736750.0,128.26473816533408,35.62445045354973,1507.956665841205,False,23986.75049615613,0.0959470019846245,,,
라마69a37a,48890370,쌍책면,250000.0,250000.0,1069250.0,1737250.0,128.2647810958624,35.62895830343246,1156.7722909378317,False,0.0,0.0,,,
라마69a37b,48890370,쌍책면,250000.0,250000.0,1069250.0,1737750.0,128.26482403592456,35.63346614989001,949.9005001094558,False,10370.33888463305,0.0414813555385322,7.0,6.0,0.8571428571428571
라마69a38a,48890370,쌍책면,250000.0,250000.0,1069250.0,1738250.0,128.26486698552273,35.63797399292221,983.1072103971316,False,43548.79207269079,0.1741951682907631,25.0,20.0,0.8
라마69a38b,48890370,쌍책면,250000.0,228150.90555506165,1069250.0,1738750.0,128.264909944659,35.64248183252887,1237.2100121488936,False,8373.906203730861,0.0367033660609771,,,
라마69b24a,48890400,적중면,250000.0,193770.73619370197,1069750.0,1724250.0,128.26918140035508,35.51171806473325,2312.316114313433,False,0.0,0.0,,,
라마69b24b,48890400,적중면,250000.0,250000.0,1069750.0,1724750.0,128.26922440138028,35.51622599438914,1892.087378257407,False,0.0,0.0,,,
라마69b25a,48890400,적중면,250000.0,250000.0,1069750.0,1725250.0,128.26926741195473,35.520733920624,1520.9153432747012,False,0.0,0.0,,,
라마69b25b,48890400,적중면,250000.0,250000.0,1069750.0,1725750.0,128.2693104320806,35.52524184343762,1243.532193333094,False,6873.873456301177,0.0274954938252047,0.0,,
라마69b26a,48890400,적중면,250000.0,250000.0,1069750.0,1726250.0,128.26935346175995,35.529749762829816,1131.1768872741477,False,137887.07283293048,0.5515482913317219,88.0,63.0,0.7159090909090909
라마69b26b,48890400,적중면,250000.0,250000.0,1069750.0,1726750.0,128.269396500995,35.5342576788004,1229.9390166795438,False,201070.068961529,0.804280275846116,,,
라마69b27a,48890400,적중면,250000.0,250000.0,1069750.0,1727250.0,128.26943954978776,35.53876559134917,1003.3634889596776,False,156501.4935491905,0.626005974196762,92.0,50.0,0.5434782608695652
라마69b27b,48890400,적중면,250000.0,250000.0,1069750.0,1727750.0,128.26948260814044,35.54327350047595,645.3508308900007,False,202019.91917585384,0.8080796767034153,0.0,,
라마69b28a,48890400,적중면,250000.0,250000.0,1069750.0,1728250.0,128.2695256760552,35.547781406180526,571.1541813586692,False,195199.68431754663,0.7807987372701866,0.0,,
라마69b28b,48890360,초계면,250000.0,250000.0,1069750.0,1728750.0,128.2695687535341,35.552289308462754,857.8790723852453,False,175665.4576705702,0.7026618306822808,0.0,,
라마69b29a,48890360,초계면,250000.0,250000.0,1069750.0,1729250.0,128.2696118405793,35.556797207322376,1282.8467978638937,False,60716.87191567959,0.2428674876627183,166.0,49.0,0.2951807228915662
라마69b29b,48890360,초계면,250000.0,250000.0,1069750.0,1729750.0,128.2696549371929,35.561305102759256,1723.2089729585014,False,19672.58239285421,0.0786903295714168,303.0,110.0,0.363036303630363
라마69b30a,48890360,초계면,250000.0,250000.0,1069750.0,1730250.0,128.26969804337713,35.56581299477316,1600.4699452463606,False,14183.412929563036,0.0567336517182521,,,
라마69b30b,48890370,쌍책면,250000.0,250000.0,1069750.0,1730750.0,128.26974115913404,35.57032088336394,1294.7843517944275,False,18258.41774670564,0.0730336709868225,0.0,0.0,
라마69b31a,48890370,쌍책면,250000.0,250000.0,1069750.0,1731250.0,128.26978428446577,35.574828768531376,960.2902931428608,False,38999.99278791053,0.1559999711516421,39.0,27.0,0.6923076923076923
라마69b31b,48890370,쌍책면,250000.0,250000.0,1069750.0,1731750.0,128.2698274193745,35.57933665027529,532.8709488603482,False,73356.7672218889,0.2934270688875556,,,
라마69b32a,48890370,쌍책면,250000.0,250000.0,1069750.0,1732250.0,128.26987056386233,35.58384452859547,381.7662231972002,False,140466.72787383487,0.5618669114953395,15.0,10.0,0.6666666666666666
라마69b32b,48890370,쌍책면,250000.0,249999.9999997939,1069750.0,1732750.0,128.2699137179314,35.58835240349176,712.4180305194283,False,14468.037818480105,0.0578721512739681,6.0,0.0,0.0
라마69b33a,48890370,쌍책면,250000.0,249999.9999995963,1069750.0,1733250.0,128.26995688158385,35.592860274963954,999.5920521942314,False,7748.520195864261,0.030994080783507,,,
라마69b33b,48890370,쌍책면,250000.0,250000.0,1069750.0,1733750.0,128.27000005482182,35.59736814301185,1243.7213716663405,False,45584.62363023717,0.1823384945209486,,,
라마69b34a,48890370,쌍책면,250000.0,250000.0,1069750.0,1734250.0,128.27004323764749,35.60187600763526,1610.7456130219111,False,5254.573385370088,0.0210182935414803,0.0,,
라마69b34b,48890370,쌍책면,250000.0,250000.0,1069750.0,1734750.0,128.27008643006295,35.60638386883401,2035.22971907327,False,0.0,0.0,,,
라마69b35a,48890370,쌍책면,250000.0,250000.0,1069750.0,1735250.0,128.27012963207034,35.610891726607896,2487.934603024925,False,1975.85666555574,0.0079034266622229,,,
라마69b35b,48890370,쌍책면,250000.0,250000.0,1069750.0,1735750.0,128.27017284367182,35.61539958095674,2612.8730405806728,False,0.0,0.0,,,
라마69b36a,48890370,쌍책면,250000.0,250000.0,1069750.0,1736250.0,128.27021606486954,35.619907431880335,2211.6270827650683,False,738.0497991790456,0.0029521991967161,,,
라마69b36b,48890370,쌍책면,250000.0,250000.0,1069750.0,1736750.0,128.27025929566565,35.62441527937852,1858.8929986006624,False,43590.33720221152,0.1743613488088461,25.0,19.0,0.76
라마69b37a,48890370,쌍책면,250000.0,250000.0,1069750.0,1737250.0,128.27030253606225,35.62892312345107,1587.3474752785532,False,4437.809267887888,0.0177512370715515,,,
라마69b37b,48890370,쌍책면,250000.0,250000.0,1069750.0,1737750.0,128.27034578606154,35.633430964097826,1443.5583931035949,False,1433.543872581888,0.0057341754903275,,,
라마69b38a,48890370,쌍책면,250000.0,250000.0,1069750.0,1738250.0,128.2703890456656,35.63793880131856,1465.622619000699,False,13019.952449340684,0.0520798097973627,0.0,0.0,
라마69b38b,48890370,쌍책면,250000.0,250000.0,1069750.0,1738750.0,128.27043231487667,35.642446635113124,1646.8875153917172,False,6855.849429001375,0.0274233977160055,,,
라마70a24a,48890400,적중면,250000.0,224476.78958372152,1070250.0,1724250.0,128.27469479674753,35.51168278366583,2593.811437244696,False,0.0,0.0,,,
라마70a24b,48890400,적중면,250000.0,250000.0,1070250.0,1724750.0,128.27473810592383,35.51619070748586,2227.340702817781,False,0.0,0.0,,,
라마70a25a,48890400,적중면,250000.0,250000.0,1070250.0,1725250.0,128.27478142471782,35.52069862788421,1922.0393962862,False,177.3417011110927,0.0007093668044443,0.0,0.0,
라마70a25b,48890400,적중면,250000.0,250000.0,1070250.0,1725750.0,128.27482475313164,35.525206544860694,1710.9717342269669,False,16854.60376605579,0.0674184150642231,0.0,0.0,
라마70a26a,48890400,적중면,250000.0,250000.0,1070250.0,1726250.0,128.2748680911674,35.52971445841509,1631.138593060396,False,98131.1020177826,0.3925244080711305,8.0,0.0,0.0
라마70a26b,48890400,적중면,250000.0,250000.0,1070250.0,1726750.0,128.27491143882733,35.53422236854725,1518.4234175443082,False,178439.3649441409,0.7137574597765636,0.0,,
라마70a27a,48890400,적중면,250000.0,250000.0,1070250.0,1727250.0,128.2749547961135,35.538730275256945,1035.0200524763843,False,187394.5176794725,0.7495780707178902,,,
라마70a27b,48890400,적중면,250000.0,250000.0,1070250.0,1727750.0,128.27499816302804,35.54323817854401,580.4509825209174,False,195928.7987719264,0.7837151950877056,13.0,9.0,0.6923076923076923
라마70a28a,48890400,적중면,250000.0,250000.0,1070250.0,1728250.0,128.27504153957312,35.54774607840824,320.28140312977786,False,159588.27738595117,0.6383531095438046,149.0,89.0,0.5973154362416108
라마70a28b,48890400,적중면,250000.0,250000.0,1070250.0,1728750.0,128.27508492575092,35.552253974849435,606.8253548361837,False,174287.49080590124,0.6971499632236049,,,
라마70a29a,48890360,초계면,250000.0,250000.0,1070250.0,1729250.0,128.27512832156356,35.55676186786743,1064.8445169851518,False,26155.308936972597,0.1046212357478903,9.0,0.0,0.0
라마70a29b,48890360,초계면,250000.0,250000.0,1070250.0,1729750.0,128.27517172701317,35.561269757462014,1549.048314105994,False,0.0,0.0,,,
라마70a30a,48890370,쌍책면,250000.0,250000.0,1070250.0,1730250.0,128.27521514210193,35.565777643633005,1297.3608303585424,False,6245.166559189551,0.0249806662367582,0.0,0.0,
라마70a30b,48890370,쌍책면,250000.0,250000.0,1070250.0,1730750.0,128.27525856683198,35.5702855263802,893.3686787454744,False,42542.243731930415,0.1701689749277216,19.0,11.0,0.5789473684210527
라마70a31a,48890370,쌍책면,250000.0,250000.0,1070250.0,1731250.0,128.2753020012055,35.574793405703424,642.7052731837995,False,123454.63006792424,0.493818520271697,0.0,,
라마70a31b,48890370,쌍책면,250000.0,250000.0,1070250.0,1731750.0,128.27534544522456,35.57930128160246,410.9994627017648,False,84730.25788117287,0.3389210315246915,,,
라마70a32a,48890370,쌍책면,250000.0,250000.0,1070250.0,1732250.0,128.27538889889138,35.58380915407715,175.2556971286979,True,33198.34577275364,0.1327933830910145,33.0,27.0,0.8181818181818182
라마70a32b,48890370,쌍책면,250000.0,250000.0,1070250.0,1732750.0,128.2754323622081,35.588317023127296,626.5050362215713,False,9433.200530378665,0.0377328021215146,,,
라마70a33a,48890370,쌍책면,250000.0,250000.0,1070250.0,1733250.0,128.27547583517688,35.59282488875269,1119.9564998007374,False,33774.34683978305,0.1350973873591322,,,
라마70a33b,48890370,쌍책면,250000.0,250000.0,1070250.0,1733750.0,128.27551931779985,35.59733275095315,1466.1349196549704,False,3094.6315831419884,0.0123785263325679,,,
라마70a34a,48890370,쌍책면,250000.0,250000.0,1070250.0,1734250.0,128.27556281007918,35.601840609728484,1670.375395417374,False,36282.395636013774,0.145129582544055,0.0,0.0,
라마70a34b,48890370,쌍책면,250000.0,250000.0,1070250.0,1734750.0,128.275606312017,35.606348465078504,1982.6135076206383,False,51281.15958901534,0.2051246383560613,6.0,0.0,0.0
라마70a35a,48890370,쌍책면,250000.0,250000.0,1070250.0,1735250.0,128.27564982361554,35.61085631700303,2360.3725721978453,False,19412.67113405476,0.077650684536219,,,
라마70a35b,48890370,쌍책면,250000.0,250000.0,1070250.0,1735750.0,128.27569334487688,35.61536416550185,2777.0417783259827,False,0.0,0.0,,,
라마70a36a,48890370,쌍책면,250000.0,250000.0,1070250.0,1736250.0,128.2757368758032,35.619872010574795,2563.7558829599134,False,0.0,0.0,,,
라마70a36b,48890370,쌍책면,250000.0,250000.0,1070250.0,1736750.0,128.27578041639669,35.62437985222165,2225.989298995943,False,34882.44690500751,0.13952978762003,32.0,25.0,0.78125
라마70a37a,48890370,쌍책면,250000.0,250000.0,1070250.0,1737250.0,128.27582396665946,35.62888769044226,1858.8014604394275,False,26443.63146980628,0.1057745258792251,6.0,,
라마70a37b,48890370,쌍책면,250000.0,250000.0,1070250.0,1737750.0,128.27586752659371,35.6333955252364,1566.9260925196963,False,1360.103247762062,0.0054404129910482,0.0,0.0,
라마70a38a,48890370,쌍책면,250000.0,250000.0,1070250.0,1738250.0,128.27591109620158,35.637903356603914,1398.3461265031417,False,0.0,0.0,,,
라마70a38b,48890370,쌍책면,250000.0,250000.0,1070250.0,1738750.0,128.27595467548522,35.642411184544585,1398.387070733149,False,0.0,0.0,,,
라마70b24a,48890400,적중면,250000.0,201385.47742806852,1070750.0,1724250.0,128.28020818352442,35.51164725065729,2934.0943630785314,False,0.0,0.0,,,
라마70b24b,48890400,적중면,250000.0,250000.0,1070750.0,1724750.0,128.2802518008497,35.51615516859979,2615.740538718744,False,0.0,0.0,,,
라마70b25a,48890400,적중면,250000.0,250000.0,1070750.0,1725250.0,128.28029542786106,35.52066308311995,2361.2046502461494,False,0.0,0.0,,,
라마70b25b,48890400,적중면,250000.0,250000.0,1070750.0,1725750.0,128.28033906456074,35.5251709942176,2192.823803863743,False,0.0,0.0,,,
라마70b26a,48890400,적중면,250000.0,250000.0,1070750.0,1726250.0,128.2803827109508,35.52967890189253,1992.4995246713568,False,1642.4257907994293,0.0065697031631977,,,
라마70b26b,48890400,적중면,250000.0,250000.0,1070750.0,1726750.0,128.2804263670334,35.53418680614457,1495.229477336795,False,45245.011758537126,0.1809800470341485,,,
라마70b27a,48890400,적중면,250000.0,250000.0,1070750.0,1727250.0,128.2804700328108,35.5386947069735,1000.6837782127512,False,197882.32000507228,0.7915292800202891,0.0,,
라마70b27b,48890400,적중면,250000.0,250000.0,1070750.0,1727750.0,128.28051370828504,35.543202604379154,516.744480434409,False,171666.6732795185,0.6866666931180738,42.0,20.0,0.4761904761904761
라마70b28a,48890400,적중면,250000.0,250000.0,1070750.0,1728250.0,128.28055739345837,35.54771049836132,180.78078476626948,True,104079.95195043967,0.4163198078017587,166.0,71.0,0.4277108433734939
라마70b28b,48890400,적중면,250000.0,250000.0,1070750.0,1728750.0,128.2806010883329,35.552218388919826,546.2037405785402,False,181420.3742445391,0.7256814969781564,,,
라마70b29a,48890400,적중면,250000.0,250000.0,1070750.0,1729250.0,128.2806447929108,35.556726276054455,1031.5015076592326,False,6803.7528436753655,0.0272150113747014,,,
라마70b29b,48890370,쌍책면,250000.0,250000.0,1070750.0,1729750.0,128.2806885071943,35.56123415976505,1526.3198204781825,False,0.0,0.0,,,
라마70b30a,48890370,쌍책면,250000.0,250000.0,1070750.0,1730250.0,128.28073223118545,35.56574204005139,1142.2723854932,False,4526.129913770864,0.0181045196550834,0.0,0.0,
라마70b30b,48890370,쌍책면,250000.0,250000.0,1070750.0,1730750.0,128.2807759648865,35.57024991691328,647.8801391269478,False,134055.0445814783,0.5362201783259132,25.0,13.0,0.52
라마70b31a,48890370,쌍책면,250000.0,250000.0,1070750.0,1731250.0,128.2808197082996,35.57475779035056,186.3092769831416,True,41177.53405978985,0.1647101362391594,37.0,19.0,0.5135135135135135
라마70b31b,48890370,쌍책면,250000.0,250000.0,1070750.0,1731750.0,128.28086346142686,35.57926566036301,386.8767487260104,False,31836.36585226728,0.1273454634090691,22.0,11.0,0.5
라마70b32a,48890370,쌍책면,250000.0,250000.0,1070750.0,1732250.0,128.28090722427055,35.583773526950466,644.735348478643,False,25252.56858182713,0.1010102743273085,0.0,0.0,
라마70b32b,48890370,쌍책면,250000.0,250000.0,1070750.0,1732750.0,128.28095099683276,35.588281390112705,881.7469425026683,False,45855.45954751306,0.1834218381900522,0.0,,
라마70b33a,48890370,쌍책면,250000.0,250000.0,1070750.0,1733250.0,128.2809947791157,35.592789249849574,919.6756605529846,False,42149.23552314496,0.1685969420925798,,,
라마70b33b,48890370,쌍책면,250000.0,250000.0,1070750.0,1733750.0,128.28103857112148,35.59729710616083,993.17958073937,False,59740.76333998002,0.23896305335992,6.0,0.0,0.0
라마70b34a,48890370,쌍책면,250000.0,250000.0,1070750.0,1734250.0,128.28108237285235,35.60180495904634,1275.54225276221,False,45002.34800581297,0.1800093920232519,32.0,19.0,0.59375
라마70b34b,48890370,쌍책면,250000.0,250000.0,1070750.0,1734750.0,128.28112618431044,35.60631280850588,1663.6136563414464,False,9954.60440218298,0.0398184176087319,8.0,6.0,0.75
라마70b35a,48890370,쌍책면,250000.0,250000.0,1070750.0,1735250.0,128.2811700054979,35.61082065453926,2099.574422722333,False,27371.55463453308,0.1094862185381323,,,
라마70b35b,48890370,쌍책면,250000.0,250000.0,1070750.0,1735750.0,128.28121383641692,35.6153284971463,2559.0652816084785,False,37645.04764893581,0.1505801905957432,0.0,0.0,
라마70b36a,48890370,쌍책면,250000.0,250000.0,1070750.0,1736250.0,128.2812576770697,35.61983633632679,2414.347994449899,False,0.0,0.0,,,
라마70b36b,48890370,쌍책면,250000.0,250000.0,1070750.0,1736750.0,128.28130152745842,35.624344172080576,1956.8318140278552,False,16918.801236301784,0.0676752049452071,,,
라마70b37a,48890370,쌍책면,250000.0,250000.0,1070750.0,1737250.0,128.2813453875852,35.62885200440744,1526.206165129352,False,2026.509037223271,0.008106036148893,,,
라마70b37b,48890370,쌍책면,250000.0,250000.0,1070750.0,1737750.0,128.28138925745225,35.6333598333072,1153.0046697937262,False,5841.084625376137,0.0233643385015045,7.0,0.0,0.0
라마70b38a,48890370,쌍책면,250000.0,250000.0,1070750.0,1738250.0,128.28143313706173,35.63786765877966,910.7877242549088,False,0.0,0.0,,,
라마70b38b,48890380,덕곡면,250000.0,250000.0,1070750.0,1738750.0,128.28147702641584,35.642375480824654,910.8505852996594,False,0.0,0.0,0.0,0.0,
라마70b39a,48890380,덕곡면,250000.0,250000.0,1070750.0,1739250.0,128.28152092551676,35.64688329944197,1153.153631927693,False,0.0,0.0,,,
라마70b39b,48890380,덕곡면,250000.0,173062.3917841874,1070750.0,1739750.0,128.28156483436666,35.65139111463139,1526.3937267020344,False,0.0,0.0,,,
라마71a24a,48890400,적중면,250000.0,141032.782435071,1071250.0,1724250.0,128.28572156061736,35.51161146570903,3315.1111129066294,False,0.0,0.0,,,
라마71a24b,48890400,적중면,250000.0,250000.0,1071250.0,1724750.0,128.28576548608947,35.51611937773232,3036.9640309632323,False,0.0,0.0,,,
라마71a25a,48890400,적중면,250000.0,250000.0,1071250.0,1725250.0,128.2858094213161,35.52062728633264,2820.698381573588,False,0.0,0.0,,,
라마71a25b,48890400,적중면,250000.0,250000.0,1071250.0,1725750.0,128.2858533662994,35.52513519150979,2575.7521302882064,False,0.0,0.0,,,
라마71a26a,48890400,적중면,250000.0,250000.0,1071250.0,1726250.0,128.28589732104157,35.529643093263566,2097.6548502471787,False,13471.00467233265,0.0538840186893306,0.0,0.0,
라마71a26b,48890400,적중면,250000.0,250000.0,1071250.0,1726750.0,128.28594128554477,35.5341509915938,1632.731669579173,False,102768.78160756596,0.4110751264302638,54.0,43.0,0.7962962962962963
라마71a27a,48890400,적중면,250000.0,250000.0,1071250.0,1727250.0,128.2859852598112,35.53865888650027,1196.4403616261343,False,138068.20970738758,0.5522728388295504,35.0,15.0,0.4285714285714285
라마71a27b,48890400,적중면,250000.0,250000.0,1071250.0,1727750.0,128.28602924384302,35.54316677798282,834.9409398330855,False,168557.3546374038,0.6742294185496152,35.0,22.0,0.6285714285714286
라마71a28a,48890400,적중면,250000.0,250000.0,1071250.0,1728250.0,128.2860732376424,35.54767466604123,680.281711565611,False,207361.46761304623,0.8294458704521849,,,
라마71a28b,48890400,적중면,250000.0,250000.0,1071250.0,1728750.0,128.2861172412115,35.55218255067532,853.4869894567335,False,69880.21139592414,0.2795208455836965,0.0,0.0,
라마71a29a,48890400,적중면,250000.0,250000.0,1071250.0,1729250.0,128.28616125455252,35.55669043188489,1222.3325550983247,False,7325.296228493327,0.0293011849139733,0.0,,
라마71a29b,48890400,적중면,250000.0,250000.0,1071250.0,1729750.0,128.28620527766768,35.56119830966976,1244.3521662596602,False,288.0952582854348,0.0011523810331417,0.0,,
라마71a30a,48890370,쌍책면,250000.0,250000.0,1071250.0,1730250.0,128.2862493105591,35.565706184029736,864.3363152999308,False,9490.342434287546,0.0379613697371501,,,
라마71a30b,48890370,쌍책면,250000.0,250000.0,1071250.0,1730750.0,128.28629335322898,35.5702140549646,536.6171113117471,False,23146.169717007804,0.0925846788680312,,,
라마71a31a,48890370,쌍책면,250000.0,250000.0,1071250.0,1731250.0,128.2863374056795,35.57472192247422,136.82033907837908,True,124062.6571076151,0.4962506284304604,151.0,90.0,0.5960264900662252
라마71a31b,48890370,쌍책면,250000.0,250000.0,1071250.0,1731750.0,128.28638146791283,35.579229786558344,499.4814172904546,False,160985.97102664754,0.6439438841065902,50.0,32.0,0.64
라마71a32a,48890370,쌍책면,250000.0,250000.0,1071250.0,1732250.0,128.2864255399312,35.58373764721681,941.422949173938,False,154064.62769867282,0.6162585107946913,6.0,0.0,0.0
라마71a32b,48890370,쌍책면,250000.0,250000.0,1071250.0,1732750.0,128.2864696217367,35.588245504449425,736.2438716861764,False,110801.92397063402,0.443207695882536,,,
라마71a33a,48890370,쌍책면,250000.0,250000.0,1071250.0,1733250.0,128.2865137133316,35.592753358256,427.3843674954822,False,72108.98136165364,0.2884359254466145,0.0,,
라마71a33b,48890370,쌍책면,250000.0,250000.0,1071250.0,1733750.0,128.2865578147181,35.597261208636326,568.559369427306,False,7913.275527693873,0.0316531021107754,,,
라마71a34a,48890370,쌍책면,250000.0,250000.0,1071250.0,1734250.0,128.2866019258983,35.60176905559023,981.764796449556,False,0.0,0.0,,,
라마71a34b,48890370,쌍책면,250000.0,250000.0,1071250.0,1734750.0,128.28664604687444,35.60627689911753,1450.6772468511735,False,1330.5753707589154,0.0053223014830356,,,
라마71a35a,48890370,쌍책면,250000.0,250000.0,1071250.0,1735250.0,128.2866901776487,35.61078473921801,1935.217515814634,False,8755.862330512504,0.03502344932205,0.0,,
라마71a35b,48890370,쌍책면,250000.0,250000.0,1071250.0,1735750.0,128.28673431822324,35.615292575891495,2426.039816758956,False,14219.940592459294,0.0568797623698371,0.0,0.0,
라마71a36a,48890370,쌍책면,250000.0,250000.0,1071250.0,1736250.0,128.2867784686003,35.61980040913778,2281.0608557097607,False,5644.303736432831,0.0225772149457313,0.0,,
라마71a36b,48890370,쌍책면,250000.0,250000.0,1071250.0,1736750.0,128.28682262878203,35.6243082389567,1789.7913670421594,False,10875.198209927465,0.0435007928397098,0.0,,
라마71a37a,48890370,쌍책면,250000.0,250000.0,1071250.0,1737250.0,128.28686679877066,35.62881606534803,1305.1695857726454,False,7357.523733253542,0.0294300949330141,,,
라마71a37b,48890370,쌍책면,250000.0,250000.0,1071250.0,1737750.0,128.28691097856833,35.633323888311644,838.798043460543,False,3297.885098459775,0.013191540393839,,,
라마71a38a,48890380,덕곡면,250000.0,250000.0,1071250.0,1738250.0,128.2869551681773,35.63783170784727,451.3276723186064,False,25300.13977236356,0.1012005590894542,,,
라마71a38b,48890380,덕곡면,250000.0,250000.0,1071250.0,1738750.0,128.28699936759966,35.64233952395477,451.4545136421029,False,1107.9137847651011,0.0044316551390604,,,
라마71a39a,48890380,덕곡면,250000.0,250000.0,1071250.0,1739250.0,128.28704357683768,35.646847336633925,839.0027937826692,False,0.0,0.0,,,
라마71a39b,48890380,덕곡면,250000.0,170062.1554357274,1071250.0,1739750.0,128.28708779589357,35.651355145884565,1305.3889068252497,False,0.0,0.0,,,
라마71b25a,48890400,적중면,250000.0,250000.0,1071750.0,1725250.0,128.2913234050144,35.520591237523696,3209.1967402377936,False,0.0,0.0,,,
라마71b25b,48890400,적중면,250000.0,250000.0,1071750.0,1725750.0,128.2913676582792,35.525099136738675,2750.3818919623072,False,0.0,0.0,,,
라마71b26a,48890400,적중면,250000.0,250000.0,1071750.0,1726250.0,128.29141192137132,35.52960703252961,2308.7350185145638,False,24467.92601325565,0.0978717040530225,14.0,0.0,0.0
라마71b26b,48890400,적중면,250000.0,250000.0,1071750.0,1726750.0,128.29145619429292,35.53411492489636,1896.289592809264,False,117056.21932268627,0.4682248772907451,53.0,28.0,0.5283018867924528
라마71b27a,48890400,적중면,250000.0,250000.0,1071750.0,1727250.0,128.2915004770462,35.538622813838685,1536.7403989867655,False,169882.63068571122,0.6795305227428449,0.0,0.0,
라마71b27b,48890400,적중면,250000.0,250000.0,1071750.0,1727750.0,128.2915447696334,35.543130699356425,1275.6284286418538,False,192272.82060595503,0.7690912824238202,0.0,0.0,
라마71b28a,48890400,적중면,250000.0,250000.0,1071750.0,1728250.0,128.29158907205667,35.54763858144938,1180.2053728231228,False,177828.5620283565,0.711314248113426,,,
라마71b28b,48890400,적중면,250000.0,250000.0,1071750.0,1728750.0,128.29163338431815,35.55214646011734,1287.843762310416,False,76826.96740602782,0.3073078696241113,12.0,10.0,0.8333333333333334
라마71b29a,48890400,적중면,250000.0,250000.0,1071750.0,1729250.0,128.2916777064202,35.55665433536015,1502.850589939446,False,37.77009259440806,0.0001510803703776,,,
라마71b29b,48890400,적중면,250000.0,250000.0,1071750.0,1729750.0,128.29172203836478,35.561162207177595,1064.307069350925,False,0.0,0.0,0.0,0.0,
라마71b30a,48890400,적중면,250000.0,250000.0,1071750.0,1730250.0,128.2917663801543,35.56567007556947,575.6861038287333,False,51004.32245626321,0.2040172898250528,0.0,,
라마71b30b,48890400,적중면,250000.0,250000.0,1071750.0,1730750.0,128.2918107317908,35.57017794053561,173.4342596278468,True,29031.703136848933,0.1161268125473957,48.0,27.0,0.5625
라마71b31a,48890370,쌍책면,250000.0,250000.0,1071750.0,1731250.0,128.29185509327658,35.57468580207582,365.0462173495347,False,105608.45476275282,0.4224338190510113,7.0,0.0,0.0
라마71b31b,48890370,쌍책면,250000.0,250000.0,1071750.0,1731750.0,128.29189946461378,35.57919366018988,603.3412150965343,False,89045.71402312117,0.3561828560924847,22.0,10.0,0.4545454545454545
라마71b32a,48890370,쌍책면,250000.0,250000.0,1071750.0,1732250.0,128.2919438458046,35.58370151487764,1046.318547511761,False,38911.48395704526,0.155645935828181,67.0,43.0,0.6417910447761194
라마71b32b,48890370,쌍책면,250000.0,250000.0,1071750.0,1732750.0,128.2919882368513,35.58820936613889,615.5559402372751,False,0.0,0.0,,,
라마71b33a,48890370,쌍책면,250000.0,250000.0,1071750.0,1733250.0,128.292032637756,35.592717213973415,139.68347985878006,True,93522.22428922012,0.3740888971568805,53.0,40.0,0.7547169811320755
라마71b33b,48890370,쌍책면,250000.0,250000.0,1071750.0,1733750.0,128.29207704852095,35.597225058381056,400.14226661216463,False,54586.67695910223,0.2183467078364089,34.0,24.0,0.7058823529411765
라마71b34a,48890370,쌍책면,250000.0,250000.0,1071750.0,1734250.0,128.2921214691483,35.60173289936162,894.8274652208564,False,4872.080565503694,0.0194883222620147,,,
라마71b34b,48890370,쌍책면,250000.0,250000.0,1071750.0,1734750.0,128.2921658996403,35.606240736914906,1393.312079721426,False,0.0,0.0,,,
라마71b35a,48890390,청덕면,250000.0,250000.0,1071750.0,1735250.0,128.29221033999917,35.61074857104073,1892.596341136088,False,4299.120822379072,0.0171964832895162,,,
라마71b35b,48890390,청덕면,250000.0,250000.0,1071750.0,1735750.0,128.29225479022708,35.61525640173888,2392.1796064396526,False,48700.3856962563,0.1948015427850252,21.0,16.0,0.7619047619047619
라마71b36a,48890390,청덕면,250000.0,250000.0,1071750.0,1736250.0,128.2922992503262,35.61976422900919,2253.3089039451384,False,17424.01779568565,0.0696960711827426,0.0,,
라마71b36b,48890370,쌍책면,250000.0,250000.0,1071750.0,1736750.0,128.29234372029882,35.62427205285146,1754.2849046508202,False,3796.142583318843,0.0151845703332753,,,
라마71b37a,48890380,덕곡면,250000.0,250000.0,1071750.0,1737250.0,128.2923882001471,35.62877987326551,1256.0374344632544,False,3490.1032725459004,0.0139604130901836,,,
라마71b37b,48890380,덕곡면,250000.0,250000.0,1071750.0,1737750.0,128.29243268987318,35.63328769025113,760.0950906697993,False,61602.40908214176,0.246409636328567,0.0,0.0,
라마71b38a,48890380,덕곡면,250000.0,250000.0,1071750.0,1738250.0,128.29247718947937,35.63779550380814,279.03235824475024,True,94500.5072817807,0.3780020291271228,48.0,31.0,0.6458333333333334
라마71b38b,48890380,덕곡면,250000.0,250000.0,1071750.0,1738750.0,128.29252169896785,35.64230331393636,279.23747426683803,True,40302.70183216329,0.1612108073286531,47.0,30.0,0.6382978723404256
라마71b39a,48890380,덕곡면,250000.0,250000.0,1071750.0,1739250.0,128.2925662183408,35.646811120635576,760.3210355647274,False,9841.741741814069,0.0393669669672562,,,
라마72a25a,48890390,청덕면,250000.0,250000.0,1072250.0,1725250.0,128.2968373788876,35.52055493669457,3424.769369242666,False,0.0,0.0,,,
라마72a25b,48890400,적중면,250000.0,250000.0,1072250.0,1725750.0,128.2968819404317,35.52506282990569,2999.1168811141874,False,0.0,0.0,,,
라마72a26a,48890400,적중면,250000.0,250000.0,1072250.0,1726250.0,128.29692651187156,35.52957071969213,2600.0690184426585,False,705.2888967116112,0.0028211555868464,,,
라마72a26b,48890400,적중면,250000.0,250000.0,1072250.0,1726750.0,128.29697109320938,35.53407860605369,2241.877725199716,False,36323.19379193635,0.1452927751677453,18.0,16.0,0.8888888888888888
라마72a27a,48890400,적중면,250000.0,250000.0,1072250.0,1727250.0,128.29701568444736,35.538586488990184,1947.2217564591692,False,115084.12844916756,0.4603365137966702,14.0,0.0,0.0
라마72a27b,48890400,적중면,250000.0,250000.0,1072250.0,1727750.0,128.29706028558775,35.54309436850142,1748.522062459955,False,157143.27723021383,0.6285731089208554,68.0,39.0,0.5735294117647058
라마72a28a,48890400,적중면,250000.0,250000.0,1072250.0,1728250.0,128.29710489663267,35.54760224458721,1680.1744662357223,False,178283.90373100643,0.7131356149240258,8.0,0.0,0.0
라마72a28b,48890400,적중면,250000.0,250000.0,1072250.0,1728750.0,128.29714951758442,35.552110117247366,1499.592812075772,False,41264.42226378522,0.1650576890551409,33.0,25.0,0.7575757575757576
라마72a29a,48890400,적중면,250000.0,250000.0,1072250.0,1729250.0,128.29719414844516,35.55661798648168,1105.4478255061767,False,0.0,0.0,,,
라마72a29b,48890400,적중면,250000.0,250000.0,1072250.0,1729750.0,128.29723878921706,35.56112585228998,833.817238849946,False,0.0,0.0,,,
라마72a30a,48890400,적중면,250000.0,250000.0,1072250.0,1730250.0,128.29728343990243,35.56563371467207,644.7881158464018,False,22119.33835096764,0.0884773534038705,16.0,10.0,0.625
라마72a30b,48890400,적중면,250000.0,250000.0,1072250.0,1730750.0,128.2973281005034,35.570141573627744,338.2553275380966,False,188625.6430173265,0.7545025720693062,6.0,0.0,0.0
라마72a31a,48890400,적중면,250000.0,250000.0,1072250.0,1731250.0,128.2973727710222,35.574649429156814,559.5369682863299,False,30838.999873114444,0.1233559994924577,,,
라마72a31b,48890370,쌍책면,250000.0,250000.0,1072250.0,1731750.0,128.2974174514611,35.5791572812591,989.2216927715664,False,16907.633335022536,0.0676305333400901,0.0,0.0,
라마72a32a,48890370,쌍책면,250000.0,250000.0,1072250.0,1732250.0,128.2974621418222,35.5836651299344,1255.054115782773,False,24065.94335502796,0.0962637734201118,0.0,0.0,
라마72a32b,48890370,쌍책면,250000.0,250000.0,1072250.0,1732750.0,128.29750684210782,35.58817297518252,846.0278911048622,False,0.0,0.0,,,
라마72a33a,48890370,쌍책면,250000.0,250000.0,1072250.0,1733250.0,128.29755155232013,35.59268081700329,596.9636098719947,False,6355.957023003588,0.0254238280920143,,,
라마72a33b,48890370,쌍책면,250000.0,250000.0,1072250.0,1733750.0,128.29759627246133,35.59718865539649,704.9595098269584,False,0.0,0.0,,,
라마72a34a,48890370,쌍책면,250000.0,250000.0,1072250.0,1734250.0,128.2976410025337,35.601696490361945,1066.569392716446,False,0.0,0.0,,,
라마72a34b,48890370,쌍책면,250000.0,250000.0,1072250.0,1734750.0,128.2976857425394,35.606204321899455,1509.361662579115,False,0.0,0.0,,,
라마72a35a,48890390,청덕면,250000.0,250000.0,1072250.0,1735250.0,128.29773049248064,35.610712150008844,1979.5896007626563,False,0.0,0.0,,,
라마72a35b,48890390,청덕면,250000.0,250000.0,1072250.0,1735750.0,128.29777525235966,35.61521997468993,2195.586955362603,False,51228.32305845853,0.2049132922338341,16.0,14.0,0.875
라마72a36a,48890390,청덕면,250000.0,250000.0,1072250.0,1736250.0,128.29782002217868,35.619727795942474,1896.502615482079,False,470.5299247117363,0.0018821196988469,,,
라마72a36b,48890380,덕곡면,250000.0,250000.0,1072250.0,1736750.0,128.29786480193994,35.62423561376632,1694.9460942762475,False,0.0,0.0,,,
라마72a37a,48890380,덕곡면,250000.0,250000.0,1072250.0,1737250.0,128.2979095916456,35.62874342816127,1397.0656483931346,False,13519.29197403692,0.0540771678961476,,,
라마72a37b,48890380,덕곡면,250000.0,250000.0,1072250.0,1737750.0,128.29795439129796,35.63325123912715,975.6571815998824,False,29699.36414451616,0.1187974565780646,,,
라마72a38a,48890380,덕곡면,250000.0,250000.0,1072250.0,1738250.0,128.2979992008992,35.63775904666375,672.3254019406987,False,46657.42354442789,0.1866296941777115,0.0,0.0,
라마72a38b,48890380,덕곡면,250000.0,250000.0,1072250.0,1738750.0,128.29804402045153,35.64226685077089,672.410556269024,False,0.0,0.0,,,
라마72a39a,48890380,덕곡면,250000.0,250000.0,1072250.0,1739250.0,128.2980888499572,35.64677465144837,975.8332164203648,False,0.0,0.0,,,
라마72a39b,48890380,덕곡면,250000.0,222733.36576761949,1072250.0,1739750.0,128.29813368941845,35.651282448695994,1397.270545154592,False,7553.909619241478,0.0339145847915869,6.0,0.0,0.0
라마72a40a,48890380,덕곡면,250000.0,87464.92984433408,1072250.0,1740250.0,128.29817853883745,35.65579024251359,1858.0848975339925,False,16050.091782771824,0.1835031687710378,8.0,7.0,0.875
라마72b25a,48890390,청덕면,250000.0,250000.0,1072750.0,1725250.0,128.30235134286724,35.52051838384673,3684.033465226591,False,720.9236796909427,0.0028836947187637,0.0,,
라마72b25b,48890390,청덕면,250000.0,250000.0,1072750.0,1725750.0,128.30239621268845,35.52502627101231,3305.269063409819,False,0.0,0.0,,,
라마72b26a,48890400,적중면,250000.0,250000.0,1072750.0,1726250.0,128.30244109247386,35.52953415475254,2947.9586862124274,False,0.0,0.0,,,
라마72b26b,48890400,적중면,250000.0,250000.0,1072750.0,1726750.0,128.30248598222568,35.534042035067245,2637.445212643588,False,7093.204914296255,0.028372819657185,7.0,0.0,0.0
라마72b27a,48890400,적중면,250000.0,250000.0,1072750.0,1727250.0,128.30253088194615,35.53854991195621,2392.023010712452,False,131271.86579012472,0.5250874631604989,7.0,0.0,0.0
라마72b27b,48890400,적중면,250000.0,250000.0,1072750.0,1727750.0,128.30257579163748,35.54305778541926,2233.255676777548,False,120890.15898697282,0.4835606359478913,40.0,30.0,0.75
라마72b28a,48890400,적중면,250000.0,250000.0,1072750.0,1728250.0,128.3026207113019,35.54756565545619,1799.7214529969076,False,61211.5376997781,0.2448461507991124,18.0,14.0,0.7777777777777778
라마72b28b,48890400,적중면,250000.0,250000.0,1072750.0,1728750.0,128.30266564094163,35.55207352206682,1308.5234431466308,False,7744.131063817002,0.030976524255268,0.0,0.0,
라마72b29a,48890390,청덕면,250000.0,250000.0,1072750.0,1729250.0,128.3027105805589,35.556581385250944,827.9310926347237,False,2600.3272257732,0.0104013089030927,,,
라마72b29b,48890400,적중면,250000.0,250000.0,1072750.0,1729750.0,128.3027555301559,35.5610892450084,398.3794510744008,False,4928.578321506015,0.019714313286024,22.0,15.0,0.6818181818181818
라마72b30a,48890400,적중면,250000.0,250000.0,1072750.0,1730250.0,128.30280048973492,35.56559710133896,363.23887446879127,False,79073.49277368531,0.3162939710947413,30.0,16.0,0.5333333333333333
라마72b30b,48890400,적중면,250000.0,250000.0,1072750.0,1730750.0,128.30284545929817,35.57010495424243,777.9323703332878,False,199406.4721698117,0.7976258886792469,0.0,0.0,
라마72b31a,48890400,적중면,250000.0,250000.0,1072750.0,1731250.0,128.3028904388478,35.57461280371866,947.3219321193312,False,17637.22297515947,0.0705488919006378,,,
라마72b31b,48890390,청덕면,250000.0,250000.0,1072750.0,1731750.0,128.30293542838612,35.57912064976741,1231.6173021272882,False,0.0,0.0,,,
라마72b32a,48890370,쌍책면,250000.0,250000.0,1072750.0,1732250.0,128.30298042791534,35.583628492388534,1263.331005664291,False,21927.06436287588,0.0877082574515035,,,
라마72b32b,48890370,쌍책면,250000.0,250000.0,1072750.0,1732750.0,128.30302543743767,35.5881363315818,1246.0406371757244,False,765.5525292506641,0.0030622101170026,,,
라마72b33a,48890370,쌍책면,250000.0,250000.0,1072750.0,1733250.0,128.30307045695537,35.592644167347046,1092.3459289425434,False,0.0,0.0,,,
라마72b33b,48890390,청덕면,250000.0,250000.0,1072750.0,1733750.0,128.30311548647063,35.597151999684044,1154.912112440341,False,536.5587497504589,0.0021462349990018,,,
라마72b34a,48890390,청덕면,250000.0,250000.0,1072750.0,1734250.0,128.30316052598573,35.60165982859265,1405.1421089859464,False,1487.3278120472794,0.0059493112481891,,,
라마72b34b,48890390,청덕면,250000.0,250000.0,1072750.0,1734750.0,128.3032055755029,35.60616765407264,1764.9438250067722,False,0.0,0.0,,,
라마72b35a,48890390,청덕면,250000.0,250000.0,1072750.0,1735250.0,128.30325063502428,35.610675476123845,2180.7404853429025,False,20572.764988743707,0.0822910599549748,,,
라마72b35b,48890390,청덕면,250000.0,250000.0,1072750.0,1735750.0,128.30329570455223,35.61518329474605,1855.5991941226357,False,62804.07542799816,0.2512163017119926,0.0,0.0,
라마72b36a,48890390,청덕면,250000.0,250000.0,1072750.0,1736250.0,128.30334078408893,35.61969110993907,1489.754496955963,False,9625.912932455469,0.0385036517298218,0.0,0.0,
라마72b36b,48890380,덕곡면,250000.0,250000.0,1072750.0,1736750.0,128.3033858736366,35.62419892170272,1222.901693993616,False,0.0,0.0,,,
라마72b37a,48890380,덕곡면,250000.0,250000.0,1072750.0,1737250.0,128.3034309731975,35.62870673003681,1127.6562619630135,False,0.0,0.0,,,
라마72b37b,48890380,덕곡면,250000.0,250000.0,1072750.0,1737750.0,128.30347608277384,35.63321453494117,1244.0774642747683,False,47036.08932942564,0.1881443573177025,0.0,0.0,
라마72b38a,48890380,덕곡면,250000.0,250000.0,1072750.0,1738250.0,128.3035212023679,35.63772233641556,1151.60055368249,False,9490.113259095077,0.0379604530363803,,,
라마72b38b,48890380,덕곡면,250000.0,250000.0,1072750.0,1738750.0,128.30356633198187,35.64223013445981,1151.6502704072595,False,9488.820618966112,0.0379552824758644,0.0,,
라마72b39a,48890380,덕곡면,250000.0,250000.0,1072750.0,1739250.0,128.30361147161807,35.64673792907375,1351.4484286928637,False,26662.23548799449,0.1066489419519779,0.0,,
라마72b39b,48890380,덕곡면,250000.0,250000.0,1072750.0,1739750.0,128.30365662127863,35.651245720257165,1681.22793383399,False,13189.989795533538,0.0527599591821341,,,
라마73a25a,48890390,청덕면,250000.0,250000.0,1073250.0,1725250.0,128.3078652968849,35.52048157898161,3257.194972731656,False,3655.290175465846,0.0146211607018633,0.0,0.0,
라마73a25b,48890390,청덕면,250000.0,250000.0,1073250.0,1725750.0,128.307910474981,35.52498946005998,3009.4033995158347,False,0.0,0.0,,,
라마73a26a,48890400,적중면,250000.0,250000.0,1073250.0,1726250.0,128.3079556631097,35.52949733771233,2829.080866933032,False,0.0,0.0,,,
라마73a26b,48890400,적중면,250000.0,250000.0,1073250.0,1726750.0,128.30800086127334,35.53400521193848,2729.631528663832,False,0.0,0.0,,,
라마73a27a,48890400,적중면,250000.0,250000.0,1073250.0,1727250.0,128.30804606947407,35.538513082738234,2719.940810551718,False,8211.413477546745,0.0328456539101869,,,
라마73a27b,48890400,적중면,250000.0,250000.0,1073250.0,1727750.0,128.30809128771415,35.54302095011139,2286.7479123692847,False,3202.8073544368526,0.0128112294177474,,,
라마73a28a,48890390,청덕면,250000.0,250000.0,1073250.0,1728250.0,128.30813651599584,35.54752881405777,1789.5396915442511,False,1410.1028146979452,0.0056404112587917,,,
라마73a28b,48890390,청덕면,250000.0,250000.0,1073250.0,1728750.0,128.30818175432134,35.55203667457717,1294.4839128005058,False,38268.20080274495,0.1530728032109798,0.0,0.0,
라마73a29a,48890390,청덕면,250000.0,250000.0,1073250.0,1729250.0,128.30822700269292,35.556544531669395,805.5587460802101,False,19151.577358315604,0.0766063094332624,9.0,0.0,0.0
라마73a29b,48890400,적중면,250000.0,250000.0,1073250.0,1729750.0,128.3082722611128,35.56105238533428,349.5156452482977,False,9640.412421873129,0.0385616496874925,15.0,7.0,0.4666666666666667
라마73a30a,48890400,적중면,250000.0,250000.0,1073250.0,1730250.0,128.30831752958323,35.56556023557161,308.8648234427924,False,99994.30046389284,0.3999772018555713,0.0,,
라마73a30b,48890400,적중면,250000.0,250000.0,1073250.0,1730750.0,128.30836280810647,35.57006808238117,754.078094130416,False,96243.78307685663,0.3849751323074265,,,
라마73a31a,48890390,청덕면,250000.0,250000.0,1073250.0,1731250.0,128.30840809668473,35.57457592576282,983.895921471773,False,61020.52312877201,0.244082092515088,28.0,19.0,0.6785714285714286
라마73a31b,48890390,청덕면,250000.0,250000.0,1073250.0,1731750.0,128.30845339532027,35.57908376571632,739.7129411212421,False,0.0,0.0,,,
라마73a32a,48890390,청덕면,250000.0,250000.0,1073250.0,1732250.0,128.30849870401534,35.58359160224152,791.3907291822966,False,0.0,0.0,,,
라마73a32b,48890390,청덕면,250000.0,250000.0,1073250.0,1732750.0,128.30854402277217,35.588099435338194,1097.9177278872658,False,0.0,0.0,,,
라마73a33a,48890390,청덕면,250000.0,250000.0,1073250.0,1733250.0,128.308589351593,35.59260726500616,1511.471927685918,False,0.0,0.0,,,
라마73a33b,48890390,청덕면,250000.0,250000.0,1073250.0,1733750.0,128.30863469048012,35.59711509124523,1634.2203230982518,False,11.08845559411158,4.4353822376446327e-05,,,
라마73a34a,48890390,청덕면,250000.0,250000.0,1073250.0,1734250.0,128.30868003943573,35.60162291405522,1819.691848476389,False,17269.246354426086,0.0690769854177043,,,
라마73a34b,48890390,청덕면,250000.0,250000.0,1073250.0,1734750.0,128.3087253984621,35.60613073343593,2109.948052060875,False,35812.12706828058,0.1432485082731223,0.0,0.0,
라마73a35a,48890390,청덕면,250000.0,250000.0,1073250.0,1735250.0,128.30877076756144,35.61063854938717,2071.177097190576,False,80841.04623476254,0.3233641849390501,40.0,23.0,0.575
라마73a35b,48890390,청덕면,250000.0,250000.0,1073250.0,1735750.0,128.30881614673606,35.61514636190876,1601.8410220426751,False,290.49061569945746,0.0011619624627978,,,
라마73a36a,48890380,덕곡면,250000.0,250000.0,1073250.0,1736250.0,128.30886153598817,35.61965417100046,1158.4536036763247,False,0.0,0.0,,,
라마73a36b,48890380,덕곡면,250000.0,250000.0,1073250.0,1736750.0,128.30890693532004,35.624161976662144,786.2155199705769,False,24086.28563170593,0.0963451425268237,0.0,0.0,
라마73a37a,48890380,덕곡면,250000.0,250000.0,1073250.0,1737250.0,128.3089523447339,35.628669778893595,627.8972334821565,False,2107.3652965904885,0.0084294611863619,,,
라마73a37b,48890380,덕곡면,250000.0,250000.0,1073250.0,1737750.0,128.30899776423203,35.63317757769461,818.7643298205455,False,76811.1909819759,0.3072447639279036,0.0,0.0,
라마73a38a,48890380,덕곡면,250000.0,250000.0,1073250.0,1738250.0,128.30904319381665,35.637685373065004,1202.7032550710203,False,24499.947587917333,0.0979997903516693,0.0,0.0,
라마73a38b,48890380,덕곡면,250000.0,250000.0,1073250.0,1738750.0,128.30908863349006,35.642193165004606,1643.3078635715856,False,72932.46491364398,0.2917298596545759,22.0,13.0,0.5909090909090909
라마73a39a,48890380,덕곡면,250000.0,250000.0,1073250.0,1739250.0,128.30913408325446,35.64670095351319,1789.015160518073,False,73665.64529292725,0.294662581171709,8.0,6.0,0.75
라마73a39b,48890380,덕곡면,250000.0,249175.74798707804,1073250.0,1739750.0,128.30917954311218,35.65120873859058,2049.558429186834,False,15721.440428940808,0.063093782424428,,,
라마73b25a,48890390,청덕면,250000.0,250000.0,1073750.0,1725250.0,128.31337924087214,35.52044452210068,2854.213658412295,False,1962.3870751479203,0.0078495483005916,0.0,0.0,
라마73b25b,48890390,청덕면,250000.0,250000.0,1073750.0,1725750.0,128.31342472724089,35.524952397050164,2567.8250210044275,False,0.0,0.0,,,
라마73b26a,48890390,청덕면,250000.0,250000.0,1073750.0,1726250.0,128.31347022371068,35.52946026857296,2353.914838970493,False,0.0,0.0,,,
라마73b26b,48890390,청덕면,250000.0,250000.0,1073750.0,1726750.0,128.31351573028385,35.53396813666889,2233.406546008714,False,0.0,0.0,,,
라마73b27a,48890400,적중면,250000.0,250000.0,1073750.0,1727250.0,128.31356124696262,35.53847600133772,2221.552279462193,False,0.0,0.0,,,
라마73b27b,48890390,청덕면,250000.0,250000.0,1073750.0,1727750.0,128.3136067737492,35.5429838625793,2320.018159629954,False,187.17105202787047,0.0007486842081114,,,
라마73b28a,48890390,청덕면,250000.0,250000.0,1073750.0,1728250.0,128.31365231064592,35.54749172039342,1914.655923879611,False,2917.739404993702,0.0116709576199748,,,
라마73b28b,48890390,청덕면,250000.0,250000.0,1073750.0,1728750.0,128.31369785765497,35.5519995747799,1462.5811429573062,False,39879.83277069724,0.1595193310827889,0.0,0.0,
라마73b29a,48890390,청덕면,250000.0,250000.0,1073750.0,1729250.0,128.3137434147786,35.55650742573852,1054.694217591674,False,94657.329437295,0.37862931774918,38.0,28.0,0.7368421052631579
라마73b29b,48890390,청덕면,250000.0,250000.0,1073750.0,1729750.0,128.3137889820191,35.56101527326911,765.2556340912015,False,5300.122577258915,0.0212004903090356,0.0,0.0,
라마73b30a,48890400,적중면,250000.0,250000.0,1073750.0,1730250.0,128.31383455937873,35.565523117371484,747.5643640485682,False,25764.376349886483,0.1030575053995459,,,
라마73b30b,48890400,적중면,250000.0,250000.0,1073750.0,1730750.0,128.31388014685976,35.57003095804543,1015.9176990693458,False,72032.28721273197,0.2881291488509279,,,
라마73b31a,48890390,청덕면,250000.0,250000.0,1073750.0,1731250.0,128.31392574446437,35.57453879529076,705.9357199148711,False,195415.50992948975,0.7816620397179591,17.0,12.0,0.7058823529411765
라마73b31b,48890390,청덕면,250000.0,250000.0,1073750.0,1731750.0,128.3139713521949,35.57904662910729,278.33305880756654,True,34681.77560482717,0.1387271024193087,63.0,18.0,0.2857142857142857
라마73b32a,48890390,청덕면,250000.0,250000.0,1073750.0,1732250.0,128.31401697005356,35.58355445949482,395.7187670538576,False,5727.306141247975,0.0229092245649919,6.0,6.0,1.0
라마73b32b,48890390,청덕면,250000.0,250000.0,1073750.0,1732750.0,128.31406259804265,35.58806228645316,857.739700359074,False,17302.34600646849,0.0692093840258739,0.0,0.0,
라마73b33a,48890390,청덕면,250000.0,250000.0,1073750.0,1733250.0,128.3141082361644,35.59257010998212,1347.160511797137,False,111.13800259890864,0.0004445520103956,,,
라마73b33b,48890390,청덕면,250000.0,250000.0,1073750.0,1733750.0,128.31415388442107,35.597077930081504,1768.9008664134165,False,0.0,0.0,,,
라마73b34a,48890390,청덕면,250000.0,250000.0,1073750.0,1734250.0,128.31419954281495,35.601585746751134,1754.2871813951135,False,53780.41622141612,0.2151216648856644,30.0,20.0,0.6666666666666666
라마73b34b,48890390,청덕면,250000.0,250000.0,1073750.0,1734750.0,128.3142452113483,35.60609355999079,1877.7744152097423,False,69210.51006129831,0.2768420402451932,0.0,0.0,
라마73b35a,48890390,청덕면,250000.0,250000.0,1073750.0,1735250.0,128.31429089002333,35.610601369800314,1925.2735344501896,False,6975.678303118695,0.0279027132124747,0.0,0.0,
라마73b35b,48890390,청덕면,250000.0,250000.0,1073750.0,1735750.0,128.3143365788424,35.615109176179494,1479.371809441045,False,728.7629768076395,0.0029150519072305,,,
라마73b36a,48890380,덕곡면,250000.0,250000.0,1073750.0,1736250.0,128.31438227780768,35.619616979128146,982.1715952626672,False,0.0,0.0,,,
라마73b36b,48890380,덕곡면,250000.0,250000.0,1073750.0,1736750.0,128.31442798692146,35.62412477864606,490.694542982448,False,30057.177956275213,0.1202287118251008,0.0,0.0,
라마73b37a,48890380,덕곡면,250000.0,250000.0,1073750.0,1737250.0,128.31447370618608,35.628632574733075,130.00471716324313,True,119668.94894787186,0.4786757957914874,22.0,15.0,0.6818181818181818
라마73b37b,48890380,덕곡면,250000.0,250000.0,1073750.0,1737750.0,128.31451943560373,35.63314036738899,541.3144358472589,False,117587.9231244672,0.4703516924978688,27.0,14.0,0.5185185185185185
라마73b38a,48890380,덕곡면,250000.0,250000.0,1073750.0,1738250.0,128.31456517517668,35.63764815661361,1033.992945057449,False,80258.05289079176,0.321032211563167,6.0,0.0,0.0
라마73b38b,48890380,덕곡면,250000.0,250000.0,1073750.0,1738750.0,128.3146109249072,35.64215594240674,1531.4246642915605,False,42325.09936571236,0.1693003974628494,34.0,17.0,0.5
라마73b39a,48890380,덕곡면,250000.0,250000.0,1073750.0,1739250.0,128.31465668479763,35.64666372476818,2030.118615838114,False,5082.710935949283,0.0203308437437971,,,
라마73b39b,48890380,덕곡면,250000.0,173661.79597609825,1073750.0,1739750.0,128.3147024548502,35.651171503697746,2464.7215144510537,False,0.0,0.0,,,
라마74a24a,48890390,청덕면,250000.0,148509.18678229098,1074250.0,1724250.0,128.31880161598184,35.51139146536627,3284.71804940516,False,0.0,0.0,,,
라마74a24b,48890390,청덕면,250000.0,247459.6672351448,1074250.0,1724750.0,128.31884739028868,35.51589934099935,2869.9411831459424,False,0.0,0.0,,,
라마74a25a,48890390,청덕면,250000.0,250000.0,1074250.0,1725250.0,128.31889317476055,35.52040721320544,2486.715127501786,False,33160.77498451671,0.1326430999380668,0.0,0.0,
라마74a25b,48890390,청덕면,250000.0,250000.0,1074250.0,1725750.0,128.31893896939968,35.52491508198436,2151.962326802055,False,0.0,0.0,,,
라마74a26a,48890390,청덕면,250000.0,250000.0,1074250.0,1726250.0,128.31898477420833,35.529422947335924,1891.594984822176,False,0.0,0.0,,,
라마74a26b,48890390,청덕면,250000.0,250000.0,1074250.0,1726750.0,128.3190305891888,35.53393080925991,1739.34508284972,False,0.0,0.0,,,
라마74a27a,48890390,청덕면,250000.0,250000.0,1074250.0,1727250.0,128.31907641434333,35.53843866775616,1724.0971689155433,False,0.0,0.0,,,
라마74a27b,48890390,청덕면,250000.0,250000.0,1074250.0,1727750.0,128.31912224967417,35.54294652282447,1849.243298890572,False,10720.45994032504,0.0428818397613001,0.0,0.0,
라마74a28a,48890390,청덕면,250000.0,250000.0,1074250.0,1728250.0,128.31916809518364,35.54745437446464,2089.7106280824564,False,47503.59179598957,0.1900143671839583,22.0,13.0,0.5909090909090909
라마74a28b,48890390,청덕면,250000.0,250000.0,1074250.0,1728750.0,128.31921395087397,35.55196222267647,1761.4194841006197,False,79854.01289671275,0.319416051586851,50.0,28.0,0.56
라마74a29a,48890390,청덕면,250000.0,250000.0,1074250.0,1729250.0,128.31925981674743,35.556470067459784,1440.7757951382673,False,76454.46099964596,0.3058178439985838,18.0,8.0,0.4444444444444444
라마74a29b,48890390,청덕면,250000.0,250000.0,1074250.0,1729750.0,128.31930569280632,35.560977908814394,1244.6168827166534,False,103244.2460191774,0.4129769840767096,78.0,48.0,0.6153846153846154
라마74a30a,48890390,청덕면,250000.0,250000.0,1074250.0,1730250.0,128.3193515790529,35.565485746740094,1233.8182514577798,False,5903.614831177542,0.0236144593247101,,,
라마74a30b,48890390,청덕면,250000.0,250000.0,1074250.0,1730750.0,128.3193974754894,35.56999358123668,1203.9581579279309,False,1699.6127558264811,0.0067984510233059,,,
라마74a31a,48890390,청덕면,250000.0,250000.0,1074250.0,1731250.0,128.31944338211815,35.574501412303974,727.0758536869902,False,137287.69039620034,0.5491507615848014,,,
라마74a31b,48890390,청덕면,250000.0,250000.0,1074250.0,1731750.0,128.31948929894136,35.57900923994178,328.2732824768328,False,119457.53966727352,0.477830158669094,6.0,0.0,0.0
라마74a32a,48890390,청덕면,250000.0,250000.0,1074250.0,1732250.0,128.3195352259614,35.58351706414992,432.3047524161206,False,66541.185912542,0.266164743650168,29.0,21.0,0.7241379310344828
라마74a32b,48890390,청덕면,250000.0,250000.0,1074250.0,1732750.0,128.3195811631805,35.588024884928195,875.2208006754709,False,65865.2928570972,0.2634611714283888,22.0,14.0,0.6363636363636364
라마74a33a,48890390,청덕면,250000.0,250000.0,1074250.0,1733250.0,128.31962711060086,35.5925327022764,1358.357648378534,False,1368.1584723925057,0.00547263388957,,,
라마74a33b,48890390,청덕면,250000.0,250000.0,1074250.0,1733750.0,128.31967306822486,35.59704051619434,1279.0586589862376,False,0.0,0.0,,,
라마74a34a,48890390,청덕면,250000.0,250000.0,1074250.0,1734250.0,128.31971903605472,35.60154832668186,1258.770945302103,False,49577.81278052551,0.198311251122102,0.0,0.0,
라마74a34b,48890390,청덕면,250000.0,250000.0,1074250.0,1734750.0,128.31976501409278,35.606056133738726,1425.8392379037084,False,312.69809696308096,0.0012507923878523,,,
라마74a35a,48890390,청덕면,250000.0,250000.0,1074250.0,1735250.0,128.31981100234128,35.610563937364766,1695.7782612221647,False,0.0,0.0,,,
라마74a35b,48890390,청덕면,250000.0,250000.0,1074250.0,1735750.0,128.31985700080247,35.61507173755978,1237.9526047675165,False,0.0,0.0,,,
라마74a36a,48890380,덕곡면,250000.0,250000.0,1074250.0,1736250.0,128.31990300947868,35.619579534323584,830.2947621584098,False,0.0,0.0,,,
라마74a36b,48890380,덕곡면,250000.0,250000.0,1074250.0,1736750.0,128.31994902837212,35.624087327655964,588.4319268060676,False,21934.261261251635,0.0877370450450065,6.0,0.0,0.0
라마74a37a,48890380,덕곡면,250000.0,250000.0,1074250.0,1737250.0,128.3199950574852,35.628595117556785,373.56059368574176,False,96863.51464714744,0.3874540585885897,46.0,33.0,0.717391304347826
라마74a37b,48890380,덕곡면,250000.0,250000.0,1074250.0,1737750.0,128.32004109682006,35.63310290402579,644.7228932857784,False,8097.211414281828,0.0323888456571273,0.0,0.0,
라마74a38a,48890380,덕곡면,250000.0,250000.0,1074250.0,1738250.0,128.3200871463791,35.63761068706283,1091.6902954129098,False,814.5015627999833,0.0032580062511999,,,
라마74a38b,48890380,덕곡면,250000.0,250000.0,1074250.0,1738750.0,128.3201332061645,35.642118466667704,1570.9576038425314,False,0.0,0.0,,,
라마74a39a,48890380,덕곡면,250000.0,223481.10672728435,1074250.0,1739250.0,128.32017927617866,35.646626242840206,2060.1038529750413,False,0.0,0.0,,,
라마74b24a,48890390,청덕면,250000.0,250000.0,1074750.0,1724250.0,128.324314923372,35.51135391688063,3053.9464929115843,False,0.0,0.0,,,
라마74b24b,48890390,청덕면,250000.0,250000.0,1074750.0,1724750.0,128.32436100581015,35.51586178630282,2602.648441913748,False,53851.66794836501,0.21540667179346,10.0,7.0,0.7
라마74b25a,48890390,청덕면,250000.0,250000.0,1074750.0,1725250.0,128.32440709848171,35.52036965229736,2172.779013803555,False,23683.456000685263,0.094733824002741,7.0,6.0,0.8571428571428571
라마74b25b,48890390,청덕면,250000.0,250000.0,1074750.0,1725750.0,128.32445320138896,35.52487751486405,1779.9321260807226,False,22887.189734860716,0.0915487589394428,,,
라마74b26a,48890390,청덕면,250000.0,250000.0,1074750.0,1726250.0,128.3244993145342,35.529385374002686,1454.4236329499508,False,0.0,0.0,,,
라마74b26b,48890390,청덕면,250000.0,250000.0,1074750.0,1726750.0,128.32454543791968,35.53389322971309,1250.0151337933576,False,2389.8495015437525,0.009559398006175,,,
라마74b27a,48890390,청덕면,250000.0,250000.0,1074750.0,1727250.0,128.3245915715477,35.538401081995055,1228.7097156535867,False,0.0,0.0,,,
라마74b27b,48890390,청덕면,250000.0,250000.0,1074750.0,1727750.0,128.32463771542055,35.54290893084839,1398.898601032473,False,0.0,0.0,,,
라마74b28a,48890390,청덕면,250000.0,250000.0,1074750.0,1728250.0,128.3246838695405,35.547416776272904,1704.1440744842268,False,3974.5893078766494,0.0158983572315066,,,
라마74b28b,48890390,청덕면,250000.0,250000.0,1074750.0,1728750.0,128.32473003390987,35.55192461826841,1487.3061673126465,False,1712.204107756454,0.0068488164310258,0.0,0.0,
라마74b29a,48890390,청덕면,250000.0,250000.0,1074750.0,1729250.0,128.32477620853086,35.5564324568347,1167.0282469657773,False,984.1407187307426,0.0039365628749229,,,
라마74b29b,48890390,청덕면,250000.0,250000.0,1074750.0,1729750.0,128.32482239340584,35.560940291971605,1005.8977200022856,False,126964.2218044621,0.5078568872178484,34.0,20.0,0.5882352941176471
라마74b30a,48890390,청덕면,250000.0,250000.0,1074750.0,1730250.0,128.32486858853707,35.565448123678905,1077.8244370005618,False,79457.1028251216,0.3178284113004864,0.0,0.0,
라마74b30b,48890390,청덕면,250000.0,250000.0,1074750.0,1730750.0,128.32491479392684,35.569955951956416,1345.949780224121,False,44001.86906795913,0.1760074762718365,12.0,0.0,0.0
라마74b31a,48890390,청덕면,250000.0,250000.0,1074750.0,1731250.0,128.3249610095774,35.574463776803974,1029.0448743264812,False,6420.10750415352,0.025680430016614,,,
라마74b31b,48890390,청덕면,250000.0,250000.0,1074750.0,1731750.0,128.32500723549109,35.57897159822133,798.7849550104537,False,21367.49037179153,0.0854699614871661,,,
라마74b32a,48890390,청덕면,250000.0,250000.0,1074750.0,1732250.0,128.32505347167017,35.58347941620834,846.8656654537965,False,9119.915000769111,0.0364796600030764,,,
라마74b32b,48890390,청덕면,250000.0,250000.0,1074750.0,1732750.0,128.32509971811697,35.5879872307648,1138.5541297180166,False,0.0,0.0,,,
라마74b33a,48890390,청덕면,250000.0,250000.0,1074750.0,1733250.0,128.32514597483373,35.59249504189051,1092.9128928913465,False,0.0,0.0,,,
라마74b33b,48890390,청덕면,250000.0,250000.0,1074750.0,1733750.0,128.32519224182278,35.597002849585266,801.8552432061597,False,0.2325382139393988,9.301528557575952e-07,,,
라마74b34a,48890390,청덕면,250000.0,250000.0,1074750.0,1734250.0,128.32523851908638,35.6015106538489,769.0806659033154,False,82627.43206148804,0.3305097282459521,,,
라마74b34b,48890390,청덕면,250000.0,250000.0,1074750.0,1734750.0,128.32528480662685,35.60601845468121,1019.803074262558,False,13343.41124533736,0.0533736449813494,0.0,0.0,
라마74b35a,48890390,청덕면,250000.0,250000.0,1074750.0,1735250.0,128.32533110444646,35.610526252082,1410.1459321234956,False,0.0,0.0,,,
라마74b35b,48890390,청덕면,250000.0,250000.0,1074750.0,1735750.0,128.32537741254754,35.615034046051086,1096.135201711003,False,0.0,0.0,,,
라마74b36a,48890380,덕곡면,250000.0,250000.0,1074750.0,1736250.0,128.32542373093236,35.61954183658827,598.6444026690906,False,760.9222031715424,0.0030436888126861,,,
라마74b36b,48890380,덕곡면,250000.0,250000.0,1074750.0,1736750.0,128.32547005960322,35.62404962369336,123.4417322628105,True,63178.88863860621,0.2527155545544248,39.0,28.0,0.717948717948718
라마74b37a,48890380,덕곡면,250000.0,250000.0,1074750.0,1737250.0,128.32551639856246,35.62855740736618,414.85009543334377,False,26656.13876091565,0.1066245550436626,27.0,14.0,0.5185185185185185
라마74b37b,48890380,덕곡면,250000.0,250000.0,1074750.0,1737750.0,128.32556274781228,35.63306518760651,910.4742402166388,False,0.0,0.0,,,
라마74b38a,48890380,덕곡면,250000.0,250000.0,1074750.0,1738250.0,128.3256091073551,35.63757296441418,1347.0092767939186,False,0.0,0.0,,,
라마74b38b,48890380,덕곡면,250000.0,250000.0,1074750.0,1738750.0,128.32565547719312,35.642080737788994,1757.997179673738,False,0.0,0.0,,,
라마75a24a,48890390,청덕면,250000.0,250000.0,1075250.0,1724250.0,128.329828220531,35.51131611646697,2892.024498348154,False,61930.1147566998,0.2477204590267991,12.0,0.0,0.0
라마75a24b,48890390,청덕면,250000.0,250000.0,1075250.0,1724750.0,128.32987461109815,35.51582397963664,2410.60063670343,False,45102.15627117392,0.1804086250846956,22.0,16.0,0.7272727272727273
라마75a25a,48890390,청덕면,250000.0,250000.0,1075250.0,1725250.0,128.32992101196712,35.52033183937795,1938.6039204293577,False,41125.66635924599,0.1645026654369839,0.0,0.0,
라마75a25b,48890390,청덕면,250000.0,250000.0,1075250.0,1725750.0,128.32996742314026,35.524839695690744,1485.0504674701017,False,11164.15607004816,0.0446566242801926,,,
라마75a26a,48890390,청덕면,250000.0,250000.0,1075250.0,1726250.0,128.33001384461977,35.529347548574776,1073.5756245194186,False,852.1314235164555,0.0034085256940658,,,
라마75a26b,48890390,청덕면,250000.0,250000.0,1075250.0,1726750.0,128.330060276408,35.53385539802991,774.4380880298643,False,17049.625429968215,0.0681985017198728,,,
라마75a27a,48890390,청덕면,250000.0,250000.0,1075250.0,1727250.0,128.33010671850727,35.53836324405588,739.5566799241583,False,3003.61675800418,0.0120144670320167,,,
라마75a27b,48890390,청덕면,250000.0,250000.0,1075250.0,1727750.0,128.33015317091983,35.54287108665256,997.0625925434852,False,0.0,0.0,,,
라마75a28a,48890390,청덕면,250000.0,250000.0,1075250.0,1728250.0,128.33019963364796,35.54737892581972,1393.3138713436497,False,0.0,0.0,,,
라마75a28b,48890390,청덕면,250000.0,250000.0,1075250.0,1728750.0,128.33024610669406,35.55188676155719,1208.7917145506028,False,0.0,0.0,,,
라마75a29a,48890390,청덕면,250000.0,250000.0,1075250.0,1729250.0,128.33029259006034,35.55639459386476,781.6986011602986,False,0.0,0.0,,,
라마75a29b,48890390,청덕면,250000.0,250000.0,1075250.0,1729750.0,128.33033908374912,35.56090242274224,510.8111167014174,False,110400.88780852075,0.441603551234083,0.0,,
라마75a30a,48890390,청덕면,250000.0,250000.0,1075250.0,1730250.0,128.33038558776272,35.565410248189444,640.9393815607921,False,196614.03897328093,0.7864561558931237,0.0,0.0,
라마75a30b,48890390,청덕면,250000.0,250000.0,1075250.0,1730750.0,128.33043210210343,35.56991807020616,1029.8925112482914,False,38408.2979955796,0.1536331919823184,94.0,60.0,0.6382978723404256
라마75a31a,48890390,청덕면,250000.0,250000.0,1075250.0,1731250.0,128.33047862677356,35.57442588879223,1445.4159988531128,False,45718.94445890479,0.1828757778356191,22.0,17.0,0.7727272727272727
라마75a31b,48890390,청덕면,250000.0,250000.0,1075250.0,1731750.0,128.3305251617754,35.57893370394742,1291.646801844061,False,0.0,0.0,,,
라마75a32a,48890390,청덕면,250000.0,250000.0,1075250.0,1732250.0,128.33057170711126,35.58344151567156,1321.9211442773126,False,0.0,0.0,,,
라마75a32b,48890390,청덕면,250000.0,250000.0,1075250.0,1732750.0,128.33061826278347,35.58794932396446,1323.981166697091,False,0.0,0.0,,,
라마75a33a,48890390,청덕면,250000.0,250000.0,1075250.0,1733250.0,128.33066482879428,35.592457128825934,837.5197725293827,False,9155.176655062289,0.0366207066202491,,,
라마75a33b,48890390,청덕면,250000.0,250000.0,1075250.0,1733750.0,128.3307114051461,35.59696493025576,387.237148252523,False,14973.753090355536,0.0598950123614221,0.0,0.0,
라마75a34a,48890390,청덕면,250000.0,250000.0,1075250.0,1734250.0,128.33075799184112,35.601472728253775,313.79268410181913,False,99455.0143239428,0.3978200572957712,12.0,7.0,0.5833333333333334
라마75a34b,48890390,청덕면,250000.0,250000.0,1075250.0,1734750.0,128.33080458888173,35.60598052281977,739.5803460104262,False,0.0,0.0,,,
라마75a35a,48890390,청덕면,250000.0,250000.0,1075250.0,1735250.0,128.3308511962702,35.61048831395356,1222.903237306198,False,0.0,0.0,,,
라마75a35b,48890380,덕곡면,250000.0,250000.0,1075250.0,1735750.0,128.33089781400886,35.614996101654945,1170.6827534432048,False,9818.3032798297,0.0392732131193188,0.0,,
라마75a36a,48890380,덕곡면,250000.0,250000.0,1075250.0,1736250.0,128.33094444210002,35.619503885923734,726.1961509305694,False,36071.63547005453,0.1442865418802181,0.0,0.0,
라마75a36b,48890380,덕곡면,250000.0,250000.0,1075250.0,1736750.0,128.33099108054597,35.62401166675976,429.2127561517544,False,46408.08297007372,0.1856323318802948,0.0,,
라마75a37a,48890380,덕곡면,250000.0,250000.0,1075250.0,1737250.0,128.33103772934905,35.6285194441628,584.0259672826171,False,969.9159434568874,0.0038796637738275,,,
라마75a37b,48890380,덕곡면,250000.0,250000.0,1075250.0,1737750.0,128.33108438851158,35.63302721813267,998.9740091100508,False,0.0,0.0,,,
라마75a38a,48890380,덕곡면,250000.0,250000.0,1075250.0,1738250.0,128.33113105803585,35.637534988669174,1467.927726863424,False,0.0,0.0,,,
라마75a38b,48890380,덕곡면,250000.0,250000.0,1075250.0,1738750.0,128.33117773792418,35.642042755772145,1952.3510318873064,False,0.0,0.0,,,
라마75a39a,48890380,덕곡면,250000.0,183468.31888758787,1075250.0,1739250.0,128.3312244281789,35.64655051944136,2443.0590029977666,False,0.0,0.0,,,
라마75b24a,48890390,청덕면,250000.0,246988.7458835232,1075750.0,1724250.0,128.33534150739047,35.511278064126856,2450.952274569857,False,57177.189130108905,0.2314971434247978,0.0,,
라마75b24b,48890390,청덕면,250000.0,250000.0,1075750.0,1724750.0,128.33538820608436,35.515785921002305,2312.620147614802,False,68112.38936139889,0.2724495574455955,14.0,10.0,0.7142857142857143
라마75b25a,48890390,청덕면,250000.0,250000.0,1075750.0,1725250.0,128.33543491514848,35.52029377444873,1815.3241247179528,False,24120.29494927747,0.0964811797971098,10.0,0.0,0.0
라마75b25b,48890390,청덕면,250000.0,250000.0,1075750.0,1725750.0,128.33548163458514,35.52480162446593,1320.0725011953298,False,0.0,0.0,,,
라마75b26a,48890390,청덕면,250000.0,250000.0,1075750.0,1726250.0,128.33552836439665,35.5293094710537,830.5306370274283,False,13012.981726970813,0.0520519269078832,,,
라마75b26b,48890390,청덕면,250000.0,250000.0,1075750.0,1726750.0,128.33557510458533,35.533817314211845,370.09575743350257,False,59235.86387605858,0.2369434555042343,25.0,12.0,0.48
라마75b27a,48890390,청덕면,250000.0,250000.0,1075750.0,1727250.0,128.3356218551535,35.53832515394017,290.10446445956336,True,46637.45152189298,0.1865498060875719,13.0,10.0,0.7692307692307693
라마75b27b,48890390,청덕면,250000.0,250000.0,1075750.0,1727750.0,128.33566861610348,35.5428329902385,728.9378100554684,False,0.0,0.0,,,
라마75b28a,48890390,청덕면,250000.0,250000.0,1075750.0,1728250.0,128.33571538743757,35.54734082310661,1215.952327008569,False,0.0,0.0,,,
라마75b28b,48890390,청덕면,250000.0,250000.0,1075750.0,1728750.0,128.33576216915804,35.551848652544344,1100.1250760736884,False,14219.374699087684,0.0568774987963507,6.0,0.0,0.0
라마75b29a,48890390,청덕면,250000.0,250000.0,1075750.0,1729250.0,128.33580896126728,35.55635647855147,600.1253843122453,False,1232.2695525409042,0.0049290782101636,,,
라마75b29b,48890390,청덕면,250000.0,250000.0,1075750.0,1729750.0,128.3358557637676,35.56086430112784,100.12877101863134,True,64405.30560908747,0.2576212224363499,15.0,12.0,0.8
라마75b30a,48890390,청덕면,250000.0,250000.0,1075750.0,1730250.0,128.33590257666123,35.56537212027322,399.8763117208657,False,207776.46938079668,0.8311058775231868,0.0,0.0,
라마75b30b,48890390,청덕면,250000.0,250000.0,1075750.0,1730750.0,128.3359493999506,35.569879935987416,899.8757461812517,False,142343.33836835998,0.56937335347344,6.0,0.0,0.0
라마75b31a,48890390,청덕면,250000.0,250000.0,1075750.0,1731250.0,128.335996233638,35.57438774827027,1399.8755846342367,False,59842.26355544576,0.239369054221783,,,
라마75b31b,48890390,청덕면,250000.0,250000.0,1075750.0,1731750.0,128.33604307772566,35.57889555712157,1747.465208263278,False,33389.18075573679,0.1335567230229471,12.0,9.0,0.75
라마75b32a,48890390,청덕면,250000.0,250000.0,1075750.0,1732250.0,128.336089932216,35.58340336254111,1542.9517889819515,False,40769.02372259526,0.163076094890381,,,
라마75b32b,48890390,청덕면,250000.0,250000.0,1075750.0,1732750.0,128.33613679711132,35.58791116452872,1326.6148301968165,False,85561.51243434838,0.3422460497373935,,,
라마75b33a,48890390,청덕면,250000.0,250000.0,1075750.0,1733250.0,128.33618367241394,35.59241896308421,841.6769851357502,False,112981.87332966027,0.4519274933186411,16.0,9.0,0.5625
라마75b33b,48890390,청덕면,250000.0,250000.0,1075750.0,1733750.0,128.33623055812618,35.596926758207346,396.1481880764867,False,76821.19569171156,0.3072847827668462,13.0,9.0,0.6923076923076923
라마75b34a,48890390,청덕면,250000.0,250000.0,1075750.0,1734250.0,128.33627745425034,35.60143454989799,324.72546331533823,False,36571.96073299243,0.1462878429319697,32.0,22.0,0.6875
라마75b34b,48890390,청덕면,250000.0,250000.0,1075750.0,1734750.0,128.33632436078875,35.605942338155906,744.2848017623621,False,11404.465966888349,0.0456178638675533,0.0,0.0,
라마75b35a,48890390,청덕면,250000.0,250000.0,1075750.0,1735250.0,128.33637127774378,35.610450122980936,1225.7540967679922,False,0.0,0.0,,,
라마75b35b,48890380,덕곡면,250000.0,250000.0,1075750.0,1735750.0,128.3364182051177,35.61495790437286,1428.104981431234,False,0.0,0.0,,,
라마75b36a,48890380,덕곡면,250000.0,250000.0,1075750.0,1736250.0,128.33646514291289,35.61946568233149,1093.7762926694454,False,1038.3466808103194,0.0041533867232412,,,
라마75b36b,48890380,덕곡면,250000.0,250000.0,1075750.0,1736750.0,128.33651209113162,35.623973456856646,923.6933034415306,False,45024.20594233364,0.1800968237693345,,,
라마75b37a,48890380,덕곡면,250000.0,250000.0,1075750.0,1737250.0,128.33655904977624,35.628481227948136,1005.02341228438,False,12547.969764974096,0.0501918790598963,8.0,0.0,0.0
라마75b37b,48890380,덕곡면,250000.0,250000.0,1075750.0,1737750.0,128.33660601884912,35.63298899560577,1291.098292019918,False,1687.3010916433077,0.0067492043665732,,,
라마75b38a,48890380,덕곡면,250000.0,250000.0,1075750.0,1738250.0,128.33665299835255,35.63749675982933,1680.4158830699505,False,12771.43521723856,0.0510857408689542,11.0,0.0,0.0
라마75b38b,48890380,덕곡면,250000.0,250000.0,1075750.0,1738750.0,128.33669998828884,35.64200452061866,2116.757019709813,False,2872.382041281169,0.0114895281651246,,,
라마76a23b,48890390,청덕면,250000.0,126872.1379468385,1076250.0,1723750.0,128.34080778750007,35.50673190589262,1837.953200847768,False,0.0,0.0,,,
라마76a24a,48890390,청덕면,250000.0,242606.3996670947,1076250.0,1724250.0,128.34085478388204,35.51123975986176,1986.735173498599,False,0.0,0.0,,,
라마76a24b,48890390,청덕면,250000.0,250000.0,1076250.0,1724750.0,128.34090179070031,35.51574761040135,2080.441243047032,False,65434.51875810744,0.2617380750324298,17.0,10.0,0.5882352941176471
라마76a25a,48890390,청덕면,250000.0,250000.0,1076250.0,1725250.0,128.34094880795723,35.52025545751122,1825.545999218296,False,17897.779478184824,0.0715911179127393,30.0,22.0,0.7333333333333333
라마76a25b,48890390,청덕면,250000.0,250000.0,1076250.0,1725750.0,128.34099583565515,35.52476330119115,1334.0944216550115,False,0.0,0.0,,,
라마76a26a,48890390,청덕면,250000.0,250000.0,1076250.0,1726250.0,128.34104287379637,35.52927114144096,852.6415756460108,False,1686.2121002315107,0.006744848400926,,,
라마76a26b,48890390,청덕면,250000.0,250000.0,1076250.0,1726750.0,128.3410899223832,35.53377897826046,417.3576250042691,False,81782.38510769236,0.3271295404307694,0.0,0.0,
라마76a27a,48890390,청덕면,250000.0,250000.0,1076250.0,1727250.0,128.34113698141795,35.53828681164944,348.3921896057605,False,54751.95279544868,0.2190078111817947,19.0,14.0,0.7368421052631579
라마76a27b,48890390,청덕면,250000.0,250000.0,1076250.0,1727750.0,128.34118405090302,35.542794641607706,754.0337183491122,False,24238.23454749641,0.0969529381899856,17.0,9.0,0.5294117647058824
라마76a28a,48890390,청덕면,250000.0,250000.0,1076250.0,1728250.0,128.3412311308407,35.54730246813508,1231.1606633727704,False,53570.85448129096,0.2142834179251638,10.0,,
라마76a28b,48890390,청덕면,250000.0,250000.0,1076250.0,1728750.0,128.3412782212333,35.55181029123137,1208.0450971905357,False,22137.4783122932,0.0885499132491727,0.0,,
라마76a29a,48890390,청덕면,250000.0,250000.0,1076250.0,1729250.0,128.3413253220832,35.55631811089636,780.5435610751474,False,0.0,0.0,,,
라마76a29b,48890390,청덕면,250000.0,250000.0,1076250.0,1729750.0,128.34137243339268,35.5608259271299,509.04179064754,False,2107.1327738671826,0.0084285310954687,,,
라마76a30a,48890390,청덕면,250000.0,250000.0,1076250.0,1730250.0,128.3414195551641,35.565333739931745,639.5301701369806,False,78157.42700366823,0.3126297080146729,,,
라마76a30b,48890390,청덕면,250000.0,250000.0,1076250.0,1730750.0,128.3414666873998,35.569841549301714,1029.016099196323,False,83024.47440888829,0.3320978976355531,,,
라마76a31a,48890390,청덕면,250000.0,250000.0,1076250.0,1731250.0,128.34151383010206,35.574349355239626,1486.1862017577064,False,43496.54651880864,0.1739861860752345,13.0,8.0,0.6153846153846154
라마76a31b,48890390,청덕면,250000.0,250000.0,1076250.0,1731750.0,128.3415609832733,35.5788571577453,1348.9919596837824,False,79595.58201068433,0.3183823280427373,0.0,0.0,
라마76a32a,48890390,청덕면,250000.0,250000.0,1076250.0,1732250.0,128.3416081469158,35.583364956818514,1070.9084350790572,False,70525.12420418825,0.282100496816753,0.0,,
라마76a32b,48890390,청덕면,250000.0,250000.0,1076250.0,1732750.0,128.34165532103188,35.5878727524591,986.869011244886,False,21918.594978971167,0.0876743799158846,33.0,26.0,0.7878787878787878
라마76a33a,48890390,청덕면,250000.0,250000.0,1076250.0,1733250.0,128.34170250562397,35.59238054466685,1102.4522326326628,False,1589.1443326769531,0.0063565773307078,10.0,6.0,0.6
라마76a33b,48890390,청덕면,250000.0,250000.0,1076250.0,1733750.0,128.3417497006943,35.596888333441555,814.8092812712804,False,0.0,0.0,,,
라마76a34a,48890390,청덕면,250000.0,250000.0,1076250.0,1734250.0,128.34179690624526,35.60139611878308,782.57741115809,False,0.0,0.0,,,
라마76a34b,48890390,청덕면,250000.0,250000.0,1076250.0,1734750.0,128.34184412227918,35.60590390069116,1030.0197299391773,False,0.0,0.0,,,
라마76a35a,48890390,청덕면,250000.0,250000.0,1076250.0,1735250.0,128.3418913487984,35.61041167916566,1417.55207441316,False,0.0,0.0,,,
라마76a35b,48890380,덕곡면,250000.0,250000.0,1076250.0,1735750.0,128.34193858580528,35.61491945420635,1277.7627574160088,False,588.7754733415504,0.0023551018933662,0.0,0.0,
라마76a36a,48890380,덕곡면,250000.0,250000.0,1076250.0,1736250.0,128.34198583330218,35.619427225813055,1064.9716064392671,False,32988.97895520972,0.1319559158208388,0.0,0.0,
라마76a36b,48890380,덕곡면,250000.0,250000.0,1076250.0,1736750.0,128.34203309129134,35.62393499398558,1065.6694519429109,False,41758.357523877465,0.1670334300955098,41.0,32.0,0.7804878048780488
라마76a37a,48890380,덕곡면,250000.0,250000.0,1076250.0,1737250.0,128.34208035977522,35.62844275872374,1279.5070297137,False,1283.2004224386872,0.0051328016897547,9.0,6.0,0.6666666666666666
라마76a37b,48890380,덕곡면,250000.0,250000.0,1076250.0,1737750.0,128.3421276387561,35.63295052002734,1624.3845287890567,False,12560.689852167056,0.0502427594086682,16.0,14.0,0.875
라마76a38a,48890380,덕곡면,250000.0,250000.0,1076250.0,1738250.0,128.34217492823635,35.63745827789618,1998.195002709471,False,18034.621006134326,0.0721384840245373,,,
라마76a38b,48890380,덕곡면,250000.0,250000.0,1076250.0,1738750.0,128.34222222821833,35.64196603233006,2376.8984011249017,False,13361.239895217375,0.0534449595808695,,,
라마76b23b,48890390,청덕면,250000.0,247034.0954711045,1076750.0,1723750.0,128.3463207455016,35.50669335608092,1348.3403004820068,False,9288.696059728683,0.0376008665606047,8.0,0.0,0.0
라마76b24a,48890390,청덕면,250000.0,250000.0,1076750.0,1724250.0,128.34636804993724,35.511201203673224,1545.0133484905111,False,25684.267912617423,0.1027370716504697,7.0,0.0,0.0
라마76b24b,48890390,청덕면,250000.0,250000.0,1076750.0,1724750.0,128.3464153648776,35.515709047835294,1586.5385431014038,False,27981.55110554053,0.1119262044221621,13.0,,
라마76b25a,48890390,청덕면,250000.0,250000.0,1076750.0,1725250.0,128.34646269032504,35.52021688856692,1746.3965956201596,False,1462.0839743360077,0.005848335897344,,,
라마76b25b,48890390,청덕면,250000.0,250000.0,1076750.0,1725750.0,128.34651002628186,35.52472472586793,1522.1775334598608,False,0.0,0.0,,,
라마76b26a,48890390,청덕면,250000.0,250000.0,1076750.0,1726250.0,128.34655737275042,35.52923255973811,1124.3727913815053,False,730.1392740277644,0.002920557096111,,,
라마76b26b,48890390,청덕면,250000.0,250000.0,1076750.0,1726750.0,128.34660472973306,35.53374039017728,843.4476300447647,False,9743.483392466069,0.0389739335698642,,,
라마76b27a,48890390,청덕면,250000.0,250000.0,1076750.0,1727250.0,128.34665209723215,35.53824821718521,811.5378212118164,False,106143.32773180852,0.4245733109272341,,,
라마76b27b,48890390,청덕면,250000.0,250000.0,1076750.0,1727750.0,128.34669947524995,35.54275604076176,1051.5623452208215,False,77026.90298575354,0.3081076119430141,0.0,0.0,
라마76b28a,48890390,청덕면,250000.0,250000.0,1076750.0,1728250.0,128.3467468637889,35.54726386090668,1432.81998049839,False,10114.686799329062,0.0404587471973162,,,
라마76b28b,48890390,청덕면,250000.0,250000.0,1076750.0,1728750.0,128.3467942628513,35.55177167761983,1486.0924367905395,False,774.5379838465559,0.0030981519353862,0.0,0.0,
라마76b29a,48890390,청덕면,250000.0,250000.0,1076750.0,1729250.0,128.3468416724395,35.556279490900984,1165.4810271196288,False,15047.478657451487,0.0601899146298059,22.0,12.0,0.5454545454545454
라마76b29b,48890390,청덕면,250000.0,250000.0,1076750.0,1729750.0,128.34688909255584,35.56078730074996,1004.1022450256778,False,35904.49144909498,0.1436179657963799,45.0,34.0,0.7555555555555555
라마76b30a,48890390,청덕면,250000.0,250000.0,1076750.0,1730250.0,128.3469365232027,35.56529510716656,1076.14897312379,False,36347.0335860115,0.145388134344046,0.0,0.0,
라마76b30b,48890390,청덕면,250000.0,250000.0,1076750.0,1730750.0,128.34698396438236,35.56980291015058,1344.6084583421186,False,3492.873256385513,0.013971493025542,0.0,0.0,
라마76b31a,48890390,청덕면,250000.0,250000.0,1076750.0,1731250.0,128.34703141609722,35.574310709701834,1502.9498965236262,False,67353.94751276,0.26941579005104,,,
라마76b31b,48890390,청덕면,250000.0,250000.0,1076750.0,1731750.0,128.34707887834963,35.57881850582014,1042.076753647428,False,67591.15302061017,0.2703646120824406,0.0,,
라마76b32a,48890390,청덕면,250000.0,250000.0,1076750.0,1732250.0,128.34712635114198,35.5833262985053,642.6426141521786,False,1150.4193179997053,0.0046016772719988,,,
라마76b32b,48890390,청덕면,250000.0,250000.0,1076750.0,1732750.0,128.34717383447654,35.58783408775711,489.9541800580228,False,0.0,0.0,,,
라마76b33a,48890390,청덕면,250000.0,250000.0,1076750.0,1733250.0,128.3472213283557,35.5923418735754,753.0741448146478,False,0.0,0.0,,,
라마76b33b,48890390,청덕면,250000.0,250000.0,1076750.0,1733750.0,128.3472688327818,35.596849655959936,1180.756637339082,False,0.0,0.0,,,
라마76b34a,48890380,덕곡면,250000.0,250000.0,1076750.0,1734250.0,128.3473163477572,35.60135743491056,1272.5596969825954,False,0.0,0.0,,,
라마76b34b,48890380,덕곡면,250000.0,250000.0,1076750.0,1734750.0,128.34736387328434,35.60586521042707,1388.0748227159572,False,0.0,0.0,,,
라마76b35a,48890380,덕곡면,250000.0,250000.0,1076750.0,1735250.0,128.34741140936544,35.61037298250928,1109.4915114498442,False,0.0,0.0,,,
라마76b35b,48890380,덕곡면,250000.0,250000.0,1076750.0,1735750.0,128.3474589560029,35.61488075115698,920.3843844251946,False,16104.401135901424,0.0644176045436056,18.0,10.0,0.5555555555555556
라마76b36a,48890380,덕곡면,250000.0,250000.0,1076750.0,1736250.0,128.3475065131991,35.61938851636999,590.4187271557497,False,120983.5431412576,0.4839341725650304,26.0,18.0,0.6923076923076923
라마76b36b,48890380,덕곡면,250000.0,250000.0,1076750.0,1736750.0,128.3475540809564,35.62389627814812,591.6765431033131,False,108790.1069185662,0.4351604276742647,30.0,19.0,0.6333333333333333
라마76b37a,48890380,덕곡면,250000.0,250000.0,1076750.0,1737250.0,128.34760165927716,35.62840403649117,922.8044158656576,False,40640.6161790056,0.1625624647160224,21.0,10.0,0.4761904761904761
라마76b37b,48890380,덕곡면,250000.0,250000.0,1076750.0,1737750.0,128.34764924816372,35.63291179139894,1361.2695722095712,False,45811.31467320208,0.1832452586928083,56.0,32.0,0.5714285714285714
라마76b38a,48890380,덕곡면,250000.0,250000.0,1076750.0,1738250.0,128.34769684761844,35.63741954287125,1831.5408012124929,False,0.0,0.0,,,
라마76b38b,48890380,덕곡면,250000.0,250000.0,1076750.0,1738750.0,128.34774445764373,35.641927290907915,2314.309522252495,False,57076.316026960456,0.2283052641078418,42.0,27.0,0.6428571428571429
라마77a23a,48890390,청덕면,250000.0,140502.459785294,1077250.0,1723250.0,128.35178609108448,35.5021467097844,830.0159529739823,False,108463.57828168877,0.7719692484205272,,,
라마77a23b,48890390,청덕면,250000.0,250000.0,1077250.0,1723750.0,128.35183369300074,35.50665455438898,870.6153934437765,False,133215.04108805364,0.5328601643522145,8.0,7.0,0.875
라마77a24a,48890390,청덕면,250000.0,250000.0,1077250.0,1724250.0,128.35188130548775,35.511162395562806,1083.1328687073492,False,17963.688944534722,0.0718547557781388,18.0,0.0,0.0
라마77a24b,48890390,청덕면,250000.0,250000.0,1077250.0,1724750.0,128.35192892854786,35.51567023330568,1098.1681709654356,False,0.0,0.0,,,
라마77a25a,48890390,청덕면,250000.0,250000.0,1077250.0,1725250.0,128.35197656218347,35.520178067617415,1318.6242270521684,False,0.0,0.0,,,
라마77a25b,48890390,청덕면,250000.0,250000.0,1077250.0,1725750.0,128.35202420639686,35.524685898497815,1664.8022022499513,False,0.0,0.0,,,
라마77a26a,48890390,청덕면,250000.0,250000.0,1077250.0,1726250.0,128.35207186119044,35.52919372594668,1517.0467004934171,False,0.0,0.0,,,
라마77a26b,48890390,청덕면,250000.0,220266.68039793443,1077250.0,1726750.0,128.35211952656653,35.53370154996383,1322.3541212954478,False,0.0,0.0,,,
라마77a29a,48890390,청덕면,250000.0,132324.4091725862,1077250.0,1729250.0,128.35235801226764,35.55624061856686,1614.7581238116677,False,0.0,0.0,,,
라마77a29b,48890390,청덕면,250000.0,231811.02444464105,1077250.0,1729750.0,128.3524057411885,35.56074842198959,1502.4377166144222,False,30719.883926457143,0.1325212379353139,,,
라마77a30a,48890390,청덕면,250000.0,250000.0,1077250.0,1730250.0,128.35245348070842,35.56525622197922,1551.5135791205116,False,59817.49797696091,0.2392699919078436,0.0,,
라마77a30b,48890390,청덕면,250000.0,250000.0,1077250.0,1730750.0,128.35250123082974,35.56976401853556,1748.4477916383782,False,88400.51659028041,0.3536020663611217,28.0,18.0,0.6428571428571429
라마77a31a,48890390,청덕면,250000.0,250000.0,1077250.0,1731250.0,128.35254899155484,35.574271811658456,1423.0260168602854,False,7973.875151319374,0.0318955006052774,,,
라마77a31b,48890390,청덕면,250000.0,250000.0,1077250.0,1731750.0,128.3525967628861,35.57877960134766,923.0756272880528,False,125479.24647721028,0.501916985908841,,,
라마77a32a,48890390,청덕면,250000.0,250000.0,1077250.0,1732250.0,128.3526445448259,35.58328738760302,423.2424632822376,False,59025.791071438456,0.2361031642857538,0.0,0.0,
라마77a32b,48890390,청덕면,250000.0,250000.0,1077250.0,1732750.0,128.35269233737657,35.58779517042433,78.73850238098134,True,20119.870212798975,0.0804794808511959,27.0,15.0,0.5555555555555556
라마77a33a,48890390,청덕면,250000.0,246361.3968836956,1077250.0,1733250.0,128.35274014054048,35.592302949811405,577.291365593825,False,3661.065651165271,0.0148605491666927,0.0,,
라마77a33b,48890380,덕곡면,250000.0,168952.35859149724,1077250.0,1733750.0,128.35278795432,35.596810725764016,1077.1865622171338,False,0.0,0.0,,,
라마77a35a,48890380,덕곡면,250000.0,215936.49015432573,1077250.0,1735250.0,128.35293145937607,35.610334033013345,681.8898063395159,False,0.0,0.0,,,
라마77a35b,48890380,덕곡면,250000.0,250000.0,1077250.0,1735750.0,128.35297931564176,35.61484179522629,518.8385187233754,False,135126.48506675183,0.5405059402670074,,,
라마77a36a,48890380,덕곡면,250000.0,250000.0,1077250.0,1736250.0,128.353027182535,35.61934955400382,251.0458608115217,True,161789.4052553348,0.6471576210213392,11.0,0.0,0.0
라마77a36b,48890380,덕곡면,250000.0,250000.0,1077250.0,1736750.0,128.35307506005802,35.62385730934577,253.9899260070545,True,118688.60660020931,0.4747544264008373,31.0,13.0,0.4193548387096774
라마77a37a,48890380,덕곡면,250000.0,250000.0,1077250.0,1737250.0,128.35312294821327,35.628365061251934,752.3282134783594,False,21330.492133176955,0.0853219685327078,9.0,0.0,0.0
라마77a37b,48890380,덕곡면,250000.0,250000.0,1077250.0,1737750.0,128.35317084700316,35.63287280972211,1251.9922520039854,False,87022.10743191194,0.3480884297276477,,,
라마77a38a,48890380,덕곡면,250000.0,250000.0,1077250.0,1738250.0,128.35321875643,35.63738055475612,1751.8480120605448,False,136000.76338987774,0.544003053559511,,,
라마77a38b,48890380,덕곡면,250000.0,185735.4948299114,1077250.0,1738750.0,128.35326667649622,35.64188829635376,2251.767820101121,False,32593.60057907102,0.1754839623353567,,,
라마77b23b,48890390,청덕면,250000.0,250000.0,1077750.0,1723750.0,128.35734662992914,35.50661550081838,444.8828617721919,False,11548.573649623371,0.0461942945984934,,,
라마77b24a,48890390,청덕면,250000.0,250000.0,1077750.0,1724250.0,128.35739455046513,35.51112333553204,601.7022471700244,False,0.0,0.0,,,
라마77b24b,48890390,청덕면,250000.0,250000.0,1077750.0,1724750.0,128.35744248164266,35.51563116681406,628.3646351417428,False,3169.373126130406,0.0126774925045216,0.0,0.0,
라마77b25a,48890390,청덕면,250000.0,250000.0,1077750.0,1725250.0,128.35749042346404,35.52013899466423,963.1399873041167,False,46386.561672848205,0.1855462466913928,0.0,0.0,
라마77b25b,48890390,청덕면,250000.0,250000.0,1077750.0,1725750.0,128.35753837593168,35.52464681908236,1400.155404086108,False,32016.53810477898,0.1280661524191159,36.0,17.0,0.4722222222222222
라마77b26a,48890390,청덕면,250000.0,174152.46328449232,1077750.0,1726250.0,128.3575863390479,35.529154640068235,1869.0189073519,False,1270.2105085512671,0.0072936694927838,23.0,14.0,0.6086956521739131
라마77b30b,48890390,청덕면,250000.0,134980.4671783227,1077750.0,1730750.0,128.35801848667333,35.56972487445822,1991.000283483188,False,0.0,0.0,,,
라마77b31a,48890390,청덕면,250000.0,154760.34364107292,1077750.0,1731250.0,128.35806655640633,35.574232661111,1513.6537575886102,False,0.0,0.0,,,
라마77b31b,48890390,청덕면,250000.0,167562.74091651407,1077750.0,1731750.0,128.35811463681404,35.57874044432941,1057.4560354426576,False,12727.74284578554,0.0759580726369651,,,
라마77b32a,48890390,청덕면,250000.0,144951.39034396212,1077750.0,1732250.0,128.35816272789893,35.583248224113234,667.292166840048,False,3526.650279628012,0.0243298823920174,,,
라마77b35b,48890380,덕곡면,250000.0,250000.0,1077750.0,1735750.0,128.35849966465315,35.61480258641582,56.530545031417134,True,94703.85623485444,0.3788154249394178,66.0,39.0,0.5909090909090909
라마77b36a,48890380,덕곡면,250000.0,250000.0,1077750.0,1736250.0,128.35854784124098,35.619310338716126,526.7388110676678,False,229433.314567082,0.917733258268328,,,
라마77b36b,48890380,덕곡면,250000.0,250000.0,1077750.0,1736750.0,128.3585960285274,35.62381808758012,528.1483062241621,False,203764.86698723756,0.8150594679489501,,,
라마77b37a,48890380,덕곡면,250000.0,249625.547318002,1077750.0,1737250.0,128.35864422651483,35.62832583300761,883.41807296994,False,115644.23470103276,0.4632708308245057,0.0,,
라마77b37b,48890380,덕곡면,250000.0,194601.18679889385,1077750.0,1737750.0,128.35869243520565,35.63283357499841,1334.883646589617,False,86565.93347186068,0.444837644085492,,,
라마78a23a,48890390,청덕면,250000.0,169121.55435957096,1078250.0,1723250.0,128.36281133834328,35.50206836372658,262.34648270181754,True,74675.59887270471,0.4415498613141658,10.0,7.0,0.7
라마78a23b,48890390,청덕면,250000.0,250000.0,1078250.0,1723750.0,128.3628595562184,35.506576195370634,371.3089792827111,False,84819.6550620044,0.3392786202480176,9.0,0.0,0.0
라마78a24a,48890390,청덕면,250000.0,250000.0,1078250.0,1724250.0,128.36290778480105,35.5110840235825,225.6421441679333,True,91425.28981679982,0.3657011592671992,17.0,9.0,0.5294117647058824
라마78a24b,48890390,청덕면,250000.0,250000.0,1078250.0,1724750.0,128.3629560240936,35.515591848362,289.3283561493082,True,10114.98036553327,0.040459921462133,20.0,12.0,0.6
라마78a25a,48890390,청덕면,250000.0,250000.0,1078250.0,1725250.0,128.3630042740984,35.520099669708934,785.1798635468305,False,33391.21595558011,0.1335648638223204,54.0,28.0,0.5185185185185185
라마78a25b,48890390,청덕면,250000.0,131188.32691257307,1078250.0,1725750.0,128.36305253481785,35.52460748762311,1284.2522877405272,False,13556.456830742332,0.1033358466395921,,,
라마78a35b,48890380,덕곡면,250000.0,120304.01079926208,1078250.0,1735750.0,128.36402000296837,35.61476312472717,487.0297696568782,False,6053.866051620325,0.0503213983590433,,,
라마78b23a,48890390,청덕면,250000.0,185190.2630780904,1078750.0,1723250.0,128.36832394594916,35.50202881294603,713.2848479978868,False,104436.03580327536,0.5639391297761542,,,
라마78b23b,48890390,청덕면,250000.0,250000.0,1078750.0,1723750.0,128.36837247180017,35.506536638047336,760.1446937875198,False,204429.0341281857,0.817716136512743,,,
라마78b24a,48890390,청덕면,250000.0,198598.35197237704,1078750.0,1724250.0,128.36842100842708,35.51104445971574,489.6765873512309,False,116077.4028109073,0.5844832127662996,,,
라마78b24b,48890390,청덕면,250000.0,209279.54948721747,1078750.0,1724750.0,128.36846955583223,35.51555227795106,522.091640085633,False,36798.39963070808,0.1758337100823875,0.0,0.0,
라마78b25a,48890390,청덕면,250000.0,127633.47578949106,1078750.0,1725250.0,128.3685181140181,35.52006009275309,897.4275464318357,False,3877.0615588946266,0.0303765257109283,,,
라마79a24b,48890390,청덕면,250000.0,120623.31875090112,1079250.0,1724750.0,128.37398307679018,35.51551245558282,980.5347845041252,False,0.0,0.0,,,
