grid_id,nearest_shelter_id,nearest_shelter_distance_m,current_covered,shelter_count
라마41a26a,SHELTER_001,3299.608357803863,False,0
라마41a26b,SHELTER_001,3323.41517824437,False,0
라마41a27a,SHELTER_001,3420.9299289931396,False,0
라마41a27b,SHELTER_001,3586.1448257393286,False,0
라마41b24b,SHELTER_001,3219.639656877917,False,0
라마41b25a,SHELTER_001,3003.956166830152,False,0
라마41b25b,SHELTER_001,2860.3191752552466,False,0
라마41b26a,SHELTER_001,2799.839087595715,False,0
라마41b26b,SHELTER_001,2827.8564405791108,False,0
라마41b27a,SHELTER_001,2941.843840284645,False,0
라마41b27b,SHELTER_001,3132.4300970199893,False,0
라마41b28a,SHELTER_001,3386.708054263404,False,0
라마42a22b,SHELTER_001,4264.630182477355,False,0
라마42a23a,SHELTER_001,3852.887712533651,False,0
라마42a23b,SHELTER_001,3464.450440905274,False,0
라마42a24a,SHELTER_001,3108.068530387433,False,0
라마42a24b,SHELTER_001,2796.0263091896413,False,0
라마42a25a,SHELTER_001,2544.687849968361,False,0
라마42a25b,SHELTER_001,2373.4172380499285,False,0
라마42a26a,SHELTER_001,2300.1701063113796,False,0
라마42a26b,SHELTER_001,2334.1927191353448,False,0
라마42a27a,SHELTER_001,2471.0582312362467,False,0
라마42a27b,SHELTER_001,2695.1441360818458,False,0
라마42a28a,SHELTER_001,2986.88383542988,False,0
라마42a28b,SHELTER_001,3328.535440467513,False,0
라마42b22b,SHELTER_001,4017.306833543654,False,0
라마42b23a,SHELTER_001,3577.209432914502,False,0
라마42b23b,SHELTER_001,3155.011958618928,False,0
라마42b24a,SHELTER_001,2758.9442892389825,False,0
라마42b24b,SHELTER_001,2401.9672610633866,False,0
라마42b25a,SHELTER_001,2104.0722077239407,False,0
라마42b25b,SHELTER_001,1893.354955472494,False,0
라마42b26a,SHELTER_001,1800.6849028933968,False,0
라마42b26b,SHELTER_001,1843.9466509647598,False,0
라마42b27a,SHELTER_001,2014.4012469466218,False,0
라마42b27b,SHELTER_001,2283.7437500288984,False,0
라마42b28a,SHELTER_001,2621.670964841318,False,0
라마42b28b,SHELTER_001,3005.134236600415,False,0
라마43a19b,SHELTER_042,3375.377686580286,False,0
라마43a20a,SHELTER_042,3425.9543586046757,False,0
라마43a20b,SHELTER_042,3546.9919660778296,False,0
라마43a21a,SHELTER_042,3731.640490132853,False,0
라마43a21b,SHELTER_042,3971.0363241573664,False,0
라마43a22a,SHELTER_042,4255.950919354632,False,0
라마43a22b,SHELTER_001,3819.743158430451,False,0
라마43a23a,SHELTER_001,3353.8203482703407,False,0
라마43a23b,SHELTER_001,2899.2730227710776,False,0
라마43a24a,SHELTER_001,2462.4088191573906,False,0
라마43a24b,SHELTER_001,2054.5389567394545,False,0
라마43a25a,SHELTER_001,1696.7037033188785,False,0
라마43a25b,SHELTER_001,1427.0517120805218,False,0
라마43a26a,SHELTER_001,1301.5950680022954,False,0
라마43a26b,SHELTER_001,1360.8169800321614,False,0
라마43a27a,SHELTER_001,1584.138878141624,False,0
라마43a27b,SHELTER_001,1914.9854091704601,False,0
라마43a28a,SHELTER_001,2307.5619708756917,False,0
라마43a28b,SHELTER_001,2735.41868486849,False,0
라마43a29a,SHELTER_001,3184.366265620776,False,0
라마43a29b,SHELTER_001,3646.623321062865,False,0
라마43b18a,SHELTER_042,3199.5530079549803,False,0
라마43b18b,SHELTER_042,3013.491030498026,False,0
라마43b19a,SHELTER_042,2902.6051972444243,False,0
라마43b19b,SHELTER_042,2875.6052704167582,False,0
라마43b20a,SHELTER_042,2934.8073891529793,False,0
라마43b20b,SHELTER_042,3075.2370886819795,False,0
라마43b21a,SHELTER_042,3286.498424126126,False,0
라마43b21b,SHELTER_042,3555.9894026785005,False,0
라마43b22a,SHELTER_042,3871.569368116771,False,0
라마43b22b,SHELTER_001,3679.9621462612813,False,0
라마43b23a,SHELTER_001,3193.7117167978527,False,0
라마43b23b,SHELTER_001,2712.4652370321432,False,0
라마43b24a,SHELTER_001,2239.451002858467,False,0
라마43b24b,SHELTER_001,1781.2394354212304,False,0
라마43b25a,SHELTER_001,1352.9549358333024,False,0
라마43b25b,SHELTER_001,994.0624681033114,False,0
라마43b26a,SHELTER_001,803.6375567303949,False,0
라마43b26b,SHELTER_001,896.3852155650216,False,0
라마43b27a,SHELTER_001,1208.7926152899436,False,0
라마43b27b,SHELTER_001,1618.2869704954846,False,0
라마43b28a,SHELTER_001,2067.97626944107,False,0
라마43b28b,SHELTER_001,2536.572290132366,False,0
라마43b29a,SHELTER_001,3015.2731410542738,False,0
라마43b29b,SHELTER_001,3499.9350347198247,False,0
라마43b30a,SHELTER_001,3988.3854351548334,False,0
라마43b30b,SHELTER_001,4479.385171142482,False,0
라마43b31a,SHELTER_001,4972.179063906198,False,0
라마43b31b,SHELTER_001,5466.281896832898,False,0
라마44a16b,SHELTER_034,2819.4123683021203,False,0
라마44a17a,SHELTER_034,3078.9842972006095,False,0
라마44a17b,SHELTER_042,3044.5166865563447,False,0
라마44a18a,SHELTER_042,2759.1793335878538,False,0
라마44a18b,SHELTER_042,2541.074445008765,False,0
라마44a19a,SHELTER_042,2408.536500710524,False,0
라마44a19b,SHELTER_042,2375.9286217041927,False,0
라마44a20a,SHELTER_042,2447.2485684154512,False,0
라마44a20b,SHELTER_042,2614.0034995748892,False,0
라마44a21a,SHELTER_042,2859.5459492667815,False,0
라마44a21b,SHELTER_042,3165.5950113914364,False,0
라마44a22a,SHELTER_042,3516.3874240937444,False,0
라마44a22b,SHELTER_099,3572.1541418764073,False,0
라마44a23a,SHELTER_001,3106.6828179831273,False,0
라마44a23b,SHELTER_001,2609.435046834379,False,0
라마44a24a,SHELTER_001,2113.486313119508,False,0
라마44a24b,SHELTER_001,1620.0301009053635,False,0
라마44a25a,SHELTER_001,1132.3297487637574,False,0
라마44a25b,SHELTER_001,663.2072014320603,False,0
라마44a26a,SHELTER_001,312.27699903658777,False,0
라마44a26b,SHELTER_001,505.16339556944206,False,0
라마44a27a,SHELTER_001,955.4387412697897,False,0
라마44a27b,SHELTER_001,1438.9358291512349,False,0
라마44a28a,SHELTER_001,1930.8571807648289,False,0
라마44a28b,SHELTER_001,2426.0837958749603,False,0
라마44a29a,SHELTER_001,2922.936146531943,False,0
라마44a29b,SHELTER_001,3420.7058991966783,False,0
라마44a30a,SHELTER_001,3919.043503317475,False,0
라마44a30b,SHELTER_001,4417.756796496482,False,0
라마44a31a,SHELTER_001,4916.731459525404,False,0
라마44a31b,SHELTER_001,5415.895251681181,False,0
라마44a32a,SHELTER_001,5915.200293251169,False,0
라마44a32b,SHELTER_001,6414.613600317221,False,0
라마44a33a,SHELTER_001,6914.111712539118,False,0
라마44a33b,SHELTER_001,7413.677488639938,False,0
라마44a34a,SHELTER_058,7350.868806247277,False,0
라마44a34b,SHELTER_058,7095.0344049322175,False,0
라마44b16a,SHELTER_034,2157.8830992835115,False,0
라마44b16b,SHELTER_034,2384.8517081878226,False,0
라마44b17a,SHELTER_034,2686.740752272042,False,0
라마44b17b,SHELTER_042,2673.0157124312927,False,0
라마44b18a,SHELTER_042,2342.861869398805,False,0
라마44b18b,SHELTER_042,2081.5836469527603,False,0
라마44b19a,SHELTER_042,1917.5451023220926,False,0
라마44b19b,SHELTER_042,1876.4242483025353,False,0
라마44b20a,SHELTER_042,1965.9493126212653,False,0
라마44b20b,SHELTER_042,2170.010470014907,False,0
라마44b21a,SHELTER_042,2460.2711598831147,False,0
라마44b21b,SHELTER_042,2810.1464232902345,False,0
라마44b22a,SHELTER_042,3200.142443784212,False,0
라마44b22b,SHELTER_099,3177.963445908223,False,0
라마44b23a,SHELTER_099,2877.3015141441656,False,0
라마44b23b,SHELTER_001,2600.160546040809,False,0
라마44b24a,SHELTER_001,2102.024737552627,False,0
라마44b24b,SHELTER_001,1605.0486376989143,False,0
라마44b25a,SHELTER_001,1110.7899267976336,False,0
라마44b25b,SHELTER_001,625.7214984088719,False,0
라마44b26a,SHELTER_001,221.81191506994264,True,1
라마44b26b,SHELTER_001,454.8336594436993,False,0
라마44b27a,SHELTER_001,929.8100826829631,False,0
라마44b27b,SHELTER_001,1422.0477917267233,False,0
라마44b28a,SHELTER_001,1918.3047344076492,False,0
라마44b28b,SHELTER_001,2416.1055825743115,False,0
라마44b29a,SHELTER_001,2914.659382885538,False,0
라마44b29b,SHELTER_001,3413.6362504430163,False,0
라마44b30a,SHELTER_001,3912.874337674877,False,0
라마44b30b,SHELTER_001,4412.284976577392,False,0
라마44b31a,SHELTER_001,4911.815534670099,False,0
라마44b31b,SHELTER_001,5411.432802754041,False,0
라마44b32a,SHELTER_001,5911.114794251454,False,0
라마44b32b,SHELTER_001,6410.846374926978,False,0
라마44b33a,SHELTER_012,6896.800109386008,False,0
라마44b33b,SHELTER_012,6945.841643680048,False,0
라마44b34a,SHELTER_058,6934.201826992678,False,0
라마44b34b,SHELTER_058,6662.38665779623,False,0
라마45a15b,SHELTER_034,1537.4761259323209,False,0
라마45a16a,SHELTER_034,1701.4379323633345,False,0
라마45a16b,SHELTER_034,1981.4008270811287,False,0
라마45a17a,SHELTER_034,2336.0238520680264,False,0
라마45a17b,SHELTER_042,2349.668943295868,False,0
라마45a18a,SHELTER_042,1965.943255352863,False,0
라마45a18b,SHELTER_042,1645.8801971728387,False,0
라마45a19a,SHELTER_042,1432.7980889239045,False,0
라마45a19b,SHELTER_042,1377.2796026233323,False,0
라마45a20a,SHELTER_042,1496.9595331806986,False,0
라마45a20b,SHELTER_042,1756.3816738280054,False,0
라마45a21a,SHELTER_042,2104.4869503841446,False,0
라마45a21b,SHELTER_042,2504.56664205915,False,0
라마45a22a,SHELTER_042,2935.4459294447474,False,0
라마45a22b,SHELTER_099,2817.55534350844,False,0
라마45a23a,SHELTER_099,2473.4652723457434,False,0
라마45a23b,SHELTER_099,2190.3065523501145,False,0
라마45a24a,SHELTER_099,1994.2053888793114,False,0
라마45a24b,SHELTER_001,1740.0760704402664,False,0
라마45a25a,SHELTER_001,1298.282659136596,False,0
라마45a25b,SHELTER_001,918.2652095722359,False,0
라마45a26a,SHELTER_001,707.7316774079665,False,0
라마45a26b,SHELTER_001,811.5154091590902,False,0
라마45a27a,SHELTER_001,1147.2708448307212,False,0
라마45a27b,SHELTER_001,1572.8647505410465,False,0
라마45a28a,SHELTER_001,2032.6280170238972,False,0
라마45a28b,SHELTER_001,2507.8376717177,False,0
라마45a29a,SHELTER_001,2991.140738879132,False,0
라마45a29b,SHELTER_001,3479.165999471476,False,0
라마45a30a,SHELTER_001,3970.1724375616614,False,0
라마45a30b,SHELTER_001,4463.176258682852,False,0
라마45a31a,SHELTER_001,4957.5816128598635,False,0
라마45a31b,SHELTER_001,5453.007296919945,False,0
라마45a32a,SHELTER_001,5949.19840922776,False,0
라마45a32b,SHELTER_012,6383.849483030284,False,0
라마45a33a,SHELTER_012,6397.84327818673,False,0
라마45a33b,SHELTER_012,6450.679266751076,False,0
라마45a34a,SHELTER_058,6529.244806888309,False,0
라마45a34b,SHELTER_058,6239.8139995348065,False,0
라마45a35b,SHELTER_058,5748.370269025456,False,0
라마45a36a,SHELTER_058,5554.097744038037,False,0
라마45b16a,SHELTER_034,1278.015103665142,False,0
라마45b16b,SHELTER_034,1632.2931124859854,False,0
라마45b17a,SHELTER_034,2048.2770820721857,False,0
라마45b17b,SHELTER_042,2096.872739885201,False,0
라마45b18a,SHELTER_042,1655.555504189443,False,0
라마45b18b,SHELTER_042,1258.9093563995193,False,0
라마45b19a,SHELTER_042,963.7642387059932,False,0
라마45b19b,SHELTER_042,879.107643003309,False,0
라마45b20a,SHELTER_042,1056.7965689597615,False,0
라마45b20b,SHELTER_042,1400.2884446939547,False,0
라마45b21a,SHELTER_042,1817.909917603649,False,0
라마45b21b,SHELTER_042,2269.093477294401,False,0
라마45b22a,SHELTER_066,2719.2935808320603,False,0
라마45b22b,SHELTER_099,2505.55075062092,False,0
라마45b23a,SHELTER_099,2111.20745160311,False,0
라마45b23b,SHELTER_099,1771.047498931618,False,0
라마45b24a,SHELTER_099,1521.8480815243618,False,0
라마45b24b,SHELTER_099,1412.5982879101978,False,0
라마45b25a,SHELTER_099,1474.7359976532284,False,0
라마45b25b,SHELTER_001,1339.73676393926,False,0
라마45b26a,SHELTER_001,1205.2251776105543,False,0
라마45b26b,SHELTER_001,1268.9526629635732,False,0
라마45b27a,SHELTER_001,1505.9594924626278,False,0
라마45b27b,SHELTER_001,1850.8341700525866,False,0
라마45b28a,SHELTER_001,2254.608670508077,False,0
라마45b28b,SHELTER_001,2690.8982495118894,False,0
라마45b29a,SHELTER_001,3146.205098419698,False,0
라마45b29b,SHELTER_001,3613.3474304885285,False,0
라마45b30a,SHELTER_001,4088.270145858026,False,0
라마45b30b,SHELTER_001,4568.547462554149,False,0
라마45b31a,SHELTER_001,5052.652674556793,False,0
라마45b31b,SHELTER_001,5539.582311131577,False,0
라마45b32a,SHELTER_012,5911.109599317643,False,0
라마45b32b,SHELTER_012,5883.883163812677,False,0
라마45b33a,SHELTER_012,5899.063101514626,False,0
라마45b33b,SHELTER_012,5956.325198132189,False,0
라마45b34a,SHELTER_012,6054.475555831203,False,0
라마45b34b,SHELTER_058,5829.507828247588,False,0
라마45b35a,SHELTER_058,5548.639699972645,False,0
라마45b35b,SHELTER_058,5300.155046847699,False,0
라마45b36a,SHELTER_058,5088.799909717197,False,0
라마45b36b,SHELTER_058,4919.362308434943,False,0
라마45b37a,SHELTER_058,4796.2867431131535,False,0
라마45b37b,SHELTER_058,4723.198865459255,False,0
라마46a15a,SHELTER_034,556.4510517212691,False,0
라마46a15b,SHELTER_034,583.6916761738751,False,0
라마46a16a,SHELTER_034,933.6777670629353,False,0
라마46a16b,SHELTER_034,1379.424652737724,False,0
라마46a17a,SHELTER_034,1853.0705794582007,False,0
라마46a17b,SHELTER_042,1942.3713423179977,False,0
라마46a18a,SHELTER_042,1454.9210190372912,False,0
라마46a18b,SHELTER_042,980.1958538041268,False,0
라마46a19a,SHELTER_042,552.062181274077,False,0
라마46a19b,SHELTER_042,385.6959841265951,False,0
라마46a20a,SHELTER_042,701.9616316791634,False,0
라마46a20b,SHELTER_042,1156.174239692255,False,0
라마46a21a,SHELTER_042,1637.2927693928948,False,0
라마46a21b,SHELTER_042,2127.1380662487677,False,0
라마46a22a,SHELTER_066,2274.3588489147623,False,0
라마46a22b,SHELTER_066,2071.0727526858896,False,0
라마46a23a,SHELTER_099,1815.5889826468417,False,0
라마46a23b,SHELTER_099,1405.6228845874823,False,0
라마46a24a,SHELTER_099,1074.796740525145,False,0
라마46a24b,SHELTER_099,913.5646519053355,False,0
라마46a25a,SHELTER_099,1006.9819824497149,False,0
라마46a25b,SHELTER_099,1301.3166612111747,False,0
라마46a26a,SHELTER_099,1694.9446576550044,False,0
라마46a26b,SHELTER_001,1749.8355529540604,False,0
라마46a27a,SHELTER_001,1928.6258306053028,False,0
라마46a27b,SHELTER_001,2208.454375026558,False,0
라마46a28a,SHELTER_001,2556.353625512303,False,0
라마46a28b,SHELTER_001,2948.32443784022,False,0
라마46a29a,SHELTER_001,3369.0191633265904,False,0
라마46a29b,SHELTER_001,3808.932036011899,False,0
라마46a30a,SHELTER_001,4262.116421105095,False,0
라마46a30b,SHELTER_001,4724.754969217944,False,0
라마46a31a,SHELTER_001,5194.322155127232,False,0
라마46a31b,SHELTER_012,5488.979793031156,False,0
라마46a32a,SHELTER_012,5413.664522165872,False,0
라마46a32b,SHELTER_012,5383.923100194739,False,0
라마46a33a,SHELTER_012,5400.508525968978,False,0
라마46a33b,SHELTER_012,5462.998876928011,False,0
라마46a34a,SHELTER_012,5569.849290561621,False,0
라마46a34b,SHELTER_058,5434.247352707572,False,0
라마46a35a,SHELTER_058,5131.791625828339,False,0
라마46a35b,SHELTER_058,4862.049597796641,False,0
라마46a36a,SHELTER_058,4630.7415488177585,False,0
라마46a36b,SHELTER_058,4443.873118402427,False,0
라마46a37a,SHELTER_058,4307.232207923358,False,0
라마46a37b,SHELTER_058,4225.69406056389,False,0
라마46a38a,SHELTER_058,4202.467286487494,False,0
라마46b14b,SHELTER_034,719.0348674439579,False,0
라마46b15a,SHELTER_034,219.2472131478787,True,1
라마46b15b,SHELTER_034,281.29617904634364,True,1
라마46b16a,SHELTER_034,781.1438665310212,False,0
라마46b16b,SHELTER_034,1281.1104324342984,False,0
라마46b17a,SHELTER_034,1781.095769453444,False,0
라마46b17b,SHELTER_007,1590.4138129445132,False,0
라마46b18a,SHELTER_007,1320.5085885057156,False,0
라마46b18b,SHELTER_042,914.7212996313962,False,0
라마46b19a,SHELTER_042,425.0926912776098,False,0
라마46b19b,SHELTER_042,157.1385896459937,True,1
라마46b20a,SHELTER_042,607.1913014316186,False,0
라마46b20b,SHELTER_042,1101.212975183508,False,0
라마46b21a,SHELTER_042,1598.9555206105028,False,0
라마46b21b,SHELTER_011,1744.60822316159,False,0
라마46b22a,SHELTER_006,1811.0100435943,False,0
라마46b22b,SHELTER_066,1602.3398334312053,False,0
라마46b23a,SHELTER_066,1477.8792626873712,False,0
라마46b23b,SHELTER_099,1146.7092673734392,False,0
라마46b24a,SHELTER_099,703.1034658196263,False,0
라마46b24b,SHELTER_099,416.8534795524821,False,0
라마46b25a,SHELTER_099,594.2887876970697,False,0
라마46b25b,SHELTER_099,1016.1650963056613,False,0
라마46b26a,SHELTER_099,1487.2806872669782,False,0
라마46b26b,SHELTER_099,1972.6672761732466,False,0
라마46b27a,SHELTER_001,2381.4451906390145,False,0
라마46b27b,SHELTER_001,2613.2268038028474,False,0
라마46b28a,SHELTER_001,2913.181673052609,False,0
라마46b28b,SHELTER_001,3262.560435042629,False,0
라마46b29a,SHELTER_001,3647.1870975316715,False,0
라마46b29b,SHELTER_001,4057.0490330408197,False,0
라마46b30a,SHELTER_001,4485.233548946298,False,0
라마46b30b,SHELTER_001,4926.965914301555,False,0
라마46b31a,SHELTER_012,5129.968970809035,False,0
라마46b31b,SHELTER_012,4999.544582431144,False,0
라마46b32a,SHELTER_012,4916.737782510848,False,0
라마46b32b,SHELTER_012,4883.971213287685,False,0
라마46b33a,SHELTER_012,4902.248382372712,False,0
라마46b33b,SHELTER_012,4971.006295784482,False,0
라마46b34a,SHELTER_012,5088.198893811252,False,0
라마46b34b,SHELTER_058,5057.561374933437,False,0
라마46b35a,SHELTER_058,4731.085294277753,False,0
라마46b35b,SHELTER_058,4437.049589788672,False,0
라마46b36a,SHELTER_058,4182.302005206755,False,0
라마46b36b,SHELTER_058,3974.4044916526877,False,0
라마46b37a,SHELTER_058,3821.0119162051396,False,0
라마46b37b,SHELTER_058,3728.8568039406246,False,0
라마46b38a,SHELTER_058,3702.514559702217,False,0
라마47a14b,SHELTER_034,869.1620724074164,False,0
라마47a15a,SHELTER_034,535.2577958185348,False,0
라마47a15b,SHELTER_034,563.5238307804537,False,0
라마47a16a,SHELTER_034,921.2042703605096,False,0
라마47a16b,SHELTER_034,1371.0125847720728,False,0
라마47a17a,SHELTER_007,1690.594783352078,False,0
라마47a17b,SHELTER_007,1253.9687226601434,False,0
라마47a18a,SHELTER_007,886.9974032219958,False,0
라마47a18b,SHELTER_007,707.8779762326385,False,0
라마47a19a,SHELTER_042,746.0797144824343,False,0
라마47a19b,SHELTER_042,632.9484027473972,False,0
라마47a20a,SHELTER_042,862.9092772237253,False,0
라마47a20b,SHELTER_042,1260.3972234565827,False,0
라마47a21a,SHELTER_011,1172.5956807757009,False,0
라마47a21b,SHELTER_011,1273.2119607231375,False,0
라마47a22a,SHELTER_006,1318.2146201607181,False,0
라마47a22b,SHELTER_066,1160.0187656597532,False,0
라마47a23a,SHELTER_066,980.9575474829694,False,0
라마47a23b,SHELTER_066,1038.7068321931974,False,0
라마47a24a,SHELTER_099,577.5127131515508,False,0
라마47a24b,SHELTER_099,113.7245515229957,True,1
라마47a25a,SHELTER_099,438.5722442044727,False,0
라마47a25b,SHELTER_099,933.6797915527511,False,0
라마47a26a,SHELTER_099,1432.1907320330731,False,0
라마47a26b,SHELTER_099,1931.4716235784751,False,0
라마47a27a,SHELTER_099,2431.048122200857,False,0
라마47a27b,SHELTER_099,2930.7690649765896,False,0
라마47a28a,SHELTER_001,3307.3117575682663,False,0
라마47a28b,SHELTER_001,3618.8374091474802,False,0
라마47a29a,SHELTER_001,3969.0877196077686,False,0
라마47a29b,SHELTER_001,4348.715955088024,False,0
라마47a30a,SHELTER_071,4713.641529053126,False,0
라마47a30b,SHELTER_071,4725.525727637227,False,0
라마47a31a,SHELTER_012,4656.514630587535,False,0
라마47a31b,SHELTER_012,4512.426497476591,False,0
라마47a32a,SHELTER_012,4420.504189046985,False,0
라마47a32b,SHELTER_012,4384.030300492349,False,0
라마47a33a,SHELTER_012,4404.382597582563,False,0
라마47a33b,SHELTER_012,4480.786812172747,False,0
라마47a34a,SHELTER_012,4610.457119027819,False,0
라마47a34b,SHELTER_058,4703.91430959663,False,0
라마47a35a,SHELTER_058,4350.982743305305,False,0
라마47a35b,SHELTER_058,4029.3041375717935,False,0
라마47a36a,SHELTER_058,3746.9364597716076,False,0
라마47a36b,SHELTER_058,3513.370722550981,False,0
라마47a37a,SHELTER_058,3338.8643031113165,False,0
라마47a37b,SHELTER_058,3232.9948708749343,False,0
라마47a38a,SHELTER_058,3202.5765932474196,False,0
라마47a38b,SHELTER_058,3249.728886557902,False,0
라마47a39a,SHELTER_058,3371.198427361029,False,0
라마47b14a,SHELTER_016,531.6818367105197,False,0
라마47b14b,SHELTER_016,939.1405777249707,False,0
라마47b15a,SHELTER_034,1012.3894880410015,False,0
라마47b15b,SHELTER_034,1027.6140692735198,False,0
라마47b16a,SHELTER_034,1259.781280715761,False,0
라마47b16b,SHELTER_034,1618.0565735210885,False,0
라마47b17a,SHELTER_007,1549.5587057296234,False,0
라마47b17b,SHELTER_007,1056.1529332512018,False,0
라마47b18a,SHELTER_007,574.2698445223899,False,0
라마47b18b,SHELTER_007,210.03021268479972,True,1
라마47b19a,SHELTER_007,508.36947799122885,False,0
라마47b19b,SHELTER_029,925.837836260688,False,0
라마47b20a,SHELTER_011,1208.393703422023,False,0
라마47b20b,SHELTER_011,840.4185914320427,False,0
라마47b21a,SHELTER_011,672.6005316525149,False,0
라마47b21b,SHELTER_011,835.7508848537777,False,0
라마47b22a,SHELTER_006,834.0396822762716,False,0
라마47b22b,SHELTER_066,789.8063886581389,False,0
라마47b23a,SHELTER_066,490.3348905046798,False,0
라마47b23b,SHELTER_066,597.5470509736128,False,0
라마47b24a,SHELTER_099,820.1752154605504,False,0
라마47b24b,SHELTER_099,593.3799152509305,False,0
라마47b25a,SHELTER_099,729.0487388307057,False,0
라마47b25b,SHELTER_099,1100.420103123386,False,0
라마47b26a,SHELTER_099,1546.0713900481844,False,0
라마47b26b,SHELTER_099,2017.3619117285243,False,0
라마47b27a,SHELTER_099,2499.8322789060085,False,0
라마47b27b,SHELTER_099,2988.0719138648333,False,0
라마47b28a,SHELTER_052,3469.7714738127743,False,0
라마47b28b,SHELTER_052,3884.3971498066808,False,0
라마47b29a,SHELTER_052,4317.148173779498,False,0
라마47b29b,SHELTER_071,4259.649439263869,False,0
라마47b30a,SHELTER_071,4213.880667931645,False,0
라마47b30b,SHELTER_071,4227.170119798244,False,0
라마47b31a,SHELTER_012,4189.233267351917,False,0
라마47b31b,SHELTER_012,4028.4661793964597,False,0
라마47b32a,SHELTER_012,3925.2266366152917,False,0
라마47b32b,SHELTER_012,3884.1045993957587,False,0
라마47b33a,SHELTER_012,3907.0619305688483,False,0
라마47b33b,SHELTER_012,3992.9935286140226,False,0
라마47b34a,SHELTER_012,4137.977973576775,False,0
라마47b34b,SHELTER_012,4336.095720813788,False,0
라마47b35a,SHELTER_058,3997.3658330643075,False,0
라마47b35b,SHELTER_058,3644.608978184425,False,0
라마47b36a,SHELTER_058,3329.777110314613,False,0
라마47b36b,SHELTER_058,3064.580983574712,False,0
라마47b37a,SHELTER_058,2862.847813873515,False,0
라마47b37b,SHELTER_058,2738.6380932706275,False,0
라마47b38a,SHELTER_058,2702.6615782272097,False,0
라마47b38b,SHELTER_058,2758.3728186991343,False,0
라마47b39a,SHELTER_058,2900.493338632382,False,0
라마47b39b,SHELTER_058,3117.2267495264823,False,0
라마48a13b,SHELTER_016,180.3958915658798,True,1
라마48a14a,SHELTER_016,363.100711835668,False,0
라마48a14b,SHELTER_016,855.0681704854233,False,0
라마48a15a,SHELTER_016,1352.9379237123221,False,0
라마48a15b,SHELTER_034,1514.7350404873741,False,0
라마48a16a,SHELTER_034,1680.91654842031,False,0
라마48a16b,SHELTER_034,1963.807180612753,False,0
라마48a17a,SHELTER_007,1563.378918723056,False,0
라마48a17b,SHELTER_007,1076.3273105428123,False,0
라마48a18a,SHELTER_007,610.5794914120323,False,0
라마48a18b,SHELTER_007,295.18494413778694,True,1
라마48a19a,SHELTER_029,328.8608683567057,False,0
라마48a19b,SHELTER_029,535.0392651596337,False,0
라마48a20a,SHELTER_029,982.0308344389167,False,0
라마48a20b,SHELTER_011,532.6483393666358,False,0
라마48a21a,SHELTER_011,172.63348396143098,True,1
라마48a21b,SHELTER_011,525.2526878934447,False,0
라마48a22a,SHELTER_006,391.8604323193932,False,0
라마48a22b,SHELTER_006,377.2339412252791,False,0
라마48a23a,SHELTER_066,136.30443767049758,True,1
라마48a23b,SHELTER_066,367.7133027369226,False,0
라마48a24a,SHELTER_066,867.0912560340583,False,0
라마48a24b,SHELTER_099,1091.4514070847572,False,0
라마48a25a,SHELTER_099,1170.7598019212726,False,0
라마48a25b,SHELTER_099,1431.8138334162645,False,0
라마48a26a,SHELTER_052,1744.169467974535,False,0
라마48a26b,SHELTER_052,2022.7096356017012,False,0
라마48a27a,SHELTER_052,2374.9908224869755,False,0
라마48a27b,SHELTER_052,2773.0504041287736,False,0
라마48a28a,SHELTER_052,3199.8493215744,False,0
라마48a28b,SHELTER_052,3645.3069579558787,False,0
라마48a29a,SHELTER_071,3882.1141439205126,False,0
라마48a29b,SHELTER_071,3766.0306908699968,False,0
라마48a30a,SHELTER_071,3714.1841772752464,False,0
라마48a30b,SHELTER_071,3729.25475676694,False,0
라마48a31a,SHELTER_012,3730.4453127877737,False,0
라마48a31b,SHELTER_012,3548.9557086491454,False,0
라마48a32a,SHELTER_012,3431.31913587274,False,0
라마48a32b,SHELTER_012,3384.200851376812,False,0
라마48a33a,SHELTER_012,3410.5248559001334,False,0
라마48a33b,SHELTER_012,3508.6385084482154,False,0
라마48a34a,SHELTER_012,3672.7930207430427,False,0
라마48a34b,SHELTER_012,3894.6467058607377,False,0
라마48a35a,SHELTER_058,3677.882050060775,False,0
라마48a35b,SHELTER_058,3291.0571819207066,False,0
라마48a36a,SHELTER_058,2938.5878198863616,False,0
라마48a36b,SHELTER_058,2634.3005477160523,False,0
라마48a37a,SHELTER_058,2396.618529555696,False,0
라마48a37b,SHELTER_058,2246.780224392747,False,0
라마48a38a,SHELTER_058,2202.785140960175,False,0
라마48a38b,SHELTER_058,2270.7935568315215,False,0
라마48a39a,SHELTER_058,2441.4635729947245,False,0
라마48a39b,SHELTER_058,2695.3636820979805,False,0
라마48b13b,SHELTER_016,617.8181197905624,False,0
라마48b14a,SHELTER_016,693.5406825725985,False,0
라마48b14b,SHELTER_016,1039.373911364426,False,0
라마48b15a,SHELTER_016,1476.3460220648499,False,0
라마48b15b,SHELTER_016,1943.9385345500064,False,0
라마48b16a,SHELTER_034,2136.331437362811,False,0
라마48b16b,SHELTER_007,2184.6849357745446,False,0
라마48b17a,SHELTER_007,1728.3446139334822,False,0
라마48b17b,SHELTER_007,1304.416321741464,False,0
라마48b18a,SHELTER_007,956.9894337651709,False,0
라마48b18b,SHELTER_029,599.2689232896867,False,0
라마48b19a,SHELTER_029,192.9787214876671,True,1
라마48b19b,SHELTER_029,464.0671626750258,False,0
라마48b20a,SHELTER_029,945.2385286262315,False,0
라마48b20b,SHELTER_011,600.9368502891555,False,0
라마48b21a,SHELTER_011,327.43421383550884,False,0
라마48b21b,SHELTER_011,594.3914793675162,False,0
라마48b22a,SHELTER_006,333.8966984316849,False,0
라마48b22b,SHELTER_006,316.6036216128854,False,0
라마48b23a,SHELTER_066,544.7288266753511,False,0
라마48b23b,SHELTER_066,642.9336419041471,False,0
라마48b24a,SHELTER_066,1014.8880929310162,False,0
라마48b24b,SHELTER_052,1262.6033908103007,False,0
라마48b25a,SHELTER_052,1069.2962449326487,False,0
라마48b25b,SHELTER_052,1092.0721571253691,False,0
라마48b26a,SHELTER_052,1319.7911703409181,False,0
라마48b26b,SHELTER_052,1670.651331143409,False,0
라마48b27a,SHELTER_052,2083.3393883841004,False,0
라마48b27b,SHELTER_052,2527.7519941904966,False,0
라마48b28a,SHELTER_052,2989.7754566313884,False,0
라마48b28b,SHELTER_052,3462.3668809091882,False,0
라마48b29a,SHELTER_071,3407.225270741788,False,0
라마48b29b,SHELTER_071,3274.348940435106,False,0
라마48b30a,SHELTER_071,3214.582075772145,False,0
라마48b30b,SHELTER_071,3231.983115677216,False,0
라마48b31a,SHELTER_012,3283.7126998433528,False,0
라마48b31b,SHELTER_012,3075.9768343350065,False,0
라마48b32a,SHELTER_012,2939.472380482371,False,0
라마48b32b,SHELTER_012,2884.3304709883346,False,0
라마48b33a,SHELTER_012,2915.17180559309,False,0
라마48b33b,SHELTER_012,3029.3713945929385,False,0
라마48b34a,SHELTER_012,3218.0670342040817,False,0
라마48b34b,SHELTER_012,3469.123783736197,False,0
라마48b35a,SHELTER_018,3401.3812379762107,False,0
라마48b35b,SHELTER_058,2979.755047899275,False,0
라마48b36a,SHELTER_058,2585.18493458279,False,0
라마48b36b,SHELTER_058,2233.2537129727198,False,0
라마48b37a,SHELTER_058,1947.2193371623682,False,0
라마48b37b,SHELTER_058,1759.518157772652,False,0
라마48b38a,SHELTER_058,1702.9812529926107,False,0
라마48b38b,SHELTER_058,1790.0799279800042,False,0
라마48b39a,SHELTER_058,2002.1556255869602,False,0
라마48b39b,SHELTER_058,2304.9659757970676,False,0
라마48b40a,SHELTER_058,2667.791061926466,False,0
라마48b54a,SHELTER_046,7953.435446642358,False,0
라마48b54b,SHELTER_046,8186.775690993023,False,0
라마49a14a,SHELTER_016,1153.3235581704566,False,0
라마49a14b,SHELTER_016,1389.0481197829984,False,0
라마49a15a,SHELTER_016,1740.3316144673126,False,0
라마49a15b,SHELTER_016,2151.291141978724,False,0
라마49a16a,SHELTER_016,2593.7141374480425,False,0
라마49a16b,SHELTER_007,2411.6114383551576,False,0
라마49a17a,SHELTER_007,2007.534947520985,False,0
라마49a17b,SHELTER_007,1656.6603156443196,False,0
라마49a18a,SHELTER_029,1268.895982382021,False,0
라마49a18b,SHELTER_029,887.8144843555259,False,0
라마49a19a,SHELTER_029,682.8851317444996,False,0
라마49a19b,SHELTER_029,802.7762127043483,False,0
라마49a20a,SHELTER_029,1150.029213633363,False,0
라마49a20b,SHELTER_011,968.7806473298623,False,0
라마49a21a,SHELTER_011,827.4200922116248,False,0
라마49a21b,SHELTER_011,964.7341993264884,False,0
라마49a22a,SHELTER_006,754.59884178921,False,0
라마49a22b,SHELTER_006,747.1079306394979,False,0
라마49a23a,SHELTER_025,985.3553509043409,False,0
라마49a23b,SHELTER_025,760.3284529952855,False,0
라마49a24a,SHELTER_025,827.8125061344455,False,0
라마49a24b,SHELTER_052,891.004445993928,False,0
라마49a25a,SHELTER_052,585.7610944082411,False,0
라마49a25b,SHELTER_052,626.3730491198789,False,0
라마49a26a,SHELTER_052,970.3454712653263,False,0
라마49a26b,SHELTER_052,1410.956225595437,False,0
라마49a27a,SHELTER_052,1881.4953115774474,False,0
라마49a27b,SHELTER_052,2364.1598390187814,False,0
라마49a28a,SHELTER_052,2852.8019351806925,False,0
라마49a28b,SHELTER_071,3167.8669363766144,False,0
라마49a29a,SHELTER_071,2940.6730292120556,False,0
라마49a29b,SHELTER_071,2785.6300549215534,False,0
라마49a30a,SHELTER_071,2715.1264686988907,False,0
라마49a30b,SHELTER_071,2735.7062487000244,False,0
라마49a31a,SHELTER_071,2845.3937543551706,False,0
라마49a31b,SHELTER_012,2613.078710788839,False,0
라마49a32a,SHELTER_012,2450.927322266197,False,0
라마49a32b,SHELTER_012,2384.5144430856444,False,0
라마49a33a,SHELTER_012,2421.7294480468145,False,0
라마49a33b,SHELTER_012,2558.0535392736056,False,0
라마49a34a,SHELTER_012,2778.9390601528685,False,0
라마49a34b,SHELTER_012,3066.164817862275,False,0
라마49a35a,SHELTER_018,3076.1215884981516,False,0
라마49a35b,SHELTER_018,2694.45072442435,False,0
라마49a36a,SHELTER_058,2287.151922545411,False,0
라마49a36b,SHELTER_058,1880.240654096114,False,0
라마49a37a,SHELTER_058,1529.5574254758785,False,0
라마49a37b,SHELTER_058,1282.1025381540326,False,0
라마49a38a,SHELTER_058,1203.3403171395976,False,0
라마49a38b,SHELTER_058,1323.732948659299,False,0
라마49a39a,SHELTER_058,1598.9089779843182,False,0
라마49a39b,SHELTER_058,1964.8793653533726,False,0
라마49a40a,SHELTER_058,2380.124349882604,False,0
라마49a50b,SHELTER_002,6179.646459702437,False,0
라마49a54a,SHELTER_046,7508.205507507063,False,0
라마49a54b,SHELTER_046,7754.953949166078,False,0
라마49a55a,SHELTER_046,8025.301960949115,False,0
라마49b13b,SHELTER_016,1606.2416792117367,False,0
라마49b14a,SHELTER_016,1636.8603426311786,False,0
라마49b14b,SHELTER_016,1810.693577201946,False,0
라마49b15a,SHELTER_016,2092.3457361923006,False,0
라마49b15b,SHELTER_016,2444.8333540353665,False,0
라마49b16a,SHELTER_016,2841.9200513465435,False,0
라마49b16b,SHELTER_007,2712.72762927107,False,0
라마49b17a,SHELTER_007,2360.766406598351,False,0
라마49b17b,SHELTER_029,1964.9607593511093,False,0
라마49b18a,SHELTER_029,1593.4830812769624,False,0
라마49b18b,SHELTER_029,1310.4601767479073,False,0
라마49b19a,SHELTER_029,1181.2804152140975,False,0
라마49b19b,SHELTER_029,1254.408611216706,False,0
라마49b20a,SHELTER_047,1141.0172457015356,False,0
라마49b20b,SHELTER_047,791.9838158550049,False,0
라마49b21a,SHELTER_047,672.7231036349134,False,0
라마49b21b,SHELTER_047,881.9718724268515,False,0
라마49b22a,SHELTER_006,1235.8607602944821,False,0
라마49b22b,SHELTER_025,1169.169678934796,False,0
라마49b23a,SHELTER_025,688.5723832821653,False,0
라마49b23b,SHELTER_025,285.14227308006855,True,1
라마49b24a,SHELTER_025,434.1431846472493,False,0
라마49b24b,SHELTER_052,702.5742117927641,False,0
라마49b25a,SHELTER_052,206.9726069256936,True,1
라마49b25b,SHELTER_052,303.4218135846721,False,0
라마49b26a,SHELTER_052,800.8070516050701,False,0
라마49b26b,SHELTER_052,1300.1996273041302,False,0
라마49b27a,SHELTER_074,1796.719813249559,False,0
라마49b27b,SHELTER_074,2274.7954651941463,False,0
라마49b28a,SHELTER_074,2760.6496933896155,False,0
라마49b28b,SHELTER_071,2752.045556625455,False,0
라마49b29a,SHELTER_071,2487.153329388633,False,0
라마49b29b,SHELTER_071,2301.7620689454448,False,0
라마49b30a,SHELTER_071,2215.916415432465,False,0
라마49b30b,SHELTER_071,2241.085116261789,False,0
라마49b31a,SHELTER_071,2373.739546891606,False,0
라마49b31b,SHELTER_012,2166.7319197792126,False,0
라마49b32a,SHELTER_012,1968.144202654674,False,0
라마49b32b,SHELTER_012,1884.7960082450015,False,0
라마49b33a,SHELTER_012,1931.6625955247416,False,0
라마49b33b,SHELTER_012,2100.0439931588267,False,0
라마49b34a,SHELTER_012,2364.1169944517465,False,0
라마49b34b,SHELTER_012,2695.9068147301846,False,0
라마49b35a,SHELTER_018,2802.7939147201323,False,0
라마49b35b,SHELTER_018,2377.6447185226634,False,0
라마49b36a,SHELTER_018,1987.6456139476243,False,0
라마49b36b,SHELTER_058,1607.2298180798937,False,0
라마49b37a,SHELTER_058,1177.8916285625526,False,0
라마49b37b,SHELTER_058,831.6668137844371,False,0
라마49b38a,SHELTER_058,704.2092655333159,False,0
라마49b38b,SHELTER_058,894.5119843666641,False,0
라마49b39a,SHELTER_058,1266.646237387615,False,0
라마49b39b,SHELTER_058,1705.4716917031535,False,0
라마49b40a,SHELTER_058,2170.9156344071575,False,0
라마49b40b,SHELTER_058,2648.983898068474,False,0
라마49b41a,SHELTER_058,3133.904384747349,False,0
라마49b41b,SHELTER_058,3622.92667511382,False,0
라마49b42a,SHELTER_058,4114.588520589135,False,0
라마49b50b,SHELTER_002,5714.900320544722,False,0
라마49b51a,SHELTER_002,5924.672851424031,False,0
라마49b52a,SHELTER_046,6318.585382750083,False,0
라마49b52b,SHELTER_046,6456.832199293256,False,0
라마49b53b,SHELTER_046,6835.422713430713,False,0
라마49b54a,SHELTER_046,7070.3015835260985,False,0
라마49b54b,SHELTER_046,7331.8023222628435,False,0
라마49b55a,SHELTER_046,7617.183607047029,False,0
라마49b55b,SHELTER_046,7923.865654728956,False,0
라마49b56a,SHELTER_046,8249.473178629063,False,0
라마50a13b,SHELTER_016,2104.559071037123,False,0
라마50a14a,SHELTER_016,2128.0198149280372,False,0
라마50a14b,SHELTER_016,2264.457502795775,False,0
라마50a15a,SHELTER_016,2495.4092312103435,False,0
라마50a15b,SHELTER_020,2752.110793064151,False,0
라마50a16a,SHELTER_020,2758.2233892522945,False,0
라마50a16b,SHELTER_020,2853.327656042439,False,0
라마50a17a,SHELTER_029,2666.8416821165333,False,0
라마50a17b,SHELTER_029,2300.035239295341,False,0
라마50a18a,SHELTER_029,1992.054127408844,False,0
라마50a18b,SHELTER_029,1773.8086681073707,False,0
라마50a19a,SHELTER_029,1680.6292677384502,False,0
라마50a19b,SHELTER_047,1434.6110401028036,False,0
라마50a20a,SHELTER_047,939.9078922813576,False,0
라마50a20b,SHELTER_047,456.88604220387407,False,0
라마50a21a,SHELTER_047,184.56127748977113,True,1
라마50a21b,SHELTER_047,599.4838402630987,False,0
라마50a22a,SHELTER_047,1088.4387370562151,False,0
라마50a22b,SHELTER_025,1170.5402588563788,False,0
라마50a23a,SHELTER_025,690.8970158293822,False,0
라마50a23b,SHELTER_025,290.7109825244529,True,1
라마50a24a,SHELTER_025,437.8208129346068,False,0
라마50a24b,SHELTER_074,808.7240351944913,False,0
라마50a25a,SHELTER_074,317.0597518537863,False,0
라마50a25b,SHELTER_074,216.83912790340293,True,1
라마50a26a,SHELTER_074,702.5037569538202,False,0
라마50a26b,SHELTER_074,1200.0016040316596,False,0
라마50a27a,SHELTER_074,1698.9691494617787,False,0
라마50a27b,SHELTER_074,2198.4058979103934,False,0
라마50a28a,SHELTER_074,2698.051299199392,False,0
라마50a28b,SHELTER_071,2368.9931542525965,False,0
라마50a29a,SHELTER_071,2055.3115343039162,False,0
라마50a29b,SHELTER_071,1826.6040734624921,False,0
라마50a30a,SHELTER_071,1717.1660896188291,False,0
라마50a30b,SHELTER_071,1749.5245975646847,False,0
라마50a31a,SHELTER_071,1916.5106980215173,False,0
라마50a31b,SHELTER_012,1749.6497008265296,False,0
라마50a32a,SHELTER_012,1496.7092121903488,False,0
라마50a32b,SHELTER_012,1385.2807860172404,False,0
라마50a33a,SHELTER_012,1448.4016177709943,False,0
라마50a33b,SHELTER_012,1666.3527947630785,False,0
라마50a34a,SHELTER_012,1988.868026508499,False,0
라마50a34b,SHELTER_012,2373.7018382941237,False,0
라마50a35a,SHELTER_018,2597.8420717126,False,0
라마50a35b,SHELTER_018,2132.2110844582267,False,0
라마50a36a,SHELTER_018,1686.3762296157518,False,0
라마50a36b,SHELTER_018,1281.1734726177992,False,0
라마50a37a,SHELTER_058,967.1150187268769,False,0
라마50a37b,SHELTER_058,489.44096677710013,False,0
라마50a38a,SHELTER_058,209.2688712453844,True,1
라마50a38b,SHELTER_058,589.9444558472705,False,0
라마50a39a,SHELTER_058,1073.4409445784836,False,0
라마50a39b,SHELTER_058,1567.3278093654058,False,0
라마50a40a,SHELTER_058,2064.1602317947068,False,0
라마50a40b,SHELTER_058,2562.225295136123,False,0
라마50a41a,SHELTER_058,3060.921342267391,False,0
라마50a41b,SHELTER_058,3559.9832112048816,False,0
라마50a42a,SHELTER_058,4059.275977877488,False,0
라마50a42b,SHELTER_058,4558.723775914247,False,0
라마50a49b,SHELTER_050,4854.226347284571,False,0
라마50a50a,SHELTER_002,5068.5775379264605,False,0
라마50a50b,SHELTER_002,5256.628290131562,False,0
라마50a51a,SHELTER_002,5483.958761993955,False,0
라마50a51b,SHELTER_046,5724.890825808657,False,0
라마50a52a,SHELTER_046,5834.426773741811,False,0
라마50a52b,SHELTER_046,5983.8697001925475,False,0
라마50a53a,SHELTER_046,6170.32068855498,False,0
라마50a53b,SHELTER_046,6390.541308084688,False,0
라마50a54a,SHELTER_046,6641.173015444178,False,0
라마50a54b,SHELTER_046,6918.911751987525,False,0
라마50a55a,SHELTER_046,7220.630210896986,False,0
라마50a55b,SHELTER_046,7543.451561006103,False,0
라마50a56a,SHELTER_046,7884.784224312835,False,0
라마50b12b,SHELTER_016,2842.4859782325916,False,0
라마50b13a,SHELTER_016,2679.370445774644,False,0
라마50b13b,SHELTER_016,2603.521736980956,False,0
라마50b14a,SHELTER_016,2622.5226184294493,False,0
라마50b14b,SHELTER_020,2552.08789902904,False,0
라마50b15a,SHELTER_020,2355.1719877938176,False,0
라마50b15b,SHELTER_020,2254.000341572047,False,0
라마50b16a,SHELTER_020,2261.45970283026,False,0
라마50b16b,SHELTER_020,2376.5273899627905,False,0
라마50b17a,SHELTER_020,2584.872314634047,False,0
라마50b17b,SHELTER_029,2686.866840431632,False,0
라마50b18a,SHELTER_029,2428.450321241367,False,0
라마50b18b,SHELTER_029,2252.8844860008985,False,0
라마50b19a,SHELTER_047,1953.0226106682376,False,0
라마50b19b,SHELTER_047,1462.7423995253964,False,0
라마50b20a,SHELTER_047,982.3102040380371,False,0
라마50b20b,SHELTER_047,538.7497995778617,False,0
라마50b21a,SHELTER_047,339.95493250300433,False,0
라마50b21b,SHELTER_047,663.9934982520977,False,0
라마50b22a,SHELTER_047,1125.2579150172614,False,0
라마50b22b,SHELTER_025,1368.7115317212108,False,0
라마50b23a,SHELTER_025,990.2249471433296,False,0
라마50b23b,SHELTER_025,766.6287464108016,False,0
라마50b24a,SHELTER_025,833.602917282434,False,0
라마50b24b,SHELTER_074,901.2927651993054,False,0
라마50b25a,SHELTER_074,508.7445034051318,False,0
라마50b25b,SHELTER_074,453.11509673509886,False,0
라마50b26a,SHELTER_074,807.3447912964955,False,0
라마50b26b,SHELTER_074,1264.2380840561266,False,0
라마50b27a,SHELTER_074,1744.932736331756,False,0
라마50b27b,SHELTER_074,2234.117851740716,False,0
라마50b28a,SHELTER_071,2457.3004386729704,False,0
라마50b28b,SHELTER_071,2037.2781803301734,False,0
라마50b29a,SHELTER_071,1662.1309581968787,False,0
라마50b29b,SHELTER_071,1369.2539064554558,False,0
라마50b30a,SHELTER_071,1219.4397067877433,False,0
라마50b30b,SHELTER_071,1264.5988046165585,False,0
라마50b31a,SHELTER_071,1487.073325288528,False,0
라마50b31b,SHELTER_012,1388.4599162433954,False,0
라마50b32a,SHELTER_012,1051.9911260403796,False,0
라마50b32b,SHELTER_012,886.3124277142882,False,0
라마50b33a,SHELTER_012,982.0458796685034,False,0
라마50b33b,SHELTER_012,1281.904247604701,False,0
라마50b34a,SHELTER_012,1679.9234775072534,False,0
라마50b34b,SHELTER_012,2121.557748573711,False,0
라마50b35a,SHELTER_018,2478.288346970107,False,0
라마50b35b,SHELTER_018,1984.8057360493335,False,0
라마50b36a,SHELTER_018,1495.658546922007,False,0
라마50b36b,SHELTER_018,1017.1210194010158,False,0
라마50b37a,SHELTER_018,576.2602252748959,False,0
라마50b37b,SHELTER_018,360.0229525466204,False,0
라마50b38a,SHELTER_058,302.78083043954786,False,0
라마50b38b,SHELTER_058,629.2195418089597,False,0
라마50b39a,SHELTER_058,1095.5173354661679,False,0
라마50b39b,SHELTER_058,1582.5293781852856,False,0
라마50b40a,SHELTER_058,2075.726435090164,False,0
라마50b40b,SHELTER_058,2571.5523004295937,False,0
라마50b41a,SHELTER_058,3068.73300147754,False,0
라마50b41b,SHELTER_058,3566.7020109437185,False,0
라마50b42a,SHELTER_058,4065.1696441086665,False,0
라마50b42b,SHELTER_058,4563.972527951411,False,0
라마50b48a,SHELTER_050,3867.093338479866,False,0
라마50b48b,SHELTER_050,3997.222559804549,False,0
라마50b49a,SHELTER_050,4183.439433851709,False,0
라마50b49b,SHELTER_050,4418.6584842914235,False,0
라마50b50a,SHELTER_002,4600.275379237852,False,0
라마50b50b,SHELTER_002,4806.682461684021,False,0
라마50b51a,SHELTER_002,5054.291148133393,False,0
라마50b51b,SHELTER_046,5233.58285560479,False,0
라마50b52a,SHELTER_046,5353.181326763324,False,0
라마50b52b,SHELTER_046,5515.678664310922,False,0
라마50b53a,SHELTER_046,5717.418293133875,False,0
라마50b53b,SHELTER_046,5954.412880325736,False,0
라마50b54a,SHELTER_046,6222.63557989026,False,0
라마50b54b,SHELTER_046,6518.232457564194,False,0
라마50b55a,SHELTER_046,6837.654216291616,False,0
라마50b55b,SHELTER_046,7177.720807630906,False,0
라마50b56a,SHELTER_046,7535.637783427812,False,0
라마50b56b,SHELTER_046,7908.9820845512095,False,0
라마51a12a,SHELTER_016,3511.3506857981115,False,0
라마51a12b,SHELTER_016,3305.8861274848214,False,0
라마51a13a,SHELTER_016,3166.730575394489,False,0
라마51a13b,SHELTER_020,2819.963026608811,False,0
라마51a14a,SHELTER_020,2446.6045694306526,False,0
라마51a14b,SHELTER_020,2125.9248262526057,False,0
라마51a15a,SHELTER_020,1885.0036643453498,False,0
라마51a15b,SHELTER_020,1756.9636485464405,False,0
라마51a16a,SHELTER_020,1766.523056750702,False,0
라마51a16b,SHELTER_020,1911.61872708709,False,0
라마51a17a,SHELTER_020,2165.1717265538755,False,0
라마51a17b,SHELTER_020,2494.323766712436,False,0
라마51a18a,SHELTER_020,2873.2096165968705,False,0
라마51a18b,SHELTER_047,2563.2958859987093,False,0
라마51a19a,SHELTER_047,2096.617229912471,False,0
라마51a19b,SHELTER_047,1649.5823163315556,False,0
라마51a20a,SHELTER_047,1243.559338327575,False,0
라마51a20b,SHELTER_047,933.6797296341247,False,0
라마51a21a,SHELTER_047,834.9106821197032,False,0
라마51a21b,SHELTER_047,1011.1349349644311,False,0
라마51a22a,SHELTER_047,1359.3056559484553,False,0
라마51a22b,SHELTER_025,1696.0477636345288,False,0
라마51a23a,SHELTER_025,1408.4573850166978,False,0
라마51a23b,SHELTER_025,1261.3193070299294,False,0
라마51a24a,SHELTER_025,1303.111884361757,False,0
라마51a24b,SHELTER_074,1212.692348495677,False,0
라마51a25a,SHELTER_074,957.6612413814626,False,0
라마51a25b,SHELTER_074,929.3047801386839,False,0
라마51a26a,SHELTER_074,1144.5958655931497,False,0
라마51a26b,SHELTER_074,1502.1957318130203,False,0
라마51a27a,SHELTER_074,1924.3399745942968,False,0
라마51a27b,SHELTER_074,2376.8838126769897,False,0
라마51a28a,SHELTER_071,2253.1531827765566,False,0
라마51a28b,SHELTER_071,1785.7424795314635,False,0
라마51a29a,SHELTER_071,1342.0332117165472,False,0
라마51a29b,SHELTER_071,955.6307233954346,False,0
라마51a30a,SHELTER_071,724.849651751543,False,0
라마51a30b,SHELTER_071,798.4885445586457,False,0
라마51a31a,SHELTER_071,1117.9270521543147,False,0
라마51a31b,SHELTER_012,1137.7028620983901,False,0
라마51a32a,SHELTER_012,687.9187398813597,False,0
라마51a32b,SHELTER_012,389.9956191203269,False,0
라마51a33a,SHELTER_012,575.292076415221,False,0
라마51a33b,SHELTER_012,1004.9006734196299,False,0
라마51a34a,SHELTER_012,1479.4221012585674,False,0
라마51a34b,SHELTER_012,1966.6098097857146,False,0
라마51a35a,SHELTER_018,2456.632416926805,False,0
라마51a35b,SHELTER_018,1957.6985240384047,False,0
라마51a36a,SHELTER_018,1459.4944981563515,False,0
라마51a36b,SHELTER_018,963.1536062722146,False,0
라마51a37a,SHELTER_018,474.5582666034641,False,0
라마51a37b,SHELTER_018,150.8185251492561,True,1
라마51a38a,SHELTER_018,565.9389601844965,False,0
라마51a38b,SHELTER_058,971.4936966360729,False,0
라마51a39a,SHELTER_058,1322.1350169767977,False,0
라마51a39b,SHELTER_058,1747.0781332352744,False,0
라마51a40a,SHELTER_058,2203.752028732241,False,0
라마51a40b,SHELTER_058,2675.9603892161936,False,0
라마51a41a,SHELTER_058,3156.7396163077333,False,0
라마51a41b,SHELTER_058,3642.6976275391444,False,0
라마51a42a,SHELTER_058,4132.007624169143,False,0
라마51a42b,SHELTER_058,4623.605520230347,False,0
라마51a47b,SHELTER_050,3300.3125540695614,False,0
라마51a48a,SHELTER_050,3378.674334505211,False,0
라마51a48b,SHELTER_050,3526.8707890620694,False,0
라마51a49a,SHELTER_050,3736.602048229699,False,0
라마51a49b,SHELTER_002,3961.4298111960097,False,0
라마51a50a,SHELTER_002,4139.394747021751,False,0
라마51a50b,SHELTER_002,4367.63684322656,False,0
라마51a51a,SHELTER_002,4638.740595996815,False,0
라마51a51b,SHELTER_046,4744.091487896566,False,0
라마51a52a,SHELTER_046,4875.711728174649,False,0
라마51a52b,SHELTER_046,5053.585426901081,False,0
라마51a53a,SHELTER_046,5273.03389688651,False,0
라마51a53b,SHELTER_046,5529.1090863213485,False,0
라마51a54a,SHELTER_046,5816.975855130263,False,0
라마51a54b,SHELTER_046,6132.15858486191,False,0
라마51a55a,SHELTER_046,6470.666868308303,False,0
라마51a55b,SHELTER_046,6829.032913330404,False,0
라마51a56a,SHELTER_046,7204.293951670566,False,0
라마51a56b,SHELTER_046,7593.945756509212,False,0
라마51b11a,SHELTER_063,2814.0733017493803,False,0
라마51b11b,SHELTER_063,3070.390774103523,False,0
라마51b12a,SHELTER_063,3381.6549888747377,False,0
라마51b12b,SHELTER_020,3448.366323132012,False,0
라마51b13a,SHELTER_020,2987.4592459528576,False,0
라마51b13b,SHELTER_020,2541.3766336274207,False,0
라마51b14a,SHELTER_020,2119.499384681596,False,0
라마51b14b,SHELTER_020,1739.528697487882,False,0
라마51b15a,SHELTER_020,1435.145475936886,False,0
라마51b15b,SHELTER_020,1262.26977497694,False,0
라마51b16a,SHELTER_020,1275.5420151992478,False,0
라마51b16b,SHELTER_020,1469.9285289621334,False,0
라마51b17a,SHELTER_020,1787.2807076603847,False,0
라마51b17b,SHELTER_020,2174.409063560311,False,0
라마51b18a,SHELTER_020,2600.3340599644985,False,0
라마51b18b,SHELTER_047,2766.223470756181,False,0
라마51b19a,SHELTER_047,2340.3654201321447,False,0
라마51b19b,SHELTER_047,1950.032899552786,False,0
라마51b20a,SHELTER_047,1621.0941733675381,False,0
라마51b20b,SHELTER_047,1397.5923327330177,False,0
라마51b21a,SHELTER_047,1333.6350093267852,False,0
라마51b21b,SHELTER_047,1450.4827981365343,False,0
라마51b22a,SHELTER_047,1711.4959413559607,False,0
라마51b22b,SHELTER_098,1629.8350808752368,False,0
라마51b23a,SHELTER_098,1243.9834643961303,False,0
라마51b23b,SHELTER_098,968.8278116003934,False,0
라마51b24a,SHELTER_098,910.911520055497,False,0
라마51b24b,SHELTER_098,1104.9399378288508,False,0
라마51b25a,SHELTER_074,1440.6280355260458,False,0
라마51b25b,SHELTER_074,1421.935813561202,False,0
라마51b26a,SHELTER_074,1571.1122744833615,False,0
라마51b26b,SHELTER_074,1847.9410434796357,False,0
라마51b27a,SHELTER_074,2204.853378644695,False,0
라마51b27b,SHELTER_032,2600.2138838910832,False,0
라마51b28a,SHELTER_071,2148.272115959681,False,0
라마51b28b,SHELTER_071,1651.4387734205998,False,0
라마51b29a,SHELTER_071,1157.3361484477991,False,0
라마51b29b,SHELTER_071,672.0148053808322,False,0
라마51b30a,SHELTER_071,252.54868203593728,True,1
라마51b30b,SHELTER_071,419.473211236594,False,0
라마51b31a,SHELTER_071,887.7695157484242,False,0
라마51b31b,SHELTER_012,1077.4575007113367,False,0
라마51b32a,SHELTER_012,582.9057008575311,False,0
라마51b32b,SHELTER_012,136.54100609450197,True,1
라마51b33a,SHELTER_012,444.41853764035113,False,0
라마51b33b,SHELTER_012,936.147545449689,False,0
라마51b34a,SHELTER_012,1433.6096460001122,False,0
라마51b34b,SHELTER_012,1932.3822104743297,False,0
라마51b35a,SHELTER_012,2431.6589805338135,False,0
라마51b35b,SHELTER_018,2055.6539621711527,False,0
라마51b36a,SHELTER_018,1588.4753354448003,False,0
라마51b36b,SHELTER_018,1149.258269686576,False,0
라마51b37a,SHELTER_018,786.3429592547359,False,0
라마51b37b,SHELTER_018,644.8844304958893,False,0
라마51b38a,SHELTER_018,844.6399279116041,False,0
라마51b38b,SHELTER_018,1229.2100255648063,False,0
라마51b39a,SHELTER_058,1672.101603948032,False,0
라마51b39b,SHELTER_058,2024.8863608702086,False,0
라마51b40a,SHELTER_058,2429.89830547511,False,0
라마51b40b,SHELTER_058,2865.073607337764,False,0
라마51b41a,SHELTER_058,3318.5671269353647,False,0
라마51b41b,SHELTER_058,3783.7981944718795,False,0
라마51b47a,SHELTER_050,2798.1627937957705,False,0
라마51b47b,SHELTER_050,2802.336939891067,False,0
라마51b48a,SHELTER_050,2894.213127738368,False,0
라마51b48b,SHELTER_050,3065.91698075277,False,0
라마51b49a,SHELTER_050,3305.0301416119123,False,0
라마51b49b,SHELTER_002,3487.833346919224,False,0
라마51b50a,SHELTER_002,3688.7185008510155,False,0
라마51b50b,SHELTER_002,3943.1341469901035,False,0
라마51b51a,SHELTER_046,4166.084225487737,False,0
라마51b51b,SHELTER_046,4257.043408820836,False,0
라마51b52a,SHELTER_046,4403.246460886795,False,0
라마51b52b,SHELTER_046,4599.428247732455,False,0
라마51b53a,SHELTER_046,4839.5145435019,False,0
라마51b53b,SHELTER_046,5117.329560180149,False,0
라마51b54a,SHELTER_046,5427.082331992092,False,0
라마51b54b,SHELTER_046,5763.625894256834,False,0
라마51b55a,SHELTER_046,6122.543936933,False,0
라마51b55b,SHELTER_046,6500.131157938446,False,0
라마51b56a,SHELTER_046,6893.32038143661,False,0
라마51b56b,SHELTER_046,7299.590857839673,False,0
라마51b57a,SHELTER_046,7716.876797162417,False,0
라마52a10b,SHELTER_063,2154.9091582728884,False,0
라마52a11a,SHELTER_063,2377.3776390152534,False,0
라마52a11b,SHELTER_063,2675.8578804882577,False,0
라마52a12a,SHELTER_063,3027.9541533273723,False,0
라마52a12b,SHELTER_020,3301.1564672123172,False,0
라마52a13a,SHELTER_020,2816.259304243118,False,0
라마52a13b,SHELTER_020,2337.733713760863,False,0
라마52a14a,SHELTER_020,1870.4762399379413,False,0
라마52a14b,SHELTER_020,1425.6099788829351,False,0
라마52a15a,SHELTER_020,1032.4951620268378,False,0
라마52a15b,SHELTER_020,774.4215307744546,False,0
라마52a16a,SHELTER_020,795.8713181446315,False,0
라마52a16b,SHELTER_020,1080.3210646671187,False,0
라마52a17a,SHELTER_020,1483.5012809167777,False,0
라마52a17b,SHELTER_020,1932.4747082950255,False,0
라마52a18a,SHELTER_020,2401.695431547924,False,0
라마52a18b,SHELTER_020,2881.2884953847283,False,0
라마52a19a,SHELTER_047,2656.843388447045,False,0
라마52a19b,SHELTER_047,2320.3738492585007,False,0
라마52a20a,SHELTER_047,2051.6951064694404,False,0
라마52a20b,SHELTER_047,1880.0986196204135,False,0
라마52a21a,SHELTER_047,1833.054507942009,False,0
라마52a21b,SHELTER_047,1919.741346815882,False,0
라마52a22a,SHELTER_098,1901.398965056874,False,0
라마52a22b,SHELTER_098,1416.4923201905333,False,0
라마52a23a,SHELTER_098,947.4085507309763,False,0
라마52a23b,SHELTER_098,537.3224644825283,False,0
라마52a24a,SHELTER_098,424.0847788791608,False,0
라마52a24b,SHELTER_098,755.6324295028605,False,0
라마52a25a,SHELTER_098,1209.1785795968287,False,0
라마52a25b,SHELTER_032,1138.166391823459,False,0
라마52a26a,SHELTER_032,1250.9376266975105,False,0
라마52a26b,SHELTER_032,1527.8308663915548,False,0
라마52a27a,SHELTER_032,1898.3385806304252,False,0
라마52a27b,SHELTER_032,2317.997320343815,False,0
라마52a28a,SHELTER_071,2157.184948807969,False,0
라마52a28b,SHELTER_071,1663.0164886466673,False,0
라마52a29a,SHELTER_071,1173.7975888788246,False,0
라마52a29b,SHELTER_071,699.9840839653382,False,0
라마52a30a,SHELTER_071,319.61642002851613,False,0
라마52a30b,SHELTER_071,462.95960309609745,False,0
라마52a31a,SHELTER_071,909.1251466360104,False,0
라마52a31b,SHELTER_012,1235.9051457338348,False,0
라마52a32a,SHELTER_012,840.4319838657148,False,0
라마52a32b,SHELTER_012,620.6370193257493,False,0
라마52a33a,SHELTER_012,751.0357514863323,False,0
라마52a33b,SHELTER_012,1114.8628123063972,False,0
라마52a34a,SHELTER_012,1556.2080453836556,False,0
라마52a34b,SHELTER_012,2025.005647095807,False,0
라마52a35a,SHELTER_012,2505.895500818619,False,0
라마52a35b,SHELTER_018,2262.4860029086963,False,0
라마52a36a,SHELTER_018,1848.3461776637735,False,0
라마52a36b,SHELTER_018,1487.926164704013,False,0
라마52a37a,SHELTER_018,1229.4165082417373,False,0
라마52a37b,SHELTER_018,1144.1178391511157,False,0
라마52a38a,SHELTER_018,1267.4960784911054,False,0
라마52a38b,SHELTER_018,1550.5118471385,False,0
라마52a39a,SHELTER_018,1923.9614516001495,False,0
라마52a39b,SHELTER_018,2345.030564058786,False,0
라마52a40a,SHELTER_058,2729.8880097469487,False,0
라마52a40b,SHELTER_058,3123.54438839482,False,0
라마52a41a,SHELTER_058,3544.1177388435312,False,0
라마52a41b,SHELTER_058,3983.090702871076,False,0
라마52a42a,SHELTER_058,4435.003105727279,False,0
라마52a45a,SHELTER_051,3071.9030363117577,False,0
라마52a45b,SHELTER_051,2819.1248290445483,False,0
라마52a46a,SHELTER_050,2596.919286870825,False,0
라마52a46b,SHELTER_050,2401.534319266904,False,0
라마52a47a,SHELTER_050,2300.1618183753567,False,0
라마52a47b,SHELTER_050,2305.23788247697,False,0
라마52a48a,SHELTER_050,2416.0916784969027,False,0
라마52a48b,SHELTER_050,2619.327452419238,False,0
라마52a49a,SHELTER_002,2862.756371068319,False,0
라마52a49b,SHELTER_002,3022.753175952522,False,0
라마52a50a,SHELTER_002,3252.4912736808174,False,0
라마52a50b,SHELTER_002,3538.4123852384246,False,0
라마52a51a,SHELTER_046,3670.459414420766,False,0
라마52a51b,SHELTER_046,3773.384836408445,False,0
라마52a52a,SHELTER_046,3937.587324030332,False,0
라마52a52b,SHELTER_046,4155.8097580485455,False,0
라마52a53a,SHELTER_046,4420.058320409208,False,0
라마52a53b,SHELTER_046,4722.613298434017,False,0
라마52a54a,SHELTER_046,5056.603324097411,False,0
라마52a54b,SHELTER_046,5416.216205802733,False,0
라마52a55a,SHELTER_046,5796.6851560807845,False,0
라마52a55b,SHELTER_046,6194.1681935070565,False,0
라마52a56a,SHELTER_046,6605.594630325239,False,0
라마52a56b,SHELTER_046,7028.51628943896,False,0
라마52a57a,SHELTER_046,7460.978624928231,False,0
라마52b10b,SHELTER_063,1696.0393189072738,False,0
라마52b11a,SHELTER_063,1970.999829873362,False,0
라마52b11b,SHELTER_063,2322.3116258250516,False,0
라마52b12a,SHELTER_063,2720.5555031139443,False,0
라마52b12b,SHELTER_063,3147.969695471184,False,0
라마52b13a,SHELTER_020,2727.2183981563794,False,0
라마52b13b,SHELTER_020,2229.6642435489857,False,0
라마52b14a,SHELTER_020,1733.5181241276637,False,0
라마52b14b,SHELTER_020,1240.4706906643612,False,0
라마52b15a,SHELTER_020,756.6042440507065,False,0
라마52b15b,SHELTER_020,325.7797259403424,False,0
라마52b16a,SHELTER_020,373.91827656854133,False,0
라마52b16b,SHELTER_020,820.6688280117697,False,0
라마52b17a,SHELTER_020,1306.5908973310795,False,0
라마52b17b,SHELTER_020,1800.2394898198015,False,0
라마52b18a,SHELTER_020,2296.6376876697122,False,0
라마52b18b,SHELTER_020,2794.320510632792,False,0
라마52b19a,SHELTER_047,3023.296757137685,False,0
라마52b19b,SHELTER_047,2732.3325733349475,False,0
라마52b20a,SHELTER_047,2508.178482663288,False,0
라마52b20b,SHELTER_047,2369.868627262501,False,0
라마52b21a,SHELTER_047,2332.7227267875164,False,0
라마52b21b,SHELTER_098,2360.9899740971186,False,0
라마52b22a,SHELTER_098,1861.5601324229422,False,0
라마52b22b,SHELTER_098,1362.548566277889,False,0
라마52b23a,SHELTER_098,864.6797466723386,False,0
라마52b23b,SHELTER_098,372.5634619024637,False,0
라마52b24a,SHELTER_098,173.0202357649456,True,1
라마52b24b,SHELTER_098,648.8978893659357,False,0
라마52b25a,SHELTER_032,798.7489344008019,False,0
라마52b25b,SHELTER_032,638.2962248185283,False,0
라마52b26a,SHELTER_032,822.7054643241127,False,0
라마52b26b,SHELTER_032,1202.6082036307264,False,0
라마52b27a,SHELTER_032,1647.9346776650739,False,0
라마52b27b,SHELTER_032,2117.8080442434484,False,0
라마52b28a,SHELTER_071,2278.556719179357,False,0
라마52b28b,SHELTER_071,1817.690199309125,False,0
라마52b29a,SHELTER_071,1384.2595850531425,False,0
라마52b29b,SHELTER_071,1014.0766918525194,False,0
라마52b30a,SHELTER_071,800.3302287840943,False,0
라마52b30b,SHELTER_071,867.5859687965522,False,0
라마52b31a,SHELTER_071,1168.2817945169322,False,0
라마52b31b,SHELTER_012,1547.2583470977377,False,0
라마52b32a,SHELTER_012,1254.1422498730808,False,0
라마52b32b,SHELTER_012,1118.8106064789529,False,0
라마52b33a,SHELTER_012,1196.0775741660286,False,0
라마52b33b,SHELTER_012,1452.4000666744619,False,0
라마52b34a,SHELTER_012,1813.3754007179732,False,0
라마52b34b,SHELTER_012,2228.720425307347,False,0
라마52b35a,SHELTER_012,2673.2113879069216,False,0
라마52b35b,SHELTER_018,2551.8566994495554,False,0
라마52b36a,SHELTER_018,2193.060257642752,False,0
라마52b36b,SHELTER_018,1899.2245714445157,False,0
라마52b37a,SHELTER_018,1704.2871389249867,False,0
라마52b37b,SHELTER_018,1643.8173046393047,False,0
라마52b38a,SHELTER_018,1731.9572772323631,False,0
라마52b38b,SHELTER_018,1948.6448340538236,False,0
라마52b39a,SHELTER_018,2257.1569215300838,False,0
라마52b39b,SHELTER_018,2625.3186563801505,False,0
라마52b40a,SHELTER_018,3031.4746785457714,False,0
라마52b40b,SHELTER_058,3435.754985018885,False,0
라마52b41a,SHELTER_058,3822.126805535726,False,0
라마52b41b,SHELTER_058,4232.3627347035535,False,0
라마52b42a,SHELTER_058,4660.164730845891,False,0
라마52b42b,SHELTER_051,4701.064281600214,False,0
라마52b43a,SHELTER_051,4255.68818371029,False,0
라마52b44b,SHELTER_051,3023.8239910208986,False,0
라마52b45a,SHELTER_051,2674.7687873735204,False,0
라마52b45b,SHELTER_051,2380.1816323847365,False,0
라마52b46a,SHELTER_051,2162.438702108276,False,0
라마52b46b,SHELTER_050,1930.9056053431577,False,0
라마52b47a,SHELTER_050,1803.2675233699251,False,0
라마52b47b,SHELTER_050,1809.7378442569463,False,0
라마52b48a,SHELTER_050,1948.9813670301867,False,0
라마52b48b,SHELTER_050,2195.8838022823365,False,0
라마52b49a,SHELTER_002,2380.636332357707,False,0
라마52b49b,SHELTER_002,2570.81544837049,False,0
라마52b50a,SHELTER_002,2837.385203355225,False,0
라마52b50b,SHELTER_046,3134.0271283502216,False,0
라마52b51a,SHELTER_046,3176.2063616777637,False,0
라마52b51b,SHELTER_046,3294.608878560467,False,0
라마52b52a,SHELTER_046,3481.466425720147,False,0
라마52b52b,SHELTER_046,3726.4955768313716,False,0
라마52b53a,SHELTER_046,4019.0707999326087,False,0
라마52b53b,SHELTER_046,4349.608132418149,False,0
라마52b54a,SHELTER_046,4710.122261292721,False,0
라마52b54b,SHELTER_046,5094.252891941312,False,0
라마52b55a,SHELTER_046,5497.051331193805,False,0
라마52b55b,SHELTER_046,5914.704907982032,False,0
라마52b56a,SHELTER_046,6344.280491847275,False,0
라마52b56b,SHELTER_046,6783.513526924014,False,0
라마52b57a,SHELTER_065,7197.150758387176,False,0
라마52b57b,SHELTER_065,7565.0041895184095,False,0
라마53a08b,SHELTER_087,569.9690088751881,False,0
라마53a10a,SHELTER_063,1049.3685263381778,False,0
라마53a10b,SHELTER_063,1268.6470203135825,False,0
라마53a11a,SHELTER_063,1617.9481512804737,False,0
라마53a11b,SHELTER_063,2031.267382279663,False,0
라마53a12a,SHELTER_063,2476.759604078411,False,0
라마53a12b,SHELTER_072,2892.858828320054,False,0
라마53a13a,SHELTER_020,2728.3921847398265,False,0
라마53a13b,SHELTER_020,2231.099809839888,False,0
라마53a14a,SHELTER_020,1735.36417192064,False,0
라마53a14b,SHELTER_020,1243.049177186499,False,0
라마53a15a,SHELTER_020,760.8243585889295,False,0
라마53a15b,SHELTER_020,335.46408502324,False,0
라마53a16a,SHELTER_020,382.38540774812935,False,0
라마53a16b,SHELTER_020,824.5611243424751,False,0
라마53a17a,SHELTER_020,1309.0391497182773,False,0
라마53a17b,SHELTER_020,1802.0171872691376,False,0
라마53a18a,SHELTER_020,2298.0314164370334,False,0
라마53a18b,SHELTER_020,2795.4661218927017,False,0
라마53a19a,SHELTER_081,3223.8501103716026,False,0
라마53a19b,SHELTER_047,3169.723612918269,False,0
라마53a20a,SHELTER_047,2978.668459543556,False,0
라마53a20b,SHELTER_047,2863.1772214565267,False,0
라마53a21a,SHELTER_047,2832.508042540295,False,0
라마53a21b,SHELTER_098,2434.0011832565497,False,0
라마53a22a,SHELTER_098,1953.329011952081,False,0
라마53a22b,SHELTER_098,1485.4718771397531,False,0
라마53a23a,SHELTER_098,1047.74002816181,False,0
라마53a23b,SHELTER_098,699.2078628361663,False,0
라마53a24a,SHELTER_098,616.4609511488363,False,0
라마53a24b,SHELTER_098,878.1552101597626,False,0
라마53a25a,SHELTER_032,499.9991953469231,False,0
라마53a25b,SHELTER_032,139.36070378244807,True,1
라마53a26a,SHELTER_032,537.4417328138073,False,0
라마53a26b,SHELTER_032,1028.7204802963129,False,0
라마53a27a,SHELTER_032,1525.6762556296944,False,0
라마53a27b,SHELTER_032,2024.1319738108514,False,0
라마53a28a,SHELTER_071,2496.0357653028836,False,0
라마53a28b,SHELTER_071,2083.835761238923,False,0
라마53a29a,SHELTER_071,1718.8799894016026,False,0
라마53a29b,SHELTER_071,1437.6109891456401,False,0
라마53a30a,SHELTER_071,1295.7246213063008,False,0
라마53a30b,SHELTER_071,1338.3120833372193,False,0
라마53a31a,SHELTER_071,1550.2439067944952,False,0
라마53a31b,SHELTER_071,1874.9488282885243,False,0
라마53a32a,SHELTER_012,1714.473577028519,False,0
라마53a32b,SHELTER_012,1618.11125593454,False,0
라마53a33a,SHELTER_012,1672.4677655593675,False,0
라마53a33b,SHELTER_012,1864.406827140534,False,0
라마53a34a,SHELTER_012,2157.5164442806276,False,0
라마53a34b,SHELTER_019,2515.241297335378,False,0
라마53a35a,SHELTER_019,2451.0273943384213,False,0
라마53a35b,SHELTER_019,2487.69608107048,False,0
라마53a36a,SHELTER_018,2588.9463097599964,False,0
라마53a36b,SHELTER_018,2345.247039001737,False,0
라마53a37a,SHELTER_018,2190.370825470639,False,0
라마53a37b,SHELTER_018,2143.6569296880134,False,0
라마53a38a,SHELTER_018,2211.968741037258,False,0
라마53a38b,SHELTER_018,2385.444694486222,False,0
라마53a39a,SHELTER_018,2643.4611912375367,False,0
라마53a39b,SHELTER_015,2918.0926041900257,False,0
라마53a40a,SHELTER_015,3113.2662134263255,False,0
라마53a40b,SHELTER_015,3371.8820537935867,False,0
라마53a41a,SHELTER_015,3680.591073961983,False,0
라마53a41b,SHELTER_015,4027.891845961357,False,0
라마53a42a,SHELTER_005,4259.879304109929,False,0
라마53a42b,SHELTER_005,4295.475179376938,False,0
라마53a43a,SHELTER_051,4040.876355244937,False,0
라마53a44b,SHELTER_051,2713.1736638261423,False,0
라마53a45a,SHELTER_051,2317.798064395134,False,0
라마53a45b,SHELTER_051,1970.5492646843134,False,0
라마53a46a,SHELTER_051,1701.1587056421117,False,0
라마53a46b,SHELTER_050,1479.670850856535,False,0
라마53a47a,SHELTER_050,1308.7410480952979,False,0
라마53a47b,SHELTER_050,1317.6419980649732,False,0
라마53a48a,SHELTER_050,1503.1825368729278,False,0
라마53a48b,SHELTER_002,1788.2454896216145,False,0
라마53a49a,SHELTER_002,1907.7433406490654,False,0
라마53a49b,SHELTER_002,2140.361506014735,False,0
라마53a50a,SHELTER_002,2454.141417903311,False,0
라마53a50b,SHELTER_046,2634.03503778659,False,0
라마53a51a,SHELTER_046,2684.0829702180527,False,0
라마53a51b,SHELTER_046,2823.200701640201,False,0
라마53a52a,SHELTER_046,3039.1813062844544,False,0
라마53a52b,SHELTER_046,3317.0444409437814,False,0
라마53a53a,SHELTER_046,3642.6562607420433,False,0
라마53a53b,SHELTER_046,4004.3857762021835,False,0
라마53a54a,SHELTER_046,4393.320641084318,False,0
라마53a54b,SHELTER_046,4802.856136311464,False,0
라마53a55a,SHELTER_046,5228.1533907137655,False,0
라마53a55b,SHELTER_046,5665.664011178125,False,0
라마53a56a,SHELTER_046,6112.7661085866985,False,0
라마53a56b,SHELTER_065,6490.17207966116,False,0
라마53a57a,SHELTER_065,6859.492909252931,False,0
라마53a57b,SHELTER_065,7244.511875935412,False,0
라마53a58a,SHELTER_065,7642.856904917638,False,0
라마53a58b,SHELTER_065,8052.550590808181,False,0
라마53a59a,SHELTER_065,8471.946669213821,False,0
라마53b08a,SHELTER_087,529.6863509815356,False,0
라마53b08b,SHELTER_087,73.82008199759869,True,1
라마53b09a,SHELTER_087,479.9283056833904,False,0
라마53b09b,SHELTER_063,570.7882592160321,False,0
라마53b10a,SHELTER_063,578.005358920002,False,0
라마53b10b,SHELTER_063,917.8132451766058,False,0
라마53b11a,SHELTER_063,1360.3941013923077,False,0
라마53b11b,SHELTER_063,1832.7474100880231,False,0
라마53b12a,SHELTER_063,2316.7334821393956,False,0
라마53b12b,SHELTER_072,2426.5580723787907,False,0
라마53b13a,SHELTER_072,2276.5158658862815,False,0
라마53b13b,SHELTER_072,2230.8888131498757,False,0
라마53b14a,SHELTER_020,1875.6045776475712,False,0
라마53b14b,SHELTER_020,1432.3320073958926,False,0
라마53b15a,SHELTER_020,1041.7568944475343,False,0
라마53b15b,SHELTER_020,786.7273192454896,False,0
라마53b16a,SHELTER_020,807.8504332891195,False,0
라마53b16b,SHELTER_020,1089.1761888159517,False,0
라마53b17a,SHELTER_020,1489.962153211237,False,0
라마53b17b,SHELTER_020,1937.4389450302915,False,0
라마53b18a,SHELTER_081,2394.134470372437,False,0
라마53b18b,SHELTER_081,2553.6741462402497,False,0
라마53b19a,SHELTER_081,2794.749260331994,False,0
라마53b19b,SHELTER_056,2852.320426620409,False,0
라마53b20a,SHELTER_056,2969.0550088642253,False,0
라마53b20b,SHELTER_056,3161.462236878287,False,0
라마53b21a,SHELTER_098,3063.2201020432803,False,0
라마53b21b,SHELTER_098,2602.7773363085544,False,0
라마53b22a,SHELTER_098,2159.995910005587,False,0
라마53b22b,SHELTER_098,1748.346304391745,False,0
라마53b23a,SHELTER_098,1395.6529901518074,False,0
라마53b23b,SHELTER_098,1157.1429201957249,False,0
라마53b24a,SHELTER_098,1109.104236128642,False,0
라마53b24b,SHELTER_032,1045.2637562249806,False,0
라마53b25a,SHELTER_032,601.6631370532223,False,0
라마53b25b,SHELTER_032,362.5199868971272,False,0
라마53b26a,SHELTER_032,633.1215928327368,False,0
라마53b26b,SHELTER_032,1081.787946744754,False,0
라마53b27a,SHELTER_032,1561.949862234188,False,0
라마53b27b,SHELTER_032,2051.6114599369366,False,0
라마53b28a,SHELTER_070,2248.9673700320786,False,0
라마53b28b,SHELTER_040,2202.5339513625404,False,0
라마53b29a,SHELTER_040,1799.1025724424712,False,0
라마53b29b,SHELTER_040,1456.840528484003,False,0
라마53b30a,SHELTER_040,1228.005938380585,False,0
라마53b30b,SHELTER_040,1180.513805070662,False,0
라마53b31a,SHELTER_040,1333.8767196509748,False,0
라마53b31b,SHELTER_040,1632.4341832034997,False,0
라마53b32a,SHELTER_040,2012.574376701569,False,0
라마53b32b,SHELTER_012,2117.7419342295475,False,0
라마53b33a,SHELTER_012,2159.5590499561235,False,0
라마53b33b,SHELTER_012,2311.3977763467033,False,0
라마53b34a,SHELTER_019,2223.7993586383573,False,0
라마53b34b,SHELTER_019,2031.3493277760974,False,0
라마53b35a,SHELTER_019,1951.275632870056,False,0
라마53b35b,SHELTER_019,1997.1412317130882,False,0
라마53b36a,SHELTER_019,2160.9418324852027,False,0
라마53b36b,SHELTER_019,2418.835692510043,False,0
라마53b37a,SHELTER_018,2681.5767850726816,False,0
라마53b37b,SHELTER_015,2507.9342817553324,False,0
라마53b38a,SHELTER_015,2338.1395233469284,False,0
라마53b38b,SHELTER_015,2268.051696869004,False,0
라마53b39a,SHELTER_015,2306.777095582435,False,0
라마53b39b,SHELTER_015,2449.159577842387,False,0
라마53b40a,SHELTER_015,2678.720722055673,False,0
라마53b40b,SHELTER_015,2975.349857714859,False,0
라마53b41a,SHELTER_015,3321.1246355470003,False,0
라마53b41b,SHELTER_015,3702.300759510302,False,0
라마53b42a,SHELTER_005,3759.925727818655,False,0
라마53b42b,SHELTER_005,3800.2074693063655,False,0
라마53b43a,SHELTER_051,3878.979443073116,False,0
라마53b43b,SHELTER_051,3399.6114567723585,False,0
라마53b44a,SHELTER_051,2927.154692572966,False,0
라마53b44b,SHELTER_051,2465.5853527075456,False,0
라마53b45a,SHELTER_051,2022.3717929006152,False,0
라마53b45b,SHELTER_051,1612.7195062856113,False,0
라마53b46a,SHELTER_051,1269.5435176425274,False,0
라마53b46b,SHELTER_051,1059.5363516284938,False,0
라마53b47a,SHELTER_050,820.873011554439,False,0
라마53b47b,SHELTER_050,834.9909012639183,False,0
라마53b48a,SHELTER_050,1104.8018416388556,False,0
라마53b48b,SHELTER_002,1292.2372994157654,False,0
라마53b49a,SHELTER_002,1453.113884263776,False,0
라마53b49b,SHELTER_002,1747.341604632296,False,0
라마53b50a,SHELTER_002,2120.1097627051704,False,0
라마53b50b,SHELTER_046,2134.0466535058854,False,0
라마53b51a,SHELTER_046,2195.5217899321406,False,0
라마53b51b,SHELTER_046,2363.572876133501,False,0
라마53b52a,SHELTER_046,2617.7542954832775,False,0
라마53b52b,SHELTER_046,2935.779004327184,False,0
라마53b53a,SHELTER_046,3299.2361499255358,False,0
라마53b53b,SHELTER_046,3694.74220801704,False,0
라마53b54a,SHELTER_046,4113.062216211882,False,0
라마53b54b,SHELTER_046,4547.9051886727975,False,0
라마53b55a,SHELTER_046,4994.957699108583,False,0
라마53b55b,SHELTER_065,5432.805799933901,False,0
라마53b56a,SHELTER_065,5783.224723999008,False,0
라마53b56b,SHELTER_065,6154.347857957932,False,0
라마53b57a,SHELTER_065,6542.6528950594175,False,0
라마53b57b,SHELTER_065,6945.258544770479,False,0
라마53b58a,SHELTER_065,7359.818313123316,False,0
라마53b58b,SHELTER_065,7784.422582996333,False,0
라마53b59a,SHELTER_065,8217.514484267205,False,0
라마54a08a,SHELTER_087,679.0820008247181,False,0
라마54a08b,SHELTER_087,431.31674896078414,False,0
라마54a09a,SHELTER_087,641.0272318896427,False,0
라마54a09b,SHELTER_063,242.3120461924042,True,1
라마54a10a,SHELTER_063,258.8553376141236,True,1
라마54a10b,SHELTER_063,758.4833840584078,False,0
라마54a11a,SHELTER_063,1258.4069301994748,False,0
라마54a11b,SHELTER_063,1758.3739534170306,False,0
라마54a12a,SHELTER_003,1992.1111307861702,False,0
라마54a12b,SHELTER_003,1959.9760277026098,False,0
라마54a13a,SHELTER_072,1789.4346497342012,False,0
라마54a13b,SHELTER_072,1731.0161104607482,False,0
라마54a14a,SHELTER_072,1814.044427151648,False,0
라마54a14b,SHELTER_020,1748.7077234110516,False,0
라마54a15a,SHELTER_020,1446.2576359818074,False,0
라마54a15b,SHELTER_020,1274.889641245041,False,0
라마54a16a,SHELTER_020,1288.0318494013,False,0
라마54a16b,SHELTER_020,1480.7796908353237,False,0
라마54a17a,SHELTER_020,1796.2157277199697,False,0
라마54a17b,SHELTER_081,1833.0089943201,False,0
라마54a18a,SHELTER_081,1910.312476064778,False,0
라마54a18b,SHELTER_081,2106.8140732297907,False,0
라마54a19a,SHELTER_056,2320.858967724119,False,0
라마54a19b,SHELTER_056,2359.2249103489853,False,0
라마54a20a,SHELTER_056,2499.0994392294388,False,0
라마54a20b,SHELTER_056,2724.895197379637,False,0
라마54a21a,SHELTER_056,3017.384573806979,False,0
라마54a21b,SHELTER_098,2850.3575152441185,False,0
라마54a22a,SHELTER_098,2452.686370808146,False,0
라마54a22b,SHELTER_098,2099.2386482692823,False,0
라마54a23a,SHELTER_098,1816.0218531798707,False,0
라마54a23b,SHELTER_098,1639.83774809164,False,0
라마54a24a,SHELTER_098,1606.3001926494528,False,0
라마54a24b,SHELTER_032,1305.5939855938025,False,0
라마54a25a,SHELTER_032,986.9133019824378,False,0
라마54a25b,SHELTER_032,862.2181139601785,False,0
라마54a26a,SHELTER_032,1006.4006590082381,False,0
라마54a26b,SHELTER_032,1335.0147927507712,False,0
라마54a27a,SHELTER_070,1469.7948741351413,False,0
라마54a27b,SHELTER_070,1581.3176307963233,False,0
라마54a28a,SHELTER_070,1827.7948262594077,False,0
라마54a28b,SHELTER_040,1982.0336458043776,False,0
라마54a29a,SHELTER_040,1521.2072943438789,False,0
라마54a29b,SHELTER_040,1095.3017354270266,False,0
라마54a30a,SHELTER_040,765.0491166545376,False,0
라마54a30b,SHELTER_040,686.2320381316513,False,0
라마54a31a,SHELTER_040,925.4883410517671,False,0
라마54a31b,SHELTER_040,1319.9026209107942,False,0
라마54a32a,SHELTER_040,1768.5466315456927,False,0
라마54a32b,SHELTER_040,2239.0559276659546,False,0
라마54a33a,SHELTER_019,2526.4662845886837,False,0
라마54a33b,SHELTER_019,2136.382079858231,False,0
라마54a34a,SHELTER_019,1801.4507751019498,False,0
라마54a34b,SHELTER_019,1557.6653681363816,False,0
라마54a35a,SHELTER_019,1451.6948381348898,False,0
라마54a35b,SHELTER_019,1512.7836616791965,False,0
라마54a36a,SHELTER_019,1723.2559041011732,False,0
라마54a36b,SHELTER_019,2037.3284995296133,False,0
라마54a37a,SHELTER_015,2365.521186478541,False,0
라마54a37b,SHELTER_015,2067.087940246425,False,0
라마54a38a,SHELTER_015,1857.4214981380976,False,0
라마54a38b,SHELTER_015,1768.3825069195127,False,0
라마54a39a,SHELTER_015,1817.7840245233497,False,0
라마54a39b,SHELTER_015,1995.3698476336842,False,0
라마54a40a,SHELTER_015,2271.269006057855,False,0
라마54a40b,SHELTER_015,2614.5410623878915,False,0
라마54a41a,SHELTER_015,3002.1637257061398,False,0
라마54a41b,SHELTER_005,3289.8291658963,False,0
라마54a42a,SHELTER_005,3259.9863913582817,False,0
라마54a42b,SHELTER_005,3306.3645598905814,False,0
라마54a43a,SHELTER_005,3425.869515022381,False,0
라마54a43b,SHELTER_051,3282.553557586547,False,0
라마54a44a,SHELTER_051,2790.346644354094,False,0
라마54a44b,SHELTER_051,2301.501886354258,False,0
라마54a45a,SHELTER_051,1818.73238001809,False,0
라마54a45b,SHELTER_051,1348.5785136062057,False,0
라마54a46a,SHELTER_051,910.7911640954693,False,0
라마54a46b,SHELTER_051,583.4527245873796,False,0
라마54a47a,SHELTER_050,367.2354438603794,False,0
라마54a47b,SHELTER_050,397.7928799292494,False,0
라마54a48a,SHELTER_050,825.600677941511,False,0
라마54a48b,SHELTER_002,801.2069301064821,False,0
라마54a49a,SHELTER_002,1040.9588212265946,False,0
라마54a49b,SHELTER_002,1423.115592679762,False,0
라마54a50a,SHELTER_046,1704.1152683034018,False,0
라마54a50b,SHELTER_046,1634.0653776369952,False,0
라마54a51a,SHELTER_046,1713.5724289095854,False,0
라마54a51b,SHELTER_046,1924.185874557408,False,0
라마54a52a,SHELTER_046,2229.0473504556644,False,0
라마54a52b,SHELTER_046,2595.151806985591,False,0
라마54a53a,SHELTER_046,3000.162280948772,False,0
라마54a53b,SHELTER_046,3430.325716714799,False,0
라마54a54a,SHELTER_046,3877.279372637734,False,0
라마54a54b,SHELTER_046,4335.833961789729,False,0
라마54a55a,SHELTER_065,4726.386933425529,False,0
라마54a55b,SHELTER_065,5076.321777914946,False,0
라마54a56a,SHELTER_065,5449.711197982104,False,0
라마54a56b,SHELTER_065,5842.059695851243,False,0
라마54a57a,SHELTER_065,6249.797663794205,False,0
라마54a57b,SHELTER_065,6670.10346147985,False,0
라마54a58a,SHELTER_065,7100.745702764145,False,0
라마54a58b,SHELTER_065,7539.953506740041,False,0
라마54a59a,SHELTER_065,7986.313807525937,False,0
라마54b08b,SHELTER_087,930.923665700936,False,0
라마54b09a,SHELTER_063,885.0650035560435,False,0
라마54b09b,SHELTER_063,540.0287201631329,False,0
라마54b10a,SHELTER_063,547.6513276551088,False,0
라마54b10b,SHELTER_063,899.0066377751476,False,0
라마54b11a,SHELTER_063,1347.777389944329,False,0
라마54b11b,SHELTER_003,1699.8219629053758,False,0
라마54b12a,SHELTER_003,1504.125652112294,False,0
라마54b12b,SHELTER_003,1461.298480499101,False,0
라마54b13a,SHELTER_072,1312.1083201118574,False,0
라마54b13b,SHELTER_072,1231.2467878991824,False,0
라마54b14a,SHELTER_072,1345.4772616872228,False,0
라마54b14b,SHELTER_072,1613.892645352423,False,0
라마54b15a,SHELTER_020,1896.856576587276,False,0
라마54b15b,SHELTER_020,1769.674354185149,False,0
라마54b16a,SHELTER_020,1779.165469420663,False,0
라마54b16b,SHELTER_081,1642.7392676078882,False,0
라마54b17a,SHELTER_081,1409.9518021163915,False,0
라마54b17b,SHELTER_081,1333.167606582765,False,0
라마54b18a,SHELTER_081,1437.6048310269332,False,0
라마54b18b,SHELTER_081,1689.993915119914,False,0
라마54b19a,SHELTER_056,1821.1525772325094,False,0
라마54b19b,SHELTER_056,1869.800133465159,False,0
라마54b20a,SHELTER_056,2043.4550077386198,False,0
라마54b20b,SHELTER_056,2314.1443771289983,False,0
라마54b21a,SHELTER_056,2652.3235149097995,False,0
라마54b21b,SHELTER_056,3035.519042485023,False,0
라마54b22a,SHELTER_098,2804.595966597543,False,0
라마54b22b,SHELTER_098,2501.3778212606376,False,0
라마54b23a,SHELTER_098,2268.9256209787977,False,0
라마54b23b,SHELTER_098,2130.529498123279,False,0
라마54b24a,SHELTER_032,2011.7536578688494,False,0
라마54b24b,SHELTER_032,1678.2654707643437,False,0
라마54b25a,SHELTER_032,1444.2981689287822,False,0
라마54b25b,SHELTER_032,1362.1378091743145,False,0
라마54b26a,SHELTER_070,1327.6820826534,False,0
라마54b26b,SHELTER_070,1050.2419673733432,False,0
라마54b27a,SHELTER_070,971.2243136709416,False,0
라마54b27b,SHELTER_070,1132.9365140637635,False,0
라마54b28a,SHELTER_070,1457.3309927165874,False,0
라마54b28b,SHELTER_070,1861.204475538804,False,0
라마54b29a,SHELTER_040,1375.2720452917422,False,0
라마54b29b,SHELTER_040,881.4689205101694,False,0
라마54b30a,SHELTER_040,403.23903220025136,False,0
라마54b30b,SHELTER_040,219.58136613617108,True,1
라마54b31a,SHELTER_040,658.6579048479257,False,0
라마54b31b,SHELTER_040,1148.6707512960757,False,0
라마54b32a,SHELTER_040,1644.7062820295675,False,0
라마54b32b,SHELTER_040,2142.5855906852253,False,0
라마54b33a,SHELTER_019,2276.6144150466926,False,0
라마54b33b,SHELTER_019,1834.1400433921146,False,0
라마54b34a,SHELTER_019,1430.093074855781,False,0
라마54b34b,SHELTER_019,1107.3674668900546,False,0
라마54b35a,SHELTER_019,952.5540460795545,False,0
라마54b35b,SHELTER_019,1043.290810214757,False,0
라마54b36a,SHELTER_019,1330.2451723853758,False,0
라마54b36b,SHELTER_019,1717.745243809638,False,0
라마54b37a,SHELTER_015,2019.6060692093931,False,0
라마54b37b,SHELTER_015,1660.1116660697203,False,0
라마54b38a,SHELTER_015,1390.3714657796124,False,0
라마54b38b,SHELTER_015,1268.9739484668366,False,0
라마54b39a,SHELTER_015,1336.9580961723816,False,0
라마54b39b,SHELTER_015,1569.9105133587218,False,0
라마54b40a,SHELTER_015,1908.3451178934095,False,0
라마54b40b,SHELTER_015,2306.2834080010584,False,0
라마54b41a,SHELTER_015,2737.9016101851325,False,0
라마54b41b,SHELTER_005,2795.254144780129,False,0
라마54b42a,SHELTER_005,2760.0690326456943,False,0
라마54b42b,SHELTER_005,2814.6965015839605,False,0
라마54b43a,SHELTER_005,2954.158378809138,False,0
라마54b43b,SHELTER_005,3167.268074878961,False,0
라마54b44a,SHELTER_051,2739.312723488206,False,0
라마54b44b,SHELTER_051,2239.354981752207,False,0
라마54b45a,SHELTER_051,1739.4215335945694,False,0
라마54b45b,SHELTER_051,1239.5417737077444,False,0
라마54b46a,SHELTER_051,739.824537306379,False,0
라마54b46b,SHELTER_051,241.28175072859213,True,1
라마54b47a,SHELTER_051,262.85627340566026,True,1
라마54b47b,SHELTER_050,345.3527840502837,False,0
라마54b48a,SHELTER_002,415.1206198939626,False,0
라마54b48b,SHELTER_002,337.62086976363884,False,0
라마54b49a,SHELTER_002,745.4197303122344,False,0
라마54b49b,SHELTER_002,1223.6475378872678,False,0
라마54b50a,SHELTER_046,1232.8922851234986,False,0
라마54b50b,SHELTER_046,1134.1006116937785,False,0
라마54b51a,SHELTER_046,1245.931381806945,False,0
라마54b51b,SHELTER_046,1522.664053197068,False,0
라마54b52a,SHELTER_046,1893.3215864257406,False,0
라마54b52b,SHELTER_046,2313.185561158647,False,0
라마54b53a,SHELTER_046,2759.8891736952055,False,0
라마54b53b,SHELTER_046,3222.289413104783,False,0
라마54b54a,SHELTER_046,3694.4972421879443,False,0
라마54b54b,SHELTER_065,4020.209948387736,False,0
라마54b55a,SHELTER_065,4369.484795441415,False,0
라마54b55b,SHELTER_065,4745.809385770955,False,0
라마54b56a,SHELTER_065,5143.249563704805,False,0
라마54b56b,SHELTER_065,5557.276799209092,False,0
라마54b57a,SHELTER_065,5984.449412561328,False,0
라마54b57b,SHELTER_065,6422.144822408135,False,0
라마54b58a,SHELTER_065,6868.351583055543,False,0
라마54b58b,SHELTER_065,7321.513697107967,False,0
라마55a09b,SHELTER_063,1012.1990463698891,False,0
라마55a10a,SHELTER_063,1016.2863118007076,False,0
라마55a10b,SHELTER_063,1241.4220980934958,False,0
라마55a11a,SHELTER_063,1596.6902591662006,False,0
라마55a11b,SHELTER_003,1297.4135522321185,False,0
라마55a12a,SHELTER_003,1027.755417053256,False,0
라마55a12b,SHELTER_003,963.9919444938638,False,0
라마55a13a,SHELTER_072,860.9181852790409,False,0
라마55a13b,SHELTER_072,731.7926829023713,False,0
라마55a14a,SHELTER_072,910.9670354929119,False,0
라마55a14b,SHELTER_072,1274.4415831100453,False,0
라마55a15a,SHELTER_072,1708.3740099185927,False,0
라마55a15b,SHELTER_081,2130.0851225768934,False,0
라마55a16a,SHELTER_081,1681.2597694508058,False,0
라마55a16b,SHELTER_081,1271.2223233267007,False,0
라마55a17a,SHELTER_081,951.51351975392,False,0
라마55a17b,SHELTER_081,833.5165032708423,False,0
라마55a18a,SHELTER_081,992.0290036965706,False,0
라마55a18b,SHELTER_081,1331.725695151058,False,0
라마55a19a,SHELTER_056,1321.6682908565822,False,0
라마55a19b,SHELTER_056,1387.9347609313181,False,0
라마55a20a,SHELTER_056,1614.28582665747,False,0
라마55a20b,SHELTER_056,1945.629604958998,False,0
라마55a21a,SHELTER_056,2337.7404452245382,False,0
라마55a21b,SHELTER_056,2764.884485613158,False,0
라마55a22a,SHELTER_098,3196.2238091476597,False,0
라마55a22b,SHELTER_098,2933.7653462746107,False,0
라마55a23a,SHELTER_022,2549.219034351642,False,0
라마55a23b,SHELTER_022,2128.570235154046,False,0
라마55a24a,SHELTER_022,1750.1727934312028,False,0
라마55a24b,SHELTER_022,1447.5490899274573,False,0
라마55a25a,SHELTER_022,1275.8103027616764,False,0
라마55a25b,SHELTER_022,1288.404241500264,False,0
라마55a26a,SHELTER_070,1022.6042284434992,False,0
라마55a26b,SHELTER_070,621.2792330859656,False,0
라마55a27a,SHELTER_070,475.6641282430773,False,0
라마55a27b,SHELTER_070,752.6784441782611,False,0
라마55a28a,SHELTER_070,1186.0831833239897,False,0
라마55a28b,SHELTER_070,1657.4262563376176,False,0
라마55a29a,SHELTER_040,1403.0947098313923,False,0
라마55a29b,SHELTER_040,924.2775687104337,False,0
라마55a30a,SHELTER_040,489.79922752664936,False,0
라마55a30b,SHELTER_040,354.28455025605376,False,0
라마55a31a,SHELTER_040,714.9348234731374,False,0
라마55a31b,SHELTER_040,1181.8401165466494,False,0
라마55a32a,SHELTER_040,1668.0408629117665,False,0
라마55a32b,SHELTER_040,2160.5496012838635,False,0
라마55a33a,SHELTER_019,2117.2894233980956,False,0
라마55a33b,SHELTER_019,1632.17983274193,False,0
라마55a34a,SHELTER_019,1159.787700566577,False,0
라마55a34b,SHELTER_019,725.3992103397566,False,0
라마55a35a,SHELTER_019,455.30266673672855,False,0
라마55a35b,SHELTER_019,623.2150690681432,False,0
라마55a36a,SHELTER_019,1034.1632009937525,False,0
라마55a36b,SHELTER_019,1500.1966638630013,False,0
라마55a37a,SHELTER_015,1749.8362397367332,False,0
라마55a37b,SHELTER_015,1318.7452122867994,False,0
라마55a38a,SHELTER_015,957.2100103753206,False,0
라마55a38b,SHELTER_015,770.333092237434,False,0
라마55a39a,SHELTER_015,877.8240951520144,False,0
라마55a39b,SHELTER_015,1203.2195190665825,False,0
라마55a40a,SHELTER_015,1620.154091466668,False,0
라마55a40b,SHELTER_015,2074.1411111902557,False,0
라마55a41a,SHELTER_005,2449.3632225498513,False,0
라마55a41b,SHELTER_005,2303.0231277690286,False,0
라마55a42a,SHELTER_005,2260.1882351030604,False,0
라마55a42b,SHELTER_005,2326.5825128624892,False,0
라마55a43a,SHELTER_005,2493.4958432323047,False,0
라마55a43b,SHELTER_005,2742.636842762094,False,0
라마55a44a,SHELTER_051,2778.7828267913615,False,0
라마55a44b,SHELTER_051,2287.46814965906,False,0
라마55a45a,SHELTER_051,1800.9406078321133,False,0
라마55a45b,SHELTER_051,1324.4861683584163,False,0
라마55a46a,SHELTER_051,874.7228974977251,False,0
라마55a46b,SHELTER_051,525.372900558139,False,0
라마55a47a,SHELTER_051,535.6241423563065,False,0
라마55a47b,SHELTER_050,761.772876637228,False,0
라마55a48a,SHELTER_002,379.97425690492577,False,0
라마55a48b,SHELTER_002,293.33114145835026,True,1
라마55a49a,SHELTER_002,726.4336729447961,False,0
라마55a49b,SHELTER_046,1170.4174960423943,False,0
라마55a50a,SHELTER_046,797.5198591692301,False,0
라마55a50b,SHELTER_046,634.1914036759479,False,0
라마55a51a,SHELTER_046,817.5325970404051,False,0
라마55a51b,SHELTER_046,1197.7146396161274,False,0
라마55a52a,SHELTER_046,1643.3749324721825,False,0
라마55a52b,SHELTER_046,2113.490472986597,False,0
라마55a53a,SHELTER_046,2594.8030349396986,False,0
라마55a53b,SHELTER_065,3009.1748479106177,False,0
라마55a54a,SHELTER_065,3314.429455242014,False,0
라마55a54b,SHELTER_065,3662.7519657019984,False,0
라마55a55a,SHELTER_065,4043.026256497951,False,0
라마55a55b,SHELTER_065,4447.063149901272,False,0
라마55a56a,SHELTER_065,4868.950606412824,False,0
라마55a56b,SHELTER_065,5304.431105798791,False,0
라마55a57a,SHELTER_065,5750.417263524775,False,0
라마55a57b,SHELTER_065,6204.6440714292185,False,0
라마55a58a,SHELTER_065,6665.427023199619,False,0
라마55a58b,SHELTER_065,7131.49540770221,False,0
라마55b09b,SHELTER_063,1502.4855408100252,False,0
라마55b10a,SHELTER_063,1505.2420929619814,False,0
라마55b10b,SHELTER_063,1665.546371766916,False,0
라마55b11a,SHELTER_003,1450.5757042253588,False,0
라마55b11b,SHELTER_003,988.5186621686225,False,0
라마55b12a,SHELTER_003,591.750299723111,False,0
라마55b12b,SHELTER_003,472.40627534902615,False,0
라마55b13a,SHELTER_072,510.6192316996628,False,0
라마55b13b,SHELTER_072,234.6751132669324,True,1
라마55b14a,SHELTER_072,591.1115104547882,False,0
라마55b14b,SHELTER_072,1069.4639904164305,False,0
라마55b15a,SHELTER_072,1561.4396036359294,False,0
라마55b15b,SHELTER_081,1988.6368505603662,False,0
라마55b16a,SHELTER_081,1498.0147884306784,False,0
라마55b16b,SHELTER_081,1016.5727171763803,False,0
라마55b17a,SHELTER_081,568.1477556566842,False,0
라마55b17b,SHELTER_081,334.90842809353995,False,0
라마55b18a,SHELTER_081,633.6682398214733,False,0
라마55b18b,SHELTER_056,998.7299950463047,False,0
라마55b19a,SHELTER_056,822.810690591042,False,0
라마55b19b,SHELTER_056,925.5124321675119,False,0
라마55b20a,SHELTER_056,1239.406749877674,False,0
라마55b20b,SHELTER_056,1647.933530573383,False,0
라마55b21a,SHELTER_056,2096.4829478757442,False,0
라마55b21b,SHELTER_056,2564.136614979687,False,0
라마55b22a,SHELTER_056,3042.096712766575,False,0
라마55b22b,SHELTER_022,2821.192291192391,False,0
라마55b23a,SHELTER_022,2343.3777981295298,False,0
라마55b23b,SHELTER_022,1877.1555784349453,False,0
라마55b24a,SHELTER_022,1433.878177019395,False,0
라마55b24b,SHELTER_022,1043.2162706819204,False,0
라마55b25a,SHELTER_022,787.7777277243399,False,0
라마55b25b,SHELTER_022,808.0144238697441,False,0
라마55b26a,SHELTER_097,814.9291985170861,False,0
라마55b26b,SHELTER_070,411.0566638500596,False,0
라마55b27a,SHELTER_070,96.1044136806524,True,1
라마55b27b,SHELTER_070,591.1890863017204,False,0
라마55b28a,SHELTER_070,1090.7671672706438,False,0
라마55b28b,SHELTER_055,1357.0729632260825,False,0
라마55b29a,SHELTER_055,1479.5622363774235,False,0
라마55b29b,SHELTER_040,1196.490948656603,False,0
라마55b30a,SHELTER_040,903.9938326568437,False,0
라마55b30b,SHELTER_040,838.3430734168687,False,0
라마55b31a,SHELTER_040,1043.2801004574337,False,0
라마55b31b,SHELTER_040,1405.0080523879233,False,0
라마55b32a,SHELTER_040,1832.9380476544584,False,0
라마55b32b,SHELTER_040,2290.256785996664,False,0
라마55b33a,SHELTER_019,2069.50617541202,False,0
라마55b33b,SHELTER_019,1569.6981601710952,False,0
라마55b34a,SHELTER_019,1070.0695388714487,False,0
라마55b34b,SHELTER_019,571.0913429536373,False,0
라마55b35a,SHELTER_019,85.09891875119834,True,1
라마55b35b,SHELTER_019,433.9796423205322,False,0
라마55b36a,SHELTER_019,932.4348952740298,False,0
라마55b36b,SHELTER_019,1431.9676455495512,False,0
라마55b37a,SHELTER_015,1595.3197350388928,False,0
라마55b37b,SHELTER_015,1105.5347692578143,False,0
라마55b38a,SHELTER_015,631.9566401829279,False,0
라마55b38b,SHELTER_015,276.64284575000346,True,1
라마55b39a,SHELTER_015,503.6797922668984,False,0
라마55b39b,SHELTER_015,964.8084795291714,False,0
라마55b40a,SHELTER_015,1451.901329706932,False,0
라마55b40b,SHELTER_015,1945.553787546909,False,0
라마55b41a,SHELTER_005,1997.4608855014762,False,0
라마55b41b,SHELTER_005,1815.0441647980879,False,0
라마55b42a,SHELTER_005,1760.3751450264333,False,0
라마55b42b,SHELTER_005,1844.845788212685,False,0
라마55b43a,SHELTER_005,2051.338907480997,False,0
라마55b43b,SHELTER_005,2347.8770505298135,False,0
라마55b44a,SHELTER_005,2705.0068346427192,False,0
라마55b44b,SHELTER_051,2439.3257956064135,False,0
라마55b45a,SHELTER_051,1990.2730652714265,False,0
라마55b45b,SHELTER_051,1572.2796861814938,False,0
라마55b46a,SHELTER_051,1217.7602181107056,False,0
라마55b46b,SHELTER_051,996.9034487085949,False,0
라마55b47a,SHELTER_051,1002.3437650233311,False,0
라마55b47b,SHELTER_002,1083.8694663661972,False,0
라마55b48a,SHELTER_002,785.1342195827114,False,0
라마55b48b,SHELTER_033,715.3919036741036,False,0
라마55b49a,SHELTER_033,773.2338631987585,False,0
라마55b49b,SHELTER_046,992.9207692935096,False,0
라마55b50a,SHELTER_046,502.048269413983,False,0
라마55b50b,SHELTER_046,134.95656912034957,True,1
라마55b51a,SHELTER_046,533.2673684709164,False,0
라마55b51b,SHELTER_046,1024.9560463761636,False,0
라마55b52a,SHELTER_046,1522.0695475996545,False,0
라마55b52b,SHELTER_046,2020.607957634874,False,0
라마55b53a,SHELTER_065,2319.1567109529356,False,0
라마55b53b,SHELTER_065,2609.367202682677,False,0
라마55b54a,SHELTER_065,2956.1979884496914,False,0
라마55b54b,SHELTER_065,3342.067607842783,False,0
라마55b55a,SHELTER_065,3754.9600855228764,False,0
라마55b55b,SHELTER_065,4186.888414126647,False,0
라마55b56a,SHELTER_065,4632.5310512532915,False,0
라마55b56b,SHELTER_065,5088.285889108817,False,0
라마55b57a,SHELTER_065,5551.663051535269,False,0
라마55b57b,SHELTER_065,6020.902921178839,False,0
라마55b58a,SHELTER_065,6494.734893337668,False,0
라마55b58b,SHELTER_065,6972.2227935727815,False,0
라마56a09b,SHELTER_063,1997.5932246616867,False,0
라마56a10a,SHELTER_063,1999.6673846656718,False,0
라마56a10b,SHELTER_003,1877.5137341341144,False,0
라마56a11a,SHELTER_003,1377.6999287322965,False,0
라마56a11b,SHELTER_003,878.098152483948,False,0
라마56a12a,SHELTER_003,379.54662053886216,False,0
라마56a12b,SHELTER_003,130.59444448068723,True,1
라마56a13a,SHELTER_048,236.9528528442194,True,1
라마56a13b,SHELTER_072,273.17446224756145,True,1
라마56a14a,SHELTER_072,607.424642099362,False,0
라마56a14b,SHELTER_072,1078.5662264482564,False,0
라마56a15a,SHELTER_072,1567.6879516791998,False,0
라마56a15b,SHELTER_062,1706.1924271668606,False,0
라마56a16a,SHELTER_081,1470.1912121694388,False,0
라마56a16b,SHELTER_081,975.1071650288509,False,0
라마56a17a,SHELTER_081,490.107912852834,False,0
라마56a17b,SHELTER_081,171.981246626833,True,1
라마56a18a,SHELTER_081,564.755993453525,False,0
라마56a18b,SHELTER_056,653.9663328492836,False,0
라마56a19a,SHELTER_056,327.4565529135978,False,0
라마56a19b,SHELTER_056,535.5218236372555,False,0
라마56a20a,SHELTER_056,983.0256625019957,False,0
라마56a20b,SHELTER_056,1464.8874641702698,False,0
라마56a21a,SHELTER_056,1955.8760472557865,False,0
라마56a21b,SHELTER_056,2450.5115673619325,False,0
라마56a22a,SHELTER_056,2946.958223545144,False,0
라마56a22b,SHELTER_022,2729.840245059966,False,0
라마56a23a,SHELTER_022,2232.5593663847076,False,0
라마56a23b,SHELTER_022,1736.8404893124518,False,0
라마56a24a,SHELTER_022,1244.5515040359505,False,0
라마56a24b,SHELTER_022,762.3660584530094,False,0
라마56a25a,SHELTER_022,336.89103277500215,False,0
라마56a25b,SHELTER_022,381.8234262682659,False,0
라마56a26a,SHELTER_097,417.96511062905415,False,0
라마56a26b,SHELTER_097,286.52031996558827,True,1
라마56a27a,SHELTER_070,540.5698417046193,False,0
라마56a27b,SHELTER_070,795.2887722041085,False,0
라마56a28a,SHELTER_055,943.7269869807011,False,0
라마56a28b,SHELTER_055,859.1146662411342,False,0
라마56a29a,SHELTER_055,1041.8902982298848,False,0
라마56a29b,SHELTER_055,1390.321105838684,False,0
라마56a30a,SHELTER_040,1376.4107002190576,False,0
라마56a30b,SHELTER_040,1334.2116304926847,False,0
라마56a31a,SHELTER_040,1471.6436165751477,False,0
라마56a31b,SHELTER_040,1746.8111499159868,False,0
라마56a32a,SHELTER_040,2106.4100865537184,False,0
라마56a32b,SHELTER_040,2514.473645119327,False,0
라마56a33a,SHELTER_019,2140.7468597906513,False,0
라마56a33b,SHELTER_019,1662.4962020045543,False,0
라마56a34a,SHELTER_019,1202.0774208243001,False,0
라마56a34b,SHELTER_019,791.2563615110058,False,0
라마56a35a,SHELTER_019,554.2410428754529,False,0
라마56a35b,SHELTER_019,698.7700892165489,False,0
라마56a36a,SHELTER_019,1081.3769655211534,False,0
라마56a36b,SHELTER_019,1533.1251239007765,False,0
라마56a37a,SHELTER_015,1590.019889219357,False,0
라마56a37b,SHELTER_015,1097.8730879052014,False,0
라마56a38a,SHELTER_015,618.4556460894086,False,0
라마56a38b,SHELTER_015,244.23237953480586,True,1
라마56a39a,SHELTER_015,486.63284337023447,False,0
라마56a39b,SHELTER_015,956.0196615551193,False,0
라마56a40a,SHELTER_015,1446.0759531619806,False,0
라마56a40b,SHELTER_005,1917.2335411153338,False,0
라마56a41a,SHELTER_005,1574.9031024913531,False,0
라마56a41b,SHELTER_005,1335.98469800224,False,0
라마56a42a,SHELTER_005,1260.7102935866685,False,0
라마56a42b,SHELTER_005,1376.1997585432978,False,0
라마56a43a,SHELTER_005,1642.6993353848654,False,0
라마56a43b,SHELTER_005,2000.7489691445865,False,0
라마56a44a,SHELTER_005,2409.8821067828967,False,0
라마56a44b,SHELTER_051,2677.3326536904374,False,0
라마56a45a,SHELTER_051,2275.7387099030366,False,0
라마56a45b,SHELTER_051,1920.9016666620898,False,0
라마56a46a,SHELTER_051,1643.3927559227134,False,0
라마56a46b,SHELTER_051,1487.1503916730505,False,0
라마56a47a,SHELTER_051,1490.8027450629959,False,0
라마56a47b,SHELTER_033,1180.3434480662054,False,0
라마56a48a,SHELTER_033,692.3262863329961,False,0
라마56a48b,SHELTER_033,255.77474093908523,True,1
라마56a49a,SHELTER_033,389.2630851458621,False,0
라마56a49b,SHELTER_033,858.8543420231938,False,0
라마56a50a,SHELTER_046,606.6852593180766,False,0
라마56a50b,SHELTER_046,366.37114324275365,False,0
라마56a51a,SHELTER_046,632.7626927436247,False,0
라마56a51b,SHELTER_046,1080.069181143191,False,0
라마56a52a,SHELTER_065,1507.1606039636931,False,0
라마56a52b,SHELTER_065,1643.7282119067575,False,0
라마56a53a,SHELTER_065,1905.8205012792175,False,0
라마56a53b,SHELTER_065,2249.9913625554545,False,0
라마56a54a,SHELTER_065,2644.384707271643,False,0
라마56a54b,SHELTER_065,3069.703540821184,False,0
라마56a55a,SHELTER_065,3514.738849048119,False,0
라마56a55b,SHELTER_065,3972.8703131975094,False,0
라마56a56a,SHELTER_065,4440.04593151513,False,0
라마56a56b,SHELTER_065,4913.686724084273,False,0
라마56a58a,SHELTER_065,6358.871383183968,False,0
라마56b09a,SHELTER_063,2591.3324032250252,False,0
라마56b09b,SHELTER_063,2494.6531987603726,False,0
라마56b10a,SHELTER_003,2438.4310057976945,False,0
라마56b10b,SHELTER_003,1954.212128148402,False,0
라마56b11a,SHELTER_003,1480.521635630177,False,0
라마56b11b,SHELTER_003,1031.961038671423,False,0
라마56b12a,SHELTER_003,661.7725115948458,False,0
라마56b12b,SHELTER_080,464.53378242963015,False,0
라마56b13a,SHELTER_080,125.43285129980134,True,1
라마56b13b,SHELTER_048,475.6627976841386,False,0
라마56b14a,SHELTER_048,916.9192378289258,False,0
라마56b14b,SHELTER_067,1133.2098022356088,False,0
라마56b15a,SHELTER_062,1272.9388439516651,False,0
라마56b15b,SHELTER_062,1207.1064948219225,False,0
라마56b16a,SHELTER_062,1339.3427041805,False,0
라마56b16b,SHELTER_081,1169.721281876087,False,0
라마56b17a,SHELTER_081,810.9375193097152,False,0
라마56b17b,SHELTER_081,668.5741867396267,False,0
라마56b18a,SHELTER_081,858.116091286553,False,0
라마56b18b,SHELTER_056,598.2326687798724,False,0
라마56b19a,SHELTER_056,193.48941971385491,True,1
라마56b19b,SHELTER_056,465.8261318205754,False,0
라마56b20a,SHELTER_056,946.863144616283,False,0
라마56b20b,SHELTER_056,1440.8697526766089,False,0
라마56b21a,SHELTER_056,1937.9529080253906,False,0
라마56b21b,SHELTER_056,2436.2301416881337,False,0
라마56b22a,SHELTER_056,2935.0933771884497,False,0
라마56b22b,SHELTER_022,2728.5398262101176,False,0
라마56b23a,SHELTER_022,2230.9691042454556,False,0
라마56b23b,SHELTER_022,1734.7958683893619,False,0
라마56b24a,SHELTER_022,1241.6965272818597,False,0
라마56b24b,SHELTER_022,757.696394835597,False,0
라마56b25a,SHELTER_022,326.1861242142146,False,0
라마56b25b,SHELTER_022,372.41233668196514,False,0
라마56b26a,SHELTER_097,430.44171360430994,False,0
라마56b26b,SHELTER_097,304.4324701155255,False,0
라마56b27a,SHELTER_097,707.1620669342113,False,0
라마56b27b,SHELTER_055,969.3266861033616,False,0
라마56b28a,SHELTER_055,535.7719740589907,False,0
라마56b28b,SHELTER_055,366.7546754739613,False,0
라마56b29a,SHELTER_055,694.2379820904022,False,0
라마56b29b,SHELTER_055,1153.0064004904293,False,0
라마56b30a,SHELTER_055,1636.117704618723,False,0
라마56b30b,SHELTER_040,1832.3270016942542,False,0
라마56b31a,SHELTER_040,1934.6928697863875,False,0
라마56b31b,SHELTER_040,2151.429933710768,False,0
라마56b32a,SHELTER_041,2400.558046823583,False,0
라마56b32b,SHELTER_041,2172.1776414255205,False,0
라마56b33a,SHELTER_041,2043.0449029936713,False,0
라마56b33b,SHELTER_019,1887.8122071102873,False,0
라마56b34a,SHELTER_019,1498.3095251951943,False,0
라마56b34b,SHELTER_019,1194.1641165546225,False,0
라마56b35a,SHELTER_019,1052.1998105125833,False,0
라마56b35b,SHELTER_019,1134.9982137513477,False,0
라마56b36a,SHELTER_019,1403.323715040398,False,0
라마56b36b,SHELTER_019,1774.9405491933578,False,0
라마56b37a,SHELTER_015,1735.304422636475,False,0
라마56b37b,SHELTER_015,1299.401211425892,False,0
라마56b38a,SHELTER_015,930.3792652936978,False,0
라마56b38b,SHELTER_015,736.7276608909202,False,0
라마56b39a,SHELTER_015,848.4867207889422,False,0
라마56b39b,SHELTER_015,1181.9863723362203,False,0
라마56b40a,SHELTER_015,1604.4481460682684,False,0
라마56b40b,SHELTER_005,1632.8668789298747,False,0
라마56b41a,SHELTER_005,1212.761136978522,False,0
라마56b41b,SHELTER_005,880.525358195143,False,0
라마56b42a,SHELTER_005,761.4855464707995,False,0
라마56b42b,SHELTER_005,940.423079546211,False,0
라마56b43a,SHELTER_005,1299.5887424883406,False,0
라마56b43b,SHELTER_005,1730.1636427406727,False,0
라마56b44a,SHELTER_005,2190.434103487462,False,0
라마56b44b,SHELTER_037,2553.6863429481155,False,0
라마56b45a,SHELTER_037,2433.8830290718442,False,0
라마56b45b,SHELTER_051,2325.4382413625635,False,0
라마56b46a,SHELTER_051,2102.0322432411613,False,0
라마56b46b,SHELTER_051,1982.275482585487,False,0
라마56b47a,SHELTER_033,1691.3724504963413,False,0
라마56b47b,SHELTER_033,1202.8490336084647,False,0
라마56b48a,SHELTER_033,730.0348135586659,False,0
라마56b48b,SHELTER_033,345.04472226430937,False,0
라마56b49a,SHELTER_033,452.9468972377147,False,0
라마56b49b,SHELTER_033,889.531294037535,False,0
라마56b50a,SHELTER_046,992.0088421612523,False,0
라마56b50b,SHELTER_046,866.165315429606,False,0
라마56b51a,SHELTER_046,1008.1682222627478,False,0
라마56b51b,SHELTER_065,1046.3688024785297,False,0
라마56b52a,SHELTER_065,1012.520132776793,False,0
라마56b52b,SHELTER_065,1206.4436861106765,False,0
라마56b53a,SHELTER_065,1544.6085964522852,False,0
라마56b53b,SHELTER_065,1953.4904823705388,False,0
라마56b54a,SHELTER_065,2397.1721701184215,False,0
라마56b54b,SHELTER_065,2859.5006140352975,False,0
라마56b55a,SHELTER_065,3332.7245776010695,False,0
라마57a10b,SHELTER_003,2147.7505119874572,False,0
라마57a11a,SHELTER_003,1727.9558829753535,False,0
라마57a11b,SHELTER_003,1363.389454732536,False,0
라마57a12a,SHELTER_003,1109.8784064223566,False,0
라마57a12b,SHELTER_080,762.1374191702633,False,0
라마57a13a,SHELTER_080,617.086064391612,False,0
라마57a13b,SHELTER_080,825.0678614714961,False,0
라마57a14a,SHELTER_067,737.4613664368842,False,0
라마57a14b,SHELTER_067,637.6325771934163,False,0
라마57a15a,SHELTER_062,816.3251752584425,False,0
라마57a15b,SHELTER_062,709.3092281656806,False,0
라마57a16a,SHELTER_062,916.4345969905654,False,0
라마57a16b,SHELTER_062,1294.8301664548621,False,0
라마57a17a,SHELTER_081,1255.003408046141,False,0
라마57a17b,SHELTER_081,1168.077624628512,False,0
라마57a18a,SHELTER_056,1268.2810642538668,False,0
라마57a18b,SHELTER_056,887.7458462255045,False,0
라마57a19a,SHELTER_056,683.8483143478185,False,0
라마57a19b,SHELTER_056,804.4901159007912,False,0
라마57a20a,SHELTER_056,1151.8507612220362,False,0
라마57a20b,SHELTER_056,1583.1348665459618,False,0
라마57a21a,SHELTER_056,2045.9403303173863,False,0
라마57a21b,SHELTER_056,2522.979917630129,False,0
라마57a22a,SHELTER_094,2956.944615256889,False,0
라마57a22b,SHELTER_022,2817.4157312829116,False,0
라마57a23a,SHELTER_022,2338.829827876208,False,0
라마57a23b,SHELTER_022,1871.474959663229,False,0
라마57a24a,SHELTER_022,1426.4333442294153,False,0
라마57a24b,SHELTER_022,1032.9596538164228,False,0
라마57a25a,SHELTER_022,774.144177331054,False,0
라마57a25b,SHELTER_022,794.7281095938439,False,0
라마57a26a,SHELTER_097,834.1854133932528,False,0
라마57a26b,SHELTER_097,776.7009488651971,False,0
라마57a27a,SHELTER_097,1005.3175737139599,False,0
라마57a27b,SHELTER_055,914.3441401482925,False,0
라마57a28a,SHELTER_055,428.34867855342236,False,0
라마57a28b,SHELTER_055,175.89762424036888,True,1
라마57a29a,SHELTER_055,615.1401125014926,False,0
라마57a29b,SHELTER_055,1107.1832467136105,False,0
라마57a30a,SHELTER_055,1604.1546451630636,False,0
라마57a30b,SHELTER_055,2102.56260534453,False,0
라마57a31a,SHELTER_040,2412.5376819022317,False,0
라마57a31b,SHELTER_041,2352.7151707446083,False,0
라마57a32a,SHELTER_041,1997.735078630626,False,0
라마57a32b,SHELTER_041,1716.5728106115382,False,0
라마57a33a,SHELTER_041,1549.9351547307645,False,0
라마57a33b,SHELTER_041,1535.5701721542266,False,0
라마57a34a,SHELTER_041,1677.394564003724,False,0
라마57a34b,SHELTER_019,1651.0509516370864,False,0
라마57a35a,SHELTER_019,1551.4721231391052,False,0
라마57a35b,SHELTER_019,1608.7766323681471,False,0
라마57a36a,SHELTER_019,1808.1091661815751,False,0
라마57a36b,SHELTER_019,2109.5865141789905,False,0
라마57a37a,SHELTER_015,1998.5994171745078,False,0
라마57a37b,SHELTER_015,1634.4912662243407,False,0
라마57a38a,SHELTER_015,1359.6778178660613,False,0
라마57a38b,SHELTER_015,1235.267516544647,False,0
라마57a39a,SHELTER_015,1305.0087763933795,False,0
라마57a39b,SHELTER_015,1542.7929140027547,False,0
라마57a40a,SHELTER_015,1886.0996910371616,False,0
라마57a40b,SHELTER_005,1468.5789176733877,False,0
라마57a41a,SHELTER_005,980.4383552748158,False,0
라마57a41b,SHELTER_005,515.5528096647646,False,0
라마57a42a,SHELTER_005,265.1980969246957,True,1
라마57a42b,SHELTER_005,612.2624940919765,False,0
라마57a43a,SHELTER_005,1086.00216055539,False,0
라마57a43b,SHELTER_031,1575.1579341398767,False,0
라마57a44a,SHELTER_031,1968.8344954513184,False,0
라마57a44b,SHELTER_037,2088.628714361587,False,0
라마57a45a,SHELTER_037,1940.3202229271205,False,0
라마57a45b,SHELTER_037,1915.0235582217172,False,0
라마57a46a,SHELTER_037,2017.3715298844638,False,0
라마57a46b,SHELTER_037,2229.856621093069,False,0
라마57a47a,SHELTER_033,1847.8029950614316,False,0
라마57a47b,SHELTER_033,1414.3835900889178,False,0
라마57a48a,SHELTER_033,1042.3943453739732,False,0
라마57a48b,SHELTER_033,820.1774214293226,False,0
라마57a49a,SHELTER_033,871.0889931443694,False,0
라마57a49b,SHELTER_033,1159.6986959258381,False,0
라마57a50a,SHELTER_046,1449.1708256718305,False,0
라마57a50b,SHELTER_046,1366.1101319826068,False,0
라마57a51a,SHELTER_008,946.7730404640782,False,0
라마57a51b,SHELTER_065,590.3825911546536,False,0
라마57a52a,SHELTER_065,528.0728665785289,False,0
라마57a52b,SHELTER_065,842.1224975586669,False,0
라마57a53a,SHELTER_065,1280.4216685812642,False,0
라마57a53b,SHELTER_065,1752.081333115107,False,0
라마57a54a,SHELTER_065,2236.0899682992167,False,0
라마57b10b,SHELTER_003,2430.3743501120284,False,0
라마57b11a,SHELTER_003,2068.748112615263,False,0
라마57b11b,SHELTER_003,1775.5894866820881,False,0
라마57b12a,SHELTER_080,1464.9141583088824,False,0
라마57b12b,SHELTER_080,1202.4621642199975,False,0
라마57b13a,SHELTER_080,1116.1796546916003,False,0
라마57b13b,SHELTER_067,896.4006236561003,False,0
라마57b14a,SHELTER_067,407.7500638901323,False,0
라마57b14b,SHELTER_067,170.2531970735604,True,1
라마57b15a,SHELTER_062,460.8690519881458,False,0
라마57b15b,SHELTER_062,221.6598125071813,True,1
라마57b16a,SHELTER_062,621.181021829374,False,0
라마57b16b,SHELTER_062,1105.7118301263,False,0
라마57b17a,SHELTER_062,1599.7910615707035,False,0
라마57b17b,SHELTER_081,1667.8786619958362,False,0
라마57b18a,SHELTER_056,1593.3446643586155,False,0
라마57b18b,SHELTER_056,1310.8405887009242,False,0
라마57b19a,SHELTER_056,1182.3108214558054,False,0
라마57b19b,SHELTER_056,1255.9517140707349,False,0
라마57b20a,SHELTER_056,1502.321715752965,False,0
라마57b20b,SHELTER_056,1853.7870339304482,False,0
라마57b21a,SHELTER_056,2261.8758137250516,False,0
라마57b21b,SHELTER_094,2440.2796829321596,False,0
라마57b22a,SHELTER_094,2461.237488297655,False,0
라마57b22b,SHELTER_094,2580.777986707113,False,0
라마57b23a,SHELTER_022,2542.248371703508,False,0
라마57b23b,SHELTER_022,2120.217051226635,False,0
라마57b24a,SHELTER_022,1740.0039957411584,False,0
라마57b24b,SHELTER_022,1435.2377733596018,False,0
라마57b25a,SHELTER_022,1261.8244834212314,False,0
라마57b25b,SHELTER_022,1274.5566240243263,False,0
라마57b26a,SHELTER_097,1306.311807734099,False,0
라마57b26b,SHELTER_097,1270.3738028925009,False,0
라마57b27a,SHELTER_097,1421.7062492391249,False,0
라마57b27b,SHELTER_055,1110.160433835991,False,0
라마57b28a,SHELTER_055,761.5205661371585,False,0
라마57b28b,SHELTER_055,653.736152009969,False,0
라마57b29a,SHELTER_055,880.2433414912857,False,0
라마57b29b,SHELTER_055,1273.6898068347282,False,0
라마57b30a,SHELTER_089,1698.1109505480508,False,0
라마57b30b,SHELTER_089,1793.988891895464,False,0
라마57b31a,SHELTER_089,2013.2589222743866,False,0
라마57b31b,SHELTER_041,2064.8329673059975,False,0
라마57b32a,SHELTER_041,1649.0033209830638,False,0
라마57b32b,SHELTER_041,1294.1749195347031,False,0
라마57b33a,SHELTER_041,1063.2805331106829,False,0
라마57b33b,SHELTER_041,1042.2294669753012,False,0
라마57b34a,SHELTER_041,1241.7403237275912,False,0
라마57b34b,SHELTER_041,1580.3783728305655,False,0
라마57b35a,SHELTER_041,1988.283825576738,False,0
라마57b35b,SHELTER_019,2094.780074492032,False,0
라마57b36a,SHELTER_019,2251.4884109106306,False,0
라마57b36b,SHELTER_019,2500.059312984576,False,0
라마57b37a,SHELTER_015,2340.4097550298443,False,0
라마57b37b,SHELTER_015,2038.3031890452955,False,0
라마57b38a,SHELTER_015,1825.3333831126815,False,0
라마57b38b,SHELTER_015,1734.6480993385815,False,0
라마57b39a,SHELTER_015,1784.983500644283,False,0
라마57b39b,SHELTER_015,1965.5350840434483,False,0
라마57b40a,SHELTER_005,1960.27000678581,False,0
라마57b40b,SHELTER_005,1465.3306215879359,False,0
라마57b41a,SHELTER_005,975.5660724023433,False,0
라마57b41b,SHELTER_005,506.22573293125,False,0
라마57b42a,SHELTER_005,246.5762027062394,True,1
라마57b42b,SHELTER_031,599.3632172502281,False,0
라마57b43a,SHELTER_031,868.5752812438236,False,0
라마57b43b,SHELTER_031,1284.37135291279,False,0
라마57b44a,SHELTER_031,1744.9345332069838,False,0
라마57b44b,SHELTER_037,1644.2098025348685,False,0
라마57b45a,SHELTER_037,1451.1714357015048,False,0
라마57b45b,SHELTER_037,1417.1701368714282,False,0
라마57b46a,SHELTER_037,1552.6892341625862,False,0
라마57b46b,SHELTER_037,1820.251773499648,False,0
라마57b47a,SHELTER_033,2113.767028510473,False,0
라마57b47b,SHELTER_033,1747.6029532398982,False,0
라마57b48a,SHELTER_033,1462.9494569285819,False,0
라마57b48b,SHELTER_033,1313.897311391743,False,0
라마57b49a,SHELTER_033,1346.2656410371874,False,0
라마57b49b,SHELTER_033,1548.7208294563898,False,0
라마57b50a,SHELTER_092,1560.940770236308,False,0
라마57b50b,SHELTER_008,1276.806383343115,False,0
라마57b51a,SHELTER_008,777.2563545727377,False,0
라마57b51b,SHELTER_008,279.3212145571431,True,1
라마57b52a,SHELTER_065,180.34657067600435,True,2
라마57b52b,SHELTER_065,680.3192148047686,False,0
라마57b53a,SHELTER_065,1180.3150352810724,False,0
라마57b53b,SHELTER_065,1680.3133430966204,False,0
라마57b54a,SHELTER_065,2180.3124270311637,False,0
라마58a10a,SHELTER_003,3134.9015024169094,False,0
라마58a10b,SHELTER_003,2774.9967029930945,False,0
라마58a11a,SHELTER_003,2464.4687000222366,False,0
라마58a11b,SHELTER_080,2170.5053643629017,False,0
라마58a12a,SHELTER_080,1873.7756807833086,False,0
라마58a12b,SHELTER_080,1676.5968707658294,False,0
라마58a13a,SHELTER_067,1436.3909249209055,False,0
라마58a13b,SHELTER_067,962.2603211743151,False,0
라마58a14a,SHELTER_067,537.2810830634721,False,0
라마58a14b,SHELTER_067,389.0976724798276,False,0
라마58a15a,SHELTER_062,508.3441495681617,False,0
라마58a15b,SHELTER_062,308.4583663972239,False,0
라마58a16a,SHELTER_062,657.1752834675925,False,0
라마58a16b,SHELTER_062,1126.3268364915118,False,0
라마58a17a,SHELTER_062,1614.108091795975,False,0
라마58a17b,SHELTER_062,2107.6237143763374,False,0
라마58a18a,SHELTER_056,1992.2242797775602,False,0
라마58a18b,SHELTER_056,1774.4050863545601,False,0
라마58a19a,SHELTER_056,1681.6864273777824,False,0
라마58a19b,SHELTER_056,1734.2505786570653,False,0
라마58a20a,SHELTER_056,1920.203348376958,False,0
라마58a20b,SHELTER_056,2206.068160475509,False,0
라마58a21a,SHELTER_094,2041.1781902044356,False,0
라마58a21b,SHELTER_094,1941.425622329252,False,0
라마58a22a,SHELTER_094,1967.7038623499197,False,0
라마58a22b,SHELTER_094,2115.321141760054,False,0
라마58a23a,SHELTER_057,2297.7283577315925,False,0
라마58a23b,SHELTER_079,2002.770404909329,False,0
라마58a24a,SHELTER_079,1785.3445745813358,False,0
라마58a24b,SHELTER_079,1692.282838414827,False,0
라마58a25a,SHELTER_079,1743.6132485157584,False,0
라마58a25b,SHELTER_022,1765.6150224525084,False,0
라마58a26a,SHELTER_097,1793.6097050732599,False,0
라마58a26b,SHELTER_097,1767.6070927055628,False,0
라마58a27a,SHELTER_055,1811.4717186010296,False,0
라마58a27b,SHELTER_055,1459.0706532194768,False,0
라마58a28a,SHELTER_055,1215.0491985435215,False,0
라마58a28b,SHELTER_055,1150.5659210476367,False,0
라마58a29a,SHELTER_055,1292.7719530029801,False,0
라마58a29b,SHELTER_089,1266.0070929983353,False,0
라마58a30a,SHELTER_089,1198.9951223400392,False,0
라마58a30b,SHELTER_089,1331.3168846177514,False,0
라마58a31a,SHELTER_089,1614.6888217676571,False,0
라마58a31b,SHELTER_041,1868.6363185744704,False,0
라마58a32a,SHELTER_041,1395.5208564672303,False,0
라마58a32b,SHELTER_041,950.3447956265738,False,0
라마58a33a,SHELTER_041,599.0258761639575,False,0
라마58a33b,SHELTER_041,560.8108148506763,False,0
라마58a34a,SHELTER_041,877.6021534801303,False,0
라마58a34b,SHELTER_041,1313.7207882698838,False,0
라마58a35a,SHELTER_041,1783.6869342101286,False,0
라마58a35b,SHELTER_045,2098.391732894489,False,0
라마58a36a,SHELTER_045,2265.76987566045,False,0
라마58a36b,SHELTER_045,2522.732327105039,False,0
라마58a37a,SHELTER_015,2731.416484637125,False,0
라마58a37b,SHELTER_015,2477.4579878538393,False,0
라마58a38a,SHELTER_015,2305.4197341512804,False,0
라마58a38b,SHELTER_015,2234.305757869215,False,0
라마58a39a,SHELTER_015,2273.6060099940123,False,0
라마58a39b,SHELTER_015,2417.9425877622193,False,0
라마58a40a,SHELTER_005,2081.616749700239,False,0
라마58a40b,SHELTER_005,1624.0885516780897,False,0
라마58a41a,SHELTER_005,1200.9158816299675,False,0
라마58a41b,SHELTER_031,858.690872725036,False,0
라마58a42a,SHELTER_031,364.0559955508593,False,0
라마58a42b,SHELTER_031,166.50381644806393,True,1
라마58a43a,SHELTER_031,650.3155187191936,False,0
라마58a43b,SHELTER_031,1148.0840678636112,False,0
라마58a44a,SHELTER_037,1625.4258463564404,False,0
라마58a44b,SHELTER_037,1242.7718386927531,False,0
라마58a45a,SHELTER_037,973.1158739286818,False,0
라마58a45b,SHELTER_037,921.6437300476784,False,0
라마58a46a,SHELTER_037,1118.8832942628171,False,0
라마58a46b,SHELTER_037,1467.7780783294966,False,0
라마58a47a,SHELTER_037,1885.9600070703636,False,0
라마58a47b,SHELTER_033,2146.5673118802524,False,0
라마58a48a,SHELTER_033,1921.9407524134635,False,0
라마58a48b,SHELTER_033,1811.0663397961018,False,0
라마58a49a,SHELTER_092,1593.5263999072217,False,0
라마58a49b,SHELTER_092,1260.5237136940777,False,0
라마58a50a,SHELTER_092,1067.0115643089102,False,0
라마58a50b,SHELTER_092,1090.0033596061921,False,0
라마58a51a,SHELTER_008,901.0414481575239,False,0
라마58a51b,SHELTER_008,534.5732797996772,False,0
라마58a52a,SHELTER_008,509.56990850496663,False,0
라마58a52b,SHELTER_065,846.4621475120475,False,0
라마58a53a,SHELTER_065,1283.2799833429528,False,0
라마58a53b,SHELTER_065,1754.1712755961635,False,0
라마58a54a,SHELTER_065,2237.727912996719,False,0
라마58b10a,SHELTER_021,3444.3760936088165,False,0
라마58b10b,SHELTER_021,3084.9930851882486,False,0
라마58b11a,SHELTER_021,2769.591666129628,False,0
라마58b11b,SHELTER_021,2514.775071160454,False,0
라마58b12a,SHELTER_080,2318.6412211845286,False,0
라마58b12b,SHELTER_067,2079.15937347266,False,0
라마58b13a,SHELTER_067,1638.7891068745193,False,0
라마58b13b,SHELTER_067,1244.3294472614343,False,0
라마58b14a,SHELTER_067,954.5060554199267,False,0
라마58b14b,SHELTER_067,879.6634847171217,False,0
라마58b15a,SHELTER_062,896.8986931197429,False,0
라마58b15b,SHELTER_062,800.7247062006825,False,0
라마58b16a,SHELTER_062,988.884646720959,False,0
라마58b16b,SHELTER_062,1347.0804110819452,False,0
라마58b17a,SHELTER_062,1775.206586096663,False,0
라마58b17b,SHELTER_062,2233.403504233222,False,0
라마58b18a,SHELTER_056,2428.820277918967,False,0
라마58b18b,SHELTER_056,2253.6023988219576,False,0
라마58b19a,SHELTER_056,2181.3481156206585,False,0
라마58b19b,SHELTER_056,2222.1240809341666,False,0
라마58b20a,SHELTER_094,2185.2063597131414,False,0
라마58b20b,SHELTER_094,1837.8933259036085,False,0
라마58b21a,SHELTER_094,1574.9847365201024,False,0
라마58b21b,SHELTER_094,1443.3648059799589,False,0
라마58b22a,SHELTER_094,1478.5218990640053,False,0
라마58b22b,SHELTER_094,1669.955702670613,False,0
라마58b23a,SHELTER_057,1797.7299306420925,False,0
라마58b23b,SHELTER_079,1603.2495704930282,False,0
라마58b24a,SHELTER_079,1321.6562111579592,False,0
라마58b24b,SHELTER_079,1192.9547752110072,False,0
라마58b25a,SHELTER_079,1264.7161938178374,False,0
라마58b25b,SHELTER_079,1508.5996838496985,False,0
라마58b26a,SHELTER_079,1858.0201724733085,False,0
라마58b26b,SHELTER_028,1610.4306593448082,False,0
라마58b27a,SHELTER_028,1400.5949113503823,False,0
라마58b27b,SHELTER_028,1352.7177469241017,False,0
라마58b28a,SHELTER_028,1482.5736069370214,False,0
라마58b28b,SHELTER_091,1443.1282521631674,False,0
라마58b29a,SHELTER_091,1088.579533671149,False,0
라마58b29b,SHELTER_089,810.4211636834866,False,0
라마58b30a,SHELTER_089,701.140361425019,False,0
라마58b30b,SHELTER_089,909.0726870236043,False,0
라마58b31a,SHELTER_089,1288.8865326961197,False,0
라마58b31b,SHELTER_089,1730.9083852239364,False,0
라마58b32a,SHELTER_041,1294.5056852161333,False,0
라마58b32b,SHELTER_041,794.62049985913,False,0
라마58b33a,SHELTER_041,295.1245644399261,True,1
라마58b33b,SHELTER_041,206.8218515421875,True,1
라마58b34a,SHELTER_041,706.011365358109,False,0
라마58b34b,SHELTER_041,1205.872637451528,False,0
라마58b35a,SHELTER_045,1542.769267559012,False,0
라마58b35b,SHELTER_045,1615.73583165535,False,0
라마58b36a,SHELTER_045,1827.8587315395685,False,0
라마58b36b,SHELTER_045,2138.114311077842,False,0
라마58b37a,SHELTER_045,2510.378073519268,False,0
라마58b37b,SHELTER_045,2921.038058084274,False,0
라마58b38a,SHELTER_015,2792.5039555428984,False,0
라마58b38b,SHELTER_015,2734.08858868108,False,0
라마58b39a,SHELTER_015,2766.297612295081,False,0
라마58b39b,SHELTER_005,2742.0909457386506,False,0
라마58b40a,SHELTER_005,2307.2923711053904,False,0
라마58b40b,SHELTER_031,1901.4372888975392,False,0
라마58b41a,SHELTER_031,1417.9740888342308,False,0
라마58b41b,SHELTER_031,951.7548369199446,False,0
라마58b42a,SHELTER_031,548.6565616082192,False,0
라마58b42b,SHELTER_031,442.956855225198,False,0
라마58b43a,SHELTER_031,769.0237503395069,False,0
라마58b43b,SHELTER_031,1219.2556260200251,False,0
라마58b44a,SHELTER_037,1408.2134604879923,False,0
라마58b44b,SHELTER_037,941.0301862022186,False,0
라마58b45a,SHELTER_037,536.6660715826908,False,0
라마58b45b,SHELTER_037,436.4437345548836,False,0
라마58b46a,SHELTER_037,770.0362293271853,False,0
라마58b46b,SHELTER_037,1222.8771220039425,False,0
라마58b47a,SHELTER_037,1702.3222716527155,False,0
라마58b47b,SHELTER_037,2190.9755310384176,False,0
라마58b48a,SHELTER_092,2267.6235768347055,False,0
라마58b48b,SHELTER_092,1786.5358467717522,False,0
라마58b49a,SHELTER_092,1319.5847746106726,False,0
라마58b49b,SHELTER_092,889.3242507478013,False,0
라마58b50a,SHELTER_092,583.5162967321277,False,0
라마58b50b,SHELTER_092,624.5677818586344,False,0
라마58b51a,SHELTER_092,969.3701871419673,False,0
라마58b51b,SHELTER_008,996.7531500075082,False,0
라마58b52a,SHELTER_008,983.5698969711641,False,0
라마58b52b,SHELTER_008,1200.5426449759468,False,0
라마58b53a,SHELTER_065,1549.3454904529265,False,0
라마58b53b,SHELTER_065,1957.2380532946934,False,0
라마58b54a,SHELTER_065,2400.227102951465,False,0
라마59a10b,SHELTER_021,2739.355492354069,False,0
라마59a11a,SHELTER_021,2378.55506030989,False,0
라마59a11b,SHELTER_021,2076.2899210758505,False,0
라마59a12a,SHELTER_021,1861.2994111094918,False,0
라마59a12b,SHELTER_021,1765.7551243680196,False,0
라마59a13a,SHELTER_021,1808.6864904309145,False,0
라마59a13b,SHELTER_067,1634.248029197954,False,0
라마59a14a,SHELTER_067,1426.005840608221,False,0
라마59a14b,SHELTER_067,1377.0325682278253,False,0
라마59a15a,SHELTER_062,1360.3090667343315,False,0
라마59a15b,SHELTER_062,1298.9124475652293,False,0
라마59a16a,SHELTER_062,1422.6406207613225,False,0
라마59a16b,SHELTER_062,1691.342403311768,False,0
라마59a17a,SHELTER_062,2048.748865683809,False,0
라마59a17b,SHELTER_062,2456.4414717312034,False,0
라마59a18a,SHELTER_056,2886.0662334613035,False,0
라마59a18b,SHELTER_056,2740.243444198203,False,0
라마59a19a,SHELTER_056,2681.1359463885724,False,0
라마59a19b,SHELTER_094,2342.3429099441296,False,0
라마59a20a,SHELTER_094,1894.5435731689574,False,0
라마59a20b,SHELTER_094,1480.5473290327698,False,0
라마59a21a,SHELTER_094,1137.8688133420026,False,0
라마59a21b,SHELTER_094,947.349185488965,False,0
라마59a22a,SHELTER_094,1000.0977562802916,False,0
라마59a22b,SHELTER_094,1266.0649924025,False,0
라마59a23a,SHELTER_057,1297.7327155962907,False,0
라마59a23b,SHELTER_079,1276.6084269624264,False,0
라마59a24a,SHELTER_079,897.8279517801915,False,0
라마59a24b,SHELTER_079,694.5941161600396,False,0
라마59a25a,SHELTER_079,811.6815517248616,False,0
라마59a25b,SHELTER_079,1155.5054723439487,False,0
라마59a26a,SHELTER_079,1584.7898446870313,False,0
라마59a26b,SHELTER_028,1223.0868200426755,False,0
라마59a27a,SHELTER_028,929.5808552809897,False,0
라마59a27b,SHELTER_028,855.7451511097029,False,0
라마59a28a,SHELTER_028,1049.037158917929,False,0
라마59a28b,SHELTER_091,1207.3244766719758,False,0
라마59a29a,SHELTER_091,748.3439322313228,False,0
라마59a29b,SHELTER_091,402.99490051812927,False,0
라마59a30a,SHELTER_089,213.55633786710004,True,1
라마59a30b,SHELTER_089,616.7833114768238,False,0
라마59a31a,SHELTER_089,1102.3778831187726,False,0
라마59a31b,SHELTER_059,1256.0405438889836,False,0
라마59a32a,SHELTER_041,1379.859223717677,False,0
라마59a32b,SHELTER_041,927.1937483709825,False,0
라마59a33a,SHELTER_041,561.5736966398223,False,0
라마59a33b,SHELTER_041,520.616736666425,False,0
라마59a34a,SHELTER_041,852.4778919342602,False,0
라마59a34b,SHELTER_045,1164.9146583201725,False,0
라마59a35a,SHELTER_045,1042.8285697753201,False,0
라마59a35b,SHELTER_045,1148.022948686164,False,0
라마59a36a,SHELTER_045,1431.2309231848333,False,0
라마59a36b,SHELTER_045,1810.7697866517833,False,0
라마59a37a,SHELTER_045,2238.1582797070855,False,0
라마59a37b,SHELTER_045,2690.6909428233885,False,0
라마59a38a,SHELTER_045,3157.5754962569385,False,0
라마59a38b,SHELTER_015,3233.938558764633,False,0
라마59a39a,SHELTER_015,3261.214600558822,False,0
라마59a39b,SHELTER_031,2998.929394353719,False,0
라마59a40a,SHELTER_031,2527.600495591423,False,0
라마59a40b,SHELTER_031,2069.7707646764293,False,0
라마59a41a,SHELTER_031,1636.8071881881792,False,0
라마59a41b,SHELTER_031,1254.7208949801295,False,0
라마59a42a,SHELTER_031,984.6376375575841,False,0
라마59a42b,SHELTER_031,929.8914077946002,False,0
라마59a43a,SHELTER_031,1122.4458932552013,False,0
라마59a43b,SHELTER_031,1468.0161907420197,False,0
라마59a44a,SHELTER_084,1245.0783584516328,False,0
라마59a44b,SHELTER_037,852.4047041398808,False,0
라마59a45a,SHELTER_037,359.2581810954533,False,0
라마59a45b,SHELTER_037,177.5925159690839,True,1
라마59a46a,SHELTER_037,658.7956912218272,False,0
라마59a46b,SHELTER_037,1156.0641953700758,False,0
라마59a47a,SHELTER_037,1654.97948170389,False,0
라마59a47b,SHELTER_064,1923.827908528418,False,0
라마59a48a,SHELTER_092,2200.9303206598006,False,0
라마59a48b,SHELTER_092,1701.08433711662,False,0
라마59a49a,SHELTER_092,1201.3665417212721,False,0
라마59a49b,SHELTER_092,702.0507197853779,False,0
라마59a50a,SHELTER_092,206.0797387784771,True,1
라마59a50b,SHELTER_092,303.41803558596115,False,0
라마59a51a,SHELTER_092,801.0344249173576,False,0
라마59a51b,SHELTER_092,1300.4806017340359,False,0
라마59a52a,SHELTER_008,1474.8416839789866,False,0
라마59a52b,SHELTER_008,1627.590517599543,False,0
라마59a53a,SHELTER_008,1903.4032134988963,False,0
라마59a53b,SHELTER_065,2254.871333447417,False,0
라마59a54a,SHELTER_065,2648.538102214298,False,0
라마59b11a,SHELTER_021,2035.7824915144743,False,0
라마59b11b,SHELTER_021,1672.6822813051674,False,0
라마59b12a,SHELTER_021,1396.897160004142,False,0
라마59b12b,SHELTER_021,1266.7980648323617,False,0
라마59b13a,SHELTER_021,1325.9837851566645,False,0
라마59b13b,SHELTER_021,1552.961255129623,False,0
라마59b14a,SHELTER_021,1888.158976720221,False,0
라마59b14b,SHELTER_067,1875.8010399761408,False,0
라마59b15a,SHELTER_062,1842.9471637459806,False,0
라마59b15b,SHELTER_062,1798.1065145757134,False,0
라마59b16a,SHELTER_062,1889.4231466666981,False,0
라마59b16b,SHELTER_062,2099.202852646726,False,0
라마59b17a,SHELTER_062,2396.5361265711017,False,0
라마59b17b,SHELTER_062,2753.201444747675,False,0
라마59b18a,SHELTER_062,3149.1032032565954,False,0
라마59b18b,SHELTER_094,3177.3084109242586,False,0
라마59b19a,SHELTER_094,2682.9114374127794,False,0
라마59b19b,SHELTER_094,2191.0588362411845,False,0
라마59b20a,SHELTER_094,1703.9553593744295,False,0
라마59b20b,SHELTER_094,1227.268882360793,False,0
라마59b21a,SHELTER_094,780.3293871701733,False,0
라마59b21b,SHELTER_094,460.0423842991495,False,0
라마59b22a,SHELTER_094,560.681761984385,False,0
라마59b22b,SHELTER_057,944.1850565226248,False,0
라마59b23a,SHELTER_057,797.7389916077966,False,0
라마59b23b,SHELTER_057,938.7702469199885,False,0
라마59b24a,SHELTER_079,604.4955926251367,False,0
라마59b24b,SHELTER_079,204.40371011688586,True,1
라마59b25a,SHELTER_079,467.06191443520703,False,0
라마59b25b,SHELTER_079,945.7868613605358,False,0
라마59b26a,SHELTER_028,1424.8567061370147,False,0
라마59b26b,SHELTER_028,947.8374492319108,False,0
라마59b27a,SHELTER_028,516.3090424438516,False,0
라마59b27b,SHELTER_028,367.08885089596356,False,0
라마59b28a,SHELTER_028,709.177990066634,False,0
라마59b28b,SHELTER_091,1154.4027164516735,False,0
라마59b29a,SHELTER_091,659.5694661574179,False,0
라마59b29b,SHELTER_091,193.43766340441394,True,1
라마59b30a,SHELTER_095,156.31292173248636,True,1
라마59b30b,SHELTER_095,588.4251882866155,False,0
라마59b31a,SHELTER_059,848.6944242595446,False,0
라마59b31b,SHELTER_059,758.9856481326669,False,0
라마59b32a,SHELTER_059,965.3166332211879,False,0
라마59b32b,SHELTER_041,1260.1407680255772,False,0
라마59b33a,SHELTER_041,1021.5828527239356,False,0
라마59b33b,SHELTER_041,999.6540875318107,False,0
라마59b34a,SHELTER_045,1154.9525139216064,False,0
라마59b34b,SHELTER_045,751.2526700014275,False,0
라마59b35a,SHELTER_045,542.9970892690945,False,0
라마59b35b,SHELTER_045,724.7834874810161,False,0
라마59b36a,SHELTER_045,1120.614281764952,False,0
라마59b36b,SHELTER_045,1576.782050020235,False,0
라마59b37a,SHELTER_045,2053.4621735100086,False,0
라마59b37b,SHELTER_045,2539.128228901976,False,0
라마59b38a,SHELTER_045,3029.4615738737007,False,0
라마59b38b,SHELTER_045,3522.5136894478856,False,0
라마59b39a,SHELTER_031,3642.372580341383,False,0
라마59b39b,SHELTER_031,3187.799361160923,False,0
라마59b40b,SHELTER_031,2335.045668291838,False,0
라마59b41b,SHELTER_031,1656.1436468491988,False,0
라마59b42a,SHELTER_031,1462.1896361259735,False,0
라마59b42b,SHELTER_085,1395.057677718652,False,0
라마59b43a,SHELTER_085,1126.5572712159008,False,0
라마59b43b,SHELTER_085,1045.0247109504514,False,0
라마59b44a,SHELTER_084,794.1849785344559,False,0
라마59b44b,SHELTER_084,673.4352247476469,False,0
라마59b45a,SHELTER_037,685.6547301521584,False,0
라마59b45b,SHELTER_037,610.4056602164211,False,0
라마59b46a,SHELTER_037,880.3793109043742,False,0
라마59b46b,SHELTER_064,1175.503008879921,False,0
라마59b47a,SHELTER_064,1256.7003635284573,False,0
라마59b47b,SHELTER_064,1508.9016811904498,False,0
라마59b48a,SHELTER_064,1863.940117950728,False,0
라마59b48b,SHELTER_092,1759.4503437626536,False,0
라마59b49a,SHELTER_092,1282.6765600689669,False,0
라마59b49b,SHELTER_092,833.5783126582626,False,0
라마59b50a,SHELTER_092,494.41525959261645,False,0
라마59b50b,SHELTER_092,542.2546399081086,False,0
라마59b51a,SHELTER_092,918.4953674819002,False,0
라마59b51b,SHELTER_092,1375.9459966399659,False,0
라마59b52a,SHELTER_092,1855.484042306316,False,0
라마59b52b,SHELTER_008,2087.2946949470397,False,0
라마59b53a,SHELTER_008,2308.8291499658503,False,0
라마60a11a,SHELTER_021,1769.5469845663824,False,0
라마60a11b,SHELTER_021,1335.9461785653475,False,0
라마60a12a,SHELTER_021,968.6113015336617,False,0
라마60a12b,SHELTER_021,769.1966685407009,False,0
라마60a13a,SHELTER_021,863.2028593149421,False,0
라마60a13b,SHELTER_021,1182.6135623122502,False,0
라마60a14a,SHELTER_021,1597.507589716008,False,0
라마60a14b,SHELTER_021,2050.7282025260265,False,0
라마60a15a,SHELTER_061,2299.8767511924552,False,0
라마60a15b,SHELTER_061,2105.886208813821,False,0
라마60a16a,SHELTER_061,2019.9208841607974,False,0
라마60a16b,SHELTER_061,2055.578758419542,False,0
라마60a17a,SHELTER_061,2206.9725158828583,False,0
라마60a17b,SHELTER_061,2452.764020377623,False,0
라마60a18a,SHELTER_061,2767.9188921382233,False,0
라마60a18b,SHELTER_061,3131.564887919836,False,0
라마60a19a,SHELTER_094,2648.0525480256892,False,0
라마60a19b,SHELTER_094,2148.233539440164,False,0
라마60a20a,SHELTER_094,1648.5243045966542,False,0
라마60a20b,SHELTER_094,1149.0680683563314,False,0
라마60a21a,SHELTER_094,650.4478984410812,False,0
라마60a21b,SHELTER_094,160.64716448380665,True,1
라마60a22a,SHELTER_094,358.51437115819425,False,0
라마60a22b,SHELTER_057,586.3128163046865,False,0
라마60a23a,SHELTER_057,297.76634520026766,True,1
라마60a23b,SHELTER_057,577.5524860172596,False,0
라마60a24a,SHELTER_079,651.7168188781203,False,0
라마60a24b,SHELTER_079,317.96346836539146,False,0
라마60a25a,SHELTER_079,526.7511010157284,False,0
라마60a25b,SHELTER_079,976.6435775796689,False,0
라마60a26a,SHELTER_028,1390.2054142564593,False,0
라마60a26b,SHELTER_028,894.9023918678538,False,0
라마60a27a,SHELTER_028,411.13195948945355,False,0
라마60a27b,SHELTER_028,192.8955293843526,True,1
라마60a28a,SHELTER_028,636.7007793298997,False,0
라마60a28b,SHELTER_028,1128.524292845366,False,0
라마60a29a,SHELTER_091,900.0250665769946,False,0
라마60a29b,SHELTER_091,642.2081978635135,False,0
라마60a30a,SHELTER_095,642.8649265003767,False,0
라마60a30b,SHELTER_095,857.3714401786002,False,0
라마60a31a,SHELTER_059,467.6575584203365,False,0
라마60a31b,SHELTER_059,272.9113047306672,True,1
라마60a32a,SHELTER_059,655.9402172087939,False,0
라마60a32b,SHELTER_059,1134.0346365319026,False,0
라마60a33a,SHELTER_041,1507.2816701603697,False,0
라마60a33b,SHELTER_041,1492.5062153776498,False,0
라마60a34a,SHELTER_045,1020.4262454626048,False,0
라마60a34b,SHELTER_045,521.2820610757129,False,0
라마60a35a,SHELTER_045,46.90684352819405,True,1
라마60a35b,SHELTER_045,482.35414037842946,False,0
라마60a36a,SHELTER_045,981.3922668895699,False,0
라마60a36b,SHELTER_045,1481.0793517840575,False,0
라마60a37a,SHELTER_045,1980.924357730885,False,0
라마60a37b,SHELTER_045,2480.831831427103,False,0
라마60a38a,SHELTER_045,2980.7703434837763,False,0
라마60a38b,SHELTER_023,3347.693193019978,False,0
라마60a39a,SHELTER_023,3694.597542800726,False,0
라마60a39b,SHELTER_031,3439.5569513699315,False,0
라마60a42a,SHELTER_085,1526.6842652873113,False,0
라마60a42b,SHELTER_085,1074.1090294022836,False,0
라마60a43a,SHELTER_085,690.4024682829383,False,0
라마60a43b,SHELTER_085,547.3581363045879,False,0
라마60a44a,SHELTER_084,459.60792157548315,False,0
라마60a44b,SHELTER_084,184.45775499033618,True,1
라마60a45a,SHELTER_084,597.3356553707591,False,0
라마60a45b,SHELTER_084,1086.0916660109099,False,0
라마60a46a,SHELTER_064,871.773655225643,False,0
라마60a46b,SHELTER_064,676.3710414796651,False,0
라마60a47a,SHELTER_064,809.2998613363873,False,0
라마60a47b,SHELTER_064,1162.9508783116785,False,0
라마60a48a,SHELTER_064,1596.8541652801964,False,0
라마60a48b,SHELTER_092,1948.7542437027682,False,0
라마60a49a,SHELTER_092,1532.0694331306877,False,0
라마60a49b,SHELTER_092,1181.8757944544025,False,0
라마60a50a,SHELTER_092,972.8432757135464,False,0
라마60a50b,SHELTER_092,998.0068560310102,False,0
라마60a51a,SHELTER_092,1243.2261782430178,False,0
라마60a51b,SHELTER_092,1610.963989620059,False,0
라마60b11a,SHELTER_021,1618.079945002432,False,0
라마60b11b,SHELTER_021,1127.6694417489782,False,0
라마60b12a,SHELTER_021,651.9923552387949,False,0
라마60b12b,SHELTER_021,280.26718096346843,True,1
라마60b13a,SHELTER_021,481.6693411050658,False,0
라마60b13b,SHELTER_021,940.9893812344361,False,0
라마60b14a,SHELTER_021,1427.9063964529837,False,0
라마60b14b,SHELTER_021,1921.554667051324,False,0
라마60b15a,SHELTER_061,1876.7595154661692,False,0
라마60b15b,SHELTER_061,1633.263583347617,False,0
라마60b16a,SHELTER_061,1520.81346209395,False,0
라마60b16b,SHELTER_061,1567.8639100007608,False,0
라마60b17a,SHELTER_061,1761.6812691515913,False,0
라마60b17b,SHELTER_061,2061.2725554560343,False,0
라마60b18a,SHELTER_061,2427.7908068186057,False,0
라마60b18b,SHELTER_061,2835.3997699565443,False,0
라마60b19a,SHELTER_094,2706.7232612903717,False,0
라마60b19b,SHELTER_094,2220.1522146196767,False,0
라마60b20a,SHELTER_094,1741.2067364190052,False,0
라마60b20b,SHELTER_094,1278.485800398734,False,0
라마60b21a,SHELTER_094,858.6332073076721,False,0
라마60b21b,SHELTER_094,583.0746329259473,False,0
라마60b22a,SHELTER_094,665.3578514092972,False,0
라마60b22b,SHELTER_057,544.0955946941987,False,0
라마60b23a,SHELTER_057,202.34152795811767,True,1
라마60b23b,SHELTER_057,534.6439672410207,False,0
라마60b24a,SHELTER_026,549.5034674321864,False,0
라마60b24b,SHELTER_027,388.27387694099366,False,0
라마60b25a,SHELTER_027,641.4256110758511,False,0
라마60b25b,SHELTER_027,1082.6342990933126,False,0
라마60b26a,SHELTER_028,1528.1117611720435,False,0
라마60b26b,SHELTER_028,1096.9524838274247,False,0
라마60b27a,SHELTER_028,755.9655738973755,False,0
라마60b27b,SHELTER_028,663.0709962446106,False,0
라마60b28a,SHELTER_028,898.8005024495994,False,0
라마60b28b,SHELTER_028,1294.6125058667108,False,0
라마60b29a,SHELTER_091,1298.097977907163,False,0
라마60b29b,SHELTER_091,1134.6561634181714,False,0
라마60b30a,SHELTER_095,1141.1033686516412,False,0
라마60b30b,SHELTER_059,928.0883416054618,False,0
라마60b31a,SHELTER_059,465.96669207798647,False,0
라마60b31b,SHELTER_059,270.0036044726546,True,1
라마60b32a,SHELTER_059,654.7357747445533,False,0
라마60b32b,SHELTER_059,1133.338397404974,False,0
라마60b33a,SHELTER_059,1624.8793528550357,False,0
라마60b33b,SHELTER_045,1586.870779450407,False,0
라마60b34a,SHELTER_045,1117.4185140062687,False,0
라마60b34b,SHELTER_045,692.1628422664805,False,0
라마60b35a,SHELTER_045,457.7714112795249,False,0
라마60b35b,SHELTER_045,663.3399805192531,False,0
라마60b36a,SHELTER_045,1081.8896406407255,False,0
라마60b36b,SHELTER_045,1549.5000675366728,False,0
라마60b37a,SHELTER_045,2032.588429581008,False,0
라마60b37b,SHELTER_023,2354.0732434848974,False,0
라마60b38a,SHELTER_023,2642.851135491436,False,0
라마60b38b,SHELTER_023,2987.9195794139505,False,0
라마60b39a,SHELTER_023,3372.041622181154,False,0
라마60b39b,SHELTER_031,3741.529002482333,False,0
라마60b42a,SHELTER_085,1427.686635350214,False,0
라마60b42b,SHELTER_085,928.0272032248155,False,0
라마60b43a,SHELTER_085,429.1618005984817,False,0
라마60b43b,SHELTER_085,84.41097239452384,True,1
라마60b44a,SHELTER_084,540.1380407082033,False,0
라마60b44b,SHELTER_084,338.4292020810796,False,0
라마60b45a,SHELTER_084,661.301403765617,False,0
라마60b45b,SHELTER_093,790.8199322614697,False,0
라마60b46a,SHELTER_064,579.3615173723717,False,0
라마60b46b,SHELTER_064,182.06660215104188,True,1
라마60b47a,SHELTER_064,480.24652776010214,False,0
라마60b47b,SHELTER_064,963.3925509533709,False,0
라마60b48a,SHELTER_064,1457.9484514341555,False,0
라마60b48b,SHELTER_064,1955.2754708342404,False,0
라마60b49a,SHELTER_092,1883.9358635888898,False,0
라마60b49b,SHELTER_092,1612.0818787208837,False,0
라마60b50a,SHELTER_092,1465.7426886340222,False,0
라마60b50b,SHELTER_092,1482.5637506926744,False,0
라마60b51a,SHELTER_092,1657.5852679279485,False,0
라마61a11a,SHELTER_021,1614.0225792256347,False,0
라마61a11b,SHELTER_021,1121.839804823108,False,0
라마61a12a,SHELTER_021,641.8568447254632,False,0
라마61a12b,SHELTER_021,255.80435992434948,True,1
라마61a13a,SHELTER_021,467.8584529445683,False,0
라마61a13b,SHELTER_021,933.9952855486282,False,0
라마61a14a,SHELTER_021,1423.307013564692,False,0
라마61a14b,SHELTER_061,1899.9199544489686,False,0
라마61a15a,SHELTER_061,1501.6722302520143,False,0
라마61a15b,SHELTER_061,1183.360951234553,False,0
라마61a16a,SHELTER_061,1022.5785029538974,False,0
라마61a16b,SHELTER_061,1091.3250883674039,False,0
라마61a17a,SHELTER_061,1355.1066756151745,False,0
라마61a17b,SHELTER_061,1726.7419483216065,False,0
라마61a18a,SHELTER_061,2151.037286959523,False,0
라마61a18b,SHELTER_061,2602.3614398632008,False,0
라마61a19a,SHELTER_101,2629.5165187350285,False,0
라마61a19b,SHELTER_101,2148.2923140449616,False,0
라마61a20a,SHELTER_101,1678.0830166797255,False,0
라마61a20b,SHELTER_101,1231.570280233004,False,0
라마61a21a,SHELTER_101,847.0939141780398,False,0
라마61a21b,SHELTER_101,646.8159272325817,False,0
라마61a22a,SHELTER_101,786.8758402734301,False,0
라마61a22b,SHELTER_057,865.0533589138503,False,0
라마61a23a,SHELTER_057,702.2958005989545,False,0
라마61a23b,SHELTER_057,859.139959092649,False,0
라마61a24a,SHELTER_026,387.03525482197415,False,0
라마61a24b,SHELTER_027,112.38046573234294,True,2
라마61a25a,SHELTER_027,522.7806233091059,False,0
라마61a25b,SHELTER_027,1016.8430513784791,False,0
라마61a26a,SHELTER_035,1400.8222360488232,False,0
라마61a26b,SHELTER_028,1451.1234312006359,False,0
라마61a27a,SHELTER_028,1214.0586516813505,False,0
라마61a27b,SHELTER_028,1158.4979960557425,False,0
라마61a28a,SHELTER_028,1307.783163987059,False,0
라마61a28b,SHELTER_028,1605.7633702232827,False,0
라마61a29a,SHELTER_091,1749.3060338392502,False,0
라마61a29b,SHELTER_091,1631.7039709955316,False,0
라마61a30a,SHELTER_038,1569.9569044859988,False,0
라마61a30b,SHELTER_059,1166.0914784022766,False,0
라마61a31a,SHELTER_059,845.8997129119573,False,0
라마61a31b,SHELTER_059,755.8593206454865,False,0
라마61a32a,SHELTER_059,962.8604784229027,False,0
라마61a32b,SHELTER_059,1335.24428072578,False,0
라마61a33a,SHELTER_059,1771.6247564066807,False,0
라마61a33b,SHELTER_045,1795.9714039172818,False,0
라마61a34a,SHELTER_045,1398.563029848511,False,0
라마61a34b,SHELTER_045,1089.2400163552027,False,0
라마61a35a,SHELTER_045,957.5536945779685,False,0
라마61a35b,SHELTER_045,1071.155610903641,False,0
라마61a36a,SHELTER_045,1370.3428795527007,False,0
라마61a36b,SHELTER_023,1541.5161227800097,False,0
라마61a37a,SHELTER_023,1679.0691604182305,False,0
라마61a37b,SHELTER_023,1939.6583550059659,False,0
라마61a38a,SHELTER_023,2281.5073576084114,False,0
라마61a38b,SHELTER_023,2673.6262101307625,False,0
라마61a39a,SHELTER_023,3096.9789150355946,False,0
라마61a39b,SHELTER_023,3540.3784668947355,False,0
라마61a40a,SHELTER_085,3457.4603348366472,False,0
라마61a42a,SHELTER_085,1498.6038207743138,False,0
라마61a42b,SHELTER_085,1033.807899373491,False,0
라마61a43a,SHELTER_085,625.8627117624825,False,0
라마61a43b,SHELTER_085,463.3028114984263,False,0
라마61a44a,SHELTER_085,733.2086035433603,False,0
라마61a44b,SHELTER_084,833.6929808187169,False,0
라마61a45a,SHELTER_084,1008.8752192751773,False,0
라마61a45b,SHELTER_093,519.9738441170232,False,0
라마61a46a,SHELTER_093,105.43056111922344,True,1
라마61a46b,SHELTER_064,329.87680955981847,False,0
라마61a47a,SHELTER_064,553.4502590948653,False,0
라마61a47b,SHELTER_064,1001.8960370712034,False,0
라마61a48a,SHELTER_064,1483.6725207759935,False,0
라마61a48b,SHELTER_064,1974.5309895548867,False,0
라마61a49a,SHELTER_092,2291.547932795525,False,0
라마61a49b,SHELTER_092,2073.8335453655104,False,0
라마61a50a,SHELTER_092,1962.2383187235748,False,0
라마61a50b,SHELTER_092,1974.8348956434204,False,0
라마61a51a,SHELTER_092,2109.3995616371017,False,0
라마61b11b,SHELTER_021,1321.1399341162332,False,0
라마61b12a,SHELTER_021,948.0856432580466,False,0
라마61b12b,SHELTER_021,743.1837245172977,False,0
라마61b13a,SHELTER_021,840.1057729969372,False,0
라마61b13b,SHELTER_021,1165.861643274261,False,0
라마61b14a,SHELTER_021,1585.1463757942163,False,0
라마61b14b,SHELTER_061,1685.9682801080864,False,0
라마61b15a,SHELTER_061,1219.7592776147706,False,0
라마61b15b,SHELTER_061,795.6986547204881,False,0
라마61b16a,SHELTER_061,527.6930953884865,False,0
라마61b16b,SHELTER_061,650.9866793701466,False,0
라마61b17a,SHELTER_061,1033.9764554930919,False,0
라마61b17b,SHELTER_061,1488.0964230555578,False,0
라마61b18a,SHELTER_061,1964.6258213989333,False,0
라마61b18b,SHELTER_061,2450.5261214490492,False,0
라마61b19a,SHELTER_101,2553.3144924143926,False,0
라마61b19b,SHELTER_101,2054.316830836383,False,0
라마61b20a,SHELTER_101,1555.9628484452683,False,0
라마61b20b,SHELTER_101,1059.1615221608954,False,0
라마61b21a,SHELTER_101,568.0016499187806,False,0
라마61b21b,SHELTER_101,153.06409962734267,True,1
라마61b22a,SHELTER_101,473.5307412185626,False,0
라마61b22b,SHELTER_101,961.7869343899788,False,0
라마61b23a,SHELTER_057,1202.2881057140287,False,0
라마61b23b,SHELTER_026,1059.2933409753468,False,0
라마61b24a,SHELTER_026,705.434983701705,False,0
라마61b24b,SHELTER_026,610.8802257609403,False,0
라마61b25a,SHELTER_035,539.935327461505,False,0
라마61b25b,SHELTER_035,695.3502565491622,False,0
라마61b26a,SHELTER_035,1084.2019187978817,False,0
라마61b26b,SHELTER_035,1538.6603335912157,False,0
라마61b27a,SHELTER_044,1572.7523617085883,False,0
라마61b27b,SHELTER_028,1656.675003635149,False,0
라마61b28a,SHELTER_028,1764.2990859863737,False,0
라마61b28b,SHELTER_043,1668.6041858555084,False,0
라마61b29a,SHELTER_043,1530.7945491635073,False,0
라마61b29b,SHELTER_038,1402.4215107792265,False,0
라마61b30a,SHELTER_038,1106.3969191135684,False,0
라마61b30b,SHELTER_038,990.6776425011841,False,0
라마61b31a,SHELTER_038,1113.000557088545,False,0
라마61b31b,SHELTER_059,1252.8945202151244,False,0
라마61b32a,SHELTER_059,1387.6316755851358,False,0
라마61b32b,SHELTER_059,1667.7225954544526,False,0
라마61b33a,SHELTER_059,2033.9802466325627,False,0
라마61b33b,SHELTER_045,2105.437649683239,False,0
라마61b34a,SHELTER_045,1778.5761050554222,False,0
라마61b34b,SHELTER_045,1547.1904298581192,False,0
라마61b35a,SHELTER_045,1457.4853313206918,False,0
라마61b35b,SHELTER_023,1308.007292751047,False,0
라마61b36a,SHELTER_023,1074.190097965342,False,0
라마61b36b,SHELTER_023,1047.3230901892969,False,0
라마61b37a,SHELTER_023,1240.921812170503,False,0
라마61b37b,SHELTER_023,1575.7183227332837,False,0
라마61b38a,SHELTER_023,1981.3857578155396,False,0
라마61b38b,SHELTER_023,2422.5793712386653,False,0
라마61b39a,SHELTER_023,2883.035223272167,False,0
라마61b39b,SHELTER_023,3354.831350053958,False,0
라마61b40a,SHELTER_085,3558.308059998529,False,0
라마61b42b,SHELTER_085,1332.772694681575,False,0
라마61b43a,SHELTER_085,1048.4409458126124,False,0
라마61b43b,SHELTER_085,960.2987962213134,False,0
라마61b44a,SHELTER_085,1115.8490664923108,False,0
라마61b44b,SHELTER_084,1332.4990235311839,False,0
라마61b45a,SHELTER_093,1083.7927049106545,False,0
라마61b45b,SHELTER_093,644.4760909992186,False,0
라마61b46a,SHELTER_093,395.08510035397825,False,0
라마61b46b,SHELTER_093,629.9484432664256,False,0
라마61b47a,SHELTER_064,939.1366520154096,False,0
라마61b47b,SHELTER_064,1256.7681293562155,False,0
라마61b48a,SHELTER_064,1666.419698267015,False,0
라마61b48b,SHELTER_064,2115.287945074887,False,0
라마61b49a,SHELTER_064,2583.008240479683,False,0
라마61b49b,SHELTER_092,2550.0516002752397,False,0
라마61b50a,SHELTER_092,2460.1538182906675,False,0
라마61b50b,SHELTER_092,2470.212633607477,False,0
라마62a11b,SHELTER_021,1652.9660926188842,False,0
라마62a12a,SHELTER_021,1373.2270623546276,False,0
라마62a12b,SHELTER_021,1240.6483088363516,False,0
라마62a13a,SHELTER_021,1301.0241687431783,False,0
라마62a13b,SHELTER_021,1531.7047852276419,False,0
라마62a14a,SHELTER_021,1870.7151601792923,False,0
라마62a14b,SHELTER_061,1604.7685969471947,False,0
라마62a15a,SHELTER_061,1104.8103473196452,False,0
라마62a15b,SHELTER_061,604.9211166269887,False,0
라마62a16a,SHELTER_061,106.08115354732271,True,1
라마62a16b,SHELTER_061,395.6979465888323,False,0
라마62a17a,SHELTER_061,895.4889830317882,False,0
라마62a17b,SHELTER_061,1395.4297447481883,False,0
라마62a18a,SHELTER_061,1895.4017585527038,False,0
라마62a18b,SHELTER_061,2395.3854554374684,False,0
라마62a19a,SHELTER_101,2573.805095971012,False,0
라마62a19b,SHELTER_101,2079.729649817645,False,0
라마62a20a,SHELTER_101,1589.3640742809362,False,0
라마62a20b,SHELTER_101,1107.646561362951,False,0
라마62a21a,SHELTER_101,653.9752664921217,False,0
라마62a21b,SHELTER_101,358.4499874009118,False,0
라마62a22a,SHELTER_101,573.8372049213837,False,0
라마62a22b,SHELTER_101,1014.9344225299772,False,0
라마62a23a,SHELTER_101,1493.6179653179493,False,0
라마62a23b,SHELTER_026,1403.5471527490008,False,0
라마62a24a,SHELTER_035,1058.6582917415326,False,0
라마62a24b,SHELTER_035,559.2309005367309,False,0
라마62a25a,SHELTER_035,68.7096904166065,True,1
라마62a25b,SHELTER_035,443.5119423410928,False,0
라마62a26a,SHELTER_035,942.7007289915458,False,0
라마62a26b,SHELTER_044,1169.6939689199457,False,0
라마62a27a,SHELTER_044,1072.9133314660894,False,0
라마62a27b,SHELTER_044,1197.5400004791616,False,0
라마62a28a,SHELTER_044,1488.9798818847748,False,0
라마62a28b,SHELTER_043,1231.0143209481596,False,0
라마62a29a,SHELTER_043,1036.5752655131416,False,0
라마62a29b,SHELTER_043,1064.6972826901651,False,0
라마62a30a,SHELTER_038,695.31547034762,False,0
라마62a30b,SHELTER_038,490.70525983775644,False,0
라마62a31a,SHELTER_038,705.7759564905481,False,0
라마62a31b,SHELTER_038,1120.4676476756729,False,0
라마62a32a,SHELTER_038,1585.1737438576138,False,0
라마62a32b,SHELTER_038,2066.4229593534988,False,0
라마62a33a,SHELTER_059,2373.920177653388,False,0
라마62a33b,SHELTER_045,2477.947156361239,False,0
라마62a34a,SHELTER_045,2206.963383132848,False,0
라마62a34b,SHELTER_023,1882.9482730519,False,0
라마62a35a,SHELTER_023,1410.1402368792972,False,0
라마62a35b,SHELTER_023,965.1408064851819,False,0
라마62a36a,SHELTER_023,611.9624702706325,False,0
라마62a36b,SHELTER_023,563.4708099774131,False,0
라마62a37a,SHELTER_023,872.0668795301592,False,0
라마62a37b,SHELTER_023,1305.1827194114765,False,0
라마62a38a,SHELTER_023,1773.8385551473402,False,0
라마62a38b,SHELTER_023,2255.9930204688294,False,0
라마62a39a,SHELTER_023,2744.5410904340524,False,0
라마62a39b,SHELTER_023,3236.5888039350634,False,0
라마62a40a,SHELTER_085,3724.121444412394,False,0
라마62a43a,SHELTER_085,1518.7997563004158,False,0
라마62a43b,SHELTER_085,1459.3485056373138,False,0
라마62a44a,SHELTER_085,1566.091766811102,False,0
라마62a44b,SHELTER_093,1754.6624905859453,False,0
라마62a45a,SHELTER_093,1348.9192935536773,False,0
라마62a45b,SHELTER_093,1029.7213531695998,False,0
라마62a46a,SHELTER_093,895.024507946856,False,0
라마62a46b,SHELTER_093,1020.6917627166351,False,0
라마62a47a,SHELTER_093,1335.12339472038,False,0
라마62a47b,SHELTER_064,1629.4589877723406,False,0
라마62a48a,SHELTER_064,1962.810503497184,False,0
라마62a48b,SHELTER_064,2355.8678979190827,False,0
라마62a49a,SHELTER_064,2783.451460372982,False,0
라마62a49b,SHELTER_092,3033.9315671664945,False,0
라마62a50a,SHELTER_092,2958.7724481333776,False,0
라마62a50b,SHELTER_092,2967.141392892664,False,0
라마62b12b,SHELTER_021,1739.5673036849123,False,0
라마62b14b,SHELTER_061,1675.7313203390083,False,0
라마62b15a,SHELTER_061,1205.5700360252006,False,0
라마62b15b,SHELTER_061,773.7717787296789,False,0
라마62b16a,SHELTER_061,494.01054579348704,False,0
라마62b16b,SHELTER_061,623.9952509048981,False,0
라마62b17a,SHELTER_061,1017.198961338712,False,0
라마62b17b,SHELTER_061,1476.4881918746396,False,0
라마62b18a,SHELTER_061,1955.8479068020422,False,0
라마62b18b,SHELTER_061,2443.4943602019252,False,0
라마62b19a,SHELTER_101,2688.7786161972012,False,0
라마62b19b,SHELTER_101,2220.435360735279,False,0
라마62b20a,SHELTER_101,1769.5016065231143,False,0
라마62b20b,SHELTER_101,1353.4912928320425,False,0
라마62b21a,SHELTER_101,1016.2388617133407,False,0
라마62b21b,SHELTER_101,856.471930853953,False,0
라마62b22a,SHELTER_101,966.6162178574135,False,0
라마62b22b,SHELTER_101,1278.7297043977835,False,0
라마62b23a,SHELTER_101,1684.0286224389167,False,0
라마62b23b,SHELTER_035,1625.4126925022026,False,0
라마62b24a,SHELTER_035,1154.9667711191016,False,0
라마62b24b,SHELTER_035,725.2103583315024,False,0
라마62b25a,SHELTER_035,466.81033115530886,False,0
라마62b25b,SHELTER_035,640.2294172524033,False,0
라마62b26a,SHELTER_035,1049.7025903356507,False,0
라마62b26b,SHELTER_044,738.7672207843384,False,0
라마62b27a,SHELTER_044,573.3550753375982,False,0
라마62b27b,SHELTER_044,782.1093774692581,False,0
라마62b28a,SHELTER_044,1180.9547469040963,False,0
라마62b28b,SHELTER_043,864.032746893538,False,0
라마62b29a,SHELTER_043,552.8513456604538,False,0
라마62b29b,SHELTER_043,603.9342953440847,False,0
라마62b30a,SHELTER_038,492.76065588221263,False,0
라마62b30b,SHELTER_038,11.879087219828579,True,1
라마62b31a,SHELTER_038,507.4141912095918,False,0
라마62b31b,SHELTER_038,1007.3714360495795,False,0
라마62b32a,SHELTER_038,1507.357044265326,False,0
라마62b32b,SHELTER_038,2007.3498219353817,False,0
라마62b33a,SHELTER_096,2432.957505619491,False,0
라마62b33b,SHELTER_096,2100.112907058795,False,0
라마62b34a,SHELTER_096,1844.3606536249008,False,0
라마62b34b,SHELTER_096,1700.8404448637739,False,0
라마62b35a,SHELTER_023,1307.3290274903807,False,0
라마62b35b,SHELTER_023,807.5335750269529,False,0
라마62b36a,SHELTER_023,308.4019511492732,False,0
라마62b36b,SHELTER_023,195.2256441903726,True,1
라마62b37a,SHELTER_023,693.6240630387712,False,0
라마62b37b,SHELTER_023,1193.3631591025762,False,0
라마62b38a,SHELTER_023,1693.256306109665,False,0
라마62b38b,SHELTER_023,2193.198168624307,False,0
라마62b39a,SHELTER_023,2693.1616170467532,False,0
라마62b39b,SHELTER_023,3193.1365119911093,False,0
라마62b43a,SHELTER_085,2003.5660664475129,False,0
라마62b43b,SHELTER_085,1958.8829326398293,False,0
라마62b44a,SHELTER_085,2039.648917082368,False,0
라마62b44b,SHELTER_093,2055.1927133904187,False,0
라마62b45a,SHELTER_093,1721.7897356602955,False,0
라마62b45b,SHELTER_093,1485.0261608730098,False,0
라마62b46a,SHELTER_093,1395.007348772511,False,0
라마62b46b,SHELTER_093,1478.7793303199062,False,0
라마62b47a,SHELTER_093,1711.0029551211974,False,0
라마62b47b,SHELTER_093,2041.635108702226,False,0
라마62b48a,SHELTER_064,2329.870282763701,False,0
라마62b48b,SHELTER_064,2669.4164183042362,False,0
라마62b49a,SHELTER_064,3053.403427999488,False,0
라마63a15a,SHELTER_061,1478.577803153778,False,0
라마63a15b,SHELTER_061,1153.9133302704063,False,0
라마63a16a,SHELTER_061,988.3519755494129,False,0
라마63a16b,SHELTER_061,1059.3220857553736,False,0
라마63a17a,SHELTER_061,1329.46866648515,False,0
라마63a17b,SHELTER_061,1706.6958103196043,False,0
라마63a18a,SHELTER_061,2134.9787452710575,False,0
라마63a18b,SHELTER_061,2589.1036859415008,False,0
라마63a19a,SHELTER_101,2886.9686908230096,False,0
라마63a19b,SHELTER_101,2456.703271882177,False,0
라마63a20a,SHELTER_101,2058.201571848799,False,0
라마63a20b,SHELTER_101,1713.7667445265529,False,0
라마63a21a,SHELTER_101,1462.1214720157184,False,0
라마63a21b,SHELTER_101,1355.950568130595,False,0
라마63a22a,SHELTER_101,1428.077269442363,False,0
라마63a22b,SHELTER_101,1655.3571916001174,False,0
라마63a23a,SHELTER_101,1985.197767494841,False,0
라마63a23b,SHELTER_035,1831.7088427649858,False,0
라마63a24a,SHELTER_035,1430.7826900355856,False,0
라마63a24b,SHELTER_035,1113.1580874015558,False,0
라마63a25a,SHELTER_035,964.9366554284859,False,0
라마63a25b,SHELTER_035,1059.7568449562075,False,0
라마63a26a,SHELTER_044,969.7479034126179,False,0
라마63a26b,SHELTER_044,472.6203889837337,False,0
라마63a27a,SHELTER_044,79.55543974552086,True,1
라마63a27b,SHELTER_044,537.8550956373572,False,0
라마63a28a,SHELTER_044,1035.4936696151447,False,0
라마63a28b,SHELTER_043,691.1648985801634,False,0
라마63a29a,SHELTER_043,191.83571024058367,True,1
라마63a29b,SHELTER_043,309.66588836630166,False,0
라마63a30a,SHELTER_038,708.6342672113765,False,0
라마63a30b,SHELTER_038,509.4021725453402,False,0
라마63a31a,SHELTER_038,718.9009821398357,False,0
라마63a31b,SHELTER_038,1128.781055319998,False,0
라마63a32a,SHELTER_038,1591.0608786520509,False,0
라마63a32b,SHELTER_038,2070.942483099119,False,0
라마63a33a,SHELTER_096,2118.5485194274897,False,0
라마63a33b,SHELTER_096,1726.1053929042507,False,0
라마63a34a,SHELTER_096,1403.7919452888545,False,0
라마63a34b,SHELTER_096,1209.059065514417,False,0
라마63a35a,SHELTER_096,1205.4110594097451,False,0
라마63a35b,SHELTER_023,934.1970740955868,False,0
라마63a36a,SHELTER_023,561.8945291828553,False,0
라마63a36b,SHELTER_023,508.6518953100341,False,0
라마63a37a,SHELTER_023,837.692090973382,False,0
라마63a37b,SHELTER_023,1282.4700105484824,False,0
라마63a38a,SHELTER_023,1757.1939610165668,False,0
라마63a38b,SHELTER_023,2242.929313489384,False,0
라마63a39a,SHELTER_023,2733.8129405624713,False,0
라마63a43b,SHELTER_085,2458.6066433387377,False,0
라마63a44a,SHELTER_085,2523.4286175434077,False,0
라마63a44b,SHELTER_093,2422.5593331179466,False,0
라마63a45a,SHELTER_093,2146.9831222273147,False,0
라마63a45b,SHELTER_093,1962.2128660726464,False,0
라마63a46a,SHELTER_093,1894.999244441303,False,0
라마63a46b,SHELTER_093,1957.4894485246118,False,0
라마63a47a,SHELTER_093,2138.342289189752,False,0
라마63a47b,SHELTER_093,2411.068342123331,False,0
라마63b16a,SHELTER_061,1486.4833789147042,False,0
라마63b16b,SHELTER_061,1534.5867487979829,False,0
라마63b17a,SHELTER_061,1732.1316761098306,False,0
라마63b17b,SHELTER_061,2036.0755872952602,False,0
라마63b18a,SHELTER_061,2406.434593122453,False,0
라마63b18b,SHELTER_061,2817.1352656152517,False,0
라마63b19a,SHELTER_101,3152.720412067221,False,0
라마63b19b,SHELTER_101,2764.136165413994,False,0
라마63b20b,SHELTER_101,2131.209569591438,False,0
라마63b21a,SHELTER_101,1934.6464725635008,False,0
라마63b21b,SHELTER_101,1855.710030712414,False,0
라마63b22a,SHELTER_101,1909.0475275306637,False,0
라마63b22b,SHELTER_101,2084.5299725969912,False,0
라마63b23a,SHELTER_101,2355.0091190777766,False,0
라마63b23b,SHELTER_035,2137.3694459263766,False,0
라마63b24a,SHELTER_035,1805.6383829055167,False,0
라마63b24b,SHELTER_035,1565.9858847587589,False,0
라마63b25a,SHELTER_035,1464.3406750840788,False,0
라마63b25b,SHELTER_044,1528.085398739521,False,0
라마63b26a,SHELTER_044,1057.3570928266802,False,0
라마63b26b,SHELTER_044,633.216438242767,False,0
라마63b27a,SHELTER_044,428.86139202640226,False,0
라마63b27b,SHELTER_044,683.2870037405885,False,0
라마63b28a,SHELTER_044,1117.9625062544621,False,0
라마63b28b,SHELTER_043,841.9413556502983,False,0
라마63b29a,SHELTER_043,517.6458915595138,False,0
라마63b29b,SHELTER_043,571.8822359040587,False,0
라마63b30a,SHELTER_043,941.3507924449881,False,0
라마63b30b,SHELTER_038,1009.3760617701654,False,0
라마63b31a,SHELTER_038,1129.676096410983,False,0
라마63b31b,SHELTER_038,1426.0070587237865,False,0
라마63b32a,SHELTER_038,1814.062893137328,False,0
라마63b32b,SHELTER_076,2234.5987046242717,False,0
라마63b33a,SHELTER_096,1886.057643389142,False,0
라마63b33b,SHELTER_096,1431.2251508520008,False,0
라마63b34a,SHELTER_096,1019.6065077646675,False,0
라마63b34b,SHELTER_096,728.5529691935857,False,0
라마63b35a,SHELTER_096,722.4828213636077,False,0
라마63b35b,SHELTER_096,1006.565162028891,False,0
라마63b36a,SHELTER_023,1018.0074461311992,False,0
라마63b36b,SHELTER_023,989.6163140608758,False,0
라마63b37a,SHELTER_023,1192.6196953481444,False,0
라마63b37b,SHELTER_023,1537.9671733847797,False,0
라마63b38a,SHELTER_023,1951.4979669694856,False,0
라마63b38b,SHELTER_023,2398.196323023389,False,0
라마64a17b,SHELTER_061,2424.5405761498378,False,0
라마64a18b,SHELTER_061,3109.5086931845617,False,0
라마64a19a,SHELTER_101,3470.5480506021368,False,0
라마64a21a,SHELTER_101,2418.2462134107395,False,0
라마64a21b,SHELTER_101,2355.5715851910873,False,0
라마64a22a,SHELTER_101,2397.815722119597,False,0
라마64a22b,SHELTER_101,2539.7486059703224,False,0
라마64a23a,SHELTER_101,2766.066833215074,False,0
라마64a23b,SHELTER_035,2506.2998647599634,False,0
라마64a24a,SHELTER_035,2230.139196000517,False,0
라마64a24b,SHELTER_035,2040.9563089345777,False,0
라마64a25a,SHELTER_035,1964.0479822096706,False,0
라마64a25b,SHELTER_044,1735.6952530379983,False,0
라마64a26a,SHELTER_044,1339.9988982564905,False,0
라마64a26b,SHELTER_044,1038.5355474121125,False,0
라마64a27a,SHELTER_044,928.1783875681139,False,0
라마64a27b,SHELTER_044,1069.8009885294139,False,0
라마64a28a,SHELTER_044,1388.3202767980013,False,0
라마64a28b,SHELTER_043,1200.0089898326582,False,0
라마64a29a,SHELTER_043,999.5567009296564,False,0
라마64a29b,SHELTER_043,1028.6912175514867,False,0
라마64a30a,SHELTER_076,1064.6292276810234,False,0
라마64a30b,SHELTER_076,832.6490473179229,False,0
라마64a31a,SHELTER_076,867.8556789963391,False,0
라마64a31b,SHELTER_076,1145.8806757830193,False,0
라마64a32a,SHELTER_076,1540.4257744856457,False,0
라마64a32b,SHELTER_076,1983.1239523202914,False,0
라마64a33a,SHELTER_096,1768.1004041639712,False,0
라마64a33b,SHELTER_096,1271.759032776857,False,0
라마64a34a,SHELTER_096,780.1045030598501,False,0
라마64a34b,SHELTER_096,315.84020317081973,False,0
라마64a35a,SHELTER_096,301.574256500308,False,0
라마64a35b,SHELTER_096,762.9803604473987,False,0
라마64a36a,SHELTER_096,1254.3249294633235,False,0
라마64a36b,SHELTER_023,1483.224240466821,False,0
라마64a37a,SHELTER_023,1625.7168991510314,False,0
라마64a37b,SHELTER_023,1893.662252056082,False,0
라마64a38a,SHELTER_023,2242.5338377690045,False,0
라마64a38b,SHELTER_023,2640.446799732168,False,0
라마64b18b,SHELTER_061,3449.903987244806,False,0
라마64b21a,SHELTER_101,2907.399615386293,False,0
라마64b21b,SHELTER_101,2855.4816174916336,False,0
라마64b22a,SHELTER_101,2890.428690024528,False,0
라마64b22b,SHELTER_101,3009.21597038185,False,0
라마64b23a,SHELTER_101,3202.5276736798783,False,0
라마64b23b,SHELTER_035,2914.5719884422124,False,0
라마64b24a,SHELTER_035,2680.804300439332,False,0
라마64b24b,SHELTER_035,2525.607554371035,False,0
라마64b25a,SHELTER_044,2430.4880170629094,False,0
라마64b25b,SHELTER_044,2047.0053827472857,False,0
라마64b26a,SHELTER_044,1724.294079589189,False,0
라마64b26b,SHELTER_044,1502.048304421764,False,0
라마64b27a,SHELTER_044,1427.9734397831999,False,0
라마64b27b,SHELTER_044,1523.8330553693313,False,0
라마64b28a,SHELTER_044,1762.1084576569626,False,0
라마64b28b,SHELTER_043,1634.3738571710364,False,0
라마64b29a,SHELTER_043,1493.408828050214,False,0
라마64b29b,SHELTER_076,1230.0063367413688,False,0
라마64b30a,SHELTER_076,756.825364262241,False,0
라마64b30b,SHELTER_076,364.21652290557324,False,0
라마64b31a,SHELTER_076,438.7741094506126,False,0
라마64b31b,SHELTER_076,867.4051894535393,False,0
라마64b32a,SHELTER_076,1346.2023645268503,False,0
라마64b32b,SHELTER_076,1836.3359850050413,False,0
라마64b33a,SHELTER_096,1787.4967536258612,False,0
라마64b33b,SHELTER_096,1298.5902519531408,False,0
라마64b34a,SHELTER_096,823.1212794676435,False,0
라마64b34b,SHELTER_096,410.75617945099674,False,0
라마64b35a,SHELTER_096,399.8907815915595,False,0
라마64b35b,SHELTER_096,806.9105498421973,False,0
라마64b36a,SHELTER_096,1281.5212185880366,False,0
라마64b36b,SHELTER_096,1770.1662723981879,False,0
라마64b37a,SHELTER_023,2088.915779690074,False,0
라마64b37b,SHELTER_023,2303.599449408481,False,0
라마64b38a,SHELTER_023,2597.9937859802367,False,0
라마65a21b,SHELTER_101,3355.418460148543,False,0
라마65a22a,SHELTER_101,3385.20838161994,False,0
라마65a22b,SHELTER_101,3487.1820329994484,False,0
라마65a23a,SHELTER_004,3573.371801577437,False,0
라마65a23b,SHELTER_036,3180.8289065594763,False,0
라마65a24a,SHELTER_036,2814.360178483713,False,0
라마65a24b,SHELTER_036,2494.70918057905,False,0
라마65a25a,SHELTER_036,2241.991208077301,False,0
라마65a25b,SHELTER_036,2080.7391135186645,False,0
라마65a26a,SHELTER_073,2013.5398283029874,False,0
라마65a26b,SHELTER_073,1852.9311798141052,False,0
라마65a27a,SHELTER_073,1819.990459890425,False,0
라마65a27b,SHELTER_073,1921.2955501580252,False,0
라마65a28a,SHELTER_073,2137.8465585775552,False,0
라마65a28b,SHELTER_043,2098.1740238428906,False,0
라마65a29a,SHELTER_076,1700.7044964999507,False,0
라마65a29b,SHELTER_076,1205.0995095766586,False,0
라마65a30a,SHELTER_076,715.6352922743926,False,0
라마65a30b,SHELTER_076,268.333589241838,True,1
라마65a31a,SHELTER_076,363.14178867511197,False,0
라마65a31b,SHELTER_076,831.709686278158,False,0
라마65a32a,SHELTER_076,1323.4840557466734,False,0
라마65a32b,SHELTER_076,1819.7469849906104,False,0
라마65a33a,SHELTER_096,1940.1315030794144,False,0
라마65a33b,SHELTER_096,1501.7663758008157,False,0
라마65a34a,SHELTER_096,1116.4650669549162,False,0
라마65a34b,SHELTER_096,858.8866304556,False,0
라마65a35a,SHELTER_096,853.7436630629261,False,0
라마65a35b,SHELTER_096,1104.567897625507,False,0
라마65a36a,SHELTER_096,1487.0313509504638,False,0
라마65a36b,SHELTER_096,1924.1762489320697,False,0
라마65a37a,SHELTER_096,2386.136256628908,False,0
라마65a37b,SHELTER_023,2743.5714172895155,False,0
라마65a38a,SHELTER_023,2995.0267795872655,False,0
라마65b21b,SHELTER_101,3855.371683453958,False,0
라마65b22a,SHELTER_101,3881.326263258846,False,0
라마65b22b,SHELTER_004,3665.9894970487762,False,0
라마65b23a,SHELTER_004,3252.5244798368026,False,0
라마65b23b,SHELTER_004,2866.766818456532,False,0
라마65b24a,SHELTER_036,2477.594808120039,False,0
라마65b24b,SHELTER_036,2107.4692677839676,False,0
라마65b25a,SHELTER_036,1801.2155329344716,False,0
라마65b25b,SHELTER_036,1596.0351116172014,False,0
라마65b26a,SHELTER_036,1533.0618901223309,False,0
라마65b26b,SHELTER_073,1366.7266680442851,False,0
라마65b27a,SHELTER_073,1321.7235346729292,False,0
라마65b27b,SHELTER_073,1458.0687292007776,False,0
라마65b28a,SHELTER_073,1733.486583749075,False,0
라마65b28b,SHELTER_073,2093.797280780283,False,0
라마65b29a,SHELTER_076,1825.3068300899804,False,0
라마65b29b,SHELTER_076,1375.3596138973562,False,0
라마65b30a,SHELTER_076,975.4399577147927,False,0
라마65b30b,SHELTER_076,715.088913823581,False,0
라마65b31a,SHELTER_076,755.7917691005514,False,0
라마65b31b,SHELTER_076,1063.5272642517884,False,0
라마65b32a,SHELTER_076,1480.1889357016712,False,0
라마65b32b,SHELTER_076,1936.7055349072552,False,0
라마65b33a,SHELTER_096,2198.425767284259,False,0
라마65b33b,SHELTER_096,1823.2574838744283,False,0
라마65b34a,SHELTER_096,1521.6635142990187,False,0
라마65b34b,SHELTER_096,1344.1174982097245,False,0
라마65b35a,SHELTER_096,1340.8369950289625,False,0
라마65b35b,SHELTER_096,1512.9559958845555,False,0
라마65b36a,SHELTER_096,1811.1399293615489,False,0
라마65b36b,SHELTER_096,2184.357993089156,False,0
라마65b37a,SHELTER_096,2600.502228458421,False,0
라마65b37b,SHELTER_039,2575.1624882260785,False,0
라마65b38a,SHELTER_039,2587.5955379064485,False,0
라마66a22a,SHELTER_004,3887.1547374185016,False,0
라마66a22b,SHELTER_004,3427.7410129852024,False,0
라마66a23a,SHELTER_004,2981.4166014776506,False,0
라마66a23b,SHELTER_004,2555.0501856191136,False,0
라마66a24a,SHELTER_004,2160.490210692469,False,0
라마66a24b,SHELTER_036,1777.4362249156475,False,0
라마66a25a,SHELTER_036,1400.796278933132,False,0
라마66a25b,SHELTER_036,1124.8026033502188,False,0
라마66a26a,SHELTER_036,1033.5045127787057,False,0
라마66a26b,SHELTER_073,895.8401716598643,False,0
라마66a27a,SHELTER_073,825.5549225366193,False,0
라마66a27b,SHELTER_073,1029.8311740714164,False,0
라마66a28a,SHELTER_073,1392.6821475319414,False,0
라마66a28b,SHELTER_073,1821.6956060272662,False,0
라마66a29a,SHELTER_076,2066.6625906352283,False,0
라마66a29b,SHELTER_076,1682.546673081572,False,0
라마66a30a,SHELTER_076,1375.0753981744485,False,0
라마66a30b,SHELTER_076,1204.4506607708638,False,0
라마66a31a,SHELTER_076,1229.0526586758285,False,0
라마66a31b,SHELTER_076,1438.9021792202814,False,0
라마66a32a,SHELTER_076,1769.2677934477945,False,0
라마66a32b,SHELTER_076,2165.6817791398576,False,0
라마66a33a,SHELTER_096,2530.225574781343,False,0
라마66a33b,SHELTER_096,2212.065427947896,False,0
라마66a34a,SHELTER_096,1970.894582611418,False,0
라마66a34b,SHELTER_096,1837.2853490984367,False,0
라마66a35a,SHELTER_096,1834.8867682384362,False,0
라마66a35b,SHELTER_096,1964.179587130775,False,0
라마66a36a,SHELTER_096,2202.0884289115074,False,0
라마66a36b,SHELTER_039,2384.247063729993,False,0
라마66a37a,SHELTER_039,2179.179407008916,False,0
라마66a37b,SHELTER_039,2076.7791685584593,False,0
라마66a38a,SHELTER_039,2092.1760303533256,False,0
라마66b22b,SHELTER_004,3249.513488467113,False,0
라마66b23a,SHELTER_004,2774.6665405405793,False,0
라마66b23b,SHELTER_004,2310.45686189142,False,0
라마66b24a,SHELTER_004,1864.8451437389838,False,0
라마66b24b,SHELTER_004,1455.020243705425,False,0
라마66b25a,SHELTER_036,1086.3162679723641,False,0
라마66b25b,SHELTER_036,695.0062701097926,False,0
라마66b26a,SHELTER_036,534.7750900354713,False,0
라마66b26b,SHELTER_073,486.9470619848902,False,0
라마66b27a,SHELTER_073,340.77669835331307,False,0
라마66b27b,SHELTER_073,703.6619039748091,False,0
라마66b28a,SHELTER_073,1172.242036471275,False,0
라마66b28b,SHELTER_073,1659.2657138129475,False,0
라마66b29a,SHELTER_073,2152.2485976299436,False,0
라마66b29b,SHELTER_076,2066.4734565572935,False,0
라마66b30a,SHELTER_076,1824.8785138256737,False,0
라마66b30b,SHELTER_076,1700.014892225757,False,0
라마66b31a,SHELTER_076,1717.5330207469387,False,0
라마66b31b,SHELTER_076,1873.4430124567057,False,0
라마66b32a,SHELTER_076,2137.675785634858,False,0
라마66b32b,SHELTER_010,2055.7371698369766,False,0
라마66b33a,SHELTER_010,2067.2962755684225,False,0
라마66b33b,SHELTER_010,2195.7623893556424,False,0
라마66b34a,SHELTER_010,2422.6083154398957,False,0
라마66b34b,SHELTER_096,2333.363036269744,False,0
라마66b35a,SHELTER_096,2331.474867390744,False,0
라마66b35b,SHELTER_096,2434.5363122203407,False,0
라마66b36a,SHELTER_039,2302.606155657128,False,0
라마66b36b,SHELTER_039,1966.2614106717176,False,0
라마66b37a,SHELTER_039,1711.8331583782833,False,0
라마66b37b,SHELTER_039,1579.4181172666104,False,0
라마66b38a,SHELTER_039,1599.609457391597,False,0
라마66b38b,SHELTER_039,1767.1839868002637,False,0
라마66b39a,SHELTER_039,2046.24731404342,False,0
라마66b39b,SHELTER_039,2398.1903379958285,False,0
라마67a22b,SHELTER_004,3141.5390131842364,False,0
라마67a23a,SHELTER_004,2647.395677042687,False,0
라마67a23b,SHELTER_004,2155.9546308515005,False,0
라마67a24a,SHELTER_004,1669.6038062234265,False,0
라마67a24b,SHELTER_004,1194.5766485334777,False,0
라마67a25a,SHELTER_004,752.6286392951032,False,0
라마67a25b,SHELTER_036,448.20367521967324,False,0
라마67a26a,SHELTER_036,61.94526544412287,True,1
라마67a26b,SHELTER_073,414.37334517540813,False,0
라마67a27a,SHELTER_073,225.20343282624793,True,1
라마67a27b,SHELTER_073,655.5363476738684,False,0
라마67a28a,SHELTER_073,1144.0014073795815,False,0
라마67a28b,SHELTER_073,1639.436042379004,False,0
라마67a29a,SHELTER_073,2136.998328033085,False,0
라마67a29b,SHELTER_076,2491.9192976928102,False,0
라마67a30a,SHELTER_076,2295.5458674965703,False,0
라마67a30b,SHELTER_076,2197.589559801223,False,0
라마67a31a,SHELTER_076,2211.169128970935,False,0
라마67a31b,SHELTER_010,1958.311317358662,False,0
라마67a32a,SHELTER_010,1697.8344428196606,False,0
라마67a32b,SHELTER_010,1558.9420690822594,False,0
라마67a33a,SHELTER_010,1574.1534087515756,False,0
라마67a33b,SHELTER_010,1739.4302325226884,False,0
라마67a34a,SHELTER_010,2018.2358914021083,False,0
라마67a34b,SHELTER_010,2370.8510482258034,False,0
라마67a35a,SHELTER_010,2769.222503231389,False,0
라마67a35b,SHELTER_039,2432.9726992375195,False,0
라마67a36a,SHELTER_039,1995.8820060969877,False,0
라마67a36b,SHELTER_039,1596.1622127115938,False,0
라마67a37a,SHELTER_039,1269.6151528376647,False,0
라마67a37b,SHELTER_039,1084.486728061548,False,0
라마67a38a,SHELTER_039,1113.6876987595208,False,0
라마67a38b,SHELTER_039,1343.3127399808702,False,0
라마67a39a,SHELTER_039,1693.7171972975736,False,0
라마67a39b,SHELTER_039,2105.4374299532587,False,0
라마67b22b,SHELTER_004,3111.1407603944035,False,0
라마67b23a,SHELTER_004,2611.251295921783,False,0
라마67b23b,SHELTER_004,2111.4141777299196,False,0
라마67b24a,SHELTER_004,1611.6781097305488,False,0
라마67b24b,SHELTER_004,1112.179315061361,False,0
라마67b25a,SHELTER_004,613.4976188348903,False,0
라마67b25b,SHELTER_004,125.76099467562645,True,1
라마67b26a,SHELTER_004,394.0207193124818,False,0
라마67b26b,SHELTER_036,724.3208655906302,False,0
라마67b27a,SHELTER_073,696.6379362142632,False,0
라마67b27b,SHELTER_073,929.6858238876918,False,0
라마67b28a,SHELTER_073,1320.3511078885815,False,0
라마67b28b,SHELTER_014,1594.5250657901215,False,0
라마67b29a,SHELTER_014,1858.023032523028,False,0
라마67b29b,SHELTER_014,2204.9918352091795,False,0
라마67b30a,SHELTER_014,2602.254483576159,False,0
라마67b30b,SHELTER_010,2438.013765330437,False,0
라마67b31a,SHELTER_010,1997.89131322763,False,0
라마67b31b,SHELTER_010,1593.495616247548,False,0
라마67b32a,SHELTER_010,1259.7169755662903,False,0
라마67b32b,SHELTER_010,1065.1504297795736,False,0
라마67b33a,SHELTER_010,1087.292057172009,False,0
라마67b33b,SHELTER_010,1315.2424100214637,False,0
라마67b34a,SHELTER_010,1666.5896845500984,False,0
라마67b34b,SHELTER_010,2079.7066514723956,False,0
라마67b35a,SHELTER_010,2524.4481249786563,False,0
라마67b35b,SHELTER_039,2258.518547505585,False,0
라마67b36a,SHELTER_039,1779.0713466450338,False,0
라마67b36b,SHELTER_039,1315.022312920967,False,0
라마67b37a,SHELTER_039,890.7707395882763,False,0
라마67b37b,SHELTER_039,598.0479391597969,False,0
라마67b38a,SHELTER_039,649.4999342262596,False,0
라마67b38b,SHELTER_039,992.994960504106,False,0
라마67b39a,SHELTER_039,1431.8616618281203,False,0
라마67b39b,SHELTER_039,1901.1619198899978,False,0
라마68a22b,SHELTER_004,3160.557908125771,False,0
라마68a23a,SHELTER_004,2669.936851328524,False,0
라마68a23b,SHELTER_004,2183.574887552015,False,0
라마68a24a,SHELTER_004,1705.120461730935,False,0
라마68a24b,SHELTER_004,1243.7332063104368,False,0
라마68a25a,SHELTER_004,828.4375582655354,False,0
라마68a25b,SHELTER_004,570.7409985367135,False,0
라마68a26a,SHELTER_086,369.3308434178932,False,0
라마68a26b,SHELTER_086,607.94251894993,False,0
라마68a27a,SHELTER_086,1050.134725068455,False,0
라마68a27b,SHELTER_014,1010.6398749691857,False,0
라마68a28a,SHELTER_014,964.9519992366504,False,0
라마68a28b,SHELTER_014,1157.960174092307,False,0
라마68a29a,SHELTER_014,1500.2037090798578,False,0
라마68a29b,SHELTER_014,1913.2042684172645,False,0
라마68a30a,SHELTER_014,2360.103806327831,False,0
라마68a30b,SHELTER_010,2268.9548658459094,False,0
라마68a31a,SHELTER_010,1787.684189888012,False,0
라마68a31b,SHELTER_010,1320.4065064612817,False,0
라마68a32a,SHELTER_010,889.4559695875989,False,0
라마68a32b,SHELTER_010,582.0571289527725,False,0
라마68a33a,SHELTER_010,621.6502882605888,False,0
라마68a33b,SHELTER_010,966.4924523369036,False,0
라마68a34a,SHELTER_010,1407.7521940859942,False,0
라마68a34b,SHELTER_010,1878.676347720293,False,0
라마68a35a,SHELTER_010,2361.584933686144,False,0
라마68a35b,SHELTER_039,2186.882690868071,False,0
라마68a36a,SHELTER_039,1687.2002639417208,False,0
라마68a36b,SHELTER_039,1187.7851479420203,False,0
라마68a37a,SHELTER_039,689.2186769801605,False,0
라마68a37b,SHELTER_039,198.01821058912282,True,1
라마68a38a,SHELTER_039,321.55876407206443,False,0
라마68a38b,SHELTER_039,817.0611150814785,False,0
라마68a39a,SHELTER_039,1315.970247689827,False,0
라마68b22b,SHELTER_004,3286.1916788655576,False,0
라마68b23a,SHELTER_004,2817.5330077411613,False,0
라마68b23b,SHELTER_004,2361.763906315929,False,0
라마68b24a,SHELTER_004,1928.0470037430102,False,0
라마68b24b,SHELTER_086,1522.4620612761917,False,0
라마68b25a,SHELTER_086,1025.2217138125607,False,0
라마68b25b,SHELTER_086,533.1682632342041,False,0
라마68b26a,SHELTER_086,132.12581643112495,True,1
라마68b26b,SHELTER_086,500.64564895243524,False,0
라마68b27a,SHELTER_014,953.9471328514743,False,0
라마68b27b,SHELTER_014,565.4684219553075,False,0
라마68b28a,SHELTER_014,479.05525796269364,False,0
라마68b28b,SHELTER_014,799.5206965018356,False,0
라마68b29a,SHELTER_014,1244.5773371260852,False,0
라마68b29b,SHELTER_014,1720.090739478861,False,0
라마68b30a,SHELTER_014,2206.456787701498,False,0
라마68b30b,SHELTER_013,1946.901442206526,False,0
라마68b31a,SHELTER_013,1628.5635470256536,False,0
라마68b31b,SHELTER_010,1203.211704402189,False,0
라마68b32a,SHELTER_010,703.8302246565926,False,0
라마68b32b,SHELTER_010,207.45014984298834,True,1
라마68b33a,SHELTER_010,301.15468483755495,False,0
라마68b33b,SHELTER_010,798.9697889966402,False,0
라마68b34a,SHELTER_010,1298.4649796044037,False,0
라마68b34b,SHELTER_010,1798.2407744205984,False,0
라마68b35a,SHELTER_010,2298.114109942873,False,0
라마68b35b,SHELTER_039,2228.0048872949124,False,0
라마68b36a,SHELTER_039,1740.1708550704584,False,0
라마68b36b,SHELTER_039,1261.8967595898189,False,0
라마68b37a,SHELTER_039,810.2914653937315,False,0
라마68b37b,SHELTER_039,469.8521958196602,False,0
라마68b38a,SHELTER_039,533.8069997135591,False,0
라마68b38b,SHELTER_039,921.4872435198586,False,0
라마69a23b,SHELTER_086,2594.7186781226096,False,0
라마69a24a,SHELTER_086,2113.233033303652,False,0
라마69a24b,SHELTER_086,1642.845911062011,False,0
라마69a25a,SHELTER_086,1196.7169765406452,False,0
라마69a25b,SHELTER_086,815.6717209686728,False,0
라마69a26a,SHELTER_086,631.2758436970405,False,0
라마69a26b,SHELTER_086,794.7943289196419,False,0
라마69a27a,SHELTER_014,841.6511816818429,False,0
라마69a27b,SHELTER_014,343.68025194869716,False,0
라마69a28a,SHELTER_014,166.89972897700358,True,1
라마69a28b,SHELTER_014,661.5095792848917,False,0
라마69a29a,SHELTER_014,1160.7473142069948,False,0
라마69a29b,SHELTER_014,1660.4438356631726,False,0
라마69a30a,SHELTER_060,1984.908805745284,False,0
라마69a30b,SHELTER_013,1635.663270929461,False,0
라마69a31a,SHELTER_013,1239.833995703695,False,0
라마69a31b,SHELTER_013,948.1467913448405,False,0
라마69a32a,SHELTER_010,836.4341267818306,False,0
라마69a32b,SHELTER_010,497.2731924958476,False,0
라마69a33a,SHELTER_010,543.0830576484052,False,0
라마69a33b,SHELTER_010,917.9312539806398,False,0
라마69a34a,SHELTER_010,1374.865944943069,False,0
라마69a34b,SHELTER_010,1854.1615210369152,False,0
라마69a35a,SHELTER_010,2342.1301256812476,False,0
라마69a35b,SHELTER_039,2376.0378052551378,False,0
라마69a36a,SHELTER_039,1926.0696973443844,False,0
라마69a36b,SHELTER_039,1507.956665841205,False,0
라마69a37a,SHELTER_039,1156.7722909378315,False,0
라마69a37b,SHELTER_039,949.9005001094558,False,0
라마69a38a,SHELTER_039,983.1072103971316,False,0
라마69a38b,SHELTER_039,1237.2100121488936,False,0
라마69b24a,SHELTER_086,2312.3161143134334,False,0
라마69b24b,SHELTER_086,1892.087378257407,False,0
라마69b25a,SHELTER_086,1520.9153432747012,False,0
라마69b25b,SHELTER_086,1243.532193333094,False,0
라마69b26a,SHELTER_086,1131.1768872741475,False,0
라마69b26b,SHELTER_086,1229.9390166795438,False,0
라마69b27a,SHELTER_014,1003.3634889596775,False,0
라마69b27b,SHELTER_014,645.3508308900007,False,0
라마69b28a,SHELTER_014,571.1541813586692,False,0
라마69b28b,SHELTER_014,857.8790723852453,False,0
라마69b29a,SHELTER_014,1282.8467978638937,False,0
라마69b29b,SHELTER_083,1723.2089729585014,False,0
라마69b30a,SHELTER_060,1600.4699452463606,False,0
라마69b30b,SHELTER_060,1294.7843517944275,False,0
라마69b31a,SHELTER_013,960.2902931428607,False,0
라마69b31b,SHELTER_013,532.8709488603482,False,0
라마69b32a,SHELTER_013,381.7662231972002,False,0
라마69b32b,SHELTER_013,712.4180305194283,False,0
라마69b33a,SHELTER_010,999.5920521942314,False,0
라마69b33b,SHELTER_010,1243.7213716663405,False,0
라마69b34a,SHELTER_010,1610.7456130219111,False,0
라마69b34b,SHELTER_010,2035.22971907327,False,0
라마69b35a,SHELTER_010,2487.934603024925,False,0
라마69b35b,SHELTER_039,2612.8730405806728,False,0
라마69b36a,SHELTER_039,2211.6270827650683,False,0
라마69b36b,SHELTER_039,1858.8929986006622,False,0
라마69b37a,SHELTER_039,1587.3474752785532,False,0
라마69b37b,SHELTER_039,1443.5583931035947,False,0
라마69b38a,SHELTER_039,1465.622619000699,False,0
라마69b38b,SHELTER_039,1646.8875153917172,False,0
라마70a24a,SHELTER_086,2593.8114372446958,False,0
라마70a24b,SHELTER_086,2227.340702817781,False,0
라마70a25a,SHELTER_086,1922.0393962862001,False,0
라마70a25b,SHELTER_086,1710.9717342269669,False,0
라마70a26a,SHELTER_086,1631.138593060396,False,0
라마70a26b,SHELTER_083,1518.4234175443082,False,0
라마70a27a,SHELTER_083,1035.0200524763843,False,0
라마70a27b,SHELTER_083,580.4509825209174,False,0
라마70a28a,SHELTER_083,320.28140312977786,False,0
라마70a28b,SHELTER_083,606.8253548361837,False,0
라마70a29a,SHELTER_083,1064.8445169851518,False,0
라마70a29b,SHELTER_083,1549.048314105994,False,0
라마70a30a,SHELTER_060,1297.3608303585424,False,0
라마70a30b,SHELTER_060,893.3686787454744,False,0
라마70a31a,SHELTER_060,642.7052731837995,False,0
라마70a31b,SHELTER_013,410.99946270176474,False,0
라마70a32a,SHELTER_013,175.2556971286979,True,1
라마70a32b,SHELTER_013,626.5050362215713,False,0
라마70a33a,SHELTER_013,1119.9564998007374,False,0
라마70a33b,SHELTER_090,1466.1349196549704,False,0
라마70a34a,SHELTER_090,1670.375395417374,False,0
라마70a34b,SHELTER_090,1982.6135076206383,False,0
라마70a35a,SHELTER_090,2360.3725721978453,False,0
라마70a35b,SHELTER_090,2777.0417783259827,False,0
라마70a36a,SHELTER_039,2563.7558829599134,False,0
라마70a36b,SHELTER_077,2225.989298995943,False,0
라마70a37a,SHELTER_077,1858.8014604394273,False,0
라마70a37b,SHELTER_077,1566.9260925196963,False,0
라마70a38a,SHELTER_077,1398.3461265031417,False,0
라마70a38b,SHELTER_077,1398.387070733149,False,0
라마70b24a,SHELTER_086,2934.0943630785314,False,0
라마70b24b,SHELTER_086,2615.740538718744,False,0
라마70b25a,SHELTER_086,2361.2046502461494,False,0
라마70b25b,SHELTER_086,2192.823803863743,False,0
라마70b26a,SHELTER_083,1992.4995246713572,False,0
라마70b26b,SHELTER_083,1495.229477336795,False,0
라마70b27a,SHELTER_083,1000.6837782127511,False,0
라마70b27b,SHELTER_083,516.744480434409,False,0
라마70b28a,SHELTER_083,180.78078476626948,True,1
라마70b28b,SHELTER_083,546.2037405785402,False,0
라마70b29a,SHELTER_083,1031.5015076592326,False,0
라마70b29b,SHELTER_083,1526.3198204781825,False,0
라마70b30a,SHELTER_060,1142.2723854932,False,0
라마70b30b,SHELTER_060,647.8801391269478,False,0
라마70b31a,SHELTER_060,186.3092769831416,True,1
라마70b31b,SHELTER_060,386.8767487260104,False,0
라마70b32a,SHELTER_013,644.735348478643,False,0
라마70b32b,SHELTER_013,881.7469425026683,False,0
라마70b33a,SHELTER_090,919.6756605529846,False,0
라마70b33b,SHELTER_090,993.1795807393701,False,0
라마70b34a,SHELTER_090,1275.54225276221,False,0
라마70b34b,SHELTER_090,1663.6136563414464,False,0
라마70b35a,SHELTER_090,2099.574422722333,False,0
라마70b35b,SHELTER_090,2559.0652816084785,False,0
라마70b36a,SHELTER_077,2414.347994449899,False,0
라마70b36b,SHELTER_077,1956.8318140278552,False,0
라마70b37a,SHELTER_077,1526.206165129352,False,0
라마70b37b,SHELTER_077,1153.0046697937262,False,0
라마70b38a,SHELTER_077,910.7877242549089,False,0
라마70b38b,SHELTER_077,910.8505852996594,False,0
라마70b39a,SHELTER_077,1153.1536319276927,False,0
라마70b39b,SHELTER_077,1526.3937267020344,False,0
라마71a24a,SHELTER_086,3315.1111129066294,False,0
라마71a24b,SHELTER_086,3036.9640309632323,False,0
라마71a25a,SHELTER_086,2820.698381573588,False,0
라마71a25b,SHELTER_083,2575.7521302882064,False,0
라마71a26a,SHELTER_083,2097.6548502471787,False,0
라마71a26b,SHELTER_083,1632.731669579173,False,0
라마71a27a,SHELTER_083,1196.4403616261343,False,0
라마71a27b,SHELTER_083,834.9409398330855,False,0
라마71a28a,SHELTER_083,680.281711565611,False,0
라마71a28b,SHELTER_083,853.4869894567335,False,0
라마71a29a,SHELTER_083,1222.3325550983247,False,0
라마71a29b,SHELTER_100,1244.3521662596602,False,0
라마71a30a,SHELTER_100,864.3363152999308,False,0
라마71a30b,SHELTER_053,536.6171113117471,False,0
라마71a31a,SHELTER_053,136.82033907837908,True,1
라마71a31b,SHELTER_053,499.4814172904546,False,0
라마71a32a,SHELTER_060,941.4229491739379,False,0
라마71a32b,SHELTER_090,736.2438716861764,False,0
라마71a33a,SHELTER_090,427.3843674954822,False,0
라마71a33b,SHELTER_090,568.559369427306,False,0
라마71a34a,SHELTER_090,981.7647964495561,False,0
라마71a34b,SHELTER_090,1450.6772468511735,False,0
라마71a35a,SHELTER_090,1935.217515814634,False,0
라마71a35b,SHELTER_090,2426.0398167589556,False,0
라마71a36a,SHELTER_077,2281.0608557097607,False,0
라마71a36b,SHELTER_077,1789.7913670421594,False,0
라마71a37a,SHELTER_077,1305.1695857726454,False,0
라마71a37b,SHELTER_077,838.798043460543,False,0
라마71a38a,SHELTER_077,451.32767231860635,False,0
라마71a38b,SHELTER_077,451.4545136421029,False,0
라마71a39a,SHELTER_077,839.0027937826692,False,0
라마71a39b,SHELTER_077,1305.3889068252497,False,0
라마71b25a,SHELTER_083,3209.1967402377936,False,0
라마71b25b,SHELTER_083,2750.3818919623072,False,0
라마71b26a,SHELTER_083,2308.7350185145633,False,0
라마71b26b,SHELTER_083,1896.2895928092637,False,0
라마71b27a,SHELTER_083,1536.7403989867657,False,0
라마71b27b,SHELTER_083,1275.6284286418538,False,0
라마71b28a,SHELTER_083,1180.2053728231228,False,0
라마71b28b,SHELTER_083,1287.843762310416,False,0
라마71b29a,SHELTER_088,1502.850589939446,False,0
라마71b29b,SHELTER_100,1064.307069350925,False,0
라마71b30a,SHELTER_100,575.6861038287333,False,0
라마71b30b,SHELTER_100,173.4342596278468,True,1
라마71b31a,SHELTER_053,365.0462173495347,False,0
라마71b31b,SHELTER_053,603.3412150965343,False,0
라마71b32a,SHELTER_053,1046.318547511761,False,0
라마71b32b,SHELTER_090,615.5559402372751,False,0
라마71b33a,SHELTER_090,139.68347985878006,True,1
라마71b33b,SHELTER_090,400.14226661216463,False,0
라마71b34a,SHELTER_090,894.8274652208564,False,0
라마71b34b,SHELTER_090,1393.312079721426,False,0
라마71b35a,SHELTER_090,1892.596341136088,False,0
라마71b35b,SHELTER_090,2392.1796064396526,False,0
라마71b36a,SHELTER_077,2253.3089039451384,False,0
라마71b36b,SHELTER_077,1754.2849046508202,False,0
라마71b37a,SHELTER_077,1256.0374344632544,False,0
라마71b37b,SHELTER_077,760.0950906697993,False,0
라마71b38a,SHELTER_077,279.03235824475024,True,1
라마71b38b,SHELTER_077,279.23747426683803,True,1
라마71b39a,SHELTER_077,760.3210355647274,False,0
라마72a25a,SHELTER_083,3424.769369242666,False,0
라마72a25b,SHELTER_083,2999.1168811141874,False,0
라마72a26a,SHELTER_083,2600.0690184426585,False,0
라마72a26b,SHELTER_083,2241.8777251997158,False,0
라마72a27a,SHELTER_083,1947.2217564591695,False,0
라마72a27b,SHELTER_083,1748.522062459955,False,0
라마72a28a,SHELTER_083,1680.1744662357225,False,0
라마72a28b,SHELTER_088,1499.592812075772,False,0
라마72a29a,SHELTER_088,1105.4478255061767,False,0
라마72a29b,SHELTER_088,833.817238849946,False,0
라마72a30a,SHELTER_100,644.7881158464018,False,0
라마72a30b,SHELTER_100,338.2553275380966,False,0
라마72a31a,SHELTER_100,559.5369682863299,False,0
라마72a31b,SHELTER_053,989.2216927715665,False,0
라마72a32a,SHELTER_090,1255.054115782773,False,0
라마72a32b,SHELTER_090,846.0278911048622,False,0
라마72a33a,SHELTER_090,596.9636098719947,False,0
라마72a33b,SHELTER_090,704.9595098269584,False,0
라마72a34a,SHELTER_090,1066.569392716446,False,0
라마72a34b,SHELTER_090,1509.361662579115,False,0
라마72a35a,SHELTER_090,1979.5896007626563,False,0
라마72a35b,SHELTER_049,2195.586955362603,False,0
라마72a36a,SHELTER_049,1896.5026154820787,False,0
라마72a36b,SHELTER_049,1694.9460942762475,False,0
라마72a37a,SHELTER_077,1397.0656483931346,False,0
라마72a37b,SHELTER_077,975.6571815998823,False,0
라마72a38a,SHELTER_077,672.3254019406987,False,0
라마72a38b,SHELTER_077,672.410556269024,False,0
라마72a39a,SHELTER_077,975.8332164203649,False,0
라마72a39b,SHELTER_077,1397.2705451545921,False,0
라마72a40a,SHELTER_077,1858.0848975339925,False,0
라마72b25a,SHELTER_024,3684.033465226591,False,0
라마72b25b,SHELTER_083,3305.269063409819,False,0
라마72b26a,SHELTER_083,2947.9586862124274,False,0
라마72b26b,SHELTER_083,2637.445212643588,False,0
라마72b27a,SHELTER_083,2392.0230107124517,False,0
라마72b27b,SHELTER_083,2233.2556767775477,False,0
라마72b28a,SHELTER_088,1799.7214529969076,False,0
라마72b28b,SHELTER_088,1308.5234431466308,False,0
라마72b29a,SHELTER_088,827.9310926347237,False,0
라마72b29b,SHELTER_088,398.3794510744008,False,0
라마72b30a,SHELTER_088,363.23887446879127,False,0
라마72b30b,SHELTER_088,777.9323703332878,False,0
라마72b31a,SHELTER_100,947.3219321193313,False,0
라마72b31b,SHELTER_017,1231.6173021272882,False,0
라마72b32a,SHELTER_017,1263.331005664291,False,0
라마72b32b,SHELTER_090,1246.0406371757244,False,0
라마72b33a,SHELTER_090,1092.3459289425434,False,0
라마72b33b,SHELTER_090,1154.912112440341,False,0
라마72b34a,SHELTER_090,1405.1421089859464,False,0
라마72b34b,SHELTER_090,1764.9438250067722,False,0
라마72b35a,SHELTER_090,2180.7404853429025,False,0
라마72b35b,SHELTER_049,1855.5991941226353,False,0
라마72b36a,SHELTER_049,1489.754496955963,False,0
라마72b36b,SHELTER_049,1222.901693993616,False,0
라마72b37a,SHELTER_049,1127.6562619630135,False,0
라마72b37b,SHELTER_049,1244.0774642747685,False,0
라마72b38a,SHELTER_077,1151.60055368249,False,0
라마72b38b,SHELTER_077,1151.6502704072595,False,0
라마72b39a,SHELTER_077,1351.4484286928637,False,0
라마72b39b,SHELTER_077,1681.22793383399,False,0
라마73a25a,SHELTER_024,3257.194972731656,False,0
라마73a25b,SHELTER_024,3009.4033995158347,False,0
라마73a26a,SHELTER_024,2829.0808669330318,False,0
라마73a26b,SHELTER_024,2729.631528663832,False,0
라마73a27a,SHELTER_024,2719.9408105517186,False,0
라마73a27b,SHELTER_088,2286.7479123692847,False,0
라마73a28a,SHELTER_088,1789.5396915442511,False,0
라마73a28b,SHELTER_088,1294.4839128005058,False,0
라마73a29a,SHELTER_088,805.5587460802101,False,0
라마73a29b,SHELTER_088,349.5156452482977,False,0
라마73a30a,SHELTER_088,308.8648234427924,False,0
라마73a30b,SHELTER_088,754.078094130416,False,0
라마73a31a,SHELTER_017,983.895921471773,False,0
라마73a31b,SHELTER_017,739.7129411212421,False,0
라마73a32a,SHELTER_017,791.3907291822966,False,0
라마73a32b,SHELTER_017,1097.9177278872658,False,0
라마73a33a,SHELTER_017,1511.471927685918,False,0
라마73a33b,SHELTER_090,1634.2203230982518,False,0
라마73a34a,SHELTER_090,1819.691848476389,False,0
라마73a34b,SHELTER_090,2109.948052060875,False,0
라마73a35a,SHELTER_049,2071.177097190576,False,0
라마73a35b,SHELTER_049,1601.8410220426751,False,0
라마73a36a,SHELTER_049,1158.4536036763247,False,0
라마73a36b,SHELTER_049,786.2155199705769,False,0
라마73a37a,SHELTER_049,627.8972334821565,False,0
라마73a37b,SHELTER_049,818.7643298205455,False,0
라마73a38a,SHELTER_049,1202.7032550710205,False,0
라마73a38b,SHELTER_077,1643.3078635715856,False,0
라마73a39a,SHELTER_077,1789.015160518073,False,0
라마73a39b,SHELTER_077,2049.558429186834,False,0
라마73b25a,SHELTER_024,2854.213658412295,False,0
라마73b25b,SHELTER_024,2567.8250210044275,False,0
라마73b26a,SHELTER_024,2353.914838970493,False,0
라마73b26b,SHELTER_024,2233.406546008714,False,0
라마73b27a,SHELTER_024,2221.552279462193,False,0
라마73b27b,SHELTER_024,2320.018159629954,False,0
라마73b28a,SHELTER_088,1914.655923879611,False,0
라마73b28b,SHELTER_088,1462.5811429573062,False,0
라마73b29a,SHELTER_088,1054.694217591674,False,0
라마73b29b,SHELTER_088,765.2556340912015,False,0
라마73b30a,SHELTER_088,747.5643640485682,False,0
라마73b30b,SHELTER_088,1015.9176990693458,False,0
라마73b31a,SHELTER_017,705.9357199148711,False,0
라마73b31b,SHELTER_017,278.33305880756654,True,1
라마73b32a,SHELTER_017,395.71876705385756,False,0
라마73b32b,SHELTER_017,857.739700359074,False,0
라마73b33a,SHELTER_017,1347.1605117971367,False,0
라마73b33b,SHELTER_054,1768.9008664134165,False,0
라마73b34a,SHELTER_054,1754.2871813951137,False,0
라마73b34b,SHELTER_054,1877.7744152097425,False,0
라마73b35a,SHELTER_082,1925.2735344501898,False,0
라마73b35b,SHELTER_049,1479.371809441045,False,0
라마73b36a,SHELTER_049,982.1715952626671,False,0
라마73b36b,SHELTER_049,490.694542982448,False,0
라마73b37a,SHELTER_049,130.00471716324313,True,1
라마73b37b,SHELTER_049,541.3144358472589,False,0
라마73b38a,SHELTER_049,1033.9929450574493,False,0
라마73b38b,SHELTER_049,1531.4246642915605,False,0
라마73b39a,SHELTER_049,2030.118615838114,False,0
라마73b39b,SHELTER_077,2464.7215144510537,False,0
라마74a24a,SHELTER_024,3284.71804940516,False,0
라마74a24b,SHELTER_024,2869.9411831459424,False,0
라마74a25a,SHELTER_024,2486.715127501786,False,0
라마74a25b,SHELTER_024,2151.962326802055,False,0
라마74a26a,SHELTER_024,1891.5949848221758,False,0
라마74a26b,SHELTER_024,1739.34508284972,False,0
라마74a27a,SHELTER_024,1724.0971689155433,False,0
라마74a27b,SHELTER_024,1849.2432988905716,False,0
라마74a28a,SHELTER_024,2089.7106280824564,False,0
라마74a28b,SHELTER_088,1761.4194841006197,False,0
라마74a29a,SHELTER_088,1440.7757951382673,False,0
라마74a29b,SHELTER_088,1244.6168827166534,False,0
라마74a30a,SHELTER_088,1233.8182514577798,False,0
라마74a30b,SHELTER_017,1203.9581579279309,False,0
라마74a31a,SHELTER_017,727.0758536869902,False,0
라마74a31b,SHELTER_017,328.2732824768328,False,0
라마74a32a,SHELTER_017,432.3047524161206,False,0
라마74a32b,SHELTER_017,875.2208006754709,False,0
라마74a33a,SHELTER_017,1358.3576483785341,False,0
라마74a33b,SHELTER_054,1279.0586589862376,False,0
라마74a34a,SHELTER_054,1258.770945302103,False,0
라마74a34b,SHELTER_054,1425.8392379037084,False,0
라마74a35a,SHELTER_082,1695.7782612221647,False,0
라마74a35b,SHELTER_082,1237.9526047675165,False,0
라마74a36a,SHELTER_082,830.2947621584098,False,0
라마74a36b,SHELTER_082,588.4319268060676,False,0
라마74a37a,SHELTER_049,373.56059368574176,False,0
라마74a37b,SHELTER_049,644.7228932857784,False,0
라마74a38a,SHELTER_049,1091.6902954129098,False,0
라마74a38b,SHELTER_049,1570.9576038425314,False,0
라마74a39a,SHELTER_049,2060.1038529750413,False,0
라마74b24a,SHELTER_024,3053.9464929115843,False,0
라마74b24b,SHELTER_024,2602.6484419137473,False,0
라마74b25a,SHELTER_024,2172.779013803555,False,0
라마74b25b,SHELTER_024,1779.9321260807226,False,0
라마74b26a,SHELTER_024,1454.4236329499508,False,0
라마74b26b,SHELTER_024,1250.0151337933576,False,0
라마74b27a,SHELTER_024,1228.7097156535867,False,0
라마74b27b,SHELTER_024,1398.898601032473,False,0
라마74b28a,SHELTER_024,1704.1440744842268,False,0
라마74b28b,SHELTER_009,1487.3061673126465,False,0
라마74b29a,SHELTER_009,1167.0282469657773,False,0
라마74b29b,SHELTER_009,1005.8977200022856,False,0
라마74b30a,SHELTER_009,1077.8244370005618,False,0
라마74b30b,SHELTER_009,1345.949780224121,False,0
라마74b31a,SHELTER_017,1029.0448743264812,False,0
라마74b31b,SHELTER_017,798.7849550104537,False,0
라마74b32a,SHELTER_017,846.8656654537965,False,0
라마74b32b,SHELTER_017,1138.5541297180166,False,0
라마74b33a,SHELTER_054,1092.9128928913465,False,0
라마74b33b,SHELTER_054,801.8552432061597,False,0
라마74b34a,SHELTER_054,769.0806659033154,False,0
라마74b34b,SHELTER_054,1019.8030742625581,False,0
라마74b35a,SHELTER_054,1410.1459321234956,False,0
라마74b35b,SHELTER_082,1096.135201711003,False,0
라마74b36a,SHELTER_082,598.6444026690906,False,0
라마74b36b,SHELTER_082,123.4417322628105,True,1
라마74b37a,SHELTER_082,414.85009543334377,False,0
라마74b37b,SHELTER_082,910.4742402166388,False,0
라마74b38a,SHELTER_049,1347.0092767939186,False,0
라마74b38b,SHELTER_049,1757.997179673738,False,0
라마75a24a,SHELTER_024,2892.024498348154,False,0
라마75a24b,SHELTER_024,2410.60063670343,False,0
라마75a25a,SHELTER_024,1938.6039204293577,False,0
라마75a25b,SHELTER_024,1485.0504674701017,False,0
라마75a26a,SHELTER_024,1073.5756245194186,False,0
라마75a26b,SHELTER_024,774.4380880298643,False,0
라마75a27a,SHELTER_024,739.5566799241583,False,0
라마75a27b,SHELTER_024,997.0625925434852,False,0
라마75a28a,SHELTER_024,1393.3138713436497,False,0
라마75a28b,SHELTER_009,1208.7917145506028,False,0
라마75a29a,SHELTER_009,781.6986011602986,False,0
라마75a29b,SHELTER_009,510.8111167014174,False,0
라마75a30a,SHELTER_009,640.9393815607921,False,0
라마75a30b,SHELTER_009,1029.8925112482914,False,0
라마75a31a,SHELTER_017,1445.4159988531128,False,0
라마75a31b,SHELTER_017,1291.646801844061,False,0
라마75a32a,SHELTER_017,1321.9211442773126,False,0
라마75a32b,SHELTER_054,1323.9811666970913,False,0
라마75a33a,SHELTER_054,837.5197725293827,False,0
라마75a33b,SHELTER_054,387.237148252523,False,0
라마75a34a,SHELTER_054,313.79268410181913,False,0
라마75a34b,SHELTER_054,739.5803460104262,False,0
라마75a35a,SHELTER_054,1222.903237306198,False,0
라마75a35b,SHELTER_082,1170.6827534432048,False,0
라마75a36a,SHELTER_082,726.1961509305694,False,0
라마75a36b,SHELTER_082,429.21275615175443,False,0
라마75a37a,SHELTER_082,584.0259672826171,False,0
라마75a37b,SHELTER_082,998.9740091100507,False,0
라마75a38a,SHELTER_082,1467.927726863424,False,0
라마75a38b,SHELTER_082,1952.3510318873064,False,0
라마75a39a,SHELTER_082,2443.0590029977666,False,0
라마75b24a,SHELTER_075,2450.952274569857,False,0
라마75b24b,SHELTER_024,2312.620147614802,False,0
라마75b25a,SHELTER_024,1815.3241247179528,False,0
라마75b25b,SHELTER_024,1320.0725011953298,False,0
라마75b26a,SHELTER_024,830.5306370274283,False,0
라마75b26b,SHELTER_024,370.09575743350257,False,0
라마75b27a,SHELTER_024,290.10446445956336,True,1
라마75b27b,SHELTER_024,728.9378100554684,False,0
라마75b28a,SHELTER_024,1215.952327008569,False,0
라마75b28b,SHELTER_009,1100.1250760736884,False,0
라마75b29a,SHELTER_009,600.1253843122453,False,0
라마75b29b,SHELTER_009,100.12877101863134,True,1
라마75b30a,SHELTER_009,399.8763117208657,False,0
라마75b30b,SHELTER_009,899.8757461812517,False,0
라마75b31a,SHELTER_009,1399.8755846342367,False,0
라마75b31b,SHELTER_069,1747.465208263278,False,0
라마75b32a,SHELTER_069,1542.9517889819517,False,0
라마75b32b,SHELTER_054,1326.6148301968165,False,0
라마75b33a,SHELTER_054,841.6769851357502,False,0
라마75b33b,SHELTER_054,396.1481880764867,False,0
라마75b34a,SHELTER_054,324.72546331533823,False,0
라마75b34b,SHELTER_054,744.2848017623621,False,0
라마75b35a,SHELTER_054,1225.7540967679922,False,0
라마75b35b,SHELTER_082,1428.1049814312341,False,0
라마75b36a,SHELTER_082,1093.7762926694454,False,0
라마75b36b,SHELTER_082,923.6933034415306,False,0
라마75b37a,SHELTER_082,1005.0234122843799,False,0
라마75b37b,SHELTER_082,1291.098292019918,False,0
라마75b38a,SHELTER_082,1680.4158830699503,False,0
라마75b38b,SHELTER_082,2116.7570197098134,False,0
라마76a23b,SHELTER_075,1837.9532008477677,False,0
라마76a24a,SHELTER_075,1986.735173498599,False,0
라마76a24b,SHELTER_068,2080.441243047032,False,0
라마76a25a,SHELTER_024,1825.5459992182962,False,0
라마76a25b,SHELTER_024,1334.0944216550115,False,0
라마76a26a,SHELTER_024,852.6415756460108,False,0
라마76a26b,SHELTER_024,417.3576250042691,False,0
라마76a27a,SHELTER_024,348.3921896057605,False,0
라마76a27b,SHELTER_024,754.0337183491122,False,0
라마76a28a,SHELTER_024,1231.1606633727704,False,0
라마76a28b,SHELTER_009,1208.0450971905357,False,0
라마76a29a,SHELTER_009,780.5435610751474,False,0
라마76a29b,SHELTER_009,509.04179064754,False,0
라마76a30a,SHELTER_009,639.5301701369806,False,0
라마76a30b,SHELTER_009,1029.016099196323,False,0
라마76a31a,SHELTER_009,1486.1862017577064,False,0
라마76a31b,SHELTER_069,1348.9919596837824,False,0
라마76a32a,SHELTER_069,1070.9084350790572,False,0
라마76a32b,SHELTER_069,986.869011244886,False,0
라마76a33a,SHELTER_054,1102.4522326326628,False,0
라마76a33b,SHELTER_054,814.8092812712804,False,0
라마76a34a,SHELTER_054,782.57741115809,False,0
라마76a34b,SHELTER_054,1030.0197299391773,False,0
라마76a35a,SHELTER_054,1417.55207441316,False,0
라마76a35b,SHELTER_030,1277.7627574160088,False,0
라마76a36a,SHELTER_030,1064.9716064392671,False,0
라마76a36b,SHELTER_030,1065.6694519429109,False,0
라마76a37a,SHELTER_030,1279.5070297137001,False,0
라마76a37b,SHELTER_030,1624.3845287890567,False,0
라마76a38a,SHELTER_082,1998.195002709471,False,0
라마76a38b,SHELTER_082,2376.8984011249017,False,0
라마76b23b,SHELTER_075,1348.3403004820068,False,0
라마76b24a,SHELTER_075,1545.0133484905111,False,0
라마76b24b,SHELTER_068,1586.5385431014038,False,0
라마76b25a,SHELTER_068,1746.3965956201596,False,0
라마76b25b,SHELTER_024,1522.1775334598608,False,0
라마76b26a,SHELTER_024,1124.3727913815053,False,0
라마76b26b,SHELTER_024,843.4476300447647,False,0
라마76b27a,SHELTER_024,811.5378212118164,False,0
라마76b27b,SHELTER_024,1051.5623452208215,False,0
라마76b28a,SHELTER_024,1432.81998049839,False,0
라마76b28b,SHELTER_009,1486.0924367905395,False,0
라마76b29a,SHELTER_009,1165.4810271196288,False,0
라마76b29b,SHELTER_009,1004.1022450256778,False,0
라마76b30a,SHELTER_009,1076.14897312379,False,0
라마76b30b,SHELTER_009,1344.6084583421186,False,0
라마76b31a,SHELTER_069,1502.9498965236262,False,0
라마76b31b,SHELTER_069,1042.076753647428,False,0
라마76b32a,SHELTER_069,642.6426141521786,False,0
라마76b32b,SHELTER_069,489.9541800580228,False,0
라마76b33a,SHELTER_069,753.0741448146478,False,0
라마76b33b,SHELTER_069,1180.756637339082,False,0
라마76b34a,SHELTER_054,1272.5596969825954,False,0
라마76b34b,SHELTER_078,1388.0748227159572,False,0
라마76b35a,SHELTER_078,1109.4915114498442,False,0
라마76b35b,SHELTER_030,920.3843844251946,False,0
라마76b36a,SHELTER_030,590.4187271557497,False,0
라마76b36b,SHELTER_030,591.6765431033131,False,0
라마76b37a,SHELTER_030,922.8044158656577,False,0
라마76b37b,SHELTER_030,1361.2695722095712,False,0
라마76b38a,SHELTER_030,1831.5408012124929,False,0
라마76b38b,SHELTER_030,2314.309522252495,False,0
라마77a23a,SHELTER_075,830.0159529739823,False,0
라마77a23b,SHELTER_075,870.6153934437765,False,0
라마77a24a,SHELTER_068,1083.1328687073492,False,0
라마77a24b,SHELTER_068,1098.1681709654356,False,0
라마77a25a,SHELTER_068,1318.6242270521684,False,0
라마77a25b,SHELTER_068,1664.8022022499513,False,0
라마77a26a,SHELTER_024,1517.0467004934173,False,0
라마77a26b,SHELTER_024,1322.3541212954478,False,0
라마77a29a,SHELTER_009,1614.7581238116677,False,0
라마77a29b,SHELTER_009,1502.4377166144222,False,0
라마77a30a,SHELTER_009,1551.5135791205116,False,0
라마77a30b,SHELTER_009,1748.4477916383782,False,0
라마77a31a,SHELTER_069,1423.0260168602854,False,0
라마77a31b,SHELTER_069,923.0756272880529,False,0
라마77a32a,SHELTER_069,423.24246328223757,False,0
라마77a32b,SHELTER_069,78.73850238098134,True,1
라마77a33a,SHELTER_069,577.291365593825,False,0
라마77a33b,SHELTER_069,1077.1865622171338,False,0
라마77a35a,SHELTER_078,681.8898063395159,False,0
라마77a35b,SHELTER_078,518.8385187233754,False,0
라마77a36a,SHELTER_030,251.04586081152172,True,1
라마77a36b,SHELTER_030,253.9899260070545,True,1
라마77a37a,SHELTER_030,752.3282134783594,False,0
라마77a37b,SHELTER_030,1251.9922520039854,False,0
라마77a38a,SHELTER_030,1751.8480120605448,False,0
라마77a38b,SHELTER_030,2251.767820101121,False,0
라마77b23b,SHELTER_075,444.8828617721919,False,0
라마77b24a,SHELTER_068,601.7022471700244,False,0
라마77b24b,SHELTER_068,628.3646351417428,False,0
라마77b25a,SHELTER_068,963.1399873041167,False,0
라마77b25b,SHELTER_068,1400.155404086108,False,0
라마77b26a,SHELTER_068,1869.0189073519002,False,0
라마77b30b,SHELTER_069,1991.0002834831882,False,0
라마77b31a,SHELTER_069,1513.6537575886102,False,0
라마77b31b,SHELTER_069,1057.4560354426576,False,0
라마77b32a,SHELTER_069,667.292166840048,False,0
라마77b35b,SHELTER_078,56.530545031417134,True,1
라마77b36a,SHELTER_030,526.7388110676678,False,0
라마77b36b,SHELTER_030,528.1483062241621,False,0
라마77b37a,SHELTER_030,883.41807296994,False,0
라마77b37b,SHELTER_030,1334.883646589617,False,0
라마78a23a,SHELTER_075,262.34648270181754,True,1
라마78a23b,SHELTER_075,371.30897928271105,False,0
라마78a24a,SHELTER_068,225.64214416793334,True,1
라마78a24b,SHELTER_068,289.3283561493082,True,1
라마78a25a,SHELTER_068,785.1798635468305,False,0
라마78a25b,SHELTER_068,1284.2522877405272,False,0
라마78a35b,SHELTER_078,487.0297696568782,False,0
라마78b23a,SHELTER_075,713.2848479978868,False,0
라마78b23b,SHELTER_075,760.1446937875198,False,0
라마78b24a,SHELTER_068,489.6765873512309,False,0
라마78b24b,SHELTER_068,522.091640085633,False,0
라마78b25a,SHELTER_068,897.4275464318357,False,0
라마79a24b,SHELTER_068,980.5347845041252,False,0
