grid_id,region_code,region_name,population,grid_area_m2,analysis_area_m2,centroid_x,centroid_y,longitude,latitude
라마41a26a,48890450,대병면,,250000.0,175841.22011701012,1041250.0,1726250.0,127.95500590290072,35.53134533893787
라마41a26b,48890450,대병면,,250000.0,185400.39191489283,1041250.0,1726750.0,127.95503135886834,35.53585351878049
라마41a27a,48890450,대병면,,250000.0,166400.5274560094,1041250.0,1727250.0,127.95505682048935,35.54036169523034
라마41a27b,48890450,대병면,,250000.0,159620.2656999472,1041250.0,1727750.0,127.95508228776495,35.54486986828721
라마41b24b,48890450,대병면,,250000.0,130514.36692305417,1041750.0,1724750.0,127.96044370854013,35.517799857191356
라마41b25a,48890450,대병면,,250000.0,129713.1562700151,1041750.0,1725250.0,127.96046945587165,35.5223080437506
라마41b25b,48890450,대병면,,250000.0,217594.49858994334,1041750.0,1725750.0,127.96049520892123,35.52681622691722
라마41b26a,48890450,대병면,5.0,250000.0,250000.0,1041750.0,1726250.0,127.96052096769014,35.53132440669104
라마41b26b,48890450,대병면,5.0,250000.0,250000.0,1041750.0,1726750.0,127.9605467321797,35.53583258307189
라마41b27a,48890450,대병면,,250000.0,250000.0,1041750.0,1727250.0,127.9605725023911,35.54034075605956
라마41b27b,48890450,대병면,,250000.0,250000.0,1041750.0,1727750.0,127.96059827832569,35.54484892565388
라마41b28a,48890450,대병면,,250000.0,219489.42363139067,1041750.0,1728250.0,127.96062405998471,35.549357091854674
라마42a22b,48890450,대병면,,250000.0,178722.7405206733,1042250.0,1722750.0,127.96585367771065,35.49974591712656
라마42a23a,48890450,대병면,,250000.0,250000.0,1042250.0,1723250.0,127.96587971022414,35.504254113753625
라마42a23b,48890450,대병면,,250000.0,250000.0,1042250.0,1723750.0,127.96590574851899,35.50876230698844
라마42a24a,48890450,대병면,,250000.0,250000.0,1042250.0,1724250.0,127.9659317925965,35.51327049683079
라마42a24b,48890450,대병면,,250000.0,250000.0,1042250.0,1724750.0,127.96595784245797,35.517778683280504
라마42a25a,48890450,대병면,5.0,250000.0,250000.0,1042250.0,1725250.0,127.96598389810467,35.52228686633742
라마42a25b,48890450,대병면,,250000.0,250000.0,1042250.0,1725750.0,127.96600995953793,35.52679504600131
라마42a26a,48890450,대병면,,250000.0,250000.0,1042250.0,1726250.0,127.96603602675897,35.53130322227204
라마42a26b,48890450,대병면,5.0,250000.0,250000.0,1042250.0,1726750.0,127.96606209976915,35.535811395149395
라마42a27a,48890450,대병면,8.0,250000.0,250000.0,1042250.0,1727250.0,127.9660881785697,35.540319564633194
라마42a27b,48890450,대병면,28.0,250000.0,250000.0,1042250.0,1727750.0,127.96611426316196,35.544827730723256
라마42a28a,48890450,대병면,,250000.0,250000.0,1042250.0,1728250.0,127.96614035354719,35.5493358934194
라마42a28b,48890450,대병면,,250000.0,176002.14826971464,1042250.0,1728750.0,127.9661664497267,35.55384405272146
라마42b22b,48890450,대병면,,250000.0,250000.0,1042750.0,1722750.0,127.97136657327206,35.49972450534165
라마42b23a,48890450,대병면,,250000.0,250000.0,1042750.0,1723250.0,127.97139291382571,35.50423269842625
라마42b23b,48890450,대병면,,250000.0,250000.0,1042750.0,1723750.0,127.97141926022915,35.50874088811821
라마42b24a,48890450,대병면,,250000.0,250000.0,1042750.0,1724250.0,127.97144561248368,35.51324907441731
라마42b24b,48890450,대병면,,250000.0,250000.0,1042750.0,1724750.0,127.9714719705906,35.5177572573234
라마42b25a,48890450,대병면,,250000.0,250000.0,1042750.0,1725250.0,127.9714983345512,35.522265436836285
라마42b25b,48890450,대병면,,250000.0,250000.0,1042750.0,1725750.0,127.97152470436681,35.52677361295579
라마42b26a,48890450,대병면,,250000.0,250000.0,1042750.0,1726250.0,127.9715510800387,35.5312817856817
라마42b26b,48890450,대병면,18.0,250000.0,250000.0,1042750.0,1726750.0,127.9715774615682,35.535789955013875
라마42b27a,48890450,대병면,5.0,250000.0,250000.0,1042750.0,1727250.0,127.97160384895662,35.54029812095209
라마42b27b,48890450,대병면,5.0,250000.0,250000.0,1042750.0,1727750.0,127.97163024220525,35.544806283496186
라마42b28a,48890450,대병면,,250000.0,250000.0,1042750.0,1728250.0,127.97165664131543,35.54931444264597
라마42b28b,48890450,대병면,,250000.0,231281.46516922727,1042750.0,1728750.0,127.9716830462884,35.553822598401275
라마43a19b,48890440,가회면,,250000.0,169325.87541700073,1043250.0,1719750.0,127.97671969563793,35.47265363343155
라마43a20a,48890440,가회면,,250000.0,226394.50049199507,1043250.0,1720250.0,127.976746308749,35.477161843286424
라마43a20b,48890440,가회면,,250000.0,192844.53421697282,1043250.0,1720750.0,127.97677292777036,35.48167004974937
라마43a21a,48890440,가회면,,250000.0,163464.26802702085,1043250.0,1721250.0,127.9767995527033,35.4861782528202
라마43a21b,48890440,가회면,,250000.0,197143.72948836617,1043250.0,1721750.0,127.97682618354919,35.49068645249869
라마43a22a,48890440,가회면,,250000.0,236541.69056602736,1043250.0,1722250.0,127.9768528203093,35.495194648784704
라마43a22b,48890450,대병면,,250000.0,250000.0,1043250.0,1722750.0,127.97687946298498,35.49970284167805
라마43a23a,48890450,대병면,,250000.0,250000.0,1043250.0,1723250.0,127.9769061115775,35.504211031178514
라마43a23b,48890450,대병면,,250000.0,250000.0,1043250.0,1723750.0,127.97693276608823,35.50871921728594
라마43a24a,48890450,대병면,,250000.0,250000.0,1043250.0,1724250.0,127.97695942651845,35.51322740000013
라마43a24b,48890450,대병면,,250000.0,250000.0,1043250.0,1724750.0,127.97698609286952,35.51773557932091
라마43a25a,48890450,대병면,,250000.0,250000.0,1043250.0,1725250.0,127.9770127651427,35.522243755248084
라마43a25b,48890450,대병면,,250000.0,250000.0,1043250.0,1725750.0,127.97703944333938,35.526751927781476
라마43a26a,48890450,대병면,,250000.0,250000.0,1043250.0,1726250.0,127.97706612746082,35.5312600969209
라마43a26b,48890450,대병면,8.0,250000.0,250000.0,1043250.0,1726750.0,127.97709281750836,35.53576826266617
라마43a27a,48890450,대병면,13.0,250000.0,250000.0,1043250.0,1727250.0,127.97711951348332,35.540276425017105
라마43a27b,48890450,대병면,5.0,250000.0,250000.0,1043250.0,1727750.0,127.97714621538702,35.54478458397352
라마43a28a,48890450,대병면,,250000.0,250000.0,1043250.0,1728250.0,127.97717292322082,35.54929273953523
라마43a28b,48890450,대병면,,250000.0,250000.0,1043250.0,1728750.0,127.97719963698597,35.55380089170206
라마43a29a,48890310,봉산면,,250000.0,248922.42373913084,1043250.0,1729250.0,127.97722635668387,35.558309040473816
라마43a29b,48890310,봉산면,,250000.0,221873.92252307912,1043250.0,1729750.0,127.97725308231577,35.56281718585032
라마43b18a,48890440,가회면,,250000.0,148314.55798864132,1043750.0,1718250.0,127.98215000628701,35.459107100589996
라마43b18b,48890440,가회면,,250000.0,249542.07289687102,1043750.0,1718750.0,127.98217690909772,35.46361531699737
라마43b19a,48890440,가회면,,250000.0,250000.0,1043750.0,1719250.0,127.982203817883,35.46812353001296
라마43b19b,48890440,가회면,,250000.0,250000.0,1043750.0,1719750.0,127.98223073264425,35.472631739636576
라마43b20a,48890440,가회면,,250000.0,250000.0,1043750.0,1720250.0,127.98225765338277,35.47713994586805
라마43b20b,48890440,가회면,,250000.0,250000.0,1043750.0,1720750.0,127.9822845800999,35.48164814870719
라마43b21a,48890440,가회면,,250000.0,250000.0,1043750.0,1721250.0,127.98231151279694,35.4861563481538
라마43b21b,48890440,가회면,,250000.0,250000.0,1043750.0,1721750.0,127.98233845147527,35.49066454420769
라마43b22a,48890440,가회면,,250000.0,250000.0,1043750.0,1722250.0,127.98236539613617,35.495172736868696
라마43b22b,48890440,가회면,,250000.0,250000.0,1043750.0,1722750.0,127.98239234678101,35.499680926136634
라마43b23a,48890450,대병면,,250000.0,250000.0,1043750.0,1723250.0,127.9824193034111,35.5041891120113
라마43b23b,48890450,대병면,,250000.0,250000.0,1043750.0,1723750.0,127.98244626602781,35.50869729449252
라마43b24a,48890450,대병면,,250000.0,250000.0,1043750.0,1724250.0,127.98247323463244,35.5132054735801
라마43b24b,48890450,대병면,8.0,250000.0,250000.0,1043750.0,1724750.0,127.98250020922629,35.51771364927389
라마43b25a,48890450,대병면,8.0,250000.0,250000.0,1043750.0,1725250.0,127.98252718981077,35.52222182157366
라마43b25b,48890450,대병면,,250000.0,250000.0,1043750.0,1725750.0,127.98255417638718,35.52672999047926
라마43b26a,48890450,대병면,,250000.0,250000.0,1043750.0,1726250.0,127.98258116895683,35.531238155990486
라마43b26b,48890450,대병면,5.0,250000.0,250000.0,1043750.0,1726750.0,127.9826081675211,35.535746318107165
라마43b27a,48890450,대병면,43.0,250000.0,250000.0,1043750.0,1727250.0,127.98263517208127,35.54025447682911
라마43b27b,48890450,대병면,,250000.0,250000.0,1043750.0,1727750.0,127.98266218263875,35.544762632156136
라마43b28a,48890450,대병면,,250000.0,250000.0,1043750.0,1728250.0,127.98268919919484,35.54927078408805
라마43b28b,48890450,대병면,,250000.0,250000.0,1043750.0,1728750.0,127.98271622175085,35.553778932624695
라마43b29a,48890450,대병면,,250000.0,250000.0,1043750.0,1729250.0,127.98274325030813,35.558287077765854
라마43b29b,48890310,봉산면,,250000.0,249994.18845167183,1043750.0,1729750.0,127.98277028486807,35.56279521951137
라마43b30a,48890310,봉산면,8.0,250000.0,208684.87233826204,1043750.0,1730250.0,127.98279732543196,35.56730335786106
라마43b30b,48890310,봉산면,,250000.0,242911.65194414087,1043750.0,1730750.0,127.98282437200113,35.57181149281471
라마43b31a,48890310,봉산면,,250000.0,245723.93865730017,1043750.0,1731250.0,127.98285142457695,35.576319624372175
라마43b31b,48890310,봉산면,,250000.0,188894.47923812736,1043750.0,1731750.0,127.98287848316077,35.58082775253323
라마44a16b,48890440,가회면,,250000.0,119543.68774512956,1044250.0,1716750.0,127.98757852039543,35.445560307578944
라마44a17a,48890440,가회면,,250000.0,182727.59549784157,1044250.0,1717250.0,127.98760571250679,35.450068530497916
라마44a17b,48890440,가회면,,250000.0,249843.3001477738,1044250.0,1717750.0,127.98763291065703,35.45457675002525
라마44a18a,48890440,가회면,,250000.0,250000.0,1044250.0,1718250.0,127.98766011484744,35.45908496616079
라마44a18b,48890440,가회면,,250000.0,250000.0,1044250.0,1718750.0,127.98768732507939,35.46359317890429
라마44a19a,48890440,가회면,,250000.0,250000.0,1044250.0,1719250.0,127.98771454135425,35.46810138825563
라마44a19b,48890440,가회면,,250000.0,250000.0,1044250.0,1719750.0,127.98774176367331,35.4726095942146
라마44a20a,48890440,가회면,,250000.0,250000.0,1044250.0,1720250.0,127.98776899203794,35.47711779678101
라마44a20b,48890440,가회면,,250000.0,250000.0,1044250.0,1720750.0,127.9877962264495,35.48162599595468
라마44a21a,48890440,가회면,,250000.0,250000.0,1044250.0,1721250.0,127.98782346690932,35.48613419173543
라마44a21b,48890440,가회면,,250000.0,250000.0,1044250.0,1721750.0,127.98785071341875,35.49064238412306
라마44a22a,48890440,가회면,,250000.0,250000.0,1044250.0,1722250.0,127.98787796597912,35.4951505731174
라마44a22b,48890440,가회면,,250000.0,250000.0,1044250.0,1722750.0,127.9879052245918,35.49965875871827
라마44a23a,48890450,대병면,,250000.0,250000.0,1044250.0,1723250.0,127.98793248925813,35.50416694092545
라마44a23b,48890450,대병면,,250000.0,250000.0,1044250.0,1723750.0,127.98795975997945,35.508675119738804
라마44a24a,48890450,대병면,,250000.0,250000.0,1044250.0,1724250.0,127.98798703675712,35.51318329515812
라마44a24b,48890450,대병면,,250000.0,250000.0,1044250.0,1724750.0,127.98801431959248,35.51769146718321
라마44a25a,48890450,대병면,8.0,250000.0,250000.0,1044250.0,1725250.0,127.9880416084869,35.5221996358139
라마44a25b,48890450,대병면,13.0,250000.0,250000.0,1044250.0,1725750.0,127.9880689034417,35.52670780105
라마44a26a,48890450,대병면,28.0,250000.0,250000.0,1044250.0,1726250.0,127.98809620445824,35.53121596289135
라마44a26b,48890450,대병면,23.0,250000.0,250000.0,1044250.0,1726750.0,127.98812351153788,35.53572412133772
라마44a27a,48890450,대병면,76.0,250000.0,250000.0,1044250.0,1727250.0,127.98815082468197,35.54023227638897
라마44a27b,48890450,대병면,0.0,250000.0,250000.0,1044250.0,1727750.0,127.98817814389186,35.54474042804489
라마44a28a,48890450,대병면,,250000.0,250000.0,1044250.0,1728250.0,127.98820546916889,35.5492485763053
라마44a28b,48890450,대병면,,250000.0,250000.0,1044250.0,1728750.0,127.98823280051442,35.55375672117003
라마44a29a,48890450,대병면,,250000.0,250000.0,1044250.0,1729250.0,127.98826013792981,35.55826486263888
라마44a29b,48890310,봉산면,,250000.0,250000.0,1044250.0,1729750.0,127.9882874814164,35.56277300071168
라마44a30a,48890310,봉산면,5.0,250000.0,250000.0,1044250.0,1730250.0,127.98831483097558,35.567281135388235
라마44a30b,48890310,봉산면,,250000.0,250000.0,1044250.0,1730750.0,127.98834218660865,35.57178926666836
라마44a31a,48890310,봉산면,23.0,250000.0,250000.0,1044250.0,1731250.0,127.98836954831701,35.57629739455189
라마44a31b,48890310,봉산면,0.0,250000.0,250000.0,1044250.0,1731750.0,127.988396916102,35.58080551903861
라마44a32a,48890310,봉산면,,250000.0,250000.0,1044250.0,1732250.0,127.98842428996497,35.58531364012838
라마44a32b,48890310,봉산면,5.0,250000.0,221158.49395004235,1044250.0,1732750.0,127.98845166990726,35.589821757820985
라마44a33a,48890310,봉산면,,250000.0,202864.5938346998,1044250.0,1733250.0,127.98847905593027,35.594329872116255
라마44a33b,48890310,봉산면,,250000.0,250000.0,1044250.0,1733750.0,127.98850644803535,35.59883798301399
라마44a34a,48890310,봉산면,23.0,250000.0,250000.0,1044250.0,1734250.0,127.98853384622383,35.60334609051403
라마44a34b,48890310,봉산면,,250000.0,223860.3147746966,1044250.0,1734750.0,127.98856125049707,35.60785419461618
라마44b16a,48890440,가회면,,250000.0,166266.4533524372,1044750.0,1716250.0,127.99306020784309,35.44102971015593
라마44b16b,48890440,가회면,,250000.0,250000.0,1044750.0,1716750.0,127.99308770106397,35.44553793276249
라마44b17a,48890440,가회면,,250000.0,250000.0,1044750.0,1717250.0,127.99311520039055,35.45004615197719
라마44b17b,48890440,가회면,,250000.0,250000.0,1044750.0,1717750.0,127.99314270582423,35.454554367799865
라마44b18a,48890440,가회면,,250000.0,250000.0,1044750.0,1718250.0,127.99317021736633,35.45906258023031
라마44b18b,48890440,가회면,0.0,250000.0,250000.0,1044750.0,1718750.0,127.9931977350182,35.46357078926835
라마44b19a,48890440,가회면,,250000.0,250000.0,1044750.0,1719250.0,127.99322525878124,35.4680789949138
라마44b19b,48890440,가회면,,250000.0,250000.0,1044750.0,1719750.0,127.99325278865679,35.472587197166476
라마44b20a,48890440,가회면,,250000.0,250000.0,1044750.0,1720250.0,127.99328032464621,35.477095396026186
라마44b20b,48890440,가회면,,250000.0,250000.0,1044750.0,1720750.0,127.99330786675084,35.48160359149276
라마44b21a,48890440,가회면,8.0,250000.0,250000.0,1044750.0,1721250.0,127.99333541497207,35.48611178356599
라마44b21b,48890440,가회면,,250000.0,250000.0,1044750.0,1721750.0,127.99336296931125,35.4906199722457
라마44b22a,48890440,가회면,,250000.0,250000.0,1044750.0,1722250.0,127.99339052976975,35.49512815753171
라마44b22b,48890450,대병면,,250000.0,250000.0,1044750.0,1722750.0,127.99341809634893,35.49963633942383
라마44b23a,48890450,대병면,,250000.0,250000.0,1044750.0,1723250.0,127.99344566905015,35.504144517921894
라마44b23b,48890450,대병면,,250000.0,250000.0,1044750.0,1723750.0,127.99347324787475,35.50865269302568
라마44b24a,48890450,대병면,,250000.0,250000.0,1044750.0,1724250.0,127.99350083282413,35.51316086473504
라마44b24b,48890450,대병면,,250000.0,250000.0,1044750.0,1724750.0,127.99352842389963,35.517669033049756
라마44b25a,48890450,대병면,,250000.0,250000.0,1044750.0,1725250.0,127.99355602110262,35.52217719796968
라마44b25b,48890450,대병면,,250000.0,250000.0,1044750.0,1725750.0,127.99358362443448,35.52668535949462
라마44b26a,48890450,대병면,38.0,250000.0,250000.0,1044750.0,1726250.0,127.99361123389654,35.53119351762436
라마44b26b,48890450,대병면,38.0,250000.0,250000.0,1044750.0,1726750.0,127.99363884949024,35.535701672358755
라마44b27a,48890450,대병면,8.0,250000.0,250000.0,1044750.0,1727250.0,127.99366647121686,35.54020982369759
라마44b27b,48890450,대병면,,250000.0,250000.0,1044750.0,1727750.0,127.9936940990778,35.544717971640694
라마44b28a,48890450,대병면,,250000.0,250000.0,1044750.0,1728250.0,127.99372173307445,35.54922611618788
라마44b28b,48890450,대병면,,250000.0,250000.0,1044750.0,1728750.0,127.99374937320813,35.55373425733898
라마44b29a,48890450,대병면,,250000.0,250000.0,1044750.0,1729250.0,127.99377701948026,35.558242395093785
라마44b29b,48890450,대병면,,250000.0,250000.0,1044750.0,1729750.0,127.9938046718922,35.56275052945213
라마44b30a,48890310,봉산면,,250000.0,250000.0,1044750.0,1730250.0,127.9938323304453,35.56725866041384
라마44b30b,48890310,봉산면,8.0,250000.0,250000.0,1044750.0,1730750.0,127.9938599951409,35.5717667879787
라마44b31a,48890310,봉산면,18.0,250000.0,250000.0,1044750.0,1731250.0,127.99388766598044,35.57627491214655
라마44b31b,48890310,봉산면,,250000.0,250000.0,1044750.0,1731750.0,127.99391534296525,35.580783032917196
라마44b32a,48890310,봉산면,,250000.0,250000.0,1044750.0,1732250.0,127.9939430260967,35.585291150290466
라마44b32b,48890310,봉산면,28.0,250000.0,250000.0,1044750.0,1732750.0,127.9939707153762,35.58979926426615
라마44b33a,48890310,봉산면,18.0,250000.0,250000.0,1044750.0,1733250.0,127.99399841080506,35.59430737484411
라마44b33b,48890310,봉산면,13.0,250000.0,250000.0,1044750.0,1733750.0,127.99402611238469,35.59881548202412
라마44b34a,48890310,봉산면,5.0,250000.0,250000.0,1044750.0,1734250.0,127.99405382011645,35.60332358580603
라마44b34b,48890310,봉산면,,250000.0,250000.0,1044750.0,1734750.0,127.99408153400172,35.607831686189634
라마45a15b,48890440,가회면,,250000.0,127920.92306561462,1045250.0,1715750.0,127.99854128106627,35.43649886545629
라마45a16a,48890440,가회면,8.0,250000.0,250000.0,1045250.0,1716250.0,127.99856907526024,35.44100708770945
라마45a16b,48890440,가회면,8.0,250000.0,250000.0,1045250.0,1716750.0,127.99859687562677,35.44551530657054
라마45a17a,48890440,가회면,,250000.0,250000.0,1045250.0,1717250.0,127.99862468216723,35.45002352203937
라마45a17b,48890440,가회면,,250000.0,250000.0,1045250.0,1717750.0,127.99865249488298,35.454531734115754
라마45a18a,48890440,가회면,,250000.0,250000.0,1045250.0,1718250.0,127.99868031377541,35.45903994279951
라마45a18b,48890440,가회면,48.0,250000.0,250000.0,1045250.0,1718750.0,127.99870813884586,35.463548148090425
라마45a19a,48890440,가회면,5.0,250000.0,250000.0,1045250.0,1719250.0,127.99873597009572,35.468056349988366
라마45a19b,48890440,가회면,5.0,250000.0,250000.0,1045250.0,1719750.0,127.99876380752639,35.47256454849311
라마45a20a,48890440,가회면,,250000.0,250000.0,1045250.0,1720250.0,127.99879165113921,35.47707274360448
라마45a20b,48890440,가회면,,250000.0,250000.0,1045250.0,1720750.0,127.9988195009356,35.481580935322285
라마45a21a,48890440,가회면,8.0,250000.0,250000.0,1045250.0,1721250.0,127.99884735691688,35.48608912364635
라마45a21b,48890440,가회면,,250000.0,250000.0,1045250.0,1721750.0,127.99887521908448,35.49059730857649
라마45a22a,48890440,가회면,,250000.0,250000.0,1045250.0,1722250.0,127.99890308743973,35.495105490112515
라마45a22b,48890450,대병면,,250000.0,250000.0,1045250.0,1722750.0,127.99893096198403,35.49961366825424
라마45a23a,48890450,대병면,,250000.0,250000.0,1045250.0,1723250.0,127.99895884271875,35.504121843001485
라마45a23b,48890450,대병면,,250000.0,250000.0,1045250.0,1723750.0,127.99898672964528,35.50863001435406
라마45a24a,48890450,대병면,,250000.0,250000.0,1045250.0,1724250.0,127.99901462276499,35.513138182311785
라마45a24b,48890450,대병면,,250000.0,250000.0,1045250.0,1724750.0,127.99904252207928,35.517646346874464
라마45a25a,48890450,대병면,,250000.0,250000.0,1045250.0,1725250.0,127.99907042758949,35.522154508041915
라마45a25b,48890450,대병면,23.0,250000.0,250000.0,1045250.0,1725750.0,127.99909833929705,35.52666266581397
라마45a26a,48890450,대병면,18.0,250000.0,250000.0,1045250.0,1726250.0,127.9991262572033,35.53117082019043
라마45a26b,48890450,대병면,5.0,250000.0,250000.0,1045250.0,1726750.0,127.99915418130962,35.53567897117112
라마45a27a,48890450,대병면,,250000.0,250000.0,1045250.0,1727250.0,127.99918211161742,35.540187118755846
라마45a27b,48890450,대병면,8.0,250000.0,250000.0,1045250.0,1727750.0,127.99921004812806,35.54469526294443
라마45a28a,48890450,대병면,,250000.0,250000.0,1045250.0,1728250.0,127.99923799084294,35.54920340373668
라마45a28b,48890450,대병면,,250000.0,250000.0,1045250.0,1728750.0,127.99926593976345,35.55371154113242
라마45a29a,48890450,대병면,,250000.0,250000.0,1045250.0,1729250.0,127.99929389489094,35.558219675131475
라마45a29b,48890450,대병면,,250000.0,250000.0,1045250.0,1729750.0,127.99932185622681,35.562727805733644
라마45a30a,48890310,봉산면,,250000.0,250000.0,1045250.0,1730250.0,127.99934982377246,35.56723593293876
라마45a30b,48890310,봉산면,,250000.0,250000.0,1045250.0,1730750.0,127.99937779752926,35.5717440567466
라마45a31a,48890310,봉산면,5.0,250000.0,250000.0,1045250.0,1731250.0,127.9994057774986,35.57625217715704
라마45a31b,48890310,봉산면,,250000.0,250000.0,1045250.0,1731750.0,127.99943376368184,35.580760294169856
라마45a32a,48890310,봉산면,8.0,250000.0,250000.0,1045250.0,1732250.0,127.99946175608042,35.58526840778487
라마45a32b,48890310,봉산면,,250000.0,250000.0,1045250.0,1732750.0,127.9994897546957,35.589776518001905
라마45a33a,48890310,봉산면,5.0,250000.0,250000.0,1045250.0,1733250.0,127.99951775952906,35.5942846248208
라마45a33b,48890310,봉산면,0.0,250000.0,250000.0,1045250.0,1733750.0,127.99954577058188,35.598792728241314
라마45a34a,48890310,봉산면,,250000.0,250000.0,1045250.0,1734250.0,127.99957378785558,35.603300828263315
라마45a34b,48890310,봉산면,,250000.0,250000.0,1045250.0,1734750.0,127.99960181135151,35.6078089248866
라마45a35b,48890310,봉산면,,250000.0,188200.896335891,1045250.0,1735750.0,127.99965787701571,35.6168251079363
라마45a36a,48890310,봉산면,,250000.0,232304.2855110954,1045250.0,1736250.0,127.99968591918675,35.62133319436236
라마45b16a,48890440,가회면,5.0,250000.0,250000.0,1045750.0,1716250.0,128.00407793650484,35.44098421392999
라마45b16b,48890440,가회면,18.0,250000.0,250000.0,1045750.0,1716750.0,128.00410604401569,35.445492429004
라마45b17a,48890440,가회면,8.0,250000.0,250000.0,1045750.0,1717250.0,128.00413415776862,35.45000064068534
라마45b17b,48890440,가회면,8.0,250000.0,250000.0,1045750.0,1717750.0,128.0041622777651,35.454508848973816
라마45b18a,48890440,가회면,23.0,250000.0,250000.0,1045750.0,1718250.0,128.00419040400647,35.459017053869246
라마45b18b,48890440,가회면,13.0,250000.0,250000.0,1045750.0,1718750.0,128.0042185364941,35.46352525537144
라마45b19a,48890440,가회면,0.0,250000.0,250000.0,1045750.0,1719250.0,128.00424667522944,35.46803345348022
라마45b19b,48890440,가회면,13.0,250000.0,250000.0,1045750.0,1719750.0,128.00427482021385,35.4725416481954
라마45b20a,48890440,가회면,5.0,250000.0,250000.0,1045750.0,1720250.0,128.0043029714487,35.47704983951678
라마45b20b,48890440,가회면,5.0,250000.0,250000.0,1045750.0,1720750.0,128.00433112893543,35.481558027444194
라마45b21a,48890440,가회면,,250000.0,250000.0,1045750.0,1721250.0,128.00435929267542,35.48606621197745
라마45b21b,48890440,가회면,,250000.0,250000.0,1045750.0,1721750.0,128.00438746267002,35.490574393116354
라마45b22a,48890440,가회면,,250000.0,250000.0,1045750.0,1722250.0,128.00441563892065,35.495082570860724
라마45b22b,48890450,대병면,,250000.0,250000.0,1045750.0,1722750.0,128.00444382142868,35.49959074521039
라마45b23a,48890450,대병면,,250000.0,250000.0,1045750.0,1723250.0,128.00447201019557,35.50409891616515
라마45b23b,48890450,대병면,,250000.0,250000.0,1045750.0,1723750.0,128.00450020522263,35.50860708372483
라마45b24a,48890450,대병면,,250000.0,250000.0,1045750.0,1724250.0,128.00452840651133,35.51311524788924
라마45b24b,48890450,대병면,,250000.0,250000.0,1045750.0,1724750.0,128.00455661406298,35.51762340865819
라마45b25a,48890450,대병면,,250000.0,250000.0,1045750.0,1725250.0,128.00458482787906,35.5221315660315
라마45b25b,48890450,대병면,8.0,250000.0,250000.0,1045750.0,1725750.0,128.0046130479609,35.526639720008994
라마45b26a,48890450,대병면,13.0,250000.0,250000.0,1045750.0,1726250.0,128.00464127430993,35.531147870590466
라마45b26b,48890450,대병면,5.0,250000.0,250000.0,1045750.0,1726750.0,128.00466950692754,35.53565601777575
라마45b27a,48890450,대병면,,250000.0,250000.0,1045750.0,1727250.0,128.00469774581515,35.540164161564654
라마45b27b,48890450,대병면,,250000.0,250000.0,1045750.0,1727750.0,128.0047259909741,35.54467230195701
라마45b28a,48890450,대병면,,250000.0,250000.0,1045750.0,1728250.0,128.00475424240585,35.549180438952604
라마45b28b,48890450,대병면,5.0,250000.0,250000.0,1045750.0,1728750.0,128.00478250011176,35.55368857255129
라마45b29a,48890450,대병면,8.0,250000.0,250000.0,1045750.0,1729250.0,128.0048107640932,35.558196702752845
라마45b29b,48890450,대병면,,250000.0,250000.0,1045750.0,1729750.0,128.00483903435168,35.562704829557106
라마45b30a,48890310,봉산면,,250000.0,250000.0,1045750.0,1730250.0,128.00486731088847,35.56721295296389
라마45b30b,48890310,봉산면,,250000.0,250000.0,1045750.0,1730750.0,128.00489559370504,35.571721072973006
라마45b31a,48890310,봉산면,,250000.0,250000.0,1045750.0,1731250.0,128.0049238828028,35.576229189584275
라마45b31b,48890310,봉산면,,250000.0,250000.0,1045750.0,1731750.0,128.00495217818315,35.580737302797516
라마45b32a,48890310,봉산면,28.0,250000.0,250000.0,1045750.0,1732250.0,128.00498047984743,35.58524541261254
라마45b32b,48890310,봉산면,18.0,250000.0,250000.0,1045750.0,1732750.0,128.00500878779712,35.58975351902916
라마45b33a,48890310,봉산면,33.0,250000.0,250000.0,1045750.0,1733250.0,128.00503710203355,35.59426162204719
라마45b33b,48890310,봉산면,18.0,250000.0,250000.0,1045750.0,1733750.0,128.0050654225582,35.598769721666464
라마45b34a,48890310,봉산면,,250000.0,250000.0,1045750.0,1734250.0,128.00509374937243,35.60327781788679
라마45b34b,48890310,봉산면,,250000.0,250000.0,1045750.0,1734750.0,128.00512208247764,35.60778591070799
라마45b35a,48890310,봉산면,,250000.0,250000.0,1045750.0,1735250.0,128.00515042187524,35.612294000129864
라마45b35b,48890310,봉산면,,250000.0,250000.0,1045750.0,1735750.0,128.00517876756666,35.616802086152255
라마45b36a,48890310,봉산면,,250000.0,250000.0,1045750.0,1736250.0,128.0052071195533,35.621310168774954
라마45b36b,48890310,봉산면,5.0,250000.0,250000.0,1045750.0,1736750.0,128.00523547783652,35.625818247997785
라마45b37a,48890310,봉산면,13.0,250000.0,250000.0,1045750.0,1737250.0,128.00526384241778,35.630326323820576
라마45b37b,48890310,봉산면,,250000.0,233237.63570030633,1045750.0,1737750.0,128.00529221329845,35.63483439624315
라마46a15a,48890440,가회면,8.0,250000.0,166506.74031510137,1046250.0,1715250.0,128.0095299811267,35.43194465614926
라마46a15b,48890440,가회면,,250000.0,222106.39493192657,1046250.0,1715750.0,128.00955838316395,35.43645287418022
라마46a16a,48890440,가회면,8.0,250000.0,250000.0,1046250.0,1716250.0,128.00958679150872,35.44096108881846
라마46a16b,48890440,가회면,,250000.0,250000.0,1046250.0,1716750.0,128.00961520616244,35.44546930006378
라마46a17a,48890440,가회면,23.0,250000.0,250000.0,1046250.0,1717250.0,128.0096436271265,35.449977507916024
라마46a17b,48890440,가회면,33.0,250000.0,250000.0,1046250.0,1717750.0,128.00967205440227,35.45448571237497
라마46a18a,48890440,가회면,5.0,250000.0,250000.0,1046250.0,1718250.0,128.00970048799118,35.458993913440466
라마46a18b,48890440,가회면,,250000.0,250000.0,1046250.0,1718750.0,128.00972892789466,35.4635021111123
라마46a19a,48890440,가회면,8.0,250000.0,250000.0,1046250.0,1719250.0,128.00975737411406,35.468010305390294
라마46a19b,48890440,가회면,13.0,250000.0,250000.0,1046250.0,1719750.0,128.00978582665084,35.472518496274255
라마46a20a,48890440,가회면,23.0,250000.0,250000.0,1046250.0,1720250.0,128.00981428550634,35.47702668376403
라마46a20b,48890440,가회면,5.0,250000.0,250000.0,1046250.0,1720750.0,128.00984275068203,35.481534867859395
라마46a21a,48890440,가회면,,250000.0,250000.0,1046250.0,1721250.0,128.00987122217927,35.48604304856019
라마46a21b,48890440,가회면,,250000.0,250000.0,1046250.0,1721750.0,128.00989969999952,35.49055122586621
라마46a22a,48890440,가회면,,250000.0,250000.0,1046250.0,1722250.0,128.00992818414414,35.49505939977727
라마46a22b,48890450,대병면,,250000.0,250000.0,1046250.0,1722750.0,128.00995667461456,35.49956757029321
라마46a23a,48890450,대병면,,250000.0,250000.0,1046250.0,1723250.0,128.00998517141218,35.50407573741381
라마46a23b,48890450,대병면,,250000.0,250000.0,1046250.0,1723750.0,128.01001367453838,35.50858390113893
라마46a24a,48890450,대병면,5.0,250000.0,250000.0,1046250.0,1724250.0,128.0100421839946,35.51309206146833
라마46a24b,48890450,대병면,13.0,250000.0,250000.0,1046250.0,1724750.0,128.01007069978232,35.517600218401874
라마46a25a,48890450,대병면,28.0,250000.0,250000.0,1046250.0,1725250.0,128.0100992219028,35.52210837193934
라마46a25b,48890450,대병면,18.0,250000.0,250000.0,1046250.0,1725750.0,128.01012775035758,35.52661652208058
라마46a26a,48890450,대병면,8.0,250000.0,250000.0,1046250.0,1726250.0,128.010156285148,35.53112466882537
라마46a26b,48890450,대병면,8.0,250000.0,250000.0,1046250.0,1726750.0,128.0101848262755,35.53563281217357
라마46a27a,48890450,대병면,,250000.0,250000.0,1046250.0,1727250.0,128.01021337374146,35.54014095212496
라마46a27b,48890450,대병면,,250000.0,250000.0,1046250.0,1727750.0,128.01024192754736,35.54464908867936
라마46a28a,48890450,대병면,,250000.0,250000.0,1046250.0,1728250.0,128.01027048769456,35.54915722183659
라마46a28b,48890450,대병면,,250000.0,250000.0,1046250.0,1728750.0,128.0102990541845,35.55366535159647
라마46a29a,48890450,대병면,8.0,250000.0,250000.0,1046250.0,1729250.0,128.0103276270185,35.55817347795882
라마46a29b,48890450,대병면,8.0,250000.0,250000.0,1046250.0,1729750.0,128.01035620619814,35.56268160092345
라마46a30a,48890310,봉산면,,250000.0,250000.0,1046250.0,1730250.0,128.01038479172473,35.56718972049018
라마46a30b,48890310,봉산면,,250000.0,250000.0,1046250.0,1730750.0,128.01041338359968,35.57169783665881
라마46a31a,48890310,봉산면,,250000.0,250000.0,1046250.0,1731250.0,128.01044198182447,35.57620594942918
라마46a31b,48890310,봉산면,,250000.0,250000.0,1046250.0,1731750.0,128.01047058640046,35.580714058801085
라마46a32a,48890310,봉산면,,250000.0,250000.0,1046250.0,1732250.0,128.0104991973291,35.585222164774365
라마46a32b,48890310,봉산면,,250000.0,250000.0,1046250.0,1732750.0,128.01052781461175,35.5897302673488
라마46a33a,48890310,봉산면,,250000.0,250000.0,1046250.0,1733250.0,128.01055643824992,35.59423836652425
라마46a33b,48890310,봉산면,,250000.0,250000.0,1046250.0,1733750.0,128.01058506824495,35.598746462300504
라마46a34a,48890310,봉산면,,250000.0,250000.0,1046250.0,1734250.0,128.0106137045983,35.603254554677385
라마46a34b,48890310,봉산면,,250000.0,250000.0,1046250.0,1734750.0,128.01064234731138,35.60776264365471
라마46a35a,48890310,봉산면,,250000.0,250000.0,1046250.0,1735250.0,128.0106709963856,35.61227072923231
라마46a35b,48890310,봉산면,5.0,250000.0,250000.0,1046250.0,1735750.0,128.01069965182242,35.61677881140996
라마46a36a,48890310,봉산면,,250000.0,250000.0,1046250.0,1736250.0,128.01072831362322,35.62128689018753
라마46a36b,48890310,봉산면,5.0,250000.0,250000.0,1046250.0,1736750.0,128.0107569817894,35.62579496556479
라마46a37a,48890310,봉산면,,250000.0,250000.0,1046250.0,1737250.0,128.01078565632247,35.63030303754161
라마46a37b,48890310,봉산면,,250000.0,250000.0,1046250.0,1737750.0,128.01081433722376,35.63481110611776
라마46a38a,48890310,봉산면,,250000.0,188669.12896922865,1046250.0,1738250.0,128.01084302449476,35.639319171293074
라마46b14b,48890440,가회면,,250000.0,202986.02635853324,1046750.0,1714750.0,128.0150095130751,35.42741306989142
라마46b15a,48890440,가회면,13.0,250000.0,250000.0,1046750.0,1715250.0,128.0150382157432,35.4319212874459
라마46b15b,48890440,가회면,13.0,250000.0,250000.0,1046750.0,1715750.0,128.0150669247856,35.436429501607414
라마46b16a,48890440,가회면,5.0,250000.0,250000.0,1046750.0,1716250.0,128.01509564020367,35.440937712375785
라마46b16b,48890440,가회면,5.0,250000.0,250000.0,1046750.0,1716750.0,128.0151243619989,35.44544591975082
라마46b17a,48890440,가회면,5.0,250000.0,250000.0,1046750.0,1717250.0,128.01515309017262,35.44995412373234
라마46b17b,48890440,가회면,5.0,250000.0,250000.0,1046750.0,1717750.0,128.01518182472634,35.454462324320154
라마46b18a,48890440,가회면,23.0,250000.0,250000.0,1046750.0,1718250.0,128.0152105656614,35.458970521514075
라마46b18b,48890440,가회면,,250000.0,250000.0,1046750.0,1718750.0,128.01523931297925,35.46347871531392
라마46b19a,48890440,가회면,,250000.0,250000.0,1046750.0,1719250.0,128.01526806668133,35.4679869057195
라마46b19b,48890440,가회면,18.0,250000.0,250000.0,1046750.0,1719750.0,128.01529682676906,35.47249509273062
라마46b20a,48890440,가회면,,250000.0,250000.0,1046750.0,1720250.0,128.01532559324383,35.477003276347126
라마46b20b,48890440,가회면,,250000.0,250000.0,1046750.0,1720750.0,128.01535436610706,35.4815114565688
라마46b21a,48890440,가회면,13.0,250000.0,250000.0,1046750.0,1721250.0,128.0153831453602,35.48601963339547
라마46b21b,48890440,가회면,,250000.0,250000.0,1046750.0,1721750.0,128.01541193100465,35.490527806826954
라마46b22a,48890440,가회면,,250000.0,250000.0,1046750.0,1722250.0,128.01544072304185,35.49503597686306
라마46b22b,48890450,대병면,,250000.0,250000.0,1046750.0,1722750.0,128.01546952147322,35.4995441435036
라마46b23a,48890450,대병면,,250000.0,250000.0,1046750.0,1723250.0,128.01549832630016,35.50405230674839
라마46b23b,48890450,대병면,33.0,250000.0,250000.0,1046750.0,1723750.0,128.01552713752412,35.508560466597245
라마46b24a,48890450,대병면,0.0,250000.0,250000.0,1046750.0,1724250.0,128.0155559551465,35.513068623049996
라마46b24b,48890450,대병면,13.0,250000.0,250000.0,1046750.0,1724750.0,128.01558477916876,35.51757677610643
라마46b25a,48890450,대병면,213.0,250000.0,250000.0,1046750.0,1725250.0,128.01561360959232,35.522084925766386
라마46b25b,48890450,대병면,5.0,250000.0,250000.0,1046750.0,1725750.0,128.01564244641858,35.52659307202968
라마46b26a,48890450,대병면,0.0,250000.0,250000.0,1046750.0,1726250.0,128.01567128964896,35.5311012148961
라마46b26b,48890450,대병면,,250000.0,250000.0,1046750.0,1726750.0,128.01570013928495,35.53560935436549
라마46b27a,48890450,대병면,,250000.0,250000.0,1046750.0,1727250.0,128.01572899532792,35.54011749043763
라마46b27b,48890450,대병면,,250000.0,250000.0,1046750.0,1727750.0,128.0157578577793,35.54462562311239
라마46b28a,48890450,대병면,,250000.0,250000.0,1046750.0,1728250.0,128.01578672664056,35.549133752389544
라마46b28b,48890450,대병면,,250000.0,250000.0,1046750.0,1728750.0,128.01581560191303,35.55364187826892
라마46b29a,48890450,대병면,,250000.0,250000.0,1046750.0,1729250.0,128.01584448359827,35.558150000750324
라마46b29b,48890450,대병면,,250000.0,250000.0,1046750.0,1729750.0,128.01587337169767,35.56265811983359
라마46b30a,48890450,대병면,,250000.0,250000.0,1046750.0,1730250.0,128.01590226621258,35.56716623551854
라마46b30b,48890310,봉산면,,250000.0,250000.0,1046750.0,1730750.0,128.01593116714452,35.571674347804944
라마46b31a,48890310,봉산면,,250000.0,250000.0,1046750.0,1731250.0,128.0159600744949,35.57618245669267
라마46b31b,48890310,봉산면,,250000.0,250000.0,1046750.0,1731750.0,128.01598898826512,35.58069056218151
라마46b32a,48890310,봉산면,,250000.0,250000.0,1046750.0,1732250.0,128.01601790845666,35.58519866427128
라마46b32b,48890310,봉산면,5.0,250000.0,250000.0,1046750.0,1732750.0,128.01604683507094,35.589706762961804
라마46b33a,48890310,봉산면,5.0,250000.0,250000.0,1046750.0,1733250.0,128.01607576810935,35.5942148582529
라마46b33b,48890310,봉산면,,250000.0,250000.0,1046750.0,1733750.0,128.0161047075734,35.59872295014436
라마46b34a,48890310,봉산면,5.0,250000.0,250000.0,1046750.0,1734250.0,128.01613365346446,35.603231038636025
라마46b34b,48890310,봉산면,5.0,250000.0,250000.0,1046750.0,1734750.0,128.016162605784,35.607739123727704
라마46b35a,48890310,봉산면,5.0,250000.0,250000.0,1046750.0,1735250.0,128.01619156453341,35.61224720541922
라마46b35b,48890310,봉산면,,250000.0,250000.0,1046750.0,1735750.0,128.01622052971416,35.61675528371039
라마46b36a,48890310,봉산면,5.0,250000.0,250000.0,1046750.0,1736250.0,128.01624950132774,35.621263358601034
라마46b36b,48890310,봉산면,,250000.0,250000.0,1046750.0,1736750.0,128.01627847937547,35.62577143009094
라마46b37a,48890310,봉산면,,250000.0,250000.0,1046750.0,1737250.0,128.01630746385888,35.630279498179966
라마46b37b,48890310,봉산면,,250000.0,250000.0,1046750.0,1737750.0,128.0163364547794,35.634787562867906
라마46b38a,48890310,봉산면,,250000.0,250000.0,1046750.0,1738250.0,128.01636545213842,35.63929562415458
라마47a14b,48890440,가회면,,250000.0,211351.95183806334,1047250.0,1714750.0,128.02051743438176,35.427389453851674
라마47a15a,48890440,가회면,,250000.0,250000.0,1047250.0,1715250.0,128.02054644398544,35.43189766749554
라마47a15b,48890440,가회면,53.0,250000.0,250000.0,1047250.0,1715750.0,128.02057546003152,35.436405877746004
라마47a16a,48890440,가회면,5.0,250000.0,250000.0,1047250.0,1716250.0,128.0206044825215,35.4409140846029
라마47a16b,48890440,가회면,5.0,250000.0,250000.0,1047250.0,1716750.0,128.0206335114568,35.44542228806603
라마47a17a,48890440,가회면,5.0,250000.0,250000.0,1047250.0,1717250.0,128.0206625468388,35.44993048813522
라마47a17b,48890440,가회면,8.0,250000.0,250000.0,1047250.0,1717750.0,128.020691588669,35.45443868481028
라마47a18a,48890440,가회면,8.0,250000.0,250000.0,1047250.0,1718250.0,128.0207206369488,35.45894687809101
라마47a18b,48890440,가회면,,250000.0,250000.0,1047250.0,1718750.0,128.02074969167967,35.46345506797723
라마47a19a,48890440,가회면,5.0,250000.0,250000.0,1047250.0,1719250.0,128.02077875286298,35.46796325446877
라마47a19b,48890440,가회면,5.0,250000.0,250000.0,1047250.0,1719750.0,128.0208078205002,35.47247143756542
라마47a20a,48890440,가회면,,250000.0,250000.0,1047250.0,1720250.0,128.0208368945928,35.47697961726701
라마47a20b,48890440,가회면,5.0,250000.0,250000.0,1047250.0,1720750.0,128.0208659751422,35.48148779357335
라마47a21a,48890440,가회면,38.0,250000.0,250000.0,1047250.0,1721250.0,128.02089506214978,35.48599596648425
라마47a21b,48890440,가회면,23.0,250000.0,250000.0,1047250.0,1721750.0,128.02092415561702,35.49050413599954
라마47a22a,48890440,가회면,8.0,250000.0,250000.0,1047250.0,1722250.0,128.02095325554538,35.495012302119015
라마47a22b,48890450,대병면,,250000.0,250000.0,1047250.0,1722750.0,128.02098236193626,35.499520464842504
라마47a23a,48890450,대병면,18.0,250000.0,250000.0,1047250.0,1723250.0,128.02101147479115,35.504028624169806
라마47a23b,48890450,대병면,8.0,250000.0,250000.0,1047250.0,1723750.0,128.0210405941114,35.508536780100755
라마47a24a,48890450,대병면,13.0,250000.0,250000.0,1047250.0,1724250.0,128.02106971989852,35.51304493263515
라마47a24b,48890450,대병면,68.0,250000.0,250000.0,1047250.0,1724750.0,128.02109885215398,35.51755308177281
라마47a25a,48890450,대병면,38.0,250000.0,250000.0,1047250.0,1725250.0,128.0211279908791,35.522061227513554
라마47a25b,48890450,대병면,5.0,250000.0,250000.0,1047250.0,1725750.0,128.02115713607546,35.52656936985719
라마47a26a,48890450,대병면,,250000.0,250000.0,1047250.0,1726250.0,128.0211862877444,35.53107750880356
라마47a26b,48890450,대병면,,250000.0,250000.0,1047250.0,1726750.0,128.02121544588744,35.535585644352444
라마47a27a,48890450,대병면,,250000.0,250000.0,1047250.0,1727250.0,128.02124461050593,35.54009377650366
라마47a27b,48890450,대병면,8.0,250000.0,250000.0,1047250.0,1727750.0,128.0212737816014,35.544601905257046
라마47a28a,48890450,대병면,5.0,250000.0,250000.0,1047250.0,1728250.0,128.02130295917524,35.54911003061241
라마47a28b,48890450,대병면,,250000.0,250000.0,1047250.0,1728750.0,128.02133214322893,35.553618152569555
라마47a29a,48890450,대병면,,250000.0,250000.0,1047250.0,1729250.0,128.02136133376388,35.558126271128316
라마47a29b,48890460,용주면,,250000.0,250000.0,1047250.0,1729750.0,128.0213905307816,35.56263438628849
라마47a30a,48890310,봉산면,,250000.0,250000.0,1047250.0,1730250.0,128.02141973428346,35.5671424980499
라마47a30b,48890310,봉산면,,250000.0,250000.0,1047250.0,1730750.0,128.0214489442709,35.57165060641236
라마47a31a,48890310,봉산면,,250000.0,250000.0,1047250.0,1731250.0,128.02147816074546,35.5761587113757
라마47a31b,48890310,봉산면,,250000.0,250000.0,1047250.0,1731750.0,128.0215073837085,35.58066681293971
라마47a32a,48890310,봉산면,,250000.0,250000.0,1047250.0,1732250.0,128.02153661316152,35.58517491110424
라마47a32b,48890310,봉산면,,250000.0,250000.0,1047250.0,1732750.0,128.02156584910594,35.58968300586907
라마47a33a,48890310,봉산면,,250000.0,250000.0,1047250.0,1733250.0,128.02159509154322,35.594191097234045
라마47a33b,48890310,봉산면,18.0,250000.0,250000.0,1047250.0,1733750.0,128.0216243404748,35.59869918519896
라마47a34a,48890310,봉산면,23.0,250000.0,250000.0,1047250.0,1734250.0,128.02165359590214,35.60320726976365
라마47a34b,48890310,봉산면,8.0,250000.0,250000.0,1047250.0,1734750.0,128.02168285782668,35.60771535092791
라마47a35a,48890310,봉산면,53.0,250000.0,250000.0,1047250.0,1735250.0,128.02171212624987,35.612223428691586
라마47a35b,48890310,봉산면,,250000.0,250000.0,1047250.0,1735750.0,128.02174140117316,35.616731503054474
라마47a36a,48890310,봉산면,,250000.0,250000.0,1047250.0,1736250.0,128.02177068259803,35.62123957401638
라마47a36b,48890310,봉산면,,250000.0,250000.0,1047250.0,1736750.0,128.02179997052593,35.625747641577156
라마47a37a,48890310,봉산면,,250000.0,250000.0,1047250.0,1737250.0,128.02182926495826,35.630255705736595
라마47a37b,48890310,봉산면,,250000.0,250000.0,1047250.0,1737750.0,128.0218585658965,35.63476376649453
라마47a38a,48890310,봉산면,,250000.0,250000.0,1047250.0,1738250.0,128.02188787334217,35.639271823850734
라마47a38b,48890310,봉산면,,250000.0,250000.0,1047250.0,1738750.0,128.0219171872966,35.64377987780508
라마47a39a,48890310,봉산면,8.0,250000.0,228835.3580138811,1047250.0,1739250.0,128.02194650776136,35.648287928357355
라마47b14a,48890440,가회면,,250000.0,182480.45225848278,1047750.0,1714250.0,128.0259960392188,35.42285737352218
라마47b14b,48890440,가회면,,250000.0,244556.19548057183,1047750.0,1714750.0,128.02602534924742,35.427365586607465
라마47b15a,48890440,가회면,5.0,250000.0,250000.0,1047750.0,1715250.0,128.0260546657852,35.431873796299115
라마47b15b,48890440,가회면,8.0,250000.0,250000.0,1047750.0,1715750.0,128.0260839888336,35.436382002596936
라마47b16a,48890440,가회면,8.0,250000.0,250000.0,1047750.0,1716250.0,128.026113318394,35.44089020550076
라마47b16b,48890440,가회면,48.0,250000.0,250000.0,1047750.0,1716750.0,128.02614265446795,35.44539840501037
라마47b17a,48890440,가회면,38.0,250000.0,250000.0,1047750.0,1717250.0,128.0261719970568,35.449906601125626
라마47b17b,48890440,가회면,,250000.0,250000.0,1047750.0,1717750.0,128.02620134616208,35.4544147938463
라마47b18a,48890440,가회면,,250000.0,250000.0,1047750.0,1718250.0,128.02623070178518,35.45892298317222
라마47b18b,48890440,가회면,8.0,250000.0,250000.0,1047750.0,1718750.0,128.02626006392757,35.46343116910319
라마47b19a,48890440,가회면,5.0,250000.0,250000.0,1047750.0,1719250.0,128.02628943259072,35.46793935163905
라마47b19b,48890440,가회면,8.0,250000.0,250000.0,1047750.0,1719750.0,128.02631880777605,35.47244753077958
라마47b20a,48890440,가회면,,250000.0,250000.0,1047750.0,1720250.0,128.02634818948502,35.47695570652464
라마47b20b,48890440,가회면,13.0,250000.0,250000.0,1047750.0,1720750.0,128.02637757771907,35.481463878873996
라마47b21a,48890440,가회면,5.0,250000.0,250000.0,1047750.0,1721250.0,128.0264069724797,35.48597204782749
라마47b21b,48890440,가회면,8.0,250000.0,250000.0,1047750.0,1721750.0,128.02643637376832,35.49048021338492
라마47b22a,48890440,가회면,5.0,250000.0,250000.0,1047750.0,1722250.0,128.02646578158638,35.4949883755461
라마47b22b,48890450,대병면,,250000.0,250000.0,1047750.0,1722750.0,128.02649519593535,35.49949653431088
라마47b23a,48890450,대병면,58.0,250000.0,250000.0,1047750.0,1723250.0,128.0265246168167,35.504004689679036
라마47b23b,48890450,대병면,0.0,250000.0,250000.0,1047750.0,1723750.0,128.02655404423186,35.508512841650386
라마47b24a,48890450,대병면,,250000.0,250000.0,1047750.0,1724250.0,128.0265834781823,35.51302099022475
라마47b24b,48890450,대병면,,250000.0,250000.0,1047750.0,1724750.0,128.02661291866943,35.517529135401965
라마47b25a,48890450,대병면,38.0,250000.0,250000.0,1047750.0,1725250.0,128.02664236569473,35.5220372771818
라마47b25b,48890450,대병면,5.0,250000.0,250000.0,1047750.0,1725750.0,128.02667181925972,35.52654541556412
라마47b26a,48890450,대병면,,250000.0,250000.0,1047750.0,1726250.0,128.0267012793658,35.53105355054871
라마47b26b,48890450,대병면,5.0,250000.0,250000.0,1047750.0,1726750.0,128.02673074601438,35.535561682135395
라마47b27a,48890450,대병면,13.0,250000.0,250000.0,1047750.0,1727250.0,128.026760219207,35.54006981032399
라마47b27b,48890450,대병면,33.0,250000.0,250000.0,1047750.0,1727750.0,128.02678969894512,35.54457793511429
라마47b28a,48890450,대병면,5.0,250000.0,250000.0,1047750.0,1728250.0,128.02681918523012,35.54908605650614
라마47b28b,48890450,대병면,0.0,250000.0,250000.0,1047750.0,1728750.0,128.02684867806352,35.553594174499345
라마47b29a,48890450,대병면,,250000.0,250000.0,1047750.0,1729250.0,128.02687817744678,35.558102289093725
라마47b29b,48890460,용주면,,250000.0,250000.0,1047750.0,1729750.0,128.02690768338135,35.56261040028908
라마47b30a,48890460,용주면,,250000.0,250000.0,1047750.0,1730250.0,128.0269371958687,35.56711850808524
라마47b30b,48890310,봉산면,,250000.0,250000.0,1047750.0,1730750.0,128.02696671491026,35.571626612482
라마47b31a,48890310,봉산면,,250000.0,250000.0,1047750.0,1731250.0,128.02699624050751,35.576134713479206
라마47b31b,48890310,봉산면,,250000.0,250000.0,1047750.0,1731750.0,128.02702577266194,35.58064281107666
라마47b32a,48890310,봉산면,,250000.0,250000.0,1047750.0,1732250.0,128.02705531137497,35.58515090527418
라마47b32b,48890310,봉산면,,250000.0,250000.0,1047750.0,1732750.0,128.0270848566481,35.58965899607157
라마47b33a,48890310,봉산면,,250000.0,250000.0,1047750.0,1733250.0,128.02711440848276,35.59416708346867
라마47b33b,48890310,봉산면,0.0,250000.0,250000.0,1047750.0,1733750.0,128.02714396688043,35.598675167465274
라마47b34a,48890310,봉산면,,250000.0,250000.0,1047750.0,1734250.0,128.0271735318426,35.603183248061214
라마47b34b,48890310,봉산면,,250000.0,250000.0,1047750.0,1734750.0,128.0272031033707,35.60769132525628
라마47b35a,48890310,봉산면,18.0,250000.0,250000.0,1047750.0,1735250.0,128.02723268146622,35.61219939905033
라마47b35b,48890310,봉산면,5.0,250000.0,250000.0,1047750.0,1735750.0,128.02726226613058,35.61670746944315
라마47b36a,48890310,봉산면,,250000.0,250000.0,1047750.0,1736250.0,128.02729185736533,35.62121553643457
라마47b36b,48890310,봉산면,,250000.0,250000.0,1047750.0,1736750.0,128.02732145517186,35.625723600024386
라마47b37a,48890310,봉산면,,250000.0,250000.0,1047750.0,1737250.0,128.02735105955168,35.63023166021245
라마47b37b,48890310,봉산면,5.0,250000.0,250000.0,1047750.0,1737750.0,128.02738067050623,35.63473971699856
라마47b38a,48890310,봉산면,13.0,250000.0,250000.0,1047750.0,1738250.0,128.02741028803703,35.639247770382525
라마47b38b,48890310,봉산면,5.0,250000.0,250000.0,1047750.0,1738750.0,128.0274399121455,35.64375582036418
라마47b39a,48890310,봉산면,0.0,250000.0,250000.0,1047750.0,1739250.0,128.02746954283316,35.64826386694332
라마47b39b,48890310,봉산면,,250000.0,191849.38124052138,1047750.0,1739750.0,128.0274991801014,35.65277191011977
라마48a13b,48890440,가회면,73.0,250000.0,212421.8954085774,1048250.0,1713750.0,128.03147403039347,35.418325046582005
라마48a14a,48890440,가회면,5.0,250000.0,250000.0,1048250.0,1714250.0,128.03150364071078,35.422833259067815
라마48a14b,48890440,가회면,38.0,250000.0,250000.0,1048250.0,1714750.0,128.0315332576039,35.42734146815973
라마48a15a,48890440,가회면,18.0,250000.0,250000.0,1048250.0,1715250.0,128.03156288107436,35.43184967385758
라마48a15b,48890440,가회면,226.0,250000.0,250000.0,1048250.0,1715750.0,128.0315925111236,35.43635787616116
라마48a16a,48890440,가회면,,250000.0,250000.0,1048250.0,1716250.0,128.031622147753,35.44086607507029
라마48a16b,48890440,가회면,8.0,250000.0,250000.0,1048250.0,1716750.0,128.03165179096413,35.4453742705848
라마48a17a,48890440,가회면,23.0,250000.0,250000.0,1048250.0,1717250.0,128.03168144075843,35.44988246270449
라마48a17b,48890440,가회면,,250000.0,250000.0,1048250.0,1717750.0,128.0317110971373,35.454390651429165
라마48a18a,48890440,가회면,,250000.0,250000.0,1048250.0,1718250.0,128.03174076010225,35.45889883675866
라마48a18b,48890440,가회면,13.0,250000.0,250000.0,1048250.0,1718750.0,128.03177042965476,35.46340701869274
라마48a19a,48890440,가회면,13.0,250000.0,250000.0,1048250.0,1719250.0,128.03180010579626,35.46791519723131
라마48a19b,48890440,가회면,,250000.0,250000.0,1048250.0,1719750.0,128.0318297885282,35.47242337237409
라마48a20a,48890440,가회면,,250000.0,250000.0,1048250.0,1720250.0,128.03185947785212,35.47693154412095
라마48a20b,48890440,가회면,,250000.0,250000.0,1048250.0,1720750.0,128.03188917376943,35.48143971247168
라마48a21a,48890440,가회면,23.0,250000.0,250000.0,1048250.0,1721250.0,128.03191887628165,35.485947877426106
라마48a21b,48890450,대병면,,250000.0,250000.0,1048250.0,1721750.0,128.03194858539015,35.490456038984036
라마48a22a,48890450,대병면,,250000.0,250000.0,1048250.0,1722250.0,128.0319783010965,35.494964197145286
라마48a22b,48890450,대병면,18.0,250000.0,250000.0,1048250.0,1722750.0,128.0320080234021,35.499472351909674
라마48a23a,48890450,대병면,33.0,250000.0,250000.0,1048250.0,1723250.0,128.03203775230847,35.503980503277
라마48a23b,48890450,대병면,8.0,250000.0,250000.0,1048250.0,1723750.0,128.03206748781702,35.50848865124709
라마48a24a,48890450,대병면,,250000.0,250000.0,1048250.0,1724250.0,128.0320972299293,35.51299679581975
라마48a24b,48890450,대병면,,250000.0,250000.0,1048250.0,1724750.0,128.0321269786467,35.517504936994825
라마48a25a,48890450,대병면,28.0,250000.0,250000.0,1048250.0,1725250.0,128.03215673397074,35.52201307477209
라마48a25b,48890450,대병면,5.0,250000.0,250000.0,1048250.0,1725750.0,128.03218649590286,35.52652120915139
라마48a26a,48890450,대병면,,250000.0,250000.0,1048250.0,1726250.0,128.03221626444457,35.53102934013251
라마48a26b,48890450,대병면,,250000.0,250000.0,1048250.0,1726750.0,128.03224603959734,35.5355374677153
라마48a27a,48890450,대병면,,250000.0,250000.0,1048250.0,1727250.0,128.03227582136262,35.54004559189955
라마48a27b,48890450,대병면,8.0,250000.0,250000.0,1048250.0,1727750.0,128.03230560974188,35.544553712685065
라마48a28a,48890460,용주면,13.0,250000.0,250000.0,1048250.0,1728250.0,128.03233540473659,35.5490618300717
라마48a28b,48890460,용주면,,250000.0,250000.0,1048250.0,1728750.0,128.03236520634826,35.55356994405924
라마48a29a,48890460,용주면,,250000.0,250000.0,1048250.0,1729250.0,128.03239501457838,35.5580780546475
라마48a29b,48890310,봉산면,,250000.0,250000.0,1048250.0,1729750.0,128.03242482942835,35.562586161836315
라마48a30a,48890310,봉산면,,250000.0,250000.0,1048250.0,1730250.0,128.03245465089972,35.56709426562549
라마48a30b,48890310,봉산면,,250000.0,250000.0,1048250.0,1730750.0,128.0324844789939,35.57160236601483
라마48a31a,48890310,봉산면,,250000.0,250000.0,1048250.0,1731250.0,128.03251431371243,35.57611046300416
라마48a31b,48890310,봉산면,,250000.0,250000.0,1048250.0,1731750.0,128.03254415505674,35.58061855659331
라마48a32a,48890310,봉산면,,250000.0,250000.0,1048250.0,1732250.0,128.03257400302834,35.58512664678207
라마48a32b,48890310,봉산면,,250000.0,250000.0,1048250.0,1732750.0,128.0326038576287,35.58963473357027
라마48a33a,48890310,봉산면,,250000.0,250000.0,1048250.0,1733250.0,128.0326337188593,35.59414281695773
라마48a33b,48890310,봉산면,,250000.0,250000.0,1048250.0,1733750.0,128.0326635867216,35.59865089694426
라마48a34a,48890310,봉산면,,250000.0,250000.0,1048250.0,1734250.0,128.03269346121712,35.603158973529666
라마48a34b,48890310,봉산면,,250000.0,250000.0,1048250.0,1734750.0,128.03272334234734,35.60766704671379
라마48a35a,48890310,봉산면,,250000.0,250000.0,1048250.0,1735250.0,128.03275323011368,35.612175116496424
라마48a35b,48890310,봉산면,8.0,250000.0,250000.0,1048250.0,1735750.0,128.0327831245177,35.616683182877395
라마48a36a,48890310,봉산면,,250000.0,250000.0,1048250.0,1736250.0,128.03281302556078,35.62119124585653
라마48a36b,48890310,봉산면,,250000.0,250000.0,1048250.0,1736750.0,128.03284293324452,35.62569930543362
라마48a37a,48890310,봉산면,,250000.0,250000.0,1048250.0,1737250.0,128.0328728475704,35.6302073616085
라마48a37b,48890310,봉산면,0.0,250000.0,250000.0,1048250.0,1737750.0,128.03290276853977,35.63471541438099
라마48a38a,48890310,봉산면,28.0,250000.0,250000.0,1048250.0,1738250.0,128.03293269615423,35.639223463750895
라마48a38b,48890310,봉산면,8.0,250000.0,250000.0,1048250.0,1738750.0,128.03296263041526,35.64373150971804
라마48a39a,48890310,봉산면,5.0,250000.0,250000.0,1048250.0,1739250.0,128.03299257132431,35.648239552282234
라마48a39b,48890310,봉산면,,250000.0,250000.0,1048250.0,1739750.0,128.03302251888286,35.65274759144329
라마48b13b,48890440,가회면,5.0,250000.0,223928.71270433246,1048750.0,1713750.0,128.03698131851465,35.418300685001185
라마48b14a,48890440,가회면,13.0,250000.0,250000.0,1048750.0,1714250.0,128.0370112356269,35.42280889345249
라마48b14b,48890440,가회면,,250000.0,250000.0,1048750.0,1714750.0,128.0370411593831,35.42731709850945
라마48b15a,48890440,가회면,13.0,250000.0,250000.0,1048750.0,1715250.0,128.0370710897848,35.431825300171894
라마48b15b,48890440,가회면,48.0,250000.0,250000.0,1048750.0,1715750.0,128.0371010268334,35.43633349843964
라마48b16a,48890440,가회면,5.0,250000.0,250000.0,1048750.0,1716250.0,128.03713097053037,35.44084169331248
라마48b16b,48890440,가회면,8.0,250000.0,250000.0,1048750.0,1716750.0,128.0371609208772,35.44534988479026
라마48b17a,48890440,가회면,28.0,250000.0,250000.0,1048750.0,1717250.0,128.03719087787542,35.44985807287277
라마48b17b,48890440,가회면,5.0,250000.0,250000.0,1048750.0,1717750.0,128.03722084152645,35.45436625755984
라마48b18a,48890440,가회면,,250000.0,250000.0,1048750.0,1718250.0,128.0372508118318,35.458874438851275
라마48b18b,48890440,가회면,,250000.0,250000.0,1048750.0,1718750.0,128.0372807887929,35.46338261674688
라마48b19a,48890440,가회면,33.0,250000.0,250000.0,1048750.0,1719250.0,128.0373107724113,35.46789079124648
라마48b19b,48890440,가회면,8.0,250000.0,250000.0,1048750.0,1719750.0,128.03734076268844,35.472398962349885
라마48b20a,48890440,가회면,5.0,250000.0,250000.0,1048750.0,1720250.0,128.03737075962584,35.47690713005692
라마48b20b,48890440,가회면,5.0,250000.0,250000.0,1048750.0,1720750.0,128.03740076322492,35.48141529436738
라마48b21a,48890440,가회면,5.0,250000.0,250000.0,1048750.0,1721250.0,128.03743077348722,35.485923455281096
라마48b21b,48890450,대병면,0.0,250000.0,250000.0,1048750.0,1721750.0,128.03746079041417,35.490431612797856
라마48b22a,48890450,대병면,13.0,250000.0,250000.0,1048750.0,1722250.0,128.03749081400733,35.494939766917504
라마48b22b,48890450,대병면,8.0,250000.0,250000.0,1048750.0,1722750.0,128.0375208442681,35.49944791763985
라마48b23a,48890450,대병면,13.0,250000.0,250000.0,1048750.0,1723250.0,128.037550881198,35.50395606496468
라마48b23b,48890450,대병면,33.0,250000.0,250000.0,1048750.0,1723750.0,128.0375809247985,35.508464208891844
라마48b24a,48890450,대병면,,250000.0,250000.0,1048750.0,1724250.0,128.03761097507115,35.51297234942114
라마48b24b,48890450,대병면,,250000.0,250000.0,1048750.0,1724750.0,128.03764103201732,35.51748048655238
라마48b25a,48890450,대병면,0.0,250000.0,250000.0,1048750.0,1725250.0,128.03767109563861,35.52198862028538
라마48b25b,48890450,대병면,0.0,250000.0,250000.0,1048750.0,1725750.0,128.03770116593645,35.52649675061997
라마48b26a,48890450,대병면,13.0,250000.0,250000.0,1048750.0,1726250.0,128.03773124291234,35.53100487755593
라마48b26b,48890450,대병면,5.0,250000.0,250000.0,1048750.0,1726750.0,128.0377613265678,35.53551300109312
라마48b27a,48890450,대병면,,250000.0,250000.0,1048750.0,1727250.0,128.0377914169042,35.540021121231305
라마48b27b,48890450,대병면,,250000.0,250000.0,1048750.0,1727750.0,128.0378215139232,35.54452923797035
라마48b28a,48890460,용주면,8.0,250000.0,250000.0,1048750.0,1728250.0,128.03785161762616,35.54903735131004
라마48b28b,48890460,용주면,5.0,250000.0,250000.0,1048750.0,1728750.0,128.0378817280146,35.553545461250195
라마48b29a,48890460,용주면,,250000.0,250000.0,1048750.0,1729250.0,128.03791184509006,35.55805356779064
라마48b29b,48890310,봉산면,,250000.0,250000.0,1048750.0,1729750.0,128.03794196885397,35.56256167093119
라마48b30a,48890310,봉산면,,250000.0,250000.0,1048750.0,1730250.0,128.0379720993079,35.56706977067163
라마48b30b,48890310,봉산면,,250000.0,250000.0,1048750.0,1730750.0,128.03800223645322,35.571577867011804
라마48b31a,48890310,봉산면,,250000.0,250000.0,1048750.0,1731250.0,128.03803238029153,35.57608595995154
라마48b31b,48890310,봉산면,,250000.0,250000.0,1048750.0,1731750.0,128.03806253082428,35.580594049490614
라마48b32a,48890310,봉산면,,250000.0,250000.0,1048750.0,1732250.0,128.03809268805296,35.58510213562889
라마48b32b,48890310,봉산면,,250000.0,250000.0,1048750.0,1732750.0,128.03812285197907,35.58961021836614
라마48b33a,48890310,봉산면,,250000.0,250000.0,1048750.0,1733250.0,128.03815302260412,35.59411829770221
라마48b33b,48890310,봉산면,,250000.0,250000.0,1048750.0,1733750.0,128.0381831999296,35.598626373636876
라마48b34a,48890310,봉산면,8.0,250000.0,250000.0,1048750.0,1734250.0,128.038213383957,35.60313444617
라마48b34b,48890310,봉산면,18.0,250000.0,250000.0,1048750.0,1734750.0,128.03824357468778,35.607642515301386
라마48b35a,48890310,봉산면,8.0,250000.0,250000.0,1048750.0,1735250.0,128.03827377212352,35.61215058103084
라마48b35b,48890310,봉산면,,250000.0,250000.0,1048750.0,1735750.0,128.03830397626564,35.616658643358186
라마48b36a,48890310,봉산면,13.0,250000.0,250000.0,1048750.0,1736250.0,128.03833418711568,35.62116670228323
라마48b36b,48890310,봉산면,18.0,250000.0,250000.0,1048750.0,1736750.0,128.03836440467512,35.6256747578058
라마48b37a,48890310,봉산면,,250000.0,250000.0,1048750.0,1737250.0,128.03839462894547,35.63018280992571
라마48b37b,48890310,봉산면,,250000.0,250000.0,1048750.0,1737750.0,128.03842485992823,35.634690858642784
라마48b38a,48890310,봉산면,0.0,250000.0,250000.0,1048750.0,1738250.0,128.03845509762488,35.63919890395681
라마48b38b,48890310,봉산면,,250000.0,250000.0,1048750.0,1738750.0,128.03848534203698,35.64370694586764
라마48b39a,48890310,봉산면,,250000.0,250000.0,1048750.0,1739250.0,128.03851559316595,35.64821498437507
라마48b39b,48890310,봉산면,,250000.0,250000.0,1048750.0,1739750.0,128.03854585101334,35.65272301947892
라마48b40a,48890310,봉산면,,250000.0,193843.5715853251,1048750.0,1740250.0,128.03857611558064,35.65723105117902
라마48b54a,48890330,가야면,,250000.0,204801.649238083,1048750.0,1754250.0,128.03942625786408,35.78345455611521
라마48b54b,48890330,가야면,5.0,250000.0,244539.29763359908,1048750.0,1754750.0,128.03945671796458,35.78796248902709
라마49a14a,48890440,가회면,,250000.0,250000.0,1049250.0,1714250.0,128.04251882389906,35.42278427667718
라마49a14b,48890440,가회면,,250000.0,250000.0,1049250.0,1714750.0,128.0425490545169,35.42729247765758
라마49a15a,48890440,가회면,5.0,250000.0,250000.0,1049250.0,1715250.0,128.0425792918483,35.43180067524303
라마49a15b,48890440,가회면,,250000.0,250000.0,1049250.0,1715750.0,128.04260953589477,35.43630886943333
라마49a16a,48890440,가회면,,250000.0,250000.0,1049250.0,1716250.0,128.04263978665782,35.4408170602283
라마49a16b,48890440,가회면,18.0,250000.0,250000.0,1049250.0,1716750.0,128.04267004413893,35.44532524762773
라마49a17a,48890440,가회면,,250000.0,250000.0,1049250.0,1717250.0,128.0427003083396,35.44983343163146
라마49a17b,48890440,가회면,13.0,250000.0,250000.0,1049250.0,1717750.0,128.0427305792613,35.4543416122393
라마49a18a,48890440,가회면,,250000.0,250000.0,1049250.0,1718250.0,128.04276085690555,35.45884978945106
라마49a18b,48890440,가회면,,250000.0,250000.0,1049250.0,1718750.0,128.04279114127382,35.46335796326654
라마49a19a,48890440,가회면,,250000.0,250000.0,1049250.0,1719250.0,128.04282143236765,35.46786613368557
라마49a19b,48890440,가회면,,250000.0,250000.0,1049250.0,1719750.0,128.0428517301885,35.472374300707955
라마49a20a,48890440,가회면,5.0,250000.0,250000.0,1049250.0,1720250.0,128.04288203473783,35.47688246433352
라마49a20b,48890440,가회면,,250000.0,250000.0,1049250.0,1720750.0,128.04291234601723,35.48139062456207
라마49a21a,48890440,가회면,13.0,250000.0,250000.0,1049250.0,1721250.0,128.04294266402815,35.48589878139341
라마49a21b,48890450,대병면,13.0,250000.0,250000.0,1049250.0,1721750.0,128.04297298877205,35.49040693482737
라마49a22a,48890450,대병면,,250000.0,250000.0,1049250.0,1722250.0,128.0430033202505,35.49491508486375
라마49a22b,48890450,대병면,,250000.0,250000.0,1049250.0,1722750.0,128.04303365846496,35.499423231502384
라마49a23a,48890450,대병면,8.0,250000.0,250000.0,1049250.0,1723250.0,128.0430640034169,35.50393137474306
라마49a23b,48890450,대병면,18.0,250000.0,250000.0,1049250.0,1723750.0,128.0430943551079,35.508439514585625
라마49a24a,48890450,대병면,33.0,250000.0,250000.0,1049250.0,1724250.0,128.04312471353938,35.51294765102986
라마49a24b,48890450,대병면,18.0,250000.0,250000.0,1049250.0,1724750.0,128.0431550787129,35.5174557840756
라마49a25a,48890450,대병면,5.0,250000.0,250000.0,1049250.0,1725250.0,128.04318545062995,35.521963913722644
라마49a25b,48890450,대병면,5.0,250000.0,250000.0,1049250.0,1725750.0,128.043215829292,35.52647203997083
라마49a26a,48890450,대병면,,250000.0,250000.0,1049250.0,1726250.0,128.0432462147006,35.53098016281995
라마49a26b,48890450,대병면,,250000.0,250000.0,1049250.0,1726750.0,128.04327660685718,35.53548828226983
라마49a27a,48890450,대병면,5.0,250000.0,250000.0,1049250.0,1727250.0,128.04330700576332,35.53999639832028
라마49a27b,48890450,대병면,,250000.0,250000.0,1049250.0,1727750.0,128.04333741142048,35.54450451097111
라마49a28a,48890450,대병면,5.0,250000.0,250000.0,1049250.0,1728250.0,128.0433678238302,35.54901262022215
라마49a28b,48890460,용주면,8.0,250000.0,250000.0,1049250.0,1728750.0,128.04339824299396,35.553520726073224
라마49a29a,48890460,용주면,,250000.0,250000.0,1049250.0,1729250.0,128.0434286689133,35.5580288285241
라마49a29b,48890460,용주면,,250000.0,250000.0,1049250.0,1729750.0,128.04345910158966,35.56253692757464
라마49a30a,48890310,봉산면,,250000.0,250000.0,1049250.0,1730250.0,128.04348954102457,35.56704502322465
라마49a30b,48890310,봉산면,,250000.0,250000.0,1049250.0,1730750.0,128.04351998721958,35.57155311547392
라마49a31a,48890310,봉산면,,250000.0,250000.0,1049250.0,1731250.0,128.04355044017618,35.5760612043223
라마49a31b,48890310,봉산면,,250000.0,250000.0,1049250.0,1731750.0,128.04358089989586,35.58056928976958
라마49a32a,48890310,봉산면,,250000.0,250000.0,1049250.0,1732250.0,128.04361136638013,35.58507737181559
라마49a32b,48890310,봉산면,,250000.0,250000.0,1049250.0,1732750.0,128.0436418396305,35.589585450460135
라마49a33a,48890310,봉산면,,250000.0,250000.0,1049250.0,1733250.0,128.04367231964852,35.59409352570305
라마49a33b,48890310,봉산면,,250000.0,250000.0,1049250.0,1733750.0,128.04370280643562,35.598601597544125
라마49a34a,48890310,봉산면,,250000.0,250000.0,1049250.0,1734250.0,128.04373329999342,35.60310966598319
라마49a34b,48890310,봉산면,8.0,250000.0,250000.0,1049250.0,1734750.0,128.04376380032332,35.607617731020056
라마49a35a,48890310,봉산면,5.0,250000.0,250000.0,1049250.0,1735250.0,128.0437943074269,35.61212579265455
라마49a35b,48890310,봉산면,5.0,250000.0,250000.0,1049250.0,1735750.0,128.0438248213057,35.61663385088649
라마49a36a,48890310,봉산면,,250000.0,250000.0,1049250.0,1736250.0,128.04385534196112,35.62114190571567
라마49a36b,48890310,봉산면,118.0,250000.0,250000.0,1049250.0,1736750.0,128.04388586939479,35.62564995714193
라마49a37a,48890310,봉산면,38.0,250000.0,250000.0,1049250.0,1737250.0,128.04391640360816,35.630158005165065
라마49a37b,48890310,봉산면,,250000.0,250000.0,1049250.0,1737750.0,128.0439469446028,35.63466604978492
라마49a38a,48890310,봉산면,,250000.0,250000.0,1049250.0,1738250.0,128.04397749238015,35.63917409100128
라마49a38b,48890310,봉산면,,250000.0,250000.0,1049250.0,1738750.0,128.04400804694177,35.64368212881398
라마49a39a,48890310,봉산면,,250000.0,250000.0,1049250.0,1739250.0,128.04403860828918,35.64819016322283
라마49a39b,48890310,봉산면,,250000.0,250000.0,1049250.0,1739750.0,128.04406917642387,35.65269819422765
라마49a40a,48890310,봉산면,,250000.0,250000.0,1049250.0,1740250.0,128.0440997513474,35.65720622182827
라마49a50b,48890330,가야면,,250000.0,90398.14256409618,1049250.0,1750750.0,128.04474339565104,35.7518740147447
라마49a54a,48890330,가야면,,250000.0,250000.0,1049250.0,1754250.0,128.04495861164318,35.78342961179455
라마49a54b,48890330,가야면,5.0,250000.0,250000.0,1049250.0,1754750.0,128.0449893841049,35.78793754059375
라마49a55a,48890330,가야면,5.0,250000.0,214855.5999759411,1049250.0,1755250.0,128.04502016340118,35.79244546598328
라마49b13b,48890440,가회면,,250000.0,210227.36231192396,1049750.0,1713750.0,128.04799587476143,35.41825120848535
라마49b14a,48890440,가회면,,250000.0,250000.0,1049750.0,1714250.0,128.04802640545913,35.42275940874285
라마49b14b,48890440,가회면,,250000.0,250000.0,1049750.0,1714750.0,128.04805694293705,35.42726760560512
라마49b15a,48890440,가회면,,250000.0,250000.0,1049750.0,1715250.0,128.0480874871967,35.43177579907198
라마49b15b,48890440,가회면,,250000.0,250000.0,1049750.0,1715750.0,128.04811803823958,35.43628398914324
라마49b16a,48890440,가회면,13.0,250000.0,250000.0,1049750.0,1716250.0,128.04814859606722,35.44079217581871
라마49b16b,48890440,가회면,5.0,250000.0,250000.0,1049750.0,1716750.0,128.0481791606811,35.445300359098205
라마49b17a,48890440,가회면,,250000.0,250000.0,1049750.0,1717250.0,128.0482097320827,35.44980853898155
라마49b17b,48890440,가회면,18.0,250000.0,250000.0,1049750.0,1717750.0,128.0482403102736,35.45431671546853
라마49b18a,48890440,가회면,,250000.0,250000.0,1049750.0,1718250.0,128.04827089525526,35.45882488855899
라마49b18b,48890440,가회면,,250000.0,250000.0,1049750.0,1718750.0,128.0483014870292,35.463333058252715
라마49b19a,48890440,가회면,,250000.0,250000.0,1049750.0,1719250.0,128.0483320855969,35.467841224549545
라마49b19b,48890440,가회면,,250000.0,250000.0,1049750.0,1719750.0,128.04836269095998,35.47234938744928
라마49b20a,48890440,가회면,,250000.0,250000.0,1049750.0,1720250.0,128.0483933031198,35.47685754695174
라마49b20b,48890440,가회면,,250000.0,250000.0,1049750.0,1720750.0,128.048423922078,35.481365703056724
라마49b21a,48890440,가회면,5.0,250000.0,250000.0,1049750.0,1721250.0,128.04845454783603,35.485873855764055
라마49b21b,48890440,가회면,,250000.0,250000.0,1049750.0,1721750.0,128.0484851803954,35.49038200507355
라마49b22a,48890450,대병면,,250000.0,250000.0,1049750.0,1722250.0,128.04851581975768,35.494890150985015
라마49b22b,48890450,대병면,0.0,250000.0,250000.0,1049750.0,1722750.0,128.0485464659243,35.499398293498274
라마49b23a,48890450,대병면,5.0,250000.0,250000.0,1049750.0,1723250.0,128.04857711889682,35.50390643261313
라마49b23b,48890450,대병면,23.0,250000.0,250000.0,1049750.0,1723750.0,128.04860777867677,35.50841456832941
라마49b24a,48890450,대병면,18.0,250000.0,250000.0,1049750.0,1724250.0,128.04863844526565,35.51292270064691
라마49b24b,48890450,대병면,18.0,250000.0,250000.0,1049750.0,1724750.0,128.04866911866498,35.51743082956547
라마49b25a,48890450,대병면,33.0,250000.0,250000.0,1049750.0,1725250.0,128.04869979887624,35.52193895508488
라마49b25b,48890450,대병면,8.0,250000.0,250000.0,1049750.0,1725750.0,128.04873048590102,35.52644707720497
라마49b26a,48890450,대병면,,250000.0,250000.0,1049750.0,1726250.0,128.04876117974078,35.53095519592554
라마49b26b,48890450,대병면,,250000.0,250000.0,1049750.0,1726750.0,128.0487918803971,35.535463311246424
라마49b27a,48890450,대병면,,250000.0,250000.0,1049750.0,1727250.0,128.04882258787137,35.53997142316742
라마49b27b,48890450,대병면,33.0,250000.0,250000.0,1049750.0,1727750.0,128.04885330216527,35.544479531688346
라마49b28a,48890450,대병면,,250000.0,250000.0,1049750.0,1728250.0,128.04888402328024,35.54898763680903
라마49b28b,48890460,용주면,5.0,250000.0,250000.0,1049750.0,1728750.0,128.04891475121775,35.553495738529264
라마49b29a,48890460,용주면,5.0,250000.0,250000.0,1049750.0,1729250.0,128.04894548597943,35.55800383684888
라마49b29b,48890460,용주면,,250000.0,250000.0,1049750.0,1729750.0,128.04897622756675,35.5625119317677
라마49b30a,48890310,봉산면,,250000.0,250000.0,1049750.0,1730250.0,128.0490069759812,35.56702002328552
라마49b30b,48890310,봉산면,,250000.0,250000.0,1049750.0,1730750.0,128.04903773122436,35.57152811140216
라마49b31a,48890310,봉산면,,250000.0,250000.0,1049750.0,1731250.0,128.0490684932977,35.57603619611744
라마49b31b,48890310,봉산면,,250000.0,250000.0,1049750.0,1731750.0,128.04909926220284,35.58054427743118
라마49b32a,48890310,봉산면,,250000.0,250000.0,1049750.0,1732250.0,128.04913003794118,35.585052355343194
라마49b32b,48890310,봉산면,,250000.0,250000.0,1049750.0,1732750.0,128.04916082051432,35.58956042985328
라마49b33a,48890310,봉산면,,250000.0,250000.0,1049750.0,1733250.0,128.04919160992378,35.59406850096127
라마49b33b,48890310,봉산면,,250000.0,250000.0,1049750.0,1733750.0,128.04922240617105,35.59857656866697
라마49b34a,48890310,봉산면,,250000.0,250000.0,1049750.0,1734250.0,128.0492532092577,35.60308463297022
라마49b34b,48890310,봉산면,,250000.0,250000.0,1049750.0,1734750.0,128.04928401918522,35.607592693870814
라마49b35a,48890310,봉산면,,250000.0,250000.0,1049750.0,1735250.0,128.04931483595516,35.612100751368565
라마49b35b,48890310,봉산면,5.0,250000.0,250000.0,1049750.0,1735750.0,128.04934565956904,35.6166088054633
라마49b36a,48890310,봉산면,8.0,250000.0,250000.0,1049750.0,1736250.0,128.04937649002838,35.62111685615483
라마49b36b,48890310,봉산면,,250000.0,250000.0,1049750.0,1736750.0,128.04940732733473,35.625624903442976
라마49b37a,48890310,봉산면,,250000.0,250000.0,1049750.0,1737250.0,128.04943817148964,35.63013294732755
라마49b37b,48890310,봉산면,5.0,250000.0,250000.0,1049750.0,1737750.0,128.0494690224946,35.63464098780839
라마49b38a,48890310,봉산면,33.0,250000.0,250000.0,1049750.0,1738250.0,128.04949988035114,35.63914902488527
라마49b38b,48890310,봉산면,,250000.0,250000.0,1049750.0,1738750.0,128.0495307450608,35.643657058558034
라마49b39a,48890310,봉산면,,250000.0,250000.0,1049750.0,1739250.0,128.0495616166251,35.6481650888265
라마49b39b,48890310,봉산면,,250000.0,250000.0,1049750.0,1739750.0,128.0495924950456,35.652673115690476
라마49b40a,48890310,봉산면,,250000.0,250000.0,1049750.0,1740250.0,128.04962338032385,35.65718113914978
라마49b40b,48890310,봉산면,,250000.0,250000.0,1049750.0,1740750.0,128.04965427246134,35.661689159204236
라마49b41a,48890310,봉산면,,250000.0,250000.0,1049750.0,1741250.0,128.04968517145957,35.66619717585364
라마49b41b,48890310,봉산면,,250000.0,250000.0,1049750.0,1741750.0,128.04971607732017,35.67070518909784
라마49b42a,48890310,봉산면,,250000.0,197745.59612875746,1049750.0,1742250.0,128.04974699004464,35.675213198936625
라마49b50b,48890330,가야면,,250000.0,249915.98728054247,1049750.0,1750750.0,128.0502735580205,35.751848844992864
라마49b51a,48890330,가야면,,250000.0,208090.08324206926,1049750.0,1751250.0,128.05030459455753,35.75635679350325
라마49b52a,48890330,가야면,,250000.0,138197.8529627101,1049750.0,1752250.0,128.05036668831244,35.765372680297276
라마49b52b,48890330,가야면,,250000.0,170010.5570781026,1049750.0,1752750.0,128.05039774553345,35.769880618580544
라마49b53b,48890330,가야면,,250000.0,205720.6268740103,1049750.0,1753750.0,128.0504598806703,35.7788964849187
라마49b54a,48890330,가야면,5.0,250000.0,250000.0,1049750.0,1754250.0,128.05049095858922,35.7834044129732
라마49b54b,48890330,가야면,18.0,250000.0,250000.0,1049750.0,1754750.0,128.0505220434106,35.787912337617776
라마49b55a,48890330,가야면,,250000.0,250000.0,1049750.0,1755250.0,128.0505531351359,35.79242025885222
라마49b55b,48890330,가야면,,250000.0,234761.49459641648,1049750.0,1755750.0,128.05058423376676,35.79692817667636
라마49b56a,48890330,가야면,5.0,250000.0,163733.0441778296,1049750.0,1756250.0,128.0506153393046,35.80143609109001
라마50a13b,48890430,삼가면,,250000.0,196433.1073914138,1050250.0,1713750.0,128.0535031427508,35.41822609355228
라마50a14a,48890430,삼가면,,250000.0,250000.0,1050250.0,1714250.0,128.053533980239,35.422734289650506
라마50a14b,48890440,가회면,,250000.0,250000.0,1050250.0,1714750.0,128.05356482457552,35.42724248235305
라마50a15a,48890440,가회면,,250000.0,250000.0,1050250.0,1715250.0,128.0535956757619,35.43175067165973
라마50a15b,48890440,가회면,5.0,250000.0,250000.0,1050250.0,1715750.0,128.0536265337997,35.43625885757035
라마50a16a,48890440,가회면,43.0,250000.0,250000.0,1050250.0,1716250.0,128.05365739869038,35.440767040084715
라마50a16b,48890440,가회면,,250000.0,250000.0,1050250.0,1716750.0,128.0536882704355,35.445275219202664
라마50a17a,48890440,가회면,,250000.0,250000.0,1050250.0,1717250.0,128.05371914903657,35.449783394924005
라마50a17b,48890440,가회면,0.0,250000.0,250000.0,1050250.0,1717750.0,128.05375003449512,35.454291567248525
라마50a18a,48890440,가회면,,250000.0,250000.0,1050250.0,1718250.0,128.05378092681266,35.45879973617606
라마50a18b,48890440,가회면,,250000.0,250000.0,1050250.0,1718750.0,128.05381182599078,35.463307901706415
라마50a19a,48890440,가회면,8.0,250000.0,250000.0,1050250.0,1719250.0,128.05384273203092,35.46781606383941
라마50a19b,48890440,가회면,28.0,250000.0,250000.0,1050250.0,1719750.0,128.05387364493464,35.47232422257485
라마50a20a,48890440,가회면,,250000.0,250000.0,1050250.0,1720250.0,128.05390456470346,35.476832377912565
라마50a20b,48890440,가회면,,250000.0,250000.0,1050250.0,1720750.0,128.05393549133893,35.481340529852346
라마50a21a,48890440,가회면,28.0,250000.0,250000.0,1050250.0,1721250.0,128.05396642484257,35.48584867839403
라마50a21b,48890440,가회면,,250000.0,250000.0,1050250.0,1721750.0,128.0539973652159,35.49035682353739
라마50a22a,48890460,용주면,,250000.0,250000.0,1050250.0,1722250.0,128.05402831246045,35.49486496528228
라마50a22b,48890450,대병면,,250000.0,250000.0,1050250.0,1722750.0,128.05405926657772,35.4993731036285
라마50a23a,48890450,대병면,13.0,250000.0,250000.0,1050250.0,1723250.0,128.0540902275693,35.503881238575886
라마50a23b,48890450,대병면,18.0,250000.0,250000.0,1050250.0,1723750.0,128.05412119543672,35.508389370124206
라마50a24a,48890450,대병면,8.0,250000.0,250000.0,1050250.0,1724250.0,128.05415217018145,35.512897498273304
라마50a24b,48890450,대병면,0.0,250000.0,250000.0,1050250.0,1724750.0,128.05418315180506,35.51740562302299
라마50a25a,48890450,대병면,8.0,250000.0,250000.0,1050250.0,1725250.0,128.05421414030906,35.52191374437308
라마50a25b,48890450,대병면,33.0,250000.0,250000.0,1050250.0,1725750.0,128.05424513569506,35.526421862323375
라마50a26a,48890450,대병면,,250000.0,250000.0,1050250.0,1726250.0,128.05427613796445,35.530929976873715
라마50a26b,48890450,대병면,,250000.0,250000.0,1050250.0,1726750.0,128.0543071471189,35.5354380880239
라마50a27a,48890450,대병면,,250000.0,250000.0,1050250.0,1727250.0,128.05433816315988,35.539946195773744
라마50a27b,48890450,대병면,5.0,250000.0,250000.0,1050250.0,1727750.0,128.05436918608896,35.54445430012306
라마50a28a,48890460,용주면,,250000.0,250000.0,1050250.0,1728250.0,128.05440021590763,35.548962401071655
라마50a28b,48890460,용주면,28.0,250000.0,250000.0,1050250.0,1728750.0,128.05443125261746,35.55347049861936
라마50a29a,48890460,용주면,,250000.0,250000.0,1050250.0,1729250.0,128.05446229621995,35.557978592765984
라마50a29b,48890310,봉산면,,250000.0,250000.0,1050250.0,1729750.0,128.05449334671667,35.562486683511345
라마50a30a,48890310,봉산면,,250000.0,250000.0,1050250.0,1730250.0,128.05452440410917,35.56699477085525
라마50a30b,48890310,봉산면,5.0,250000.0,250000.0,1050250.0,1730750.0,128.05455546839895,35.571502854797515
라마50a31a,48890310,봉산면,,250000.0,250000.0,1050250.0,1731250.0,128.05458653958755,35.57601093533797
라마50a31b,48890310,봉산면,,250000.0,250000.0,1050250.0,1731750.0,128.05461761767654,35.58051901247641
라마50a32a,48890310,봉산면,,250000.0,250000.0,1050250.0,1732250.0,128.05464870266746,35.585027086212676
라마50a32b,48890310,봉산면,,250000.0,250000.0,1050250.0,1732750.0,128.05467979456185,35.58953515654655
라마50a33a,48890310,봉산면,,250000.0,250000.0,1050250.0,1733250.0,128.0547108933612,35.59404322347787
라마50a33b,48890310,봉산면,,250000.0,250000.0,1050250.0,1733750.0,128.0547419990671,35.59855128700644
라마50a34a,48890310,봉산면,,250000.0,250000.0,1050250.0,1734250.0,128.05477311168107,35.60305934713209
라마50a34b,48890310,봉산면,,250000.0,250000.0,1050250.0,1734750.0,128.05480423120468,35.60756740385463
라마50a35a,48890310,봉산면,,250000.0,250000.0,1050250.0,1735250.0,128.05483535763943,35.61207545717387
라마50a35b,48890310,봉산면,,250000.0,250000.0,1050250.0,1735750.0,128.05486649098694,35.616583507089636
라마50a36a,48890310,봉산면,,250000.0,250000.0,1050250.0,1736250.0,128.05489763124865,35.62109155360172
라마50a36b,48890310,봉산면,,250000.0,250000.0,1050250.0,1736750.0,128.05492877842616,35.62559959670997
라마50a37a,48890310,봉산면,,250000.0,250000.0,1050250.0,1737250.0,128.05495993252103,35.630107636414195
라마50a37b,48890310,봉산면,5.0,250000.0,250000.0,1050250.0,1737750.0,128.0549910935348,35.634615672714204
라마50a38a,48890310,봉산면,28.0,250000.0,250000.0,1050250.0,1738250.0,128.055022261469,35.639123705609805
라마50a38b,48890310,봉산면,8.0,250000.0,250000.0,1050250.0,1738750.0,128.05505343632515,35.643631735100826
라마50a39a,48890310,봉산면,23.0,250000.0,250000.0,1050250.0,1739250.0,128.05508461810484,35.64813976118708
라마50a39b,48890310,봉산면,8.0,250000.0,250000.0,1050250.0,1739750.0,128.05511580680962,35.65264778386839
라마50a40a,48890310,봉산면,0.0,250000.0,250000.0,1050250.0,1740250.0,128.05514700244103,35.657155803144555
라마50a40b,48890310,봉산면,,250000.0,250000.0,1050250.0,1740750.0,128.0551782050006,35.661663819015416
라마50a41a,48890310,봉산면,,250000.0,250000.0,1050250.0,1741250.0,128.0552094144899,35.66617183148077
라마50a41b,48890310,봉산면,,250000.0,250000.0,1050250.0,1741750.0,128.05524063091045,35.67067984054046
라마50a42a,48890310,봉산면,,250000.0,250000.0,1050250.0,1742250.0,128.05527185426385,35.67518784619426
라마50a42b,48890310,봉산면,,250000.0,145283.42267173599,1050250.0,1742750.0,128.0553030845516,35.679695848442044
라마50a49b,48890330,가야면,,250000.0,219168.33345175005,1050250.0,1749750.0,128.05574103755944,35.74280752217357
라마50a50a,48890330,가야면,,250000.0,250000.0,1050250.0,1750250.0,128.0557723720493,35.747315473308745
라마50a50b,48890330,가야면,,250000.0,250000.0,1050250.0,1750750.0,128.05580371349842,35.75182342103494
라마50a51a,48890330,가야면,,250000.0,250000.0,1050250.0,1751250.0,128.0558350619084,35.756331365352
라마50a51b,48890330,가야면,,250000.0,250000.0,1050250.0,1751750.0,128.05586641728075,35.76083930625974
라마50a52a,48890330,가야면,,250000.0,250000.0,1050250.0,1752250.0,128.05589777961703,35.765347243757965
라마50a52b,48890330,가야면,,250000.0,250000.0,1050250.0,1752750.0,128.0559291489188,35.7698551778465
라마50a53a,48890330,가야면,,250000.0,250000.0,1050250.0,1753250.0,128.0559605251877,35.774363108525186
라마50a53b,48890330,가야면,,250000.0,250000.0,1050250.0,1753750.0,128.0559919084252,35.77887103579382
라마50a54a,48890330,가야면,5.0,250000.0,250000.0,1050250.0,1754250.0,128.05602329863288,35.783378959652204
라마50a54b,48890330,가야면,13.0,250000.0,250000.0,1050250.0,1754750.0,128.05605469581235,35.78788688010018
라마50a55a,48890330,가야면,5.0,250000.0,250000.0,1050250.0,1755250.0,128.05608609996514,35.792394797137575
라마50a55b,48890330,가야면,49.0,250000.0,250000.0,1050250.0,1755750.0,128.05611751109282,35.7969027107642
라마50a56a,48890330,가야면,83.0,250000.0,250000.0,1050250.0,1756250.0,128.05614892919695,35.801410620979865
라마50b12b,48890430,삼가면,,250000.0,183288.9318907499,1050750.0,1712750.0,128.05894813608234,35.409184333521374
라마50b13a,48890430,삼가면,,250000.0,249475.7084494479,1050750.0,1713250.0,128.05897926653114,35.413692532210455
라마50b13b,48890430,삼가면,,250000.0,250000.0,1050750.0,1713750.0,128.05901040389338,35.41820072750379
라마50b14a,48890430,삼가면,,250000.0,250000.0,1050750.0,1714250.0,128.0590415481705,35.42270891940115
라마50b14b,48890440,가회면,,250000.0,250000.0,1050750.0,1714750.0,128.05907269936412,35.427217107902386
라마50b15a,48890440,가회면,,250000.0,250000.0,1050750.0,1715250.0,128.05910385747572,35.43172529300729
라마50b15b,48890440,가회면,,250000.0,250000.0,1050750.0,1715750.0,128.05913502250687,35.436233474715664
라마50b16a,48890440,가회면,8.0,250000.0,250000.0,1050750.0,1716250.0,128.0591661944591,35.44074165302734
라마50b16b,48890440,가회면,5.0,250000.0,250000.0,1050750.0,1716750.0,128.05919737333394,35.44524982794212
라마50b17a,48890440,가회면,,250000.0,250000.0,1050750.0,1717250.0,128.05922855913298,35.44975799945984
라마50b17b,48890440,가회면,,250000.0,250000.0,1050750.0,1717750.0,128.05925975185764,35.45426616758028
라마50b18a,48890440,가회면,,250000.0,250000.0,1050750.0,1718250.0,128.05929095150958,35.458774332303285
라마50b18b,48890440,가회면,,250000.0,250000.0,1050750.0,1718750.0,128.0593221580903,35.463282493628626
라마50b19a,48890440,가회면,,250000.0,250000.0,1050750.0,1719250.0,128.0593533716013,35.46779065155617
라마50b19b,48890440,가회면,,250000.0,250000.0,1050750.0,1719750.0,128.0593845920442,35.47229880608568
라마50b20a,48890440,가회면,,250000.0,250000.0,1050750.0,1720250.0,128.05941581942048,35.476806957217015
라마50b20b,48890440,가회면,,250000.0,250000.0,1050750.0,1720750.0,128.0594470537317,35.481315104949935
라마50b21a,48890440,가회면,28.0,250000.0,250000.0,1050750.0,1721250.0,128.0594782949794,35.485823249284294
라마50b21b,48890440,가회면,,250000.0,250000.0,1050750.0,1721750.0,128.05950954316515,35.49033139021991
라마50b22a,48890460,용주면,,250000.0,250000.0,1050750.0,1722250.0,128.05954079829047,35.49483952775656
라마50b22b,48890460,용주면,5.0,250000.0,250000.0,1050750.0,1722750.0,128.0595720603569,35.499347661894085
라마50b23a,48890450,대병면,8.0,250000.0,250000.0,1050750.0,1723250.0,128.059603329366,35.50385579263231
라마50b23b,48890450,대병면,25.0,250000.0,250000.0,1050750.0,1723750.0,128.0596346053193,35.50836391997101
라마50b24a,48890450,대병면,,250000.0,250000.0,1050750.0,1724250.0,128.05966588821838,35.51287204391002
라마50b24b,48890450,대병면,,250000.0,250000.0,1050750.0,1724750.0,128.05969717806474,35.51738016444917
라마50b25a,48890450,대병면,43.0,250000.0,250000.0,1050750.0,1725250.0,128.05972847485995,35.521888281588254
라마50b25b,48890450,대병면,,250000.0,250000.0,1050750.0,1725750.0,128.05975977860558,35.526396395327076
라마50b26a,48890450,대병면,5.0,250000.0,250000.0,1050750.0,1726250.0,128.05979108930313,35.530904505665475
라마50b26b,48890450,대병면,,250000.0,250000.0,1050750.0,1726750.0,128.05982240695423,35.53541261260327
라마50b27a,48890460,용주면,5.0,250000.0,250000.0,1050750.0,1727250.0,128.05985373156034,35.539920716140244
라마50b27b,48890460,용주면,,250000.0,250000.0,1050750.0,1727750.0,128.05988506312303,35.54442881627623
라마50b28a,48890460,용주면,5.0,250000.0,250000.0,1050750.0,1728250.0,128.05991640164387,35.54893691301105
라마50b28b,48890460,용주면,8.0,250000.0,250000.0,1050750.0,1728750.0,128.05994774712445,35.553445006344504
라마50b29a,48890460,용주면,,250000.0,250000.0,1050750.0,1729250.0,128.05997909956625,35.55795309627641
라마50b29b,48890460,용주면,,250000.0,250000.0,1050750.0,1729750.0,128.06001045897085,35.56246118280659
라마50b30a,48890310,봉산면,,250000.0,250000.0,1050750.0,1730250.0,128.0600418253398,35.56696926593485
라마50b30b,48890310,봉산면,,250000.0,250000.0,1050750.0,1730750.0,128.06007319867467,35.571477345661016
라마50b31a,48890310,봉산면,,250000.0,250000.0,1050750.0,1731250.0,128.06010457897702,35.575985421984896
라마50b31b,48890310,봉산면,8.0,250000.0,250000.0,1050750.0,1731750.0,128.06013596624837,35.5804934949063
라마50b32a,48890310,봉산면,,250000.0,250000.0,1050750.0,1732250.0,128.0601673604903,35.585001564425056
라마50b32b,48890310,봉산면,8.0,250000.0,250000.0,1050750.0,1732750.0,128.06019876170433,35.58950963054097
라마50b33a,48890310,봉산면,13.0,250000.0,250000.0,1050750.0,1733250.0,128.0602301698921,35.59401769325386
라마50b33b,48890310,봉산면,28.0,250000.0,250000.0,1050750.0,1733750.0,128.0602615850551,35.59852575256354
라마50b34a,48890310,봉산면,8.0,250000.0,250000.0,1050750.0,1734250.0,128.06029300719487,35.60303380846982
라마50b34b,48890310,봉산면,8.0,250000.0,250000.0,1050750.0,1734750.0,128.06032443631298,35.60754186097253
라마50b35a,48890310,봉산면,,250000.0,250000.0,1050750.0,1735250.0,128.06035587241104,35.61204991007149
라마50b35b,48890310,봉산면,,250000.0,250000.0,1050750.0,1735750.0,128.06038731549057,35.61655795576649
라마50b36a,48890310,봉산면,,250000.0,250000.0,1050750.0,1736250.0,128.06041876555312,35.62106599805736
라마50b36b,48890310,봉산면,,250000.0,250000.0,1050750.0,1736750.0,128.06045022260025,35.62557403694392
라마50b37a,48890310,봉산면,,250000.0,250000.0,1050750.0,1737250.0,128.06048168663355,35.630082072425985
라마50b37b,48890310,봉산면,5.0,250000.0,250000.0,1050750.0,1737750.0,128.06051315765458,35.634590104503374
라마50b38a,48890310,봉산면,5.0,250000.0,250000.0,1050750.0,1738250.0,128.06054463566488,35.6390981331759
라마50b38b,48890310,봉산면,5.0,250000.0,250000.0,1050750.0,1738750.0,128.060576120666,35.64360615844336
라마50b39a,48890310,봉산면,,250000.0,250000.0,1050750.0,1739250.0,128.0606076126595,35.6481141803056
라마50b39b,48890310,봉산면,,250000.0,250000.0,1050750.0,1739750.0,128.06063911164702,35.65262219876241
라마50b40a,48890310,봉산면,,250000.0,250000.0,1050750.0,1740250.0,128.06067061763002,35.65713021381362
라마50b40b,48890320,묘산면,,250000.0,250000.0,1050750.0,1740750.0,128.06070213061017,35.66163822545907
라마50b41a,48890320,묘산면,,250000.0,250000.0,1050750.0,1741250.0,128.06073365058893,35.66614623369854
라마50b41b,48890310,봉산면,,250000.0,250000.0,1050750.0,1741750.0,128.06076517756793,35.67065423853187
라마50b42a,48890310,봉산면,,250000.0,250000.0,1050750.0,1742250.0,128.0607967115487,35.67516223995885
라마50b42b,48890310,봉산면,,250000.0,220366.50188808673,1050750.0,1742750.0,128.06082825253281,35.67967023797933
라마50b48a,48890330,가야면,,250000.0,153643.0133683181,1050750.0,1748250.0,128.06117566602825,35.729257991322356
라마50b48b,48890330,가야면,,250000.0,230930.3911041878,1050750.0,1748750.0,128.061207291175,35.733765948450404
라마50b49a,48890330,가야면,,250000.0,250000.0,1050750.0,1749250.0,128.06123892334557,35.738273902169574
라마50b49b,48890330,가야면,,250000.0,250000.0,1050750.0,1749750.0,128.06127056254144,35.74278185247968
라마50b50a,48890330,가야면,,250000.0,250000.0,1050750.0,1750250.0,128.06130220876423,35.74728979938053
라마50b50b,48890330,가야면,,250000.0,250000.0,1050750.0,1750750.0,128.06133386201554,35.75179774287195
라마50b51a,48890330,가야면,,250000.0,250000.0,1050750.0,1751250.0,128.06136552229688,35.75630568295375
라마50b51b,48890330,가야면,,250000.0,250000.0,1050750.0,1751750.0,128.0613971896099,35.760813619625765
라마50b52a,48890330,가야면,,250000.0,250000.0,1050750.0,1752250.0,128.06142886395614,35.76532155288781
라마50b52b,48890330,가야면,,250000.0,250000.0,1050750.0,1752750.0,128.06146054533713,35.76982948273969
라마50b53a,48890330,가야면,,250000.0,250000.0,1050750.0,1753250.0,128.06149223375454,35.77433740918123
라마50b53b,48890330,가야면,,250000.0,250000.0,1050750.0,1753750.0,128.06152392920987,35.778845332212256
라마50b54a,48890330,가야면,,250000.0,250000.0,1050750.0,1754250.0,128.06155563170478,35.783353251832565
라마50b54b,48890330,가야면,5.0,250000.0,250000.0,1050750.0,1754750.0,128.0615873412408,35.787861168042014
라마50b55a,48890330,가야면,124.0,250000.0,250000.0,1050750.0,1755250.0,128.06161905781946,35.79236908084038
라마50b55b,48890330,가야면,,250000.0,250000.0,1050750.0,1755750.0,128.06165078144244,35.79687699022752
라마50b56a,48890330,가야면,,250000.0,250000.0,1050750.0,1756250.0,128.06168251211128,35.80138489620322
라마50b56b,48890330,가야면,,250000.0,118079.68945166438,1050750.0,1756750.0,128.06171424982753,35.805892798767324
라마51a12a,48890430,삼가면,,250000.0,202305.15534299068,1051250.0,1712250.0,128.06442334681935,35.40465052699834
라마51a12b,48890430,삼가면,,250000.0,250000.0,1051250.0,1712750.0,128.06445477693944,35.409158724841944
라마51a13a,48890430,삼가면,,250000.0,250000.0,1051250.0,1713250.0,128.06448621403948,35.41366691928952
라마51a13b,48890430,삼가면,,250000.0,250000.0,1051250.0,1713750.0,128.06451765812102,35.41817511034086
라마51a14a,48890430,삼가면,,250000.0,250000.0,1051250.0,1714250.0,128.06454910918555,35.422683297995796
라마51a14b,48890440,가회면,,250000.0,250000.0,1051250.0,1714750.0,128.06458056723469,35.42719148225411
라마51a15a,48890440,가회면,,250000.0,250000.0,1051250.0,1715250.0,128.06461203227,35.431699663115644
라마51a15b,48890440,가회면,,250000.0,250000.0,1051250.0,1715750.0,128.06464350429297,35.43620784058019
라마51a16a,48890440,가회면,,250000.0,250000.0,1051250.0,1716250.0,128.0646749833052,35.44071601464756
라마51a16b,48890440,가회면,5.0,250000.0,250000.0,1051250.0,1716750.0,128.06470646930825,35.445224185317585
라마51a17a,48890440,가회면,,250000.0,250000.0,1051250.0,1717250.0,128.06473796230364,35.449732352590075
라마51a17b,48890440,가회면,0.0,250000.0,250000.0,1051250.0,1717750.0,128.06476946229293,35.454240516464814
라마51a18a,48890440,가회면,8.0,250000.0,250000.0,1051250.0,1718250.0,128.0648009692777,35.45874867694166
라마51a18b,48890440,가회면,0.0,250000.0,250000.0,1051250.0,1718750.0,128.0648324832595,35.46325683402038
라마51a19a,48890440,가회면,,250000.0,250000.0,1051250.0,1719250.0,128.06486400423987,35.46776498770082
라마51a19b,48890440,가회면,,250000.0,250000.0,1051250.0,1719750.0,128.06489553222033,35.47227313798278
라마51a20a,48890440,가회면,,250000.0,250000.0,1051250.0,1720250.0,128.06492706720255,35.47678128486608
라마51a20b,48890440,가회면,,250000.0,250000.0,1051250.0,1720750.0,128.06495860918798,35.48128942835051
라마51a21a,48890440,가회면,,250000.0,250000.0,1051250.0,1721250.0,128.06499015817823,35.48579756843593
라마51a21b,48890440,가회면,,250000.0,250000.0,1051250.0,1721750.0,128.06502171417483,35.4903057051221
라마51a22a,48890460,용주면,5.0,250000.0,250000.0,1051250.0,1722250.0,128.06505327717937,35.494813838408874
라마51a22b,48890460,용주면,,250000.0,250000.0,1051250.0,1722750.0,128.06508484719342,35.49932196829604
라마51a23a,48890460,용주면,,250000.0,250000.0,1051250.0,1723250.0,128.06511642421847,35.503830094783424
라마51a23b,48890460,용주면,13.0,250000.0,250000.0,1051250.0,1723750.0,128.06514800825616,35.50833821787084
라마51a24a,48890460,용주면,,250000.0,250000.0,1051250.0,1724250.0,128.06517959930798,35.51284633755811
라마51a24b,48890460,용주면,,250000.0,250000.0,1051250.0,1724750.0,128.06521119737556,35.51735445384502
라마51a25a,48890450,대병면,,250000.0,250000.0,1051250.0,1725250.0,128.06524280246046,35.52186256673141
라마51a25b,48890450,대병면,,250000.0,250000.0,1051250.0,1725750.0,128.06527441456416,35.526370676217084
라마51a26a,48890450,대병면,38.0,250000.0,250000.0,1051250.0,1726250.0,128.06530603368833,35.53087878230185
라마51a26b,48890460,용주면,,250000.0,250000.0,1051250.0,1726750.0,128.06533765983448,35.53538688498555
라마51a27a,48890460,용주면,,250000.0,250000.0,1051250.0,1727250.0,128.06536929300415,35.53989498426796
라마51a27b,48890460,용주면,,250000.0,250000.0,1051250.0,1727750.0,128.06540093319896,35.54440308014891
라마51a28a,48890460,용주면,33.0,250000.0,250000.0,1051250.0,1728250.0,128.06543258042043,35.54891117262822
라마51a28b,48890460,용주면,78.0,250000.0,250000.0,1051250.0,1728750.0,128.06546423467017,35.55341926170571
라마51a29a,48890460,용주면,,250000.0,250000.0,1051250.0,1729250.0,128.06549589594974,35.55792734738118
라마51a29b,48890460,용주면,,250000.0,250000.0,1051250.0,1729750.0,128.06552756426066,35.56243542965446
라마51a30a,48890460,용주면,,250000.0,250000.0,1051250.0,1730250.0,128.06555923960457,35.566943508525355
라마51a30b,48890310,봉산면,,250000.0,250000.0,1051250.0,1730750.0,128.06559092198296,35.57145158399367
라마51a31a,48890310,봉산면,,250000.0,250000.0,1051250.0,1731250.0,128.06562261139746,35.57595965605923
라마51a31b,48890310,봉산면,,250000.0,250000.0,1051250.0,1731750.0,128.06565430784963,35.580467724721856
라마51a32a,48890310,봉산면,8.0,250000.0,250000.0,1051250.0,1732250.0,128.065686011341,35.58497578998136
라마51a32b,48890310,봉산면,5.0,250000.0,250000.0,1051250.0,1732750.0,128.06571772187317,35.58948385183755
라마51a33a,48890310,봉산면,,250000.0,250000.0,1051250.0,1733250.0,128.06574943944773,35.59399191029026
라마51a33b,48890310,봉산면,18.0,250000.0,250000.0,1051250.0,1733750.0,128.06578116406624,35.59849996533927
라마51a34a,48890310,봉산면,33.0,250000.0,250000.0,1051250.0,1734250.0,128.06581289573026,35.60300801698444
라마51a34b,48890310,봉산면,,250000.0,250000.0,1051250.0,1734750.0,128.0658446344414,35.607516065225546
라마51a35a,48890310,봉산면,18.0,250000.0,250000.0,1051250.0,1735250.0,128.06587638020113,35.612024110062436
라마51a35b,48890310,봉산면,,250000.0,250000.0,1051250.0,1735750.0,128.06590813301116,35.616532151494894
라마51a36a,48890310,봉산면,,250000.0,250000.0,1051250.0,1736250.0,128.065939892873,35.62104018952276
라마51a36b,48890310,봉산면,,250000.0,250000.0,1051250.0,1736750.0,128.0659716597882,35.62554822414584
라마51a37a,48890310,봉산면,,250000.0,250000.0,1051250.0,1737250.0,128.06600343375837,35.63005625536396
라마51a37b,48890310,봉산면,148.0,250000.0,250000.0,1051250.0,1737750.0,128.0660352147851,35.634564283176914
라마51a38a,48890310,봉산면,8.0,250000.0,250000.0,1051250.0,1738250.0,128.06606700286991,35.63907230758455
라마51a38b,48890310,봉산면,,250000.0,250000.0,1051250.0,1738750.0,128.06609879801445,35.64358032858666
라마51a39a,48890320,묘산면,,250000.0,250000.0,1051250.0,1739250.0,128.06613060022025,35.64808834618305
라마51a39b,48890320,묘산면,,250000.0,250000.0,1051250.0,1739750.0,128.0661624094889,35.652596360373565
라마51a40a,48890320,묘산면,,250000.0,250000.0,1051250.0,1740250.0,128.06619422582196,35.657104371158006
라마51a40b,48890320,묘산면,,250000.0,250000.0,1051250.0,1740750.0,128.06622604922106,35.661612378536205
라마51a41a,48890320,묘산면,,250000.0,250000.0,1051250.0,1741250.0,128.06625787968775,35.666120382507955
라마51a41b,48890320,묘산면,,250000.0,250000.0,1051250.0,1741750.0,128.06628971722358,35.670628383073094
라마51a42a,48890310,봉산면,,250000.0,249996.36501526408,1051250.0,1742250.0,128.0663215618302,35.675136380231415
라마51a42b,48890310,봉산면,,250000.0,221933.3993348322,1051250.0,1742750.0,128.06635341350915,35.67964437398276
라마51a47b,48890330,가야면,,250000.0,224178.59104813862,1051250.0,1747750.0,128.0666723196253,35.72472412407168
라마51a48a,48890330,가야면,,250000.0,250000.0,1051250.0,1748250.0,128.06670424920446,35.729232080334114
라마51a48b,48890330,가야면,,250000.0,250000.0,1051250.0,1748750.0,128.06673618587502,35.73374003318735
라마51a49a,48890330,가야면,,250000.0,250000.0,1051250.0,1749250.0,128.0667681296385,35.73824798263125
라마51a49b,48890330,가야면,,250000.0,250000.0,1051250.0,1749750.0,128.06680008049653,35.74275592866559
라마51a50a,48890330,가야면,33.0,250000.0,250000.0,1051250.0,1750250.0,128.06683203845068,35.74726387129021
라마51a50b,48890330,가야면,5.0,250000.0,250000.0,1051250.0,1750750.0,128.06686400350253,35.75177181050493
라마51a51a,48890330,가야면,0.0,250000.0,250000.0,1051250.0,1751250.0,128.06689597565372,35.75627974630955
라마51a51b,48890330,가야면,,250000.0,250000.0,1051250.0,1751750.0,128.06692795490582,35.76078767870391
라마51a52a,48890330,가야면,,250000.0,250000.0,1051250.0,1752250.0,128.06695994126042,35.765295607687825
라마51a52b,48890330,가야면,,250000.0,250000.0,1051250.0,1752750.0,128.06699193471908,35.7698035332611
라마51a53a,48890330,가야면,,250000.0,250000.0,1051250.0,1753250.0,128.06702393528343,35.774311455423565
라마51a53b,48890330,가야면,,250000.0,250000.0,1051250.0,1753750.0,128.06705594295505,35.778819374175036
라마51a54a,48890330,가야면,,250000.0,250000.0,1051250.0,1754250.0,128.06708795773557,35.78332728951531
라마51a54b,48890330,가야면,,250000.0,250000.0,1051250.0,1754750.0,128.0671199796265,35.78783520144427
라마51a55a,48890330,가야면,8.0,250000.0,250000.0,1051250.0,1755250.0,128.06715200862953,35.79234310996166
라마51a55b,48890330,가야면,,250000.0,250000.0,1051250.0,1755750.0,128.06718404474623,35.79685101506734
라마51a56a,48890330,가야면,,250000.0,250000.0,1051250.0,1756250.0,128.06721608797815,35.80135891676112
라마51a56b,48890330,가야면,,250000.0,152625.57479931213,1051250.0,1756750.0,128.06724813832693,35.80586681504282
라마51b11a,48890430,삼가면,,250000.0,207331.71942670175,1051750.0,1711250.0,128.06986622184937,35.39560827426051
라마51b11b,48890430,삼가면,,250000.0,250000.0,1051750.0,1711750.0,128.0698979444597,35.40011647461397
라마51b12a,48890430,삼가면,,250000.0,250000.0,1051750.0,1712250.0,128.06992967411495,35.404624671571284
라마51b12b,48890430,삼가면,,250000.0,250000.0,1051750.0,1712750.0,128.06996141081663,35.40913286513227
라마51b13a,48890430,삼가면,,250000.0,250000.0,1051750.0,1713250.0,128.0699931545663,35.41364105529676
라마51b13b,48890430,삼가면,,250000.0,250000.0,1051750.0,1713750.0,128.07002490536559,35.41814924206455
라마51b14a,48890440,가회면,,250000.0,250000.0,1051750.0,1714250.0,128.070056663216,35.42265742543545
라마51b14b,48890440,가회면,33.0,250000.0,250000.0,1051750.0,1714750.0,128.07008842811916,35.42716560540928
라마51b15a,48890440,가회면,,250000.0,250000.0,1051750.0,1715250.0,128.07012020007656,35.43167378198585
라마51b15b,48890440,가회면,,250000.0,250000.0,1051750.0,1715750.0,128.07015197908981,35.43618195516497
라마51b16a,48890440,가회면,,250000.0,250000.0,1051750.0,1716250.0,128.07018376516052,35.440690124946435
라마51b16b,48890440,가회면,,250000.0,250000.0,1051750.0,1716750.0,128.07021555829022,35.44519829133009
라마51b17a,48890440,가회면,,250000.0,250000.0,1051750.0,1717250.0,128.07024735848043,35.44970645431573
라마51b17b,48890440,가회면,,250000.0,250000.0,1051750.0,1717750.0,128.07027916573276,35.45421461390316
라마51b18a,48890440,가회면,8.0,250000.0,250000.0,1051750.0,1718250.0,128.07031098004882,35.45872277009222
라마51b18b,48890440,가회면,5.0,250000.0,250000.0,1051750.0,1718750.0,128.07034280143012,35.463230922882694
라마51b19a,48890440,가회면,,250000.0,250000.0,1051750.0,1719250.0,128.07037462987827,35.4677390722744
라마51b19b,48890440,가회면,,250000.0,250000.0,1051750.0,1719750.0,128.07040646539483,35.472247218267164
라마51b20a,48890440,가회면,,250000.0,250000.0,1051750.0,1720250.0,128.07043830798136,35.47675536086081
라마51b20b,48890440,가회면,,250000.0,250000.0,1051750.0,1720750.0,128.07047015763945,35.4812635000551
라마51b21a,48890440,가회면,5.0,250000.0,250000.0,1051750.0,1721250.0,128.07050201437067,35.48577163584991
라마51b21b,48890440,가회면,,250000.0,250000.0,1051750.0,1721750.0,128.0705338781766,35.49027976824502
라마51b22a,48890460,용주면,,250000.0,250000.0,1051750.0,1722250.0,128.0705657490588,35.49478789724023
라마51b22b,48890460,용주면,,250000.0,250000.0,1051750.0,1722750.0,128.07059762701886,35.49929602283539
라마51b23a,48890460,용주면,,250000.0,250000.0,1051750.0,1723250.0,128.07062951205833,35.50380414503027
라마51b23b,48890460,용주면,,250000.0,250000.0,1051750.0,1723750.0,128.07066140417882,35.508312263824735
라마51b24a,48890460,용주면,,250000.0,250000.0,1051750.0,1724250.0,128.0706933033819,35.51282037921856
라마51b24b,48890460,용주면,,250000.0,250000.0,1051750.0,1724750.0,128.07072520966912,35.517328491211565
라마51b25a,48890460,용주면,,250000.0,250000.0,1051750.0,1725250.0,128.07075712304209,35.52183659980358
라마51b25b,48890460,용주면,,250000.0,250000.0,1051750.0,1725750.0,128.07078904350234,35.5263447049944
라마51b26a,48890450,대병면,,250000.0,250000.0,1051750.0,1726250.0,128.07082097105152,35.53085280678386
라마51b26b,48890460,용주면,,250000.0,250000.0,1051750.0,1726750.0,128.07085290569117,35.53536090517176
라마51b27a,48890460,용주면,,250000.0,250000.0,1051750.0,1727250.0,128.0708848474229,35.53986900015789
라마51b27b,48890460,용주면,,250000.0,250000.0,1051750.0,1727750.0,128.0709167962482,35.544377091742106
라마51b28a,48890460,용주면,13.0,250000.0,250000.0,1051750.0,1728250.0,128.07094875216876,35.54888517992421
라마51b28b,48890460,용주면,,250000.0,250000.0,1051750.0,1728750.0,128.07098071518612,35.55339326470401
라마51b29a,48890460,용주면,,250000.0,250000.0,1051750.0,1729250.0,128.07101268530184,35.55790134608134
라마51b29b,48890460,용주면,,250000.0,250000.0,1051750.0,1729750.0,128.07104466251752,35.56240942405598
라마51b30a,48890460,용주면,13.0,250000.0,250000.0,1051750.0,1730250.0,128.07107664683477,35.56691749862777
라마51b30b,48890460,용주면,,250000.0,250000.0,1051750.0,1730750.0,128.07110863825514,35.571425569796496
라마51b31a,48890460,용주면,,250000.0,250000.0,1051750.0,1731250.0,128.07114063678023,35.575933637562024
라마51b31b,48890460,용주면,,250000.0,250000.0,1051750.0,1731750.0,128.07117264241163,35.58044170192412
라마51b32a,48890310,봉산면,,250000.0,250000.0,1051750.0,1732250.0,128.0712046551509,35.58494976288262
라마51b32b,48890310,봉산면,33.0,250000.0,250000.0,1051750.0,1732750.0,128.07123667499965,35.589457820437346
라마51b33a,48890310,봉산면,,250000.0,250000.0,1051750.0,1733250.0,128.07126870195947,35.59396587458809
라마51b33b,48890310,봉산면,8.0,250000.0,250000.0,1051750.0,1733750.0,128.0713007360319,35.59847392533469
라마51b34a,48890310,봉산면,,250000.0,250000.0,1051750.0,1734250.0,128.07133277721857,35.60298197267695
라마51b34b,48890310,봉산면,,250000.0,250000.0,1051750.0,1734750.0,128.0713648255211,35.6074900166147
라마51b35a,48890310,봉산면,,250000.0,250000.0,1051750.0,1735250.0,128.07139688094102,35.61199805714774
라마51b35b,48890310,봉산면,8.0,250000.0,250000.0,1051750.0,1735750.0,128.07142894347993,35.616506094275884
라마51b36a,48890310,봉산면,38.0,250000.0,250000.0,1051750.0,1736250.0,128.07146101313947,35.62101412799895
라마51b36b,48890310,봉산면,5.0,250000.0,250000.0,1051750.0,1736750.0,128.07149308992115,35.625522158316755
라마51b37a,48890310,봉산면,0.0,250000.0,250000.0,1051750.0,1737250.0,128.07152517382661,35.630030185229124
라마51b37b,48890310,봉산면,,250000.0,250000.0,1051750.0,1737750.0,128.07155726485746,35.63453820873588
라마51b38a,48890310,봉산면,,250000.0,250000.0,1051750.0,1738250.0,128.07158936301525,35.6390462288368
라마51b38b,48890310,봉산면,,250000.0,250000.0,1051750.0,1738750.0,128.0716214683016,35.643554245531746
라마51b39a,48890320,묘산면,5.0,250000.0,250000.0,1051750.0,1739250.0,128.07165358071808,35.648062258820495
라마51b39b,48890320,묘산면,,250000.0,250000.0,1051750.0,1739750.0,128.07168570026633,35.652570268702895
라마51b40a,48890320,묘산면,,250000.0,250000.0,1051750.0,1740250.0,128.07171782694786,35.65707827517874
라마51b40b,48890320,묘산면,,250000.0,250000.0,1051750.0,1740750.0,128.07174996076438,35.66158627824785
라마51b41a,48890320,묘산면,,250000.0,250000.0,1051750.0,1741250.0,128.07178210171736,35.666094277910055
라마51b41b,48890320,묘산면,,250000.0,249711.54307627102,1051750.0,1741750.0,128.07181424980848,35.67060227416518
라마51b47a,48890330,가야면,,250000.0,151748.22561579998,1051750.0,1747250.0,128.07216835038386,35.72019000805057
라마51b47b,48890330,가야면,,250000.0,250000.0,1051750.0,1747750.0,128.07220058425716,35.72469796340624
라마51b48a,48890330,가야면,,250000.0,250000.0,1051750.0,1748250.0,128.07223282528932,35.72920591535242
라마51b48b,48890330,가야면,,250000.0,250000.0,1051750.0,1748750.0,128.07226507348204,35.733713863888966
라마51b49a,48890330,가야면,,250000.0,250000.0,1051750.0,1749250.0,128.0722973288369,35.73822180901566
라마51b49b,48890330,가야면,,250000.0,250000.0,1051750.0,1749750.0,128.07232959135547,35.742729750732344
라마51b50a,48890330,가야면,33.0,250000.0,250000.0,1051750.0,1750250.0,128.0723618610394,35.74723768903881
라마51b50b,48890330,가야면,5.0,250000.0,250000.0,1051750.0,1750750.0,128.07239413789026,35.75174562393491
라마51b51a,48890330,가야면,5.0,250000.0,250000.0,1051750.0,1751250.0,128.07242642190968,35.75625355542043
라마51b51b,48890330,가야면,18.0,250000.0,250000.0,1051750.0,1751750.0,128.07245871309925,35.76076148349521
라마51b52a,48890330,가야면,,250000.0,250000.0,1051750.0,1752250.0,128.0724910114606,35.76526940815905
라마51b52b,48890330,가야면,,250000.0,250000.0,1051750.0,1752750.0,128.07252331699533,35.769777329411795
라마51b53a,48890330,가야면,,250000.0,250000.0,1051750.0,1753250.0,128.07255562970505,35.77428524725323
라마51b53b,48890330,가야면,,250000.0,250000.0,1051750.0,1753750.0,128.07258794959134,35.77879316168321
라마51b54a,48890330,가야면,,250000.0,250000.0,1051750.0,1754250.0,128.07262027665584,35.78330107270151
라마51b54b,48890330,가야면,,250000.0,250000.0,1051750.0,1754750.0,128.07265261090018,35.787808980308
라마51b55a,48890330,가야면,,250000.0,250000.0,1051750.0,1755250.0,128.07268495232594,35.792316884502455
라마51b55b,48890330,가야면,0.0,250000.0,250000.0,1051750.0,1755750.0,128.07271730093473,35.79682478528472
라마51b56a,48890330,가야면,,250000.0,250000.0,1051750.0,1756250.0,128.07274965672818,35.80133268265458
라마51b56b,48890330,가야면,,250000.0,246820.72922261045,1051750.0,1756750.0,128.0727820197079,35.80584057661191
라마51b57a,48890330,가야면,,250000.0,140441.82842831587,1051750.0,1757250.0,128.0728143898755,35.81034846715647
라마52a10b,48890430,삼가면,,250000.0,234719.9066879129,1052250.0,1710750.0,128.07533990719975,35.39107397706613
라마52a11a,48890430,삼가면,,250000.0,250000.0,1052250.0,1711250.0,128.07537192914265,35.395582176492766
라마52a11b,48890430,삼가면,8.0,250000.0,250000.0,1052250.0,1711750.0,128.0754039581969,35.40009037252298
라마52a12a,48890430,삼가면,,250000.0,250000.0,1052250.0,1712250.0,128.07543599436408,35.40459856515658
라마52a12b,48890430,삼가면,5.0,250000.0,250000.0,1052250.0,1712750.0,128.07546803764578,35.40910675439339
라마52a13a,48890430,삼가면,13.0,250000.0,250000.0,1052250.0,1713250.0,128.07550008804358,35.41361494023321
라마52a13b,48890430,삼가면,,250000.0,250000.0,1052250.0,1713750.0,128.07553214555904,35.41812312267587
라마52a14a,48890440,가회면,5.0,250000.0,250000.0,1052250.0,1714250.0,128.07556421019376,35.42263130172117
라마52a14b,48890440,가회면,5.0,250000.0,250000.0,1052250.0,1714750.0,128.07559628194932,35.427139477368904
라마52a15a,48890440,가회면,,250000.0,250000.0,1052250.0,1715250.0,128.0756283608273,35.431647649618924
라마52a15b,48890440,가회면,5.0,250000.0,250000.0,1052250.0,1715750.0,128.07566044682926,35.43615581847101
라마52a16a,48890440,가회면,,250000.0,250000.0,1052250.0,1716250.0,128.07569253995686,35.44066398392498
라마52a16b,48890440,가회면,,250000.0,250000.0,1052250.0,1716750.0,128.07572464021158,35.44517214598065
라마52a17a,48890440,가회면,,250000.0,250000.0,1052250.0,1717250.0,128.07575674759505,35.44968030463783
라마52a17b,48890440,가회면,,250000.0,250000.0,1052250.0,1717750.0,128.0757888621089,35.454188459896336
라마52a18a,48890430,삼가면,,250000.0,250000.0,1052250.0,1718250.0,128.07582098375465,35.458696611756
라마52a18b,48890430,삼가면,,250000.0,250000.0,1052250.0,1718750.0,128.0758531125339,35.463204760216584
라마52a19a,48890430,삼가면,,250000.0,250000.0,1052250.0,1719250.0,128.0758852484483,35.46771290527795
라마52a19b,48890420,쌍백면,,250000.0,250000.0,1052250.0,1719750.0,128.07591739149933,35.47222104693989
라마52a20a,48890420,쌍백면,,250000.0,250000.0,1052250.0,1720250.0,128.07594954168863,35.476729185202224
라마52a20b,48890440,가회면,,250000.0,250000.0,1052250.0,1720750.0,128.0759816990178,35.48123732006476
라마52a21a,48890440,가회면,5.0,250000.0,250000.0,1052250.0,1721250.0,128.0760138634884,35.48574545152731
라마52a21b,48890460,용주면,,250000.0,250000.0,1052250.0,1721750.0,128.07604603510208,35.49025357958968
라마52a22a,48890460,용주면,,250000.0,250000.0,1052250.0,1722250.0,128.07607821386037,35.49476170425168
라마52a22b,48890460,용주면,,250000.0,250000.0,1052250.0,1722750.0,128.07611039976487,35.49926982551315
라마52a23a,48890460,용주면,,250000.0,250000.0,1052250.0,1723250.0,128.07614259281718,35.503777943373905
라마52a23b,48890460,용주면,5.0,250000.0,250000.0,1052250.0,1723750.0,128.0761747930189,35.50828605783373
라마52a24a,48890460,용주면,13.0,250000.0,250000.0,1052250.0,1724250.0,128.07620700037162,35.512794168892434
라마52a24b,48890460,용주면,,250000.0,250000.0,1052250.0,1724750.0,128.07623921487692,35.51730227654986
라마52a25a,48890460,용주면,,250000.0,250000.0,1052250.0,1725250.0,128.0762714365364,35.5218103808058
라마52a25b,48890460,용주면,0.0,250000.0,250000.0,1052250.0,1725750.0,128.07630366535165,35.5263184816601
라마52a26a,48890460,용주면,,250000.0,250000.0,1052250.0,1726250.0,128.07633590132426,35.530826579112535
라마52a26b,48890460,용주면,,250000.0,250000.0,1052250.0,1726750.0,128.0763681444558,35.535334673162936
라마52a27a,48890460,용주면,15.0,250000.0,250000.0,1052250.0,1727250.0,128.07640039474796,35.53984276381111
라마52a27b,48890460,용주면,8.0,250000.0,250000.0,1052250.0,1727750.0,128.07643265220224,35.544350851056876
라마52a28a,48890460,용주면,0.0,250000.0,250000.0,1052250.0,1728250.0,128.0764649168203,35.54885893490005
라마52a28b,48890460,용주면,,250000.0,250000.0,1052250.0,1728750.0,128.07649718860364,35.55336701534046
라마52a29a,48890460,용주면,,250000.0,250000.0,1052250.0,1729250.0,128.076529467554,35.55787509237789
라마52a29b,48890460,용주면,,250000.0,250000.0,1052250.0,1729750.0,128.07656175367285,35.56238316601218
라마52a30a,48890460,용주면,5.0,250000.0,250000.0,1052250.0,1730250.0,128.07659404696187,35.56689123624314
라마52a30b,48890460,용주면,8.0,250000.0,250000.0,1052250.0,1730750.0,128.0766263474226,35.57139930307056
라마52a31a,48890460,용주면,28.0,250000.0,250000.0,1052250.0,1731250.0,128.07665865505672,35.575907366494285
라마52a31b,48890460,용주면,,250000.0,250000.0,1052250.0,1731750.0,128.07669096986575,35.580415426514115
라마52a32a,48890460,용주면,,250000.0,250000.0,1052250.0,1732250.0,128.07672329185132,35.58492348312988
라마52a32b,48890310,봉산면,,250000.0,250000.0,1052250.0,1732750.0,128.07675562101505,35.58943153634137
라마52a33a,48890310,봉산면,,250000.0,250000.0,1052250.0,1733250.0,128.0767879573585,35.59393958614842
라마52a33b,48890310,봉산면,5.0,250000.0,250000.0,1052250.0,1733750.0,128.07682030088333,35.59844763255082
라마52a34a,48890310,봉산면,,250000.0,250000.0,1052250.0,1734250.0,128.07685265159108,35.60295567554843
라마52a34b,48890310,봉산면,,250000.0,249999.99999969598,1052250.0,1734750.0,128.07688500948342,35.60746371514103
라마52a35a,48890310,봉산면,,250000.0,249999.99999973035,1052250.0,1735250.0,128.0769173745619,35.61197175132845
라마52a35b,48890310,봉산면,,250000.0,249999.99999974621,1052250.0,1735750.0,128.07694974682815,35.61647978411049
라마52a36a,48890310,봉산면,,250000.0,250000.0,1052250.0,1736250.0,128.07698212628378,35.620987813486984
라마52a36b,48890310,봉산면,,250000.0,250000.0,1052250.0,1736750.0,128.07701451293036,35.62549583945773
라마52a37a,48890310,봉산면,,250000.0,250000.0,1052250.0,1737250.0,128.0770469067695,35.630003862022576
라마52a37b,48890310,봉산면,,250000.0,250000.0,1052250.0,1737750.0,128.07707930780288,35.63451188118129
라마52a38a,48890310,봉산면,,250000.0,250000.0,1052250.0,1738250.0,128.07711171603208,35.639019896933725
라마52a38b,48890320,묘산면,5.0,250000.0,250000.0,1052250.0,1738750.0,128.07714413145862,35.64352790927969
라마52a39a,48890320,묘산면,,250000.0,250000.0,1052250.0,1739250.0,128.0771765540842,35.64803591821898
라마52a39b,48890320,묘산면,,250000.0,250000.0,1052250.0,1739750.0,128.07720898391042,35.65254392375143
라마52a40a,48890320,묘산면,,250000.0,250000.0,1052250.0,1740250.0,128.07724142093886,35.65705192587686
라마52a40b,48890320,묘산면,,250000.0,250000.0,1052250.0,1740750.0,128.07727386517115,35.661559924595075
라마52a41a,48890320,묘산면,,250000.0,250000.0,1052250.0,1741250.0,128.0773063166089,35.66606791990589
라마52a41b,48890320,묘산면,,250000.0,250000.0,1052250.0,1741750.0,128.0773387752537,35.670575911809145
라마52a42a,48890320,묘산면,,250000.0,215092.63341407315,1052250.0,1742250.0,128.0773712411072,35.675083900304614
라마52a45a,48890330,가야면,0.0,250000.0,238722.91526101896,1052250.0,1745250.0,128.07756618770077,35.702131759704265
라마52a45b,48890330,가야면,,250000.0,230489.75807617675,1052250.0,1745750.0,128.0775987040602,35.70663972434028
라마52a46a,48890330,가야면,,250000.0,250000.0,1052250.0,1746250.0,128.07763122764123,35.71114768556707
라마52a46b,48890330,가야면,,250000.0,250000.0,1052250.0,1746750.0,128.07766375844548,35.71565564338447
라마52a47a,48890330,가야면,,250000.0,250000.0,1052250.0,1747250.0,128.07769629647453,35.72016359779227
라마52a47b,48890330,가야면,,250000.0,250000.0,1052250.0,1747750.0,128.07772884173008,35.72467154879028
라마52a48a,48890330,가야면,,250000.0,250000.0,1052250.0,1748250.0,128.07776139421367,35.72917949637835
라마52a48b,48890330,가야면,5.0,250000.0,250000.0,1052250.0,1748750.0,128.07779395392697,35.733687440556274
라마52a49a,48890330,가야면,,250000.0,250000.0,1052250.0,1749250.0,128.07782652087155,35.73819538132388
라마52a49b,48890330,가야면,43.0,250000.0,250000.0,1052250.0,1749750.0,128.07785909504906,35.74270331868098
라마52a50a,48890330,가야면,5.0,250000.0,250000.0,1052250.0,1750250.0,128.07789167646115,35.7472112526274
라마52a50b,48890330,가야면,28.0,250000.0,250000.0,1052250.0,1750750.0,128.07792426510943,35.75171918316294
라마52a51a,48890330,가야면,,250000.0,250000.0,1052250.0,1751250.0,128.07795686099544,35.75622711028744
라마52a51b,48890330,가야면,,250000.0,250000.0,1052250.0,1751750.0,128.07798946412092,35.7607350340007
라마52a52a,48890330,가야면,,250000.0,250000.0,1052250.0,1752250.0,128.07802207448742,35.76524295430257
라마52a52b,48890330,가야면,,250000.0,250000.0,1052250.0,1752750.0,128.0780546920966,35.76975087119281
라마52a53a,48890330,가야면,,250000.0,250000.0,1052250.0,1753250.0,128.07808731695005,35.7742587846713
라마52a53b,48890330,가야면,,250000.0,250000.0,1052250.0,1753750.0,128.0781199490494,35.77876669473782
라마52a54a,48890330,가야면,,250000.0,250000.0,1052250.0,1754250.0,128.07815258839634,35.78327460139219
라마52a54b,48890330,가야면,,250000.0,250000.0,1052250.0,1754750.0,128.07818523499242,35.78778250463426
라마52a55a,48890330,가야면,13.0,250000.0,250000.0,1052250.0,1755250.0,128.0782178888393,35.792290404463806
라마52a55b,48890330,가야면,8.0,250000.0,250000.0,1052250.0,1755750.0,128.0782505499386,35.796798300880695
라마52a56a,48890330,가야면,,250000.0,250000.0,1052250.0,1756250.0,128.07828321829194,35.8013061938847
라마52a56b,48890330,가야면,,250000.0,250000.0,1052250.0,1756750.0,128.07831589390096,35.80581408347565
라마52a57a,48890330,가야면,,250000.0,250000.0,1052250.0,1757250.0,128.07834857676733,35.81032196965339
라마52b10b,48890430,삼가면,,250000.0,237744.12205154065,1052750.0,1710750.0,128.08084530100737,35.39104763275925
라마52b11a,48890430,삼가면,,250000.0,250000.0,1052750.0,1711250.0,128.08087762932456,35.39555582782155
라마52b11b,48890430,삼가면,,250000.0,250000.0,1052750.0,1711750.0,128.08090996482113,35.40006401948696
라마52b12a,48890430,삼가면,8.0,250000.0,250000.0,1052750.0,1712250.0,128.0809423074987,35.404572207755294
라마52b12b,48890430,삼가면,5.0,250000.0,250000.0,1052750.0,1712750.0,128.08097465735884,35.409080392626336
라마52b13a,48890430,삼가면,18.0,250000.0,250000.0,1052750.0,1713250.0,128.08100701440313,35.413588574099926
라마52b13b,48890440,가회면,,250000.0,250000.0,1052750.0,1713750.0,128.08103937863325,35.41809675217587
라마52b14a,48890440,가회면,8.0,250000.0,250000.0,1052750.0,1714250.0,128.08107175005068,35.42260492685397
라마52b14b,48890440,가회면,,250000.0,250000.0,1052750.0,1714750.0,128.08110412865707,35.42711309813405
라마52b15a,48890440,가회면,,250000.0,250000.0,1052750.0,1715250.0,128.08113651445402,35.43162126601591
라마52b15b,48890440,가회면,5.0,250000.0,250000.0,1052750.0,1715750.0,128.08116890744313,35.43612943049936
라마52b16a,48890440,가회면,,250000.0,250000.0,1052750.0,1716250.0,128.081201307626,35.44063759158421
라마52b16b,48890440,가회면,,250000.0,250000.0,1052750.0,1716750.0,128.08123371500423,35.44514574927031
라마52b17a,48890440,가회면,,250000.0,250000.0,1052750.0,1717250.0,128.08126612957938,35.44965390355743
라마52b17b,48890430,삼가면,,250000.0,250000.0,1052750.0,1717750.0,128.08129855135311,35.454162054445405
라마52b18a,48890430,삼가면,5.0,250000.0,250000.0,1052750.0,1718250.0,128.08133098032698,35.458670201934034
라마52b18b,48890430,삼가면,,250000.0,250000.0,1052750.0,1718750.0,128.0813634165026,35.46317834602312
라마52b19a,48890430,삼가면,,250000.0,250000.0,1052750.0,1719250.0,128.0813958598816,35.46768648671252
라마52b19b,48890420,쌍백면,,250000.0,250000.0,1052750.0,1719750.0,128.08142831046553,35.472194624001986
라마52b20a,48890420,쌍백면,,250000.0,250000.0,1052750.0,1720250.0,128.08146076825602,35.47670275789138
라마52b20b,48890460,용주면,,250000.0,250000.0,1052750.0,1720750.0,128.0814932332547,35.48121088838049
라마52b21a,48890460,용주면,5.0,250000.0,250000.0,1052750.0,1721250.0,128.08152570546312,35.48571901546913
라마52b21b,48890460,용주면,,250000.0,250000.0,1052750.0,1721750.0,128.08155818488294,35.49022713915712
라마52b22a,48890460,용주면,,250000.0,250000.0,1052750.0,1722250.0,128.08159067151573,35.49473525944427
라마52b22b,48890460,용주면,,250000.0,250000.0,1052750.0,1722750.0,128.08162316536308,35.49924337633042
라마52b23a,48890460,용주면,,250000.0,250000.0,1052750.0,1723250.0,128.08165566642666,35.50375148981533
라마52b23b,48890460,용주면,,250000.0,250000.0,1052750.0,1723750.0,128.081688174708,35.50825959989886
라마52b24a,48890460,용주면,23.0,250000.0,250000.0,1052750.0,1724250.0,128.08172069020875,35.51276770658078
라마52b24b,48890460,용주면,,250000.0,250000.0,1052750.0,1724750.0,128.08175321293052,35.51727580986093
라마52b25a,48890460,용주면,8.0,250000.0,250000.0,1052750.0,1725250.0,128.08178574287493,35.521783909739135
라마52b25b,48890460,용주면,,250000.0,250000.0,1052750.0,1725750.0,128.08181828004356,35.5262920062152
라마52b26a,48890460,용주면,,250000.0,250000.0,1052750.0,1726250.0,128.081850824438,35.53080009928893
라마52b26b,48890460,용주면,,250000.0,250000.0,1052750.0,1726750.0,128.08188337605992,35.53530818896014
라마52b27a,48890460,용주면,18.0,250000.0,250000.0,1052750.0,1727250.0,128.08191593491088,35.539816275228645
라마52b27b,48890460,용주면,,250000.0,250000.0,1052750.0,1727750.0,128.08194850099252,35.544324358094265
라마52b28a,48890460,용주면,8.0,250000.0,250000.0,1052750.0,1728250.0,128.08198107430644,35.548832437556804
라마52b28b,48890460,용주면,,250000.0,250000.0,1052750.0,1728750.0,128.08201365485428,35.553340513616085
라마52b29a,48890460,용주면,5.0,250000.0,250000.0,1052750.0,1729250.0,128.0820462426376,35.55784858627192
라마52b29b,48890460,용주면,5.0,250000.0,250000.0,1052750.0,1729750.0,128.08207883765806,35.562356655524134
라마52b30a,48890460,용주면,0.0,250000.0,250000.0,1052750.0,1730250.0,128.0821114399172,35.566864721372525
라마52b30b,48890460,용주면,,250000.0,250000.0,1052750.0,1730750.0,128.08214404941677,35.5713727838169
라마52b31a,48890460,용주면,,250000.0,250000.0,1052750.0,1731250.0,128.08217666615826,35.575880842857096
라마52b31b,48890460,용주면,,250000.0,250000.0,1052750.0,1731750.0,128.08220929014334,35.5803888984929
라마52b32a,48890460,용주면,,250000.0,250000.0,1052750.0,1732250.0,128.08224192137362,35.58489695072417
라마52b32b,48890460,용주면,,250000.0,250000.0,1052750.0,1732750.0,128.0822745598507,35.58940499955068
라마52b33a,48890310,봉산면,,250000.0,249999.99999998527,1052750.0,1733250.0,128.08230720557623,35.59391304497228
라마52b33b,48890310,봉산면,,250000.0,250000.0,1052750.0,1733750.0,128.0823398585518,35.598421086988736
라마52b34a,48890310,봉산면,,250000.0,249999.99999907977,1052750.0,1734250.0,128.08237251877904,35.602929125599914
라마52b34b,48890250,합천읍,,250000.0,249999.9999979345,1052750.0,1734750.0,128.0824051862596,35.607437160805596
라마52b35a,48890250,합천읍,,250000.0,250000.0,1052750.0,1735250.0,128.082437860995,35.611945192605624
라마52b35b,48890250,합천읍,,250000.0,250000.0,1052750.0,1735750.0,128.08247054298695,35.61645322099978
라마52b36a,48890250,합천읍,,250000.0,249999.99999951766,1052750.0,1736250.0,128.0825032322371,35.620961245987914
라마52b36b,48890310,봉산면,,250000.0,250000.0,1052750.0,1736750.0,128.08253592874698,35.62546926756981
라마52b37a,48890310,봉산면,,250000.0,250000.0,1052750.0,1737250.0,128.08256863251822,35.62997728574531
라마52b37b,48890310,봉산면,,250000.0,250000.0,1052750.0,1737750.0,128.08260134355254,35.63448530051422
라마52b38a,48890320,묘산면,,250000.0,250000.0,1052750.0,1738250.0,128.08263406185145,35.63899331187634
라마52b38b,48890320,묘산면,5.0,250000.0,250000.0,1052750.0,1738750.0,128.08266678741666,35.64350131983153
라마52b39a,48890320,묘산면,,250000.0,250000.0,1052750.0,1739250.0,128.0826995202497,35.648009324379544
라마52b39b,48890320,묘산면,,250000.0,250000.0,1052750.0,1739750.0,128.08273226035232,35.652517325520236
라마52b40a,48890320,묘산면,,250000.0,250000.0,1052750.0,1740250.0,128.082765007726,35.65702532325342
라마52b40b,48890320,묘산면,,250000.0,250000.0,1052750.0,1740750.0,128.08279776237248,35.661533317578915
라마52b41a,48890320,묘산면,,250000.0,250000.0,1052750.0,1741250.0,128.08283052429334,35.66604130849652
라마52b41b,48890320,묘산면,,250000.0,250000.0,1052750.0,1741750.0,128.08286329349022,35.67054929600607
라마52b42a,48890320,묘산면,,250000.0,250000.0,1052750.0,1742250.0,128.08289606996473,35.67505728010736
라마52b42b,48890320,묘산면,,250000.0,250000.0,1052750.0,1742750.0,128.08292885371853,35.67956526080023
라마52b43a,48890320,묘산면,,250000.0,143215.91494884528,1052750.0,1743250.0,128.08296164475325,35.68407323808448
라마52b44b,48890330,가야면,5.0,250000.0,244437.63300700046,1052750.0,1744750.0,128.08306006155902,35.69759714948373
라마52b45a,48890330,가야면,,250000.0,250000.0,1052750.0,1745250.0,128.0830928817336,35.70210511313169
라마52b45b,48890330,가야면,8.0,250000.0,250000.0,1052750.0,1745750.0,128.08312570919722,35.706613073370114
라마52b46a,48890330,가야면,5.0,250000.0,250000.0,1052750.0,1746250.0,128.08315854395153,35.71112103019884
라마52b46b,48890330,가야면,,250000.0,250000.0,1052750.0,1746750.0,128.0831913859982,35.71562898361767
라마52b47a,48890330,가야면,,250000.0,250000.0,1052750.0,1747250.0,128.08322423533875,35.720136933626414
라마52b47b,48890330,가야면,,250000.0,250000.0,1052750.0,1747750.0,128.08325709197493,35.7246448802249
라마52b48a,48890330,가야면,,250000.0,250000.0,1052750.0,1748250.0,128.08328995590833,35.72915282341293
라마52b48b,48890330,가야면,5.0,250000.0,250000.0,1052750.0,1748750.0,128.08332282714056,35.73366076319034
라마52b49a,48890330,가야면,,250000.0,250000.0,1052750.0,1749250.0,128.08335570567328,35.73816869955696
라마52b49b,48890330,가야면,0.0,250000.0,250000.0,1052750.0,1749750.0,128.08338859150814,35.74267663251257
라마52b50a,48890330,가야면,8.0,250000.0,250000.0,1052750.0,1750250.0,128.08342148464675,35.747184562057015
라마52b50b,48890330,가야면,,250000.0,250000.0,1052750.0,1750750.0,128.08345438509076,35.751692488190095
라마52b51a,48890330,가야면,,250000.0,250000.0,1052750.0,1751250.0,128.08348729284182,35.756200410911646
라마52b51b,48890330,가야면,,250000.0,250000.0,1052750.0,1751750.0,128.08352020790153,35.76070833022146
라마52b52a,48890330,가야면,,250000.0,250000.0,1052750.0,1752250.0,128.08355313027158,35.765216246119394
라마52b52b,48890330,가야면,,250000.0,250000.0,1052750.0,1752750.0,128.08358605995357,35.769724158605236
라마52b53a,48890330,가야면,,250000.0,250000.0,1052750.0,1753250.0,128.08361899694916,35.7742320676788
라마52b53b,48890330,가야면,,250000.0,250000.0,1052750.0,1753750.0,128.08365194125997,35.77873997333994
라마52b54a,48890330,가야면,,250000.0,250000.0,1052750.0,1754250.0,128.08368489288765,35.78324787558843
라마52b54b,48890330,가야면,,250000.0,250000.0,1052750.0,1754750.0,128.08371785183388,35.78775577442411
라마52b55a,48890330,가야면,88.0,250000.0,250000.0,1052750.0,1755250.0,128.08375081810024,35.79226366984681
라마52b55b,48890330,가야면,,250000.0,250000.0,1052750.0,1755750.0,128.08378379168843,35.79677156185634
라마52b56a,48890330,가야면,0.0,250000.0,250000.0,1052750.0,1756250.0,128.08381677260004,35.8012794504525
라마52b56b,48890330,가야면,,250000.0,250000.0,1052750.0,1756750.0,128.08384976083676,35.80578733563514
라마52b57a,48890330,가야면,,250000.0,250000.0,1052750.0,1757250.0,128.0838827564002,35.81029521740404
라마52b57b,48890330,가야면,,250000.0,239963.045304621,1052750.0,1757750.0,128.083915759292,35.81480309575906
라마53a08b,48890430,삼가면,8.0,250000.0,212688.56866992795,1053250.0,1708750.0,128.08622022131962,35.37298824099578
라마53a10a,48890430,삼가면,,250000.0,248902.40592145498,1053250.0,1710250.0,128.0863180601931,35.38651284353788
라마53a10b,48890430,삼가면,18.0,250000.0,250000.0,1053250.0,1710750.0,128.08635068763718,35.3910210375915
라마53a11a,48890430,삼가면,8.0,250000.0,250000.0,1053250.0,1711250.0,128.08638332232707,35.395529228247916
라마53a11b,48890430,삼가면,8.0,250000.0,250000.0,1053250.0,1711750.0,128.0864159642644,35.40003741550697
라마53a12a,48890430,삼가면,8.0,250000.0,250000.0,1053250.0,1712250.0,128.08644861345076,35.40454559936845
라마53a12b,48890430,삼가면,13.0,250000.0,250000.0,1053250.0,1712750.0,128.0864812698877,35.40905377983217
라마53a13a,48890430,삼가면,18.0,250000.0,250000.0,1053250.0,1713250.0,128.08651393357698,35.41356195689795
라마53a13b,48890430,삼가면,,250000.0,250000.0,1053250.0,1713750.0,128.08654660452004,35.418070130565596
라마53a14a,48890430,삼가면,,250000.0,250000.0,1053250.0,1714250.0,128.08657928271862,35.42257830083492
라마53a14b,48890430,삼가면,,250000.0,250000.0,1053250.0,1714750.0,128.08661196817425,35.42708646770574
라마53a15a,48890430,삼가면,,250000.0,250000.0,1053250.0,1715250.0,128.0866446608886,35.43159463117786
라마53a15b,48890430,삼가면,5.0,250000.0,250000.0,1053250.0,1715750.0,128.08667736086323,35.43610279125109
라마53a16a,48890440,가회면,5.0,250000.0,250000.0,1053250.0,1716250.0,128.0867100680998,35.44061094792525
라마53a16b,48890440,가회면,,250000.0,250000.0,1053250.0,1716750.0,128.08674278259988,35.445119101200135
라마53a17a,48890430,삼가면,,250000.0,250000.0,1053250.0,1717250.0,128.08677550436516,35.44962725107559
라마53a17b,48890430,삼가면,,250000.0,250000.0,1053250.0,1717750.0,128.08680823339716,35.4541353975514
라마53a18a,48890430,삼가면,8.0,250000.0,250000.0,1053250.0,1718250.0,128.08684096969756,35.458643540627385
라마53a18b,48890430,삼가면,,250000.0,250000.0,1053250.0,1718750.0,128.08687371326795,35.46315168030335
라마53a19a,48890430,삼가면,,250000.0,250000.0,1053250.0,1719250.0,128.08690646410994,35.46765981657913
라마53a19b,48890420,쌍백면,,250000.0,250000.0,1053250.0,1719750.0,128.08693922222517,35.47216794945451
라마53a20a,48890420,쌍백면,,250000.0,250000.0,1053250.0,1720250.0,128.08697198761527,35.47667607892932
라마53a20b,48890460,용주면,,250000.0,250000.0,1053250.0,1720750.0,128.08700476028184,35.481184205003366
라마53a21a,48890460,용주면,,250000.0,250000.0,1053250.0,1721250.0,128.08703754022645,35.48569232767647
라마53a21b,48890460,용주면,,250000.0,250000.0,1053250.0,1721750.0,128.08707032745082,35.490200446948435
라마53a22a,48890460,용주면,,250000.0,250000.0,1053250.0,1722250.0,128.08710312195652,35.49470856281907
라마53a22b,48890460,용주면,,250000.0,250000.0,1053250.0,1722750.0,128.08713592374514,35.499216675288196
라마53a23a,48890460,용주면,,250000.0,250000.0,1053250.0,1723250.0,128.08716873281833,35.50372478435562
라마53a23b,48890460,용주면,0.0,250000.0,250000.0,1053250.0,1723750.0,128.0872015491777,35.508232890021176
라마53a24a,48890460,용주면,18.0,250000.0,250000.0,1053250.0,1724250.0,128.0872343728249,35.512740992284655
라마53a24b,48890460,용주면,,250000.0,250000.0,1053250.0,1724750.0,128.08726720376154,35.517249091145864
라마53a25a,48890460,용주면,5.0,250000.0,250000.0,1053250.0,1725250.0,128.08730004198924,35.52175718660464
라마53a25b,48890460,용주면,23.0,250000.0,250000.0,1053250.0,1725750.0,128.08733288750963,35.52626527866079
라마53a26a,48890460,용주면,,250000.0,250000.0,1053250.0,1726250.0,128.08736574032432,35.5307733673141
라마53a26b,48890460,용주면,5.0,250000.0,250000.0,1053250.0,1726750.0,128.08739860043494,35.53528145256442
라마53a27a,48890460,용주면,5.0,250000.0,250000.0,1053250.0,1727250.0,128.08743146784315,35.539789534411554
라마53a27b,48890460,용주면,,250000.0,250000.0,1053250.0,1727750.0,128.0874643425505,35.54429761285532
라마53a28a,48890460,용주면,93.0,250000.0,250000.0,1053250.0,1728250.0,128.08749722455875,35.548805687895516
라마53a28b,48890460,용주면,,250000.0,250000.0,1053250.0,1728750.0,128.08753011386935,35.55331375953197
라마53a29a,48890460,용주면,,250000.0,250000.0,1053250.0,1729250.0,128.08756301048408,35.55782182776448
라마53a29b,48890460,용주면,8.0,250000.0,250000.0,1053250.0,1729750.0,128.0875959144045,35.56232989259288
라마53a30a,48890460,용주면,,250000.0,250000.0,1053250.0,1730250.0,128.08762882563224,35.56683795401697
라마53a30b,48890460,용주면,0.0,250000.0,250000.0,1053250.0,1730750.0,128.0876617441689,35.571346012036564
라마53a31a,48890460,용주면,5.0,250000.0,250000.0,1053250.0,1731250.0,128.0876946700162,35.57585406665149
라마53a31b,48890460,용주면,,250000.0,250000.0,1053250.0,1731750.0,128.08772760317572,35.580362117861554
라마53a32a,48890460,용주면,,250000.0,250000.0,1053250.0,1732250.0,128.08776054364907,35.58487016566658
라마53a32b,48890460,용주면,,250000.0,250000.0,1053250.0,1732750.0,128.08779349143794,35.58937821006636
라마53a33a,48890250,합천읍,,250000.0,249999.9999986165,1053250.0,1733250.0,128.0878264465439,35.593886251060724
라마53a33b,48890250,합천읍,0.0,250000.0,249999.99999947287,1053250.0,1733750.0,128.0878594089686,35.59839428864949
라마53a34a,48890250,합천읍,,250000.0,249999.9999996167,1053250.0,1734250.0,128.0878923787137,35.60290232283246
라마53a34b,48890250,합천읍,,250000.0,250000.0,1053250.0,1734750.0,128.08792535578084,35.60741035360946
라마53a35a,48890250,합천읍,5.0,250000.0,250000.0,1053250.0,1735250.0,128.08795834017158,35.61191838098032
라마53a35b,48890250,합천읍,8.0,250000.0,250000.0,1053250.0,1735750.0,128.08799133188765,35.61642640494482
라마53a36a,48890250,합천읍,,250000.0,250000.0,1053250.0,1736250.0,128.08802433093064,35.6209344255028
라마53a36b,48890310,봉산면,,250000.0,249999.99999937933,1053250.0,1736750.0,128.0880573373022,35.62544244265406
라마53a37a,48890320,묘산면,,250000.0,250000.0,1053250.0,1737250.0,128.08809035100393,35.62995045639843
라마53a37b,48890320,묘산면,,250000.0,250000.0,1053250.0,1737750.0,128.08812337203753,35.63445846673572
라마53a38a,48890320,묘산면,,250000.0,250000.0,1053250.0,1738250.0,128.08815640040459,35.63896647366574
라마53a38b,48890320,묘산면,5.0,250000.0,250000.0,1053250.0,1738750.0,128.08818943610675,35.64347447718831
라마53a39a,48890320,묘산면,,250000.0,250000.0,1053250.0,1739250.0,128.08822247914568,35.647982477303266
라마53a39b,48890320,묘산면,38.0,250000.0,250000.0,1053250.0,1739750.0,128.08825552952302,35.65249047401038
라마53a40a,48890320,묘산면,,250000.0,250000.0,1053250.0,1740250.0,128.08828858724038,35.65699846730949
라마53a40b,48890320,묘산면,,250000.0,250000.0,1053250.0,1740750.0,128.0883216522994,35.66150645720043
라마53a41a,48890320,묘산면,,250000.0,250000.0,1053250.0,1741250.0,128.0883547247018,35.666014443683
라마53a41b,48890320,묘산면,,250000.0,250000.0,1053250.0,1741750.0,128.0883878044491,35.67052242675701
라마53a42a,48890320,묘산면,,250000.0,250000.0,1053250.0,1742250.0,128.08842089154305,35.67503040642227
라마53a42b,48890320,묘산면,,250000.0,250000.0,1053250.0,1742750.0,128.0884539859852,35.67953838267862
라마53a43a,48890320,묘산면,,250000.0,171912.56818324377,1053250.0,1743250.0,128.08848708777728,35.68404635552588
라마53a44b,48890330,가야면,,250000.0,250000.0,1053250.0,1744750.0,128.08858643726927,35.69757025361116
라마53a45a,48890330,가야면,,250000.0,250000.0,1053250.0,1745250.0,128.08861956847736,35.70207821282015
라마53a45b,48890330,가야면,0.0,250000.0,250000.0,1053250.0,1745750.0,128.08865270704356,35.70658616861912
라마53a46a,48890330,가야면,,250000.0,250000.0,1053250.0,1746250.0,128.08868585296955,35.711094121007896
라마53a46b,48890330,가야면,,250000.0,250000.0,1053250.0,1746750.0,128.08871900625692,35.71560206998627
라마53a47a,48890330,가야면,,250000.0,250000.0,1053250.0,1747250.0,128.0887521669074,35.720110015554084
라마53a47b,48890330,가야면,,250000.0,250000.0,1053250.0,1747750.0,128.0887853349226,35.72461795771114
라마53a48a,48890330,가야면,8.0,250000.0,250000.0,1053250.0,1748250.0,128.08881851030412,35.72912589645726
라마53a48b,48890330,가야면,8.0,250000.0,250000.0,1053250.0,1748750.0,128.0888516930537,35.73363383179227
라마53a49a,48890330,가야면,28.0,250000.0,250000.0,1053250.0,1749250.0,128.0888848831729,35.738141763715966
라마53a49b,48890330,가야면,13.0,250000.0,250000.0,1053250.0,1749750.0,128.08891808066343,35.74264969222817
라마53a50a,48890330,가야면,38.0,250000.0,250000.0,1053250.0,1750250.0,128.08895128552697,35.74715761732873
라마53a50b,48890330,가야면,13.0,250000.0,250000.0,1053250.0,1750750.0,128.0889844977651,35.751665539017424
라마53a51a,48890330,가야면,,250000.0,250000.0,1053250.0,1751250.0,128.0890177173795,35.7561734572941
라마53a51b,48890330,가야면,,250000.0,250000.0,1053250.0,1751750.0,128.08905094437185,35.76068137215856
라마53a52a,48890330,가야면,,250000.0,250000.0,1053250.0,1752250.0,128.08908417874378,35.765189283610624
라마53a52b,48890330,가야면,,250000.0,250000.0,1053250.0,1752750.0,128.08911742049696,35.76969719165011
라마53a53a,48890330,가야면,,250000.0,250000.0,1053250.0,1753250.0,128.089150669633,35.77420509627684
라마53a53b,48890330,가야면,,250000.0,250000.0,1053250.0,1753750.0,128.08918392615362,35.77871299749063
라마53a54a,48890330,가야면,,250000.0,250000.0,1053250.0,1754250.0,128.08921719006045,35.78322089529129
라마53a54b,48890330,가야면,5.0,250000.0,250000.0,1053250.0,1754750.0,128.08925046135516,35.787728789678646
라마53a55a,48890330,가야면,74.0,250000.0,250000.0,1053250.0,1755250.0,128.08928374003938,35.79223668065252
라마53a55b,48890330,가야면,18.0,250000.0,250000.0,1053250.0,1755750.0,128.0893170261148,35.79674456821272
라마53a56a,48890330,가야면,,250000.0,250000.0,1053250.0,1756250.0,128.08935031958302,35.80125245235907
라마53a56b,48890330,가야면,,250000.0,250000.0,1053250.0,1756750.0,128.0893836204458,35.80576033309141
라마53a57a,48890330,가야면,,250000.0,250000.0,1053250.0,1757250.0,128.08941692870468,35.81026821040952
라마53a57b,48890330,가야면,,250000.0,250000.0,1053250.0,1757750.0,128.08945024436142,35.814776084313245
라마53a58a,48890330,가야면,,250000.0,250000.0,1053250.0,1758250.0,128.08948356741763,35.81928395480239
라마53a58b,48890330,가야면,,250000.0,250000.0,1053250.0,1758750.0,128.089516897875,35.82379182187678
라마53a59a,48890330,가야면,,250000.0,168119.23616046645,1053250.0,1759250.0,128.08955023573517,35.82829968553624
라마53b08a,48890430,삼가면,,250000.0,150283.22977927641,1053750.0,1708250.0,128.09169147139116,35.36845320955763
라마53b08b,48890430,삼가면,33.0,250000.0,250000.0,1053750.0,1708750.0,128.09172437589925,35.372961412753114
라마53b09a,48890430,삼가면,5.0,250000.0,250000.0,1053750.0,1709250.0,128.09175728771467,35.37746961255167
라마53b09b,48890430,삼가면,5.0,250000.0,248471.2084965583,1053750.0,1709750.0,128.09179020683905,35.381977808953124
라마53b10a,48890430,삼가면,,250000.0,250000.0,1053750.0,1710250.0,128.09182313327403,35.38648600195727
라마53b10b,48890430,삼가면,33.0,250000.0,250000.0,1053750.0,1710750.0,128.09185606702118,35.39099419156394
라마53b11a,48890430,삼가면,,250000.0,250000.0,1053750.0,1711250.0,128.09188900808218,35.39550237777293
라마53b11b,48890430,삼가면,38.0,250000.0,250000.0,1053750.0,1711750.0,128.09192195645863,35.40001056058405
라마53b12a,48890430,삼가면,8.0,250000.0,250000.0,1053750.0,1712250.0,128.09195491215215,35.40451873999712
라마53b12b,48890430,삼가면,13.0,250000.0,250000.0,1053750.0,1712750.0,128.09198787516436,35.409026916011946
라마53b13a,48890430,삼가면,0.0,250000.0,250000.0,1053750.0,1713250.0,128.09202084549693,35.41353508862833
라마53b13b,48890430,삼가면,,250000.0,250000.0,1053750.0,1713750.0,128.09205382315142,35.41804325784612
라마53b14a,48890430,삼가면,,250000.0,250000.0,1053750.0,1714250.0,128.0920868081295,35.422551423665084
라마53b14b,48890430,삼가면,,250000.0,250000.0,1053750.0,1714750.0,128.09211980043276,35.42705958608505
라마53b15a,48890430,삼가면,,250000.0,250000.0,1053750.0,1715250.0,128.09215280006288,35.43156774510584
라마53b15b,48890430,삼가면,,250000.0,250000.0,1053750.0,1715750.0,128.09218580702142,35.43607590072725
라마53b16a,48890430,삼가면,,250000.0,250000.0,1053750.0,1716250.0,128.09221882131007,35.4405840529491
라마53b16b,48890430,삼가면,,250000.0,250000.0,1053750.0,1716750.0,128.09225184293044,35.445092201771196
라마53b17a,48890430,삼가면,8.0,250000.0,250000.0,1053750.0,1717250.0,128.09228487188415,35.44960034719336
라마53b17b,48890430,삼가면,23.0,250000.0,250000.0,1053750.0,1717750.0,128.09231790817284,35.45410848921539
라마53b18a,48890430,삼가면,5.0,250000.0,250000.0,1053750.0,1718250.0,128.09235095179815,35.45861662783712
라마53b18b,48890430,삼가면,,250000.0,250000.0,1053750.0,1718750.0,128.09238400276166,35.46312476305833
라마53b19a,48890420,쌍백면,,250000.0,250000.0,1053750.0,1719250.0,128.09241706106508,35.46763289487887
라마53b19b,48890420,쌍백면,,250000.0,250000.0,1053750.0,1719750.0,128.09245012671002,35.472141023298526
라마53b20a,48890420,쌍백면,,250000.0,250000.0,1053750.0,1720250.0,128.09248319969805,35.47664914831712
라마53b20b,48890460,용주면,,250000.0,250000.0,1053750.0,1720750.0,128.09251628003088,35.48115726993446
라마53b21a,48890460,용주면,,250000.0,250000.0,1053750.0,1721250.0,128.09254936771012,35.48566538815037
라마53b21b,48890460,용주면,8.0,250000.0,250000.0,1053750.0,1721750.0,128.09258246273737,35.490173502964645
라마53b22a,48890460,용주면,,250000.0,250000.0,1053750.0,1722250.0,128.09261556511433,35.4946816143771
라마53b22b,48890460,용주면,,250000.0,250000.0,1053750.0,1722750.0,128.09264867484256,35.49918972238757
라마53b23a,48890460,용주면,,250000.0,250000.0,1053750.0,1723250.0,128.09268179192378,35.50369782699585
라마53b23b,48890460,용주면,,250000.0,250000.0,1053750.0,1723750.0,128.09271491635957,35.50820592820176
라마53b24a,48890460,용주면,,250000.0,250000.0,1053750.0,1724250.0,128.0927480481516,35.512714026005106
라마53b24b,48890460,용주면,,250000.0,250000.0,1053750.0,1724750.0,128.09278118730148,35.51722212040569
라마53b25a,48890460,용주면,,250000.0,250000.0,1053750.0,1725250.0,128.09281433381088,35.52173021140335
라마53b25b,48890460,용주면,5.0,250000.0,250000.0,1053750.0,1725750.0,128.0928474876814,35.526238298997896
라마53b26a,48890460,용주면,0.0,250000.0,250000.0,1053750.0,1726250.0,128.0928806489147,35.53074638318912
라마53b26b,48890460,용주면,5.0,250000.0,250000.0,1053750.0,1726750.0,128.09291381751243,35.53525446397687
라마53b27a,48890460,용주면,83.0,250000.0,250000.0,1053750.0,1727250.0,128.09294699347623,35.539762541360915
라마53b27b,48890460,용주면,23.0,250000.0,250000.0,1053750.0,1727750.0,128.0929801768077,35.544270615341105
라마53b28a,48890460,용주면,0.0,250000.0,250000.0,1053750.0,1728250.0,128.09301336750858,35.54877868591725
라마53b28b,48890460,용주면,,250000.0,250000.0,1053750.0,1728750.0,128.09304656558038,35.55328675308914
라마53b29a,48890460,용주면,5.0,250000.0,250000.0,1053750.0,1729250.0,128.09307977102486,35.55779481685662
라마53b29b,48890460,용주면,,250000.0,250000.0,1053750.0,1729750.0,128.09311298384358,35.562302877219494
라마53b30a,48890460,용주면,,250000.0,250000.0,1053750.0,1730250.0,128.09314620403828,35.56681093417757
라마53b30b,48890460,용주면,,250000.0,250000.0,1053750.0,1730750.0,128.0931794316105,35.57131898773065
라마53b31a,48890460,용주면,,250000.0,250000.0,1053750.0,1731250.0,128.09321266656195,35.57582703787857
라마53b31b,48890460,용주면,5.0,250000.0,250000.0,1053750.0,1731750.0,128.09324590889423,35.580335084621126
라마53b32a,48890460,용주면,,250000.0,250000.0,1053750.0,1732250.0,128.09327915860905,35.58484312795816
라마53b32b,48890460,용주면,,250000.0,250000.0,1053750.0,1732750.0,128.09331241570803,35.58935116788946
라마53b33a,48890250,합천읍,,250000.0,249999.99999943,1053750.0,1733250.0,128.0933456801928,35.59385920441485
라마53b33b,48890250,합천읍,,250000.0,250000.0,1053750.0,1733750.0,128.09337895206502,35.598367237534134
라마53b34a,48890250,합천읍,5.0,250000.0,250000.0,1053750.0,1734250.0,128.09341223132634,35.60287526724716
라마53b34b,48890250,합천읍,,250000.0,250000.0,1053750.0,1734750.0,128.0934455179784,35.607383293553696
라마53b35a,48890250,합천읍,,250000.0,250000.0,1053750.0,1735250.0,128.09347881202288,35.6118913164536
라마53b35b,48890250,합천읍,5.0,250000.0,250000.0,1053750.0,1735750.0,128.0935121134614,35.61639933594666
라마53b36a,48890250,합천읍,,250000.0,249999.9999995095,1053750.0,1736250.0,128.09354542229562,35.62090735203271
라마53b36b,48890320,묘산면,8.0,250000.0,249999.99999994814,1053750.0,1736750.0,128.0935787385272,35.62541536471154
라마53b37a,48890320,묘산면,33.0,250000.0,250000.0,1053750.0,1737250.0,128.09361206215777,35.629923373983004
라마53b37b,48890320,묘산면,8.0,250000.0,250000.0,1053750.0,1737750.0,128.09364539318904,35.63443137984687
라마53b38a,48890320,묘산면,5.0,250000.0,250000.0,1053750.0,1738250.0,128.0936787316226,35.63893938230299
라마53b38b,48890320,묘산면,8.0,250000.0,250000.0,1053750.0,1738750.0,128.09371207746014,35.643447381351166
라마53b39a,48890320,묘산면,18.0,250000.0,250000.0,1053750.0,1739250.0,128.09374543070328,35.647955376991206
라마53b39b,48890320,묘산면,5.0,250000.0,250000.0,1053750.0,1739750.0,128.09377879135374,35.65246336922293
라마53b40a,48890320,묘산면,,250000.0,250000.0,1053750.0,1740250.0,128.0938121594131,35.65697135804616
라마53b40b,48890320,묘산면,13.0,250000.0,250000.0,1053750.0,1740750.0,128.09384553488306,35.66147934346072
라마53b41a,48890320,묘산면,,250000.0,250000.0,1053750.0,1741250.0,128.09387891776527,35.6659873254664
라마53b41b,48890320,묘산면,,250000.0,250000.0,1053750.0,1741750.0,128.0939123080614,35.67049530406305
라마53b42a,48890320,묘산면,,250000.0,250000.0,1053750.0,1742250.0,128.09394570577308,35.675003279250454
라마53b42b,48890320,묘산면,,250000.0,250000.0,1053750.0,1742750.0,128.09397911090198,35.67951125102845
라마53b43a,48890320,묘산면,,250000.0,218815.76731375823,1053750.0,1743250.0,128.09401252344978,35.68401921939683
라마53b43b,48890320,묘산면,,250000.0,129312.75338189164,1053750.0,1743750.0,128.09404594341814,35.68852718435545
라마53b44a,48890330,가야면,,250000.0,226299.99089461897,1053750.0,1744250.0,128.09407937080866,35.6930351459041
라마53b44b,48890330,가야면,,250000.0,250000.0,1053750.0,1744750.0,128.09411280562307,35.69754310404259
라마53b45a,48890330,가야면,,250000.0,250000.0,1053750.0,1745250.0,128.09414624786302,35.70205105877074
라마53b45b,48890330,가야면,,250000.0,250000.0,1053750.0,1745750.0,128.09417969753014,35.706559010088384
라마53b46a,48890330,가야면,,250000.0,250000.0,1053750.0,1746250.0,128.09421315462615,35.71106695799532
라마53b46b,48890330,가야면,,250000.0,250000.0,1053750.0,1746750.0,128.09424661915264,35.71557490249137
라마53b47a,48890330,가야면,,250000.0,250000.0,1053750.0,1747250.0,128.0942800911113,35.72008284357636
라마53b47b,48890330,가야면,8.0,250000.0,250000.0,1053750.0,1747750.0,128.09431357050386,35.72459078125009
라마53b48a,48890330,가야면,33.0,250000.0,250000.0,1053750.0,1748250.0,128.0943470573319,35.72909871551241
라마53b48b,48890330,가야면,18.0,250000.0,250000.0,1053750.0,1748750.0,128.0943805515971,35.733606646363086
라마53b49a,48890330,가야면,33.0,250000.0,250000.0,1053750.0,1749250.0,128.0944140533012,35.73811457380198
라마53b49b,48890330,가야면,43.0,250000.0,250000.0,1053750.0,1749750.0,128.09444756244577,35.7426224978289
라마53b50a,48890330,가야면,8.0,250000.0,250000.0,1053750.0,1750250.0,128.09448107903253,35.747130418443646
라마53b50b,48890330,가야면,5.0,250000.0,250000.0,1053750.0,1750750.0,128.09451460306315,35.75163833564604
라마53b51a,48890330,가야면,,250000.0,250000.0,1053750.0,1751250.0,128.09454813453925,35.75614624943591
라마53b51b,48890330,가야면,,250000.0,250000.0,1053750.0,1751750.0,128.09458167346259,35.76065415981307
라마53b52a,48890330,가야면,,250000.0,250000.0,1053750.0,1752250.0,128.09461521983474,35.76516206677735
라마53b52b,48890330,가야면,,250000.0,250000.0,1053750.0,1752750.0,128.09464877365744,35.769669970328536
라마53b53a,48890330,가야면,,250000.0,250000.0,1053750.0,1753250.0,128.09468233493234,35.77417787046648
라마53b53b,48890330,가야면,,250000.0,250000.0,1053750.0,1753750.0,128.0947159036611,35.77868576719098
라마53b54a,48890330,가야면,,250000.0,250000.0,1053750.0,1754250.0,128.0947494798454,35.783193660501844
라마53b54b,48890330,가야면,,250000.0,250000.0,1053750.0,1754750.0,128.09478306348691,35.78770155039893
라마53b55a,48890330,가야면,8.0,250000.0,250000.0,1053750.0,1755250.0,128.09481665458733,35.792209436882025
라마53b55b,48890330,가야면,,250000.0,250000.0,1053750.0,1755750.0,128.0948502531483,35.79671731995094
라마53b56a,48890330,가야면,8.0,250000.0,250000.0,1053750.0,1756250.0,128.09488385917152,35.80122519960551
라마53b56b,48890330,가야면,,250000.0,250000.0,1053750.0,1756750.0,128.09491747265864,35.80573307584556
라마53b57a,48890330,가야면,,250000.0,250000.0,1053750.0,1757250.0,128.09495109361137,35.810240948670895
라마53b57b,48890330,가야면,,250000.0,250000.0,1053750.0,1757750.0,128.09498472203134,35.81474881808134
라마53b58a,48890330,가야면,,250000.0,250000.0,1053750.0,1758250.0,128.09501835792025,35.8192566840767
라마53b58b,48890330,가야면,,250000.0,250000.0,1053750.0,1758750.0,128.0950520012798,35.82376454665681
라마53b59a,48890330,가야면,,250000.0,250000.0,1053750.0,1759250.0,128.09508565211163,35.828272405821494
라마54a08a,48890430,삼가면,,250000.0,112516.95227067907,1054250.0,1708250.0,128.0971953126339,35.36842613510894
라마54a08b,48890430,삼가면,23.0,250000.0,240175.4974841247,1054250.0,1708750.0,128.09722852317154,35.37293433381788
라마54a09a,48890430,삼가면,,250000.0,250000.0,1054250.0,1709250.0,128.09726174108445,35.377442529129404
라마54a09b,48890430,삼가면,23.0,250000.0,250000.0,1054250.0,1709750.0,128.09729496637433,35.38195072104334
라마54a10a,48890430,삼가면,23.0,250000.0,250000.0,1054250.0,1710250.0,128.09732819904275,35.38645890955948
라마54a10b,48890430,삼가면,,250000.0,250000.0,1054250.0,1710750.0,128.0973614390914,35.390967094677634
라마54a11a,48890430,삼가면,,250000.0,250000.0,1054250.0,1711250.0,128.09739468652185,35.39547527639764
라마54a11b,48890430,삼가면,8.0,250000.0,250000.0,1054250.0,1711750.0,128.09742794133578,35.399983454719276
라마54a12a,48890430,삼가면,23.0,250000.0,250000.0,1054250.0,1712250.0,128.09746120353486,35.40449162964237
라마54a12b,48890430,삼가면,8.0,250000.0,250000.0,1054250.0,1712750.0,128.0974944731207,35.40899980116673
라마54a13a,48890430,삼가면,58.0,250000.0,250000.0,1054250.0,1713250.0,128.09752775009494,35.41350796929217
라마54a13b,48890430,삼가면,13.0,250000.0,250000.0,1054250.0,1713750.0,128.0975610344592,35.4180161340185
라마54a14a,48890430,삼가면,,250000.0,250000.0,1054250.0,1714250.0,128.09759432621513,35.422524295345525
라마54a14b,48890430,삼가면,23.0,250000.0,250000.0,1054250.0,1714750.0,128.09762762536442,35.42703245327306
라마54a15a,48890430,삼가면,13.0,250000.0,250000.0,1054250.0,1715250.0,128.09766093190865,35.43154060780092
라마54a15b,48890430,삼가면,8.0,250000.0,250000.0,1054250.0,1715750.0,128.0976942458495,35.43604875892891
라마54a16a,48890430,삼가면,,250000.0,250000.0,1054250.0,1716250.0,128.0977275671886,35.44055690665685
라마54a16b,48890430,삼가면,5.0,250000.0,250000.0,1054250.0,1716750.0,128.09776089592762,35.44506505098454
라마54a17a,48890430,삼가면,,250000.0,250000.0,1054250.0,1717250.0,128.09779423206817,35.44957319191182
라마54a17b,48890430,삼가면,,250000.0,250000.0,1054250.0,1717750.0,128.09782757561192,35.45408132943847
라마54a18a,48890430,삼가면,8.0,250000.0,250000.0,1054250.0,1718250.0,128.09786092656046,35.45858946356431
라마54a18b,48890420,쌍백면,,250000.0,250000.0,1054250.0,1718750.0,128.09789428491553,35.463097594289145
라마54a19a,48890420,쌍백면,18.0,250000.0,250000.0,1054250.0,1719250.0,128.0979276506787,35.46760572161283
라마54a19b,48890420,쌍백면,,250000.0,250000.0,1054250.0,1719750.0,128.09796102385167,35.47211384553512
라마54a20a,48890420,쌍백면,,250000.0,250000.0,1054250.0,1720250.0,128.09799440443606,35.47662196605586
라마54a20b,48890460,용주면,,250000.0,250000.0,1054250.0,1720750.0,128.0980277924335,35.481130083174854
라마54a21a,48890460,용주면,5.0,250000.0,250000.0,1054250.0,1721250.0,128.09806118784567,35.48563819689193
라마54a21b,48890460,용주면,8.0,250000.0,250000.0,1054250.0,1721750.0,128.09809459067424,35.49014630720686
라마54a22a,48890460,용주면,8.0,250000.0,250000.0,1054250.0,1722250.0,128.09812800092084,35.49465441411948
라마54a22b,48890460,용주면,,250000.0,250000.0,1054250.0,1722750.0,128.09816141858707,35.499162517629635
라마54a23a,48890460,용주면,5.0,250000.0,250000.0,1054250.0,1723250.0,128.0981948436747,35.503670617737086
라마54a23b,48890460,용주면,,250000.0,250000.0,1054250.0,1723750.0,128.09822827618524,35.508178714441684
라마54a24a,48890460,용주면,,250000.0,250000.0,1054250.0,1724250.0,128.09826171612042,35.51268680774322
라마54a24b,48890460,용주면,,250000.0,250000.0,1054250.0,1724750.0,128.09829516348194,35.51719489764152
라마54a25a,48890460,용주면,,250000.0,250000.0,1054250.0,1725250.0,128.09832861827135,35.521702984136375
라마54a25b,48890460,용주면,,250000.0,250000.0,1054250.0,1725750.0,128.09836208049038,35.52621106722762
라마54a26a,48890460,용주면,,250000.0,250000.0,1054250.0,1726250.0,128.09839555014065,35.53071914691507
라마54a26b,48890460,용주면,97.0,250000.0,250000.0,1054250.0,1726750.0,128.09842902722383,35.53522722319853
라마54a27a,48890460,용주면,33.0,250000.0,250000.0,1054250.0,1727250.0,128.0984625117416,35.5397352960778
라마54a27b,48890460,용주면,8.0,250000.0,250000.0,1054250.0,1727750.0,128.09849600369554,35.544243365552724
라마54a28a,48890460,용주면,5.0,250000.0,250000.0,1054250.0,1728250.0,128.0985295030874,35.548751431623096
라마54a28b,48890460,용주면,,250000.0,250000.0,1054250.0,1728750.0,128.0985630099188,35.55325949428873
라마54a29a,48890460,용주면,,250000.0,250000.0,1054250.0,1729250.0,128.09859652419135,35.557767553549446
라마54a29b,48890460,용주면,5.0,250000.0,250000.0,1054250.0,1729750.0,128.0986300459068,35.56227560940506
라마54a30a,48890460,용주면,,250000.0,250000.0,1054250.0,1730250.0,128.09866357506672,35.56678366185539
라마54a30b,48890460,용주면,13.0,250000.0,250000.0,1054250.0,1730750.0,128.09869711167286,35.571291710900205
라마54a31a,48890460,용주면,38.0,250000.0,250000.0,1054250.0,1731250.0,128.09873065572683,35.57579975653939
라마54a31b,48890460,용주면,23.0,250000.0,250000.0,1054250.0,1731750.0,128.0987642072303,35.58030779877271
라마54a32a,48890460,용주면,,250000.0,250000.0,1054250.0,1732250.0,128.09879776618487,35.584815837600004
라마54a32b,48890460,용주면,,250000.0,250000.0,1054250.0,1732750.0,128.09883133259234,35.58932387302106
라마54a33a,48890460,용주면,,250000.0,249999.99999890928,1054250.0,1733250.0,128.09886490645425,35.59383190503572
라마54a33b,48890250,합천읍,,250000.0,250000.0,1054250.0,1733750.0,128.09889848777235,35.59833993364378
라마54a34a,48890250,합천읍,13.0,250000.0,250000.0,1054250.0,1734250.0,128.09893207654824,35.60284795884507
라마54a34b,48890250,합천읍,38.0,250000.0,250000.0,1054250.0,1734750.0,128.0989656727836,35.60735598063939
라마54a35a,48890250,합천읍,,250000.0,250000.0,1054250.0,1735250.0,128.09899927648013,35.611863999026575
라마54a35b,48890250,합천읍,,250000.0,250000.0,1054250.0,1735750.0,128.09903288763945,35.616372014006416
라마54a36a,48890320,묘산면,,250000.0,249999.99999929275,1054250.0,1736250.0,128.09906650626326,35.620880025578735
라마54a36b,48890320,묘산면,5.0,250000.0,250000.0,1054250.0,1736750.0,128.09910013235321,35.625388033743356
라마54a37a,48890320,묘산면,5.0,250000.0,250000.0,1054250.0,1737250.0,128.09913376591098,35.62989603850009
라마54a37b,48890320,묘산면,5.0,250000.0,250000.0,1054250.0,1737750.0,128.09916740693825,35.63440403984876
라마54a38a,48890320,묘산면,,250000.0,250000.0,1054250.0,1738250.0,128.09920105543665,35.638912037789154
라마54a38b,48890320,묘산면,,250000.0,250000.0,1054250.0,1738750.0,128.09923471140786,35.643420032321124
라마54a39a,48890320,묘산면,8.0,250000.0,250000.0,1054250.0,1739250.0,128.09926837485358,35.64792802344446
라마54a39b,48890320,묘산면,,250000.0,250000.0,1054250.0,1739750.0,128.0993020457755,35.652436011158976
라마54a40a,48890320,묘산면,0.0,250000.0,250000.0,1054250.0,1740250.0,128.09933572417518,35.6569439954645
라마54a40b,48890320,묘산면,,250000.0,250000.0,1054250.0,1740750.0,128.09936941005444,35.66145197636086
라마54a41a,48890320,묘산면,0.0,250000.0,250000.0,1054250.0,1741250.0,128.09940310341486,35.66595995384784
라마54a41b,48890320,묘산면,,250000.0,250000.0,1054250.0,1741750.0,128.0994368042581,35.67046792792527
라마54a42a,48890320,묘산면,,250000.0,250000.0,1054250.0,1742250.0,128.0994705125859,35.67497589859297
라마54a42b,48890320,묘산면,,250000.0,250000.0,1054250.0,1742750.0,128.09950422839987,35.67948386585076
라마54a43a,48890320,묘산면,,250000.0,250000.0,1054250.0,1743250.0,128.09953795170173,35.68399182969845
라마54a43b,48890320,묘산면,,250000.0,250000.0,1054250.0,1743750.0,128.09957168249315,35.688499790135864
라마54a44a,48890330,가야면,,250000.0,250000.0,1054250.0,1744250.0,128.0996054207758,35.69300774716279
라마54a44b,48890330,가야면,,250000.0,250000.0,1054250.0,1744750.0,128.09963916655136,35.69751570077908
라마54a45a,48890330,가야면,,250000.0,250000.0,1054250.0,1745250.0,128.09967291982147,35.702023650984536
라마54a45b,48890330,가야면,,250000.0,250000.0,1054250.0,1745750.0,128.09970668058787,35.706531597778955
라마54a46a,48890330,가야면,,250000.0,250000.0,1054250.0,1746250.0,128.0997404488522,35.7110395411622
라마54a46b,48890330,가야면,8.0,250000.0,250000.0,1054250.0,1746750.0,128.09977422461617,35.715547481134045
라마54a47a,48890330,가야면,18.0,250000.0,250000.0,1054250.0,1747250.0,128.0998080078814,35.720055417694326
라마54a47b,48890330,가야면,23.0,250000.0,250000.0,1054250.0,1747750.0,128.09984179864963,35.72456335084285
라마54a48a,48890330,가야면,43.0,250000.0,250000.0,1054250.0,1748250.0,128.0998755969225,35.72907128057945
라마54a48b,48890330,가야면,13.0,250000.0,250000.0,1054250.0,1748750.0,128.0999094027017,35.73357920690392
라마54a49a,48890330,가야면,38.0,250000.0,250000.0,1054250.0,1749250.0,128.099943215989,35.7380871298161
라마54a49b,48890330,가야면,18.0,250000.0,250000.0,1054250.0,1749750.0,128.09997703678593,35.742595049315796
라마54a50a,48890330,가야면,38.0,250000.0,250000.0,1054250.0,1750250.0,128.10001086509428,35.747102965402824
라마54a50b,48890330,가야면,,250000.0,250000.0,1054250.0,1750750.0,128.10004470091567,35.75161087807701
라마54a51a,48890330,가야면,,250000.0,250000.0,1054250.0,1751250.0,128.10007854425183,35.75611878733816
라마54a51b,48890330,가야면,,250000.0,250000.0,1054250.0,1751750.0,128.10011239510445,35.76062669318609
라마54a52a,48890330,가야면,,250000.0,250000.0,1054250.0,1752250.0,128.10014625347517,35.76513459562064
라마54a52b,48890330,가야면,,250000.0,250000.0,1054250.0,1752750.0,128.10018011936572,35.7696424946416
라마54a53a,48890330,가야면,,250000.0,250000.0,1054250.0,1753250.0,128.10021399277778,35.77415039024881
라마54a53b,48890330,가야면,,250000.0,250000.0,1054250.0,1753750.0,128.10024787371302,35.77865828244208
라마54a54a,48890330,가야면,,250000.0,250000.0,1054250.0,1754250.0,128.10028176217313,35.78316617122122
라마54a54b,48890330,가야면,,250000.0,250000.0,1054250.0,1754750.0,128.10031565815981,35.78767405658605
라마54a55a,48890330,가야면,,250000.0,250000.0,1054250.0,1755250.0,128.10034956167473,35.792181938536395
라마54a55b,48890330,가야면,5.0,250000.0,250000.0,1054250.0,1755750.0,128.10038347271959,35.796689817072064
라마54a56a,48890330,가야면,167.0,250000.0,250000.0,1054250.0,1756250.0,128.1004173912961,35.8011976921929
라마54a56b,48890330,가야면,,250000.0,250000.0,1054250.0,1756750.0,128.1004513174059,35.80570556389869
라마54a57a,48890330,가야면,,250000.0,250000.0,1054250.0,1757250.0,128.10048525105077,35.81021343218926
라마54a57b,48890330,가야면,,250000.0,250000.0,1054250.0,1757750.0,128.10051919223233,35.814721297064445
라마54a58a,48890330,가야면,,250000.0,250000.0,1054250.0,1758250.0,128.10055314095226,35.81922915852403
라마54a58b,48890330,가야면,,250000.0,250000.0,1054250.0,1758750.0,128.1005870972123,35.8237370165679
라마54a59a,48890330,가야면,,250000.0,203363.2433731563,1054250.0,1759250.0,128.10062106101415,35.8282448711958
라마54b08b,48890430,삼가면,18.0,250000.0,93234.79501487438,1054750.0,1708750.0,128.10273266306854,35.37290700419116
라마54b09a,48890430,삼가면,5.0,250000.0,229506.50597025926,1054750.0,1709250.0,128.10276618707735,35.37741519497412
라마54b09b,48890430,삼가면,33.0,250000.0,250000.0,1054750.0,1709750.0,128.10279971853103,35.381923382359
라마54b10a,48890430,삼가면,,250000.0,250000.0,1054750.0,1710250.0,128.10283325743129,35.38643156634558
라마54b10b,48890430,삼가면,13.0,250000.0,250000.0,1054750.0,1710750.0,128.10286680377973,35.39093974693369
라마54b11a,48890430,삼가면,,250000.0,250000.0,1054750.0,1711250.0,128.10290035757802,35.39544792412314
라마54b11b,48890430,삼가면,,250000.0,250000.0,1054750.0,1711750.0,128.10293391882783,35.39995609791374
라마54b12a,48890430,삼가면,,250000.0,250000.0,1054750.0,1712250.0,128.1029674875308,35.40446426830528
라마54b12b,48890430,삼가면,,250000.0,250000.0,1054750.0,1712750.0,128.10300106368862,35.40897243529761
라마54b13a,48890430,삼가면,,250000.0,250000.0,1054750.0,1713250.0,128.10303464730288,35.41348059889052
라마54b13b,48890430,삼가면,,250000.0,250000.0,1054750.0,1713750.0,128.1030682383753,35.41798875908382
라마54b14a,48890430,삼가면,,250000.0,250000.0,1054750.0,1714250.0,128.10310183690748,35.42249691587733
라마54b14b,48890430,삼가면,,250000.0,250000.0,1054750.0,1714750.0,128.1031354429011,35.42700506927084
라마54b15a,48890430,삼가면,,250000.0,250000.0,1054750.0,1715250.0,128.10316905635787,35.43151321926418
라마54b15b,48890430,삼가면,8.0,250000.0,250000.0,1054750.0,1715750.0,128.10320267727937,35.436021365857165
라마54b16a,48890430,삼가면,,250000.0,250000.0,1054750.0,1716250.0,128.10323630566728,35.44052950904958
라마54b16b,48890430,삼가면,33.0,250000.0,250000.0,1054750.0,1716750.0,128.10326994152325,35.44503764884127
라마54b17a,48890430,삼가면,5.0,250000.0,250000.0,1054750.0,1717250.0,128.103303584849,35.44954578523204
라마54b17b,48890430,삼가면,,250000.0,250000.0,1054750.0,1717750.0,128.10333723564614,35.454053918221696
라마54b18a,48890430,삼가면,,250000.0,250000.0,1054750.0,1718250.0,128.10337089391632,35.458562047810034
라마54b18b,48890420,쌍백면,5.0,250000.0,250000.0,1054750.0,1718750.0,128.10340455966124,35.463070173996876
라마54b19a,48890420,쌍백면,33.0,250000.0,250000.0,1054750.0,1719250.0,128.10343823288255,35.46757829678205
라마54b19b,48890420,쌍백면,,250000.0,250000.0,1054750.0,1719750.0,128.1034719135819,35.47208641616536
라마54b20a,48890420,쌍백면,,250000.0,250000.0,1054750.0,1720250.0,128.103505601761,35.47659453214661
라마54b20b,48890460,용주면,,250000.0,250000.0,1054750.0,1720750.0,128.10353929742143,35.48110264472562
라마54b21a,48890460,용주면,,250000.0,250000.0,1054750.0,1721250.0,128.1035730005649,35.485610753902186
라마54b21b,48890460,용주면,5.0,250000.0,250000.0,1054750.0,1721750.0,128.1036067111931,35.49011885967614
라마54b22a,48890460,용주면,5.0,250000.0,250000.0,1054750.0,1722250.0,128.10364042930766,35.4946269620473
라마54b22b,48890460,용주면,8.0,250000.0,250000.0,1054750.0,1722750.0,128.10367415491027,35.499135061015444
라마54b23a,48890460,용주면,28.0,250000.0,250000.0,1054750.0,1723250.0,128.10370788800256,35.50364315658043
라마54b23b,48890460,용주면,8.0,250000.0,250000.0,1054750.0,1723750.0,128.10374162858625,35.508151248742045
라마54b24a,48890460,용주면,,250000.0,250000.0,1054750.0,1724250.0,128.10377537666298,35.5126593375001
라마54b24b,48890460,용주면,,250000.0,250000.0,1054750.0,1724750.0,128.10380913223443,35.517167422854406
라마54b25a,48890460,용주면,,250000.0,250000.0,1054750.0,1725250.0,128.10384289530225,35.52167550480479
라마54b25b,48890460,용주면,,250000.0,250000.0,1054750.0,1725750.0,128.1038766658681,35.52618358335106
라마54b26a,48890460,용주면,5.0,250000.0,250000.0,1054750.0,1726250.0,128.1039104439337,35.53069165849303
라마54b26b,48890460,용주면,28.0,250000.0,250000.0,1054750.0,1726750.0,128.10394422950068,35.53519973023051
라마54b27a,48890460,용주면,5.0,250000.0,250000.0,1054750.0,1727250.0,128.10397802257071,35.53970779856331
라마54b27b,48890460,용주면,28.0,250000.0,250000.0,1054750.0,1727750.0,128.10401182314553,35.54421586349125
라마54b28a,48890460,용주면,5.0,250000.0,250000.0,1054750.0,1728250.0,128.1040456312267,35.548723925014144
라마54b28b,48890460,용주면,8.0,250000.0,250000.0,1054750.0,1728750.0,128.10407944681597,35.553231983131795
라마54b29a,48890460,용주면,5.0,250000.0,250000.0,1054750.0,1729250.0,128.104113269915,35.557740037844034
라마54b29b,48890460,용주면,,250000.0,250000.0,1054750.0,1729750.0,128.10414710052547,35.562248089150664
라마54b30a,48890460,용주면,,250000.0,250000.0,1054750.0,1730250.0,128.10418093864905,35.566756137051506
라마54b30b,48890460,용주면,53.0,250000.0,250000.0,1054750.0,1730750.0,128.1042147842874,35.571264181546354
라마54b31a,48890460,용주면,,250000.0,250000.0,1054750.0,1731250.0,128.1042486374422,35.57577222263505
라마54b31b,48890460,용주면,,250000.0,250000.0,1054750.0,1731750.0,128.10428249811514,35.58028026031739
라마54b32a,48890460,용주면,,250000.0,250000.0,1054750.0,1732250.0,128.1043163663079,35.584788294593196
라마54b32b,48890460,용주면,,250000.0,250000.0,1054750.0,1732750.0,128.10435024202215,35.589296325462264
라마54b33a,48890460,용주면,,250000.0,249999.9999988904,1054750.0,1733250.0,128.10438412525957,35.59380435292444
라마54b33b,48890250,합천읍,,250000.0,249999.99999973495,1054750.0,1733750.0,128.10441801602184,35.5983123769795
라마54b34a,48890250,합천읍,5.0,250000.0,250000.0,1054750.0,1734250.0,128.10445191431063,35.60282039762729
라마54b34b,48890250,합천읍,38.0,250000.0,250000.0,1054750.0,1734750.0,128.10448582012765,35.607328414867624
라마54b35a,48890250,합천읍,13.0,250000.0,250000.0,1054750.0,1735250.0,128.10451973347458,35.61183642870032
라마54b35b,48890250,합천읍,,250000.0,250000.0,1054750.0,1735750.0,128.10455365435303,35.61634443912516
라마54b36a,48890250,합천읍,,250000.0,249999.99999923923,1054750.0,1736250.0,128.10458758276476,35.62085244614198
라마54b36b,48890320,묘산면,,250000.0,250000.0,1054750.0,1736750.0,128.1046215187114,35.62536044975059
라마54b37a,48890320,묘산면,,250000.0,250000.0,1054750.0,1737250.0,128.1046554621947,35.62986844995081
라마54b37b,48890320,묘산면,5.0,250000.0,250000.0,1054750.0,1737750.0,128.1046894132163,35.63437644674247
라마54b38a,48890320,묘산면,18.0,250000.0,250000.0,1054750.0,1738250.0,128.10472337177788,35.63888444012535
라마54b38b,48890320,묘산면,8.0,250000.0,250000.0,1054750.0,1738750.0,128.10475733788115,35.643392430099304
라마54b39a,48890320,묘산면,,250000.0,250000.0,1054750.0,1739250.0,128.10479131152775,35.647900416664115
라마54b39b,48890320,묘산면,,250000.0,250000.0,1054750.0,1739750.0,128.10482529271943,35.65240839981961
라마54b40a,48890320,묘산면,23.0,250000.0,250000.0,1054750.0,1740250.0,128.1048592814578,35.65691637956561
라마54b40b,48890320,묘산면,73.0,250000.0,250000.0,1054750.0,1740750.0,128.10489327774462,35.66142435590193
라마54b41a,48890320,묘산면,5.0,250000.0,250000.0,1054750.0,1741250.0,128.10492728158155,35.66593232882838
라마54b41b,48890320,묘산면,,250000.0,250000.0,1054750.0,1741750.0,128.10496129297027,35.67044029834477
라마54b42a,48890320,묘산면,,250000.0,250000.0,1054750.0,1742250.0,128.1049953119125,35.674948264450926
라마54b42b,48890320,묘산면,,250000.0,250000.0,1054750.0,1742750.0,128.10502933840988,35.67945622714667
라마54b43a,48890320,묘산면,,250000.0,250000.0,1054750.0,1743250.0,128.10506337246414,35.6839641864318
라마54b43b,48890320,묘산면,,250000.0,250000.0,1054750.0,1743750.0,128.10509741407694,35.68847214230616
라마54b44a,48890330,가야면,,250000.0,250000.0,1054750.0,1744250.0,128.10513146325005,35.69298009476953
라마54b44b,48890330,가야면,,250000.0,250000.0,1054750.0,1744750.0,128.10516551998504,35.69748804382175
라마54b45a,48890330,가야면,,250000.0,250000.0,1054750.0,1745250.0,128.1051995842837,35.70199598946263
라마54b45b,48890330,가야면,,250000.0,250000.0,1054750.0,1745750.0,128.10523365614765,35.706503931691984
라마54b46a,48890330,가야면,18.0,250000.0,250000.0,1054750.0,1746250.0,128.10526773557865,35.71101187050964
라마54b46b,48890330,가야면,18.0,250000.0,250000.0,1054750.0,1746750.0,128.10530182257838,35.7155198059154
라마54b47a,48890330,가야면,28.0,250000.0,250000.0,1054750.0,1747250.0,128.1053359171485,35.720027737909085
라마54b47b,48890330,가야면,13.0,250000.0,250000.0,1054750.0,1747750.0,128.10537001929075,35.72453566649051
라마54b48a,48890330,가야면,68.0,250000.0,250000.0,1054750.0,1748250.0,128.10540412900679,35.729043591659504
라마54b48b,48890330,가야면,43.0,250000.0,250000.0,1054750.0,1748750.0,128.10543824629832,35.73355151341586
라마54b49a,48890330,가야면,8.0,250000.0,250000.0,1054750.0,1749250.0,128.10547237116705,35.73805943175942
라마54b49b,48890330,가야면,23.0,250000.0,250000.0,1054750.0,1749750.0,128.1055065036147,35.742567346689995
라마54b50a,48890330,가야면,5.0,250000.0,250000.0,1054750.0,1750250.0,128.1055406436429,35.747075258207396
라마54b50b,48890330,가야면,,250000.0,250000.0,1054750.0,1750750.0,128.10557479125345,35.751583166311434
라마54b51a,48890330,가야면,,250000.0,250000.0,1054750.0,1751250.0,128.10560894644797,35.75609107100194
라마54b51b,48890330,가야면,,250000.0,250000.0,1054750.0,1751750.0,128.10564310922817,35.760598972278736
라마54b52a,48890330,가야면,,250000.0,250000.0,1054750.0,1752250.0,128.10567727959582,35.765106870141615
라마54b52b,48890330,가야면,,250000.0,250000.0,1054750.0,1752750.0,128.10571145755253,35.769614764590415
라마54b53a,48890330,가야면,,250000.0,250000.0,1054750.0,1753250.0,128.10574564310002,35.77412265562495
라마54b53b,48890330,가야면,,250000.0,250000.0,1054750.0,1753750.0,128.10577983624006,35.77863054324504
라마54b54a,48890330,가야면,,250000.0,250000.0,1054750.0,1754250.0,128.1058140369743,35.78313842745048
라마54b54b,48890330,가야면,,250000.0,250000.0,1054750.0,1754750.0,128.10584824530443,35.78764630824113
라마54b55a,48890330,가야면,,250000.0,250000.0,1054750.0,1755250.0,128.10588246123217,35.792154185616766
라마54b55b,48890330,가야면,5.0,250000.0,250000.0,1054750.0,1755750.0,128.10591668475925,35.79666205957724
라마54b56a,48890330,가야면,,250000.0,250000.0,1054750.0,1756250.0,128.10595091588738,35.80116993012234
라마54b56b,48890330,가야면,,250000.0,250000.0,1054750.0,1756750.0,128.1059851546182,35.805677797251896
라마54b57a,48890330,가야면,,250000.0,250000.0,1054750.0,1757250.0,128.10601940095347,35.81018566096573
라마54b57b,48890330,가야면,,250000.0,250000.0,1054750.0,1757750.0,128.1060536548949,35.81469352126366
라마54b58a,48890330,가야면,,250000.0,250000.0,1054750.0,1758250.0,128.10608791644418,35.819201378145515
라마54b58b,48890330,가야면,,250000.0,232449.66094704924,1054750.0,1758750.0,128.10612218560303,35.8237092316111
라마55a09b,48890430,삼가면,,250000.0,232128.78313836575,1055250.0,1709750.0,128.10830446324118,35.38189579290119
라마55a10a,48890430,삼가면,5.0,250000.0,250000.0,1055250.0,1710250.0,128.1083383083716,35.38640397231666
라마55a10b,48890430,삼가면,,250000.0,250000.0,1055250.0,1710750.0,128.10837216101822,35.39091214833317
라마55a11a,48890430,삼가면,,250000.0,250000.0,1055250.0,1711250.0,128.1084060211827,35.395420320950514
라마55a11b,48890430,삼가면,,250000.0,250000.0,1055250.0,1711750.0,128.1084398888667,35.39992849016851
라마55a12a,48890430,삼가면,0.0,250000.0,250000.0,1055250.0,1712250.0,128.10847376407196,35.40443665598697
라마55a12b,48890430,삼가면,18.0,250000.0,250000.0,1055250.0,1712750.0,128.10850764680006,35.408944818405686
라마55a13a,48890430,삼가면,5.0,250000.0,250000.0,1055250.0,1713250.0,128.1085415370527,35.413452977424484
라마55a13b,48890430,삼가면,,250000.0,250000.0,1055250.0,1713750.0,128.1085754348316,35.41796113304318
라마55a14a,48890430,삼가면,23.0,250000.0,250000.0,1055250.0,1714250.0,128.10860934013837,35.422469285261585
라마55a14b,48890430,삼가면,8.0,250000.0,250000.0,1055250.0,1714750.0,128.1086432529747,35.42697743407949
라마55a15a,48890430,삼가면,,250000.0,250000.0,1055250.0,1715250.0,128.1086771733423,35.43148557949672
라마55a15b,48890430,삼가면,5.0,250000.0,250000.0,1055250.0,1715750.0,128.10871110124276,35.4359937215131
라마55a16a,48890430,삼가면,,250000.0,250000.0,1055250.0,1716250.0,128.10874503667785,35.44050186012841
라마55a16b,48890430,삼가면,,250000.0,250000.0,1055250.0,1716750.0,128.10877897964917,35.44500999534249
라마55a17a,48890430,삼가면,,250000.0,250000.0,1055250.0,1717250.0,128.10881293015845,35.44951812715514
라마55a17b,48890430,삼가면,,250000.0,250000.0,1055250.0,1717750.0,128.10884688820732,35.45402625556617
라마55a18a,48890420,쌍백면,,250000.0,250000.0,1055250.0,1718250.0,128.10888085379744,35.458534380575394
라마55a18b,48890420,쌍백면,,250000.0,250000.0,1055250.0,1718750.0,128.10891482693057,35.46304250218262
라마55a19a,48890420,쌍백면,,250000.0,250000.0,1055250.0,1719250.0,128.10894880760836,35.46755062038767
라마55a19b,48890420,쌍백면,,250000.0,250000.0,1055250.0,1719750.0,128.10898279583242,35.472058735190345
라마55a20a,48890420,쌍백면,,250000.0,250000.0,1055250.0,1720250.0,128.10901679160452,35.47656684659047
라마55a20b,48890420,쌍백면,,250000.0,250000.0,1055250.0,1720750.0,128.1090507949263,35.481074954587854
라마55a21a,48890420,쌍백면,,250000.0,250000.0,1055250.0,1721250.0,128.10908480579943,35.48558305918229
라마55a21b,48890460,용주면,,250000.0,250000.0,1055250.0,1721750.0,128.10911882422556,35.49009116037361
라마55a22a,48890460,용주면,,250000.0,250000.0,1055250.0,1722250.0,128.10915285020647,35.494599258161614
라마55a22b,48890460,용주면,,250000.0,250000.0,1055250.0,1722750.0,128.10918688374375,35.49910735254613
라마55a23a,48890460,용주면,5.0,250000.0,250000.0,1055250.0,1723250.0,128.10922092483912,35.50361544352696
라마55a23b,48890460,용주면,38.0,250000.0,250000.0,1055250.0,1723750.0,128.10925497349422,35.50812353110393
라마55a24a,48890460,용주면,0.0,250000.0,250000.0,1055250.0,1724250.0,128.10928902971082,35.51263161527683
라마55a24b,48890460,용주면,35.0,250000.0,250000.0,1055250.0,1724750.0,128.10932309349053,35.51713969604548
라마55a25a,48890460,용주면,,250000.0,250000.0,1055250.0,1725250.0,128.10935716483507,35.52164777340971
라마55a25b,48890460,용주면,,250000.0,250000.0,1055250.0,1725750.0,128.1093912437461,35.52615584736931
라마55a26a,48890460,용주면,,250000.0,250000.0,1055250.0,1726250.0,128.10942533022535,35.5306639179241
라마55a26b,48890460,용주면,,250000.0,250000.0,1055250.0,1726750.0,128.10945942427446,35.535171985073916
라마55a27a,48890460,용주면,28.0,250000.0,250000.0,1055250.0,1727250.0,128.10949352589512,35.539680048818525
라마55a27b,48890460,용주면,13.0,250000.0,250000.0,1055250.0,1727750.0,128.10952763508908,35.544188109157794
라마55a28a,48890460,용주면,5.0,250000.0,250000.0,1055250.0,1728250.0,128.10956175185794,35.54869616609148
라마55a28b,48890460,용주면,13.0,250000.0,250000.0,1055250.0,1728750.0,128.10959587620343,35.55320421961946
라마55a29a,48890460,용주면,23.0,250000.0,250000.0,1055250.0,1729250.0,128.10963000812723,35.55771226974149
라마55a29b,48890460,용주면,,250000.0,250000.0,1055250.0,1729750.0,128.10966414763104,35.56222031645741
라마55a30a,48890460,용주면,,250000.0,250000.0,1055250.0,1730250.0,128.10969829471657,35.56672835976705
라마55a30b,48890460,용주면,,250000.0,250000.0,1055250.0,1730750.0,128.10973244938546,35.571236399670184
라마55a31a,48890460,용주면,5.0,250000.0,250000.0,1055250.0,1731250.0,128.10976661163943,35.57574443616665
라마55a31b,48890460,용주면,,250000.0,250000.0,1055250.0,1731750.0,128.1098007814802,35.58025246925626
라마55a32a,48890460,용주면,5.0,250000.0,250000.0,1055250.0,1732250.0,128.10983495890943,35.584760498938834
라마55a32b,48890460,용주면,,250000.0,250000.0,1055250.0,1732750.0,128.1098691439288,35.589268525214166
라마55a33a,48890460,용주면,,250000.0,250000.0,1055250.0,1733250.0,128.10990333654004,35.5937765480821
라마55a33b,48890250,합천읍,,250000.0,249999.99999903864,1055250.0,1733750.0,128.1099375367448,35.59828456754241
라마55a34a,48890250,합천읍,,250000.0,250000.0,1055250.0,1734250.0,128.10997174454482,35.602792583594955
라마55a34b,48890250,합천읍,23.0,250000.0,250000.0,1055250.0,1734750.0,128.1100059599418,35.60730059623951
라마55a35a,48890250,합천읍,,250000.0,250000.0,1055250.0,1735250.0,128.1100401829374,35.61180860547593
라마55a35b,48890250,합천읍,,250000.0,250000.0,1055250.0,1735750.0,128.11007441353334,35.61631661130398
라마55a36a,48890250,합천읍,,250000.0,250000.0,1055250.0,1736250.0,128.11010865173128,35.620824613723514
라마55a36b,48890250,합천읍,,250000.0,249999.99999927828,1055250.0,1736750.0,128.110142897533,35.62533261273434
라마55a37a,48890320,묘산면,,250000.0,249999.9999999425,1055250.0,1737250.0,128.1101771509401,35.629840608336266
라마55a37b,48890320,묘산면,,250000.0,250000.0,1055250.0,1737750.0,128.11021141195437,35.634348600529115
라마55a38a,48890320,묘산면,18.0,250000.0,250000.0,1055250.0,1738250.0,128.11024568057744,35.63885658931268
라마55a38b,48890320,묘산면,5.0,250000.0,250000.0,1055250.0,1738750.0,128.11027995681104,35.64336457468681
라마55a39a,48890320,묘산면,,250000.0,250000.0,1055250.0,1739250.0,128.11031424065683,35.647872556651286
라마55a39b,48890320,묘산면,5.0,250000.0,250000.0,1055250.0,1739750.0,128.1103485321166,35.65238053520595
라마55a40a,48890320,묘산면,103.0,250000.0,250000.0,1055250.0,1740250.0,128.110382831192,35.65688851035059
라마55a40b,48890320,묘산면,8.0,250000.0,250000.0,1055250.0,1740750.0,128.11041713788472,35.66139648208506
라마55a41a,48890320,묘산면,,250000.0,250000.0,1055250.0,1741250.0,128.1104514521965,35.66590445040914
라마55a41b,48890320,묘산면,,250000.0,250000.0,1055250.0,1741750.0,128.11048577412896,35.67041241532266
라마55a42a,48890320,묘산면,,250000.0,250000.0,1055250.0,1742250.0,128.11052010368394,35.67492037682543
라마55a42b,48890320,묘산면,,250000.0,250000.0,1055250.0,1742750.0,128.110554440863,35.679428334917276
라마55a43a,48890320,묘산면,,250000.0,250000.0,1055250.0,1743250.0,128.11058878566797,35.683936289598016
라마55a43b,48890320,묘산면,,250000.0,250000.0,1055250.0,1743750.0,128.11062313810052,35.68844424086745
라마55a44a,48890320,묘산면,,250000.0,250000.0,1055250.0,1744250.0,128.1106574981623,35.692952188725414
라마55a44b,48890330,가야면,,250000.0,250000.0,1055250.0,1744750.0,128.11069186585507,35.69746013317171
라마55a45a,48890330,가야면,,250000.0,250000.0,1055250.0,1745250.0,128.11072624118057,35.70196807420614
라마55a45b,48890330,가야면,,250000.0,250000.0,1055250.0,1745750.0,128.11076062414043,35.706476011828556
라마55a46a,48890330,가야면,,250000.0,250000.0,1055250.0,1746250.0,128.1107950147364,35.710983946038745
라마55a46b,48890330,가야면,,250000.0,250000.0,1055250.0,1746750.0,128.11082941297016,35.71549187683653
라마55a47a,48890330,가야면,,250000.0,250000.0,1055250.0,1747250.0,128.11086381884348,35.719999804221736
라마55a47b,48890330,가야면,,250000.0,250000.0,1055250.0,1747750.0,128.11089823235804,35.72450772819417
라마55a48a,48890330,가야면,93.0,250000.0,250000.0,1055250.0,1748250.0,128.11093265351553,35.72901564875366
라마55a48b,48890330,가야면,68.0,250000.0,250000.0,1055250.0,1748750.0,128.1109670823177,35.733523565900015
라마55a49a,48890330,가야면,8.0,250000.0,250000.0,1055250.0,1749250.0,128.11100151876622,35.738031479633065
라마55a49b,48890330,가야면,28.0,250000.0,250000.0,1055250.0,1749750.0,128.11103596286284,35.74253938995258
라마55a50a,48890330,가야면,,250000.0,250000.0,1055250.0,1750250.0,128.1110704146093,35.74704729685846
라마55a50b,48890330,가야면,5.0,250000.0,250000.0,1055250.0,1750750.0,128.11110487400722,35.751555200350445
라마55a51a,48890330,가야면,,250000.0,250000.0,1055250.0,1751250.0,128.11113934105842,35.75606310042838
라마55a51b,48890330,가야면,,250000.0,250000.0,1055250.0,1751750.0,128.11117381576454,35.76057099709208
라마55a52a,48890330,가야면,,250000.0,250000.0,1055250.0,1752250.0,128.1112082981273,35.76507889034138
라마55a52b,48890330,가야면,,250000.0,250000.0,1055250.0,1752750.0,128.11124278814853,35.769586780176084
라마55a53a,48890330,가야면,5.0,250000.0,250000.0,1055250.0,1753250.0,128.1112772858298,35.77409466659601
라마55a53b,48890330,가야면,,250000.0,250000.0,1055250.0,1753750.0,128.11131179117288,35.77860254960096
라마55a54a,48890330,가야면,8.0,250000.0,250000.0,1055250.0,1754250.0,128.11134630417953,35.78311042919077
라마55a54b,48890330,가야면,,250000.0,250000.0,1055250.0,1754750.0,128.11138082485144,35.787618305365264
라마55a55a,48890330,가야면,,250000.0,250000.0,1055250.0,1755250.0,128.11141535319032,35.792126178124235
라마55a55b,48890330,가야면,,250000.0,250000.0,1055250.0,1755750.0,128.1114498891979,35.79663404746752
라마55a56a,48890330,가야면,,250000.0,250000.0,1055250.0,1756250.0,128.1114844328759,35.801141913394936
라마55a56b,48890330,가야면,,250000.0,250000.0,1055250.0,1756750.0,128.11151898422602,35.80564977590629
라마55a57a,48890330,가야면,,250000.0,250000.0,1055250.0,1757250.0,128.11155354325004,35.81015763500142
라마55a57b,48890330,가야면,,250000.0,250000.0,1055250.0,1757750.0,128.11158810994962,35.81466549068013
라마55a58a,48890330,가야면,,250000.0,250000.0,1055250.0,1758250.0,128.11162268432653,35.81917334294223
라마55a58b,48890330,가야면,,250000.0,153125.51156080462,1055250.0,1758750.0,128.11165726638248,35.823681191787564
라마55b09b,48890430,삼가면,,250000.0,191361.70006572173,1055750.0,1709750.0,128.1138092004368,35.381867952671
라마55b10a,48890430,삼가면,13.0,250000.0,250000.0,1055750.0,1710250.0,128.1138433517957,35.38637612747384
라마55b10b,48890430,삼가면,5.0,250000.0,250000.0,1055750.0,1710750.0,128.11387751073883,35.39088429887719
라마55b11a,48890430,삼가면,38.0,250000.0,250000.0,1055750.0,1711250.0,128.11391167726785,35.39539246688088
라마55b11b,48890430,삼가면,13.0,250000.0,250000.0,1055750.0,1711750.0,128.1139458513844,35.39990063148471
라마55b12a,48890430,삼가면,5.0,250000.0,250000.0,1055750.0,1712250.0,128.11398003309023,35.4044087926885
라마55b12b,48890430,삼가면,28.0,250000.0,250000.0,1055750.0,1712750.0,128.11401422238697,35.40891695049205
라마55b13a,48890430,삼가면,23.0,250000.0,250000.0,1055750.0,1713250.0,128.11404841927634,35.41342510489516
라마55b13b,48890430,삼가면,139.0,250000.0,250000.0,1055750.0,1713750.0,128.11408262376003,35.41793325589769
라마55b14a,48890430,삼가면,5.0,250000.0,250000.0,1055750.0,1714250.0,128.1141168358397,35.42244140349939
라마55b14b,48890430,삼가면,28.0,250000.0,250000.0,1055750.0,1714750.0,128.11415105551706,35.42694954770011
라마55b15a,48890430,삼가면,5.0,250000.0,250000.0,1055750.0,1715250.0,128.1141852827938,35.431457688499655
라마55b15b,48890430,삼가면,5.0,250000.0,250000.0,1055750.0,1715750.0,128.1142195176716,35.43596582589781
라마55b16a,48890430,삼가면,,250000.0,250000.0,1055750.0,1716250.0,128.11425376015217,35.44047395989441
라마55b16b,48890430,삼가면,,250000.0,250000.0,1055750.0,1716750.0,128.11428801023715,35.44498209048928
라마55b17a,48890420,쌍백면,,250000.0,250000.0,1055750.0,1717250.0,128.11432226792826,35.44949021768221
라마55b17b,48890420,쌍백면,,250000.0,250000.0,1055750.0,1717750.0,128.11435653322718,35.453998341473
라마55b18a,48890420,쌍백면,5.0,250000.0,250000.0,1055750.0,1718250.0,128.11439080613562,35.45850646186149
라마55b18b,48890420,쌍백면,8.0,250000.0,250000.0,1055750.0,1718750.0,128.1144250866553,35.46301457884747
라마55b19a,48890420,쌍백면,8.0,250000.0,250000.0,1055750.0,1719250.0,128.11445937478783,35.46752269243077
라마55b19b,48890420,쌍백면,,250000.0,250000.0,1055750.0,1719750.0,128.11449367053498,35.472030802611194
라마55b20a,48890420,쌍백면,,250000.0,250000.0,1055750.0,1720250.0,128.1145279738984,35.47653890938856
라마55b20b,48890420,쌍백면,,250000.0,250000.0,1055750.0,1720750.0,128.1145622848798,35.48104701276266
라마55b21a,48890420,쌍백면,,250000.0,250000.0,1055750.0,1721250.0,128.1145966034809,35.48555511273332
라마55b21b,48890420,쌍백면,,250000.0,250000.0,1055750.0,1721750.0,128.11463092970334,35.490063209300345
라마55b22a,48890460,용주면,,250000.0,250000.0,1055750.0,1722250.0,128.11466526354886,35.49457130246356
라마55b22b,48890460,용주면,,250000.0,250000.0,1055750.0,1722750.0,128.11469960501913,35.49907939222278
라마55b23a,48890460,용주면,13.0,250000.0,250000.0,1055750.0,1723250.0,128.11473395411585,35.5035874785778
라마55b23b,48890460,용주면,8.0,250000.0,250000.0,1055750.0,1723750.0,128.11476831084076,35.50809556152844
라마55b24a,48890460,용주면,5.0,250000.0,250000.0,1055750.0,1724250.0,128.11480267519553,35.51260364107451
라마55b24b,48890460,용주면,,250000.0,250000.0,1055750.0,1724750.0,128.11483704718182,35.51711171721583
라마55b25a,48890460,용주면,,250000.0,250000.0,1055750.0,1725250.0,128.11487142680141,35.521619789952204
라마55b25b,48890460,용주면,28.0,250000.0,250000.0,1055750.0,1725750.0,128.11490581405596,35.52612785928346
라마55b26a,48890460,용주면,,250000.0,250000.0,1055750.0,1726250.0,128.11494020894713,35.5306359252094
라마55b26b,48890460,용주면,8.0,250000.0,250000.0,1055750.0,1726750.0,128.1149746114767,35.53514398772983
라마55b27a,48890460,용주면,38.0,250000.0,250000.0,1055750.0,1727250.0,128.1150090216463,35.53965204684459
라마55b27b,48890460,용주면,23.0,250000.0,250000.0,1055750.0,1727750.0,128.11504343945765,35.54416010255345
라마55b28a,48890460,용주면,,250000.0,250000.0,1055750.0,1728250.0,128.11507786491254,35.548668154856244
라마55b28b,48890460,용주면,5.0,250000.0,250000.0,1055750.0,1728750.0,128.11511229801255,35.5531762037528
라마55b29a,48890460,용주면,,250000.0,250000.0,1055750.0,1729250.0,128.11514673875942,35.55768424924292
라마55b29b,48890460,용주면,,250000.0,250000.0,1055750.0,1729750.0,128.11518118715492,35.562192291326426
라마55b30a,48890460,용주면,67.0,250000.0,250000.0,1055750.0,1730250.0,128.11521564320068,35.566700330003115
라마55b30b,48890460,용주면,,250000.0,250000.0,1055750.0,1730750.0,128.11525010689843,35.57120836527279
라마55b31a,48890460,용주면,,250000.0,250000.0,1055750.0,1731250.0,128.1152845782499,35.57571639713531
라마55b31b,48890460,용주면,,250000.0,250000.0,1055750.0,1731750.0,128.11531905725678,35.580224425590444
라마55b32a,48890460,용주면,28.0,250000.0,250000.0,1055750.0,1732250.0,128.11535354392078,35.584732450638036
라마55b32b,48890460,용주면,,250000.0,250000.0,1055750.0,1732750.0,128.1153880382436,35.58924047227789
라마55b33a,48890460,용주면,,250000.0,249999.99999902688,1055750.0,1733250.0,128.11542254022694,35.59374849050981
라마55b33b,48890250,합천읍,,250000.0,249999.9999999835,1055750.0,1733750.0,128.11545704987253,35.598256505333616
라마55b34a,48890250,합천읍,,250000.0,250000.0,1055750.0,1734250.0,128.11549156718212,35.60276451674914
라마55b34b,48890250,합천읍,18.0,250000.0,250000.0,1055750.0,1734750.0,128.11552609215732,35.60727252475616
라마55b35a,48890250,합천읍,38.0,250000.0,250000.0,1055750.0,1735250.0,128.11556062479994,35.611780529354526
라마55b35b,48890250,합천읍,5.0,250000.0,250000.0,1055750.0,1735750.0,128.11559516511164,35.61628853054403
라마55b36a,48890250,합천읍,,250000.0,250000.0,1055750.0,1736250.0,128.11562971309414,35.62079652832449
라마55b36b,48890250,합천읍,,250000.0,250000.0,1055750.0,1736750.0,128.11566426874913,35.62530452269573
라마55b37a,48890250,합천읍,,250000.0,249999.99999951874,1055750.0,1737250.0,128.1156988320784,35.62981251365757
라마55b37b,48890320,묘산면,,250000.0,250000.0,1055750.0,1737750.0,128.1157334030836,35.634320501209814
라마55b38a,48890320,묘산면,23.0,250000.0,250000.0,1055750.0,1738250.0,128.11576798176645,35.638828485352256
라마55b38b,48890320,묘산면,23.0,250000.0,250000.0,1055750.0,1738750.0,128.1158025681287,35.64333646608475
라마55b39a,48890320,묘산면,,250000.0,250000.0,1055750.0,1739250.0,128.11583716217203,35.647844443407095
라마55b39b,48890320,묘산면,,250000.0,250000.0,1055750.0,1739750.0,128.11587176389818,35.652352417319086
라마55b40a,48890320,묘산면,73.0,250000.0,250000.0,1055750.0,1740250.0,128.11590637330883,35.65686038782057
라마55b40b,48890320,묘산면,23.0,250000.0,250000.0,1055750.0,1740750.0,128.11594099040576,35.66136835491135
라마55b41a,48890320,묘산면,5.0,250000.0,250000.0,1055750.0,1741250.0,128.11597561519065,35.665876318591245
라마55b41b,48890320,묘산면,18.0,250000.0,250000.0,1055750.0,1741750.0,128.11601024766523,35.670384278860055
라마55b42a,48890320,묘산면,,250000.0,250000.0,1055750.0,1742250.0,128.1160448878312,35.6748922357176
라마55b42b,48890320,묘산면,,250000.0,250000.0,1055750.0,1742750.0,128.1160795356903,35.67940018916373
라마55b43a,48890320,묘산면,,250000.0,250000.0,1055750.0,1743250.0,128.11611419124426,35.6839081391982
라마55b43b,48890320,묘산면,,250000.0,250000.0,1055750.0,1743750.0,128.1161488544948,35.68841608582088
라마55b44a,48890320,묘산면,,250000.0,250000.0,1055750.0,1744250.0,128.1161835254436,35.69292402903156
라마55b44b,48890330,가야면,,250000.0,250000.0,1055750.0,1744750.0,128.11621820409246,35.69743196883006
라마55b45a,48890330,가야면,0.0,250000.0,250000.0,1055750.0,1745250.0,128.11625289044304,35.70193990521619
라마55b45b,48890330,가야면,,250000.0,250000.0,1055750.0,1745750.0,128.11628758449706,35.706447838189774
라마55b46a,48890330,가야면,,250000.0,250000.0,1055750.0,1746250.0,128.1163222862563,35.71095576775064
라마55b46b,48890330,가야면,,250000.0,250000.0,1055750.0,1746750.0,128.11635699572244,35.71546369389857
라마55b47a,48890330,가야면,,250000.0,250000.0,1055750.0,1747250.0,128.11639171289724,35.719971616633416
라마55b47b,48890330,가야면,5.0,250000.0,250000.0,1055750.0,1747750.0,128.11642643778237,35.72447953595498
라마55b48a,48890330,가야면,43.0,250000.0,250000.0,1055750.0,1748250.0,128.1164611703796,35.72898745186307
라마55b48b,48890330,가야면,5.0,250000.0,250000.0,1055750.0,1748750.0,128.1164959106907,35.733495364357516
라마55b49a,48890330,가야면,,250000.0,250000.0,1055750.0,1749250.0,128.11653065871732,35.73800327343813
라마55b49b,48890330,가야면,23.0,250000.0,250000.0,1055750.0,1749750.0,128.1165654144612,35.742511179104724
라마55b50a,48890330,가야면,8.0,250000.0,250000.0,1055750.0,1750250.0,128.11660017792414,35.747019081357124
라마55b50b,48890330,가야면,58.0,250000.0,250000.0,1055750.0,1750750.0,128.11663494910778,35.75152698019514
라마55b51a,48890330,가야면,8.0,250000.0,250000.0,1055750.0,1751250.0,128.11666972801387,35.75603487561858
라마55b51b,48890330,가야면,5.0,250000.0,250000.0,1055750.0,1751750.0,128.11670451464423,35.760542767627285
라마55b52a,48890330,가야면,,250000.0,250000.0,1055750.0,1752250.0,128.11673930900048,35.765050656221064
라마55b52b,48890330,가야면,5.0,250000.0,250000.0,1055750.0,1752750.0,128.1167741110844,35.76955854139972
라마55b53a,48890330,가야면,,250000.0,250000.0,1055750.0,1753250.0,128.1168089208977,35.77406642316309
라마55b53b,48890330,가야면,,250000.0,250000.0,1055750.0,1753750.0,128.11684373844218,35.77857430151097
라마55b54a,48890330,가야면,28.0,250000.0,250000.0,1055750.0,1754250.0,128.11687856371952,35.783082176443195
라마55b54b,48890330,가야면,,250000.0,250000.0,1055750.0,1754750.0,128.1169133967315,35.78759004795958
라마55b55a,48890330,가야면,,250000.0,250000.0,1055750.0,1755250.0,128.11694823747973,35.79209791605993
라마55b55b,48890330,가야면,,250000.0,250000.0,1055750.0,1755750.0,128.1169830859661,35.79660578074408
라마55b56a,48890330,가야면,,250000.0,250000.0,1055750.0,1756250.0,128.11701794219226,35.80111364201183
라마55b56b,48890330,가야면,,250000.0,250000.0,1055750.0,1756750.0,128.11705280616,35.80562149986302
라마55b57a,48890330,가야면,,250000.0,250000.0,1055750.0,1757250.0,128.11708767787098,35.81012935429746
라마55b57b,48890330,가야면,,250000.0,250000.0,1055750.0,1757750.0,128.11712255732704,35.814637205314945
라마55b58a,48890330,가야면,,250000.0,250000.0,1055750.0,1758250.0,128.11715744452985,35.819145052915324
라마55b58b,48890330,가야면,,250000.0,233323.10261396575,1055750.0,1758750.0,128.11719233948114,35.8236528970984
라마56a09b,48890430,삼가면,133.0,250000.0,250000.0,1056250.0,1709750.0,128.1193139300499,35.38183986166956
라마56a10a,48890430,삼가면,13.0,250000.0,250000.0,1056250.0,1710250.0,128.11934838763563,35.3863480318182
라마56a10b,48890430,삼가면,13.0,250000.0,250000.0,1056250.0,1710750.0,128.11938285287357,35.39085619856686
라마56a11a,48890430,삼가면,33.0,250000.0,250000.0,1056250.0,1711250.0,128.1194173257654,35.395364361915334
라마56a11b,48890430,삼가면,23.0,250000.0,250000.0,1056250.0,1711750.0,128.1194518063128,35.39987252186345
라마56a12a,48890430,삼가면,,250000.0,250000.0,1056250.0,1712250.0,128.11948629451754,35.404380678410995
라마56a12b,48890430,삼가면,153.0,250000.0,250000.0,1056250.0,1712750.0,128.11952079038124,35.4088888315578
라마56a13a,48890430,삼가면,366.0,250000.0,250000.0,1056250.0,1713250.0,128.11955529390565,35.413396981303684
라마56a13b,48890430,삼가면,163.0,250000.0,250000.0,1056250.0,1713750.0,128.11958980509246,35.41790512764844
라마56a14a,48890430,삼가면,,250000.0,250000.0,1056250.0,1714250.0,128.11962432394336,35.42241327059188
라마56a14b,48890430,삼가면,,250000.0,250000.0,1056250.0,1714750.0,128.11965885046007,35.42692141013381
라마56a15a,48890430,삼가면,8.0,250000.0,250000.0,1056250.0,1715250.0,128.11969338464428,35.43142954627406
라마56a15b,48890430,삼가면,23.0,250000.0,250000.0,1056250.0,1715750.0,128.1197279264977,35.435937679012426
라마56a16a,48890430,삼가면,,250000.0,250000.0,1056250.0,1716250.0,128.119762476022,35.44044580834872
라마56a16b,48890420,쌍백면,,250000.0,250000.0,1056250.0,1716750.0,128.11979703321896,35.44495393428276
라마56a17a,48890420,쌍백면,,250000.0,250000.0,1056250.0,1717250.0,128.11983159809023,35.44946205681435
라마56a17b,48890420,쌍백면,28.0,250000.0,250000.0,1056250.0,1717750.0,128.11986617063755,35.453970175943304
라마56a18a,48890420,쌍백면,,250000.0,250000.0,1056250.0,1718250.0,128.11990075086257,35.458478291669444
라마56a18b,48890420,쌍백면,8.0,250000.0,250000.0,1056250.0,1718750.0,128.11993533876708,35.46298640399256
라마56a19a,48890420,쌍백면,,250000.0,250000.0,1056250.0,1719250.0,128.11996993435272,35.46749451291248
라마56a19b,48890420,쌍백면,,250000.0,250000.0,1056250.0,1719750.0,128.12000453762124,35.47200261842901
라마56a20a,48890420,쌍백면,,250000.0,250000.0,1056250.0,1720250.0,128.12003914857428,35.476510720541974
라마56a20b,48890420,쌍백면,8.0,250000.0,250000.0,1056250.0,1720750.0,128.12007376721363,35.48101881925116
라마56a21a,48890420,쌍백면,,250000.0,250000.0,1056250.0,1721250.0,128.120108393541,35.48552691455641
라마56a21b,48890420,쌍백면,,250000.0,250000.0,1056250.0,1721750.0,128.12014302755804,35.49003500645748
라마56a22a,48890460,용주면,,250000.0,250000.0,1056250.0,1722250.0,128.12017766926647,35.49454309495425
라마56a22b,48890460,용주면,,250000.0,250000.0,1056250.0,1722750.0,128.12021231866805,35.499051180046514
라마56a23a,48890460,용주면,5.0,250000.0,250000.0,1056250.0,1723250.0,128.12024697576445,35.503559261734054
라마56a23b,48890460,용주면,,250000.0,250000.0,1056250.0,1723750.0,128.12028164055744,35.50806734001672
라마56a24a,48890460,용주면,,250000.0,250000.0,1056250.0,1724250.0,128.12031631304868,35.512575414894286
라마56a24b,48890460,용주면,,250000.0,250000.0,1056250.0,1724750.0,128.12035099323987,35.51708348636659
라마56a25a,48890460,용주면,,250000.0,250000.0,1056250.0,1725250.0,128.1203856811328,35.52159155443344
라마56a25b,48890460,용주면,5.0,250000.0,250000.0,1056250.0,1725750.0,128.1204203767291,35.52609961909466
라마56a26a,48890460,용주면,8.0,250000.0,250000.0,1056250.0,1726250.0,128.12045508003055,35.53060768035004
라마56a26b,48890460,용주면,8.0,250000.0,250000.0,1056250.0,1726750.0,128.12048979103884,35.53511573819941
라마56a27a,48890460,용주면,5.0,250000.0,250000.0,1056250.0,1727250.0,128.1205245097557,35.539623792642566
라마56a27b,48890460,용주면,,250000.0,250000.0,1056250.0,1727750.0,128.12055923618283,35.54413184367934
라마56a28a,48890460,용주면,,250000.0,250000.0,1056250.0,1728250.0,128.12059397032195,35.548639891309534
라마56a28b,48890460,용주면,,250000.0,250000.0,1056250.0,1728750.0,128.12062871217478,35.55314793553298
라마56a29a,48890460,용주면,8.0,250000.0,250000.0,1056250.0,1729250.0,128.12066346174305,35.55765597634945
라마56a29b,48890460,용주면,8.0,250000.0,250000.0,1056250.0,1729750.0,128.1206982190285,35.5621640137588
라마56a30a,48890460,용주면,33.0,250000.0,250000.0,1056250.0,1730250.0,128.12073298403283,35.566672047760825
라마56a30b,48890460,용주면,5.0,250000.0,250000.0,1056250.0,1730750.0,128.12076775675772,35.571180078355326
라마56a31a,48890460,용주면,,250000.0,250000.0,1056250.0,1731250.0,128.12080253720495,35.57568810554214
라마56a31b,48890460,용주면,53.0,250000.0,250000.0,1056250.0,1731750.0,128.12083732537627,35.58019612932107
라마56a32a,48890460,용주면,28.0,250000.0,250000.0,1056250.0,1732250.0,128.12087212127332,35.58470414969194
라마56a32b,48890460,용주면,,250000.0,249999.99999925564,1056250.0,1732750.0,128.12090692489787,35.58921216665455
라마56a33a,48890250,합천읍,,250000.0,249999.99999977686,1056250.0,1733250.0,128.1209417362516,35.59372018020871
라마56a33b,48890250,합천읍,,250000.0,250000.0,1056250.0,1733750.0,128.12097655533634,35.59822819035424
라마56a34a,48890250,합천읍,,250000.0,250000.0,1056250.0,1734250.0,128.12101138215368,35.60273619709096
라마56a34b,48890250,합천읍,5.0,250000.0,250000.0,1056250.0,1734750.0,128.12104621670548,35.6072442004187
라마56a35a,48890250,합천읍,8.0,250000.0,250000.0,1056250.0,1735250.0,128.12108105899335,35.61175220033725
라마56a35b,48890250,합천읍,43.0,250000.0,250000.0,1056250.0,1735750.0,128.12111590901912,35.616260196846405
라마56a36a,48890250,합천읍,,250000.0,250000.0,1056250.0,1736250.0,128.12115076678444,35.62076818994601
라마56a36b,48890250,합천읍,,250000.0,250000.0,1056250.0,1736750.0,128.12118563229106,35.62527617963589
라마56a37a,48890250,합천읍,,250000.0,249999.9999993393,1056250.0,1737250.0,128.12122050554072,35.62978416591584
라마56a37b,48890320,묘산면,,250000.0,250000.0,1056250.0,1737750.0,128.12125538653518,35.63429214878568
라마56a38a,48890320,묘산면,5.0,250000.0,250000.0,1056250.0,1738250.0,128.1212902752761,35.6388001282452
라마56a38b,48890320,묘산면,23.0,250000.0,250000.0,1056250.0,1738750.0,128.12132517176525,35.64330810429426
라마56a39a,48890320,묘산면,23.0,250000.0,250000.0,1056250.0,1739250.0,128.12136007600438,35.64781607693265
라마56a39b,48890320,묘산면,5.0,250000.0,250000.0,1056250.0,1739750.0,128.1213949879952,35.65232404616018
라마56a40a,48890320,묘산면,,250000.0,250000.0,1056250.0,1740250.0,128.12142990773944,35.656832011976675
라마56a40b,48890320,묘산면,23.0,250000.0,250000.0,1056250.0,1740750.0,128.12146483523884,35.66133997438194
라마56a41a,48890320,묘산면,,250000.0,250000.0,1056250.0,1741250.0,128.12149977049515,35.66584793337581
라마56a41b,48890320,묘산면,63.0,250000.0,250000.0,1056250.0,1741750.0,128.12153471351007,35.67035588895808
라마56a42a,48890320,묘산면,,250000.0,250000.0,1056250.0,1742250.0,128.12156966428535,35.67486384112857
라마56a42b,48890320,묘산면,,250000.0,250000.0,1056250.0,1742750.0,128.12160462282276,35.67937178988711
라마56a43a,48890320,묘산면,,250000.0,250000.0,1056250.0,1743250.0,128.121639589124,35.68387973523349
라마56a43b,48890320,묘산면,,250000.0,250000.0,1056250.0,1743750.0,128.1216745631908,35.688387677167555
라마56a44a,48890320,묘산면,,250000.0,250000.0,1056250.0,1744250.0,128.12170954502488,35.69289561568909
라마56a44b,48890330,가야면,,250000.0,250000.0,1056250.0,1744750.0,128.12174453462808,35.697403550797944
라마56a45a,48890330,가야면,18.0,250000.0,250000.0,1056250.0,1745250.0,128.12177953200205,35.701911482493905
라마56a45b,48890330,가야면,,250000.0,250000.0,1056250.0,1745750.0,128.12181453714854,35.70641941077679
라마56a46a,48890330,가야면,,250000.0,250000.0,1056250.0,1746250.0,128.1218495500693,35.71092733564644
라마56a46b,48890330,가야면,,250000.0,250000.0,1056250.0,1746750.0,128.12188457076607,35.715435257102655
라마56a47a,48890330,가야면,,250000.0,250000.0,1056250.0,1747250.0,128.12191959924058,35.71994317514524
라마56a47b,48890330,가야면,33.0,250000.0,250000.0,1056250.0,1747750.0,128.12195463549463,35.724451089774035
라마56a48a,48890330,가야면,23.0,250000.0,250000.0,1056250.0,1748250.0,128.12198967952992,35.72895900098884
라마56a48b,48890330,가야면,13.0,250000.0,250000.0,1056250.0,1748750.0,128.12202473134815,35.733466908789474
라마56a49a,48890330,가야면,18.0,250000.0,250000.0,1056250.0,1749250.0,128.1220597909511,35.73797481317576
라마56a49b,48890330,가야면,5.0,250000.0,250000.0,1056250.0,1749750.0,128.12209485834057,35.742482714147506
라마56a50a,48890330,가야면,23.0,250000.0,250000.0,1056250.0,1750250.0,128.12212993351824,35.74699061170454
라마56a50b,48890330,가야면,23.0,250000.0,250000.0,1056250.0,1750750.0,128.12216501648584,35.75149850584667
라마56a51a,48890330,가야면,,250000.0,250000.0,1056250.0,1751250.0,128.12220010724516,35.756006396573696
라마56a51b,48890330,가야면,5.0,250000.0,250000.0,1056250.0,1751750.0,128.12223520579798,35.76051428388547
라마56a52a,48890330,가야면,0.0,250000.0,250000.0,1056250.0,1752250.0,128.12227031214596,35.765022167781794
라마56a52b,48890330,가야면,33.0,250000.0,250000.0,1056250.0,1752750.0,128.1223054262909,35.769530048262475
라마56a53a,48890330,가야면,,250000.0,250000.0,1056250.0,1753250.0,128.12234054823455,35.77403792532735
라마56a53b,48890330,가야면,8.0,250000.0,250000.0,1056250.0,1753750.0,128.12237567797862,35.77854579897622
라마56a54a,48890330,가야면,18.0,250000.0,250000.0,1056250.0,1754250.0,128.12241081552492,35.7830536692089
라마56a54b,48890330,가야면,,250000.0,250000.0,1056250.0,1754750.0,128.12244596087515,35.78756153602522
라마56a55a,48890330,가야면,,250000.0,250000.0,1056250.0,1755250.0,128.12248111403107,35.79206939942499
라마56a55b,48890330,가야면,,250000.0,250000.0,1056250.0,1755750.0,128.1225162749945,35.79657725940804
라마56a56a,48890330,가야면,,250000.0,180349.98554409065,1056250.0,1756250.0,128.1225514437671,35.80108511597416
라마56a56b,48890330,가야면,,250000.0,125764.10950327845,1056250.0,1756750.0,128.12258662035066,35.80559296912321
라마56a58a,48890330,가야면,,250000.0,179653.64529411748,1056250.0,1758250.0,128.12269219698464,35.819116508065925
라마56b09a,48890430,삼가면,,250000.0,211294.22974366928,1056750.0,1709250.0,128.12478389592013,35.377303351044766
라마56b09b,48890430,삼가면,23.0,250000.0,198184.4444947216,1056750.0,1709750.0,128.1248186520125,35.38181151989799
라마56b10a,48890430,삼가면,5.0,250000.0,214635.86108188023,1056750.0,1710250.0,128.12485341582334,35.38631968535088
라마56b10b,48890430,삼가면,,250000.0,250000.0,1056750.0,1710750.0,128.1248881873544,35.39082784740328
라마56b11a,48890430,삼가면,5.0,250000.0,250000.0,1056750.0,1711250.0,128.12492296660736,35.39533600605499
라마56b11b,48890430,삼가면,5.0,250000.0,250000.0,1056750.0,1711750.0,128.12495775358394,35.39984416130583
라마56b12a,48890430,삼가면,,250000.0,250000.0,1056750.0,1712250.0,128.12499254828586,35.40435231315559
라마56b12b,48890430,삼가면,13.0,250000.0,250000.0,1056750.0,1712750.0,128.12502735071482,35.40886046160409
라마56b13a,48890430,삼가면,418.0,250000.0,250000.0,1056750.0,1713250.0,128.12506216087257,35.41336860665115
라마56b13b,48890430,삼가면,18.0,250000.0,250000.0,1056750.0,1713750.0,128.12509697876078,35.417876748296564
라마56b14a,48890430,삼가면,,250000.0,250000.0,1056750.0,1714250.0,128.1251318043812,35.42238488654016
라마56b14b,48890430,삼가면,5.0,250000.0,250000.0,1056750.0,1714750.0,128.12516663773556,35.42689302138172
라마56b15a,48890430,삼가면,,250000.0,250000.0,1056750.0,1715250.0,128.12520147882552,35.431401152821095
라마56b15b,48890430,삼가면,,250000.0,250000.0,1056750.0,1715750.0,128.12523632765286,35.43590928085805
라마56b16a,48890420,쌍백면,,250000.0,250000.0,1056750.0,1716250.0,128.1252711842193,35.44041740549245
라마56b16b,48890420,쌍백면,8.0,250000.0,250000.0,1056750.0,1716750.0,128.12530604852648,35.44492552672405
라마56b17a,48890420,쌍백면,,250000.0,250000.0,1056750.0,1717250.0,128.12534092057624,35.449433644552705
라마56b17b,48890420,쌍백면,,250000.0,250000.0,1056750.0,1717750.0,128.12537580037016,35.4539417589782
라마56b18a,48890420,쌍백면,,250000.0,250000.0,1056750.0,1718250.0,128.12541068791012,35.458449870000365
라마56b18b,48890420,쌍백면,28.0,250000.0,250000.0,1056750.0,1718750.0,128.12544558319772,35.46295797761899
라마56b19a,48890420,쌍백면,18.0,250000.0,250000.0,1056750.0,1719250.0,128.12548048623475,35.46746608183391
라마56b19b,48890420,쌍백면,,250000.0,250000.0,1056750.0,1719750.0,128.1255153970229,35.47197418264493
라마56b20a,48890420,쌍백면,,250000.0,250000.0,1056750.0,1720250.0,128.1255503155639,35.47648228005185
라마56b20b,48890420,쌍백면,38.0,250000.0,250000.0,1056750.0,1720750.0,128.1255852418595,35.48099037405448
라마56b21a,48890420,쌍백면,23.0,250000.0,250000.0,1056750.0,1721250.0,128.12562017591137,35.48549846465264
라마56b21b,48890420,쌍백면,0.0,250000.0,250000.0,1056750.0,1721750.0,128.1256551177213,35.49000655184615
라마56b22a,48890460,용주면,,250000.0,250000.0,1056750.0,1722250.0,128.12569006729098,35.49451463563482
라마56b22b,48890460,용주면,,250000.0,250000.0,1056750.0,1722750.0,128.12572502462214,35.49902271601845
라마56b23a,48890410,대양면,,250000.0,250000.0,1056750.0,1723250.0,128.12575998971653,35.503530792996855
라마56b23b,48890460,용주면,,250000.0,250000.0,1056750.0,1723750.0,128.12579496257584,35.50803886656986
라마56b24a,48890460,용주면,,250000.0,250000.0,1056750.0,1724250.0,128.12582994320184,35.51254693673725
라마56b24b,48890460,용주면,,250000.0,250000.0,1056750.0,1724750.0,128.12586493159623,35.51705500349887
라마56b25a,48890460,용주면,39.0,250000.0,250000.0,1056750.0,1725250.0,128.12589992776077,35.52156306685452
라마56b25b,48890460,용주면,23.0,250000.0,250000.0,1056750.0,1725750.0,128.12593493169715,35.526071126804005
라마56b26a,48890460,용주면,5.0,250000.0,250000.0,1056750.0,1726250.0,128.12596994340714,35.530579183347136
라마56b26b,48890460,용주면,,250000.0,250000.0,1056750.0,1726750.0,128.12600496289244,35.53508723648375
라마56b27a,48890460,용주면,5.0,250000.0,250000.0,1056750.0,1727250.0,128.1260399901548,35.53959528621363
라마56b27b,48890460,용주면,,250000.0,250000.0,1056750.0,1727750.0,128.12607502519597,35.5441033325366
라마56b28a,48890460,용주면,,250000.0,250000.0,1056750.0,1728250.0,128.12611006801765,35.548611375452474
라마56b28b,48890460,용주면,83.0,250000.0,250000.0,1056750.0,1728750.0,128.12614511862157,35.55311941496108
라마56b29a,48890460,용주면,38.0,250000.0,250000.0,1056750.0,1729250.0,128.12618017700953,35.55762745106221
라마56b29b,48890460,용주면,5.0,250000.0,250000.0,1056750.0,1729750.0,128.12621524318322,35.56213548375567
라마56b30a,48890460,용주면,5.0,250000.0,250000.0,1056750.0,1730250.0,128.12625031714435,35.566643513041306
라마56b30b,48890460,용주면,,250000.0,250000.0,1056750.0,1730750.0,128.1262853988947,35.571151538918905
라마56b31a,48890460,용주면,5.0,250000.0,250000.0,1056750.0,1731250.0,128.12632048843597,35.57565956138828
라마56b31b,48890460,용주면,5.0,250000.0,249999.99999998405,1056750.0,1731750.0,128.12635558576997,35.580167580449256
라마56b32a,48890460,용주면,,250000.0,249999.9999997675,1056750.0,1732250.0,128.12639069089835,35.58467559610166
라마56b32b,48890250,합천읍,,250000.0,249999.9999991497,1056750.0,1732750.0,128.12642580382288,35.58918360834527
라마56b33a,48890250,합천읍,13.0,250000.0,250000.0,1056750.0,1733250.0,128.12646092454534,35.59369161717993
라마56b33b,48890250,합천읍,,250000.0,250000.0,1056750.0,1733750.0,128.12649605306743,35.59819962260542
라마56b34a,48890250,합천읍,,250000.0,250000.0,1056750.0,1734250.0,128.1265311893909,35.602707624621594
라마56b34b,48890250,합천읍,,250000.0,250000.0,1056750.0,1734750.0,128.1265663335175,35.60721562322825
라마56b35a,48890250,합천읍,,250000.0,250000.0,1056750.0,1735250.0,128.12660148544893,35.6117236184252
라마56b35b,48890250,합천읍,18.0,250000.0,250000.0,1056750.0,1735750.0,128.126636645187,35.616231610212246
라마56b36a,48890250,합천읍,,250000.0,250000.0,1056750.0,1736250.0,128.12667181273343,35.620739598589225
라마56b36b,48890250,합천읍,13.0,250000.0,250000.0,1056750.0,1736750.0,128.12670698808995,35.62524758355594
라마56b37a,48890250,합천읍,5.0,250000.0,249999.99999994415,1056750.0,1737250.0,128.12674217125831,35.62975556511221
라마56b37b,48890250,합천읍,5.0,250000.0,249999.99999928533,1056750.0,1737750.0,128.12677736224023,35.634263543257845
라마56b38a,48890320,묘산면,5.0,250000.0,250000.0,1056750.0,1738250.0,128.12681256103753,35.638771517992666
라마56b38b,48890320,묘산면,5.0,250000.0,250000.0,1056750.0,1738750.0,128.12684776765187,35.64327948931648
라마56b39a,48890320,묘산면,93.0,250000.0,250000.0,1056750.0,1739250.0,128.12688298208505,35.647787457229086
라마56b39b,48890320,묘산면,28.0,250000.0,250000.0,1056750.0,1739750.0,128.1269182043388,35.65229542173034
라마56b40a,48890320,묘산면,38.0,250000.0,250000.0,1056750.0,1740250.0,128.12695343441487,35.65680338282002
라마56b40b,48890320,묘산면,33.0,250000.0,250000.0,1056750.0,1740750.0,128.12698867231504,35.66131134049797
라마56b41a,48890320,묘산면,8.0,250000.0,250000.0,1056750.0,1741250.0,128.127023918041,35.66581929476398
라마56b41b,48890320,묘산면,13.0,250000.0,250000.0,1056750.0,1741750.0,128.12705917159454,35.67032724561788
라마56b42a,48890320,묘산면,68.0,250000.0,250000.0,1056750.0,1742250.0,128.1270944329774,35.67483519305946
라마56b42b,48890320,묘산면,,250000.0,250000.0,1056750.0,1742750.0,128.12712970219135,35.67934313708857
라마56b43a,48890320,묘산면,,250000.0,250000.0,1056750.0,1743250.0,128.1271649792381,35.683851077705015
라마56b43b,48890320,묘산면,,250000.0,250000.0,1056750.0,1743750.0,128.12720026411947,35.68835901490861
라마56b44a,48890320,묘산면,,250000.0,250000.0,1056750.0,1744250.0,128.12723555683715,35.692866948699155
라마56b44b,48890320,묘산면,13.0,250000.0,250000.0,1056750.0,1744750.0,128.12727085739292,35.6973748790765
라마56b45a,48890340,야로면,,250000.0,250000.0,1056750.0,1745250.0,128.12730616578853,35.70188280604042
라마56b45b,48890330,가야면,,250000.0,250000.0,1056750.0,1745750.0,128.1273414820257,35.706390729590744
라마56b46a,48890330,가야면,,250000.0,250000.0,1056750.0,1746250.0,128.1273768061063,35.71089864972732
라마56b46b,48890330,가야면,0.0,250000.0,250000.0,1056750.0,1746750.0,128.12741213803196,35.715406566449914
라마56b47a,48890330,가야면,43.0,250000.0,250000.0,1056750.0,1747250.0,128.1274474778045,35.71991447975837
라마56b47b,48890330,가야면,5.0,250000.0,250000.0,1056750.0,1747750.0,128.12748282542566,35.724422389652496
라마56b48a,48890330,가야면,5.0,250000.0,250000.0,1056750.0,1748250.0,128.12751818089717,35.72893029613213
라마56b48b,48890330,가야면,53.0,250000.0,250000.0,1056750.0,1748750.0,128.1275535442209,35.733438199197046
라마56b49a,48890330,가야면,13.0,250000.0,250000.0,1056750.0,1749250.0,128.12758891539843,35.737946098847104
라마56b49b,48890330,가야면,,250000.0,250000.0,1056750.0,1749750.0,128.12762429443168,35.74245399508209
라마56b50a,48890330,가야면,5.0,250000.0,250000.0,1056750.0,1750250.0,128.12765968132237,35.74696188790184
라마56b50b,48890330,가야면,63.0,250000.0,250000.0,1056750.0,1750750.0,128.12769507607223,35.751469777306156
라마56b51a,48890330,가야면,,250000.0,250000.0,1056750.0,1751250.0,128.127730478683,35.755977663294864
라마56b51b,48890330,가야면,,250000.0,250000.0,1056750.0,1751750.0,128.1277658891565,35.76048554586777
라마56b52a,48890330,가야면,,250000.0,250000.0,1056750.0,1752250.0,128.12780130749448,35.76499342502471
라마56b52b,48890330,가야면,18.0,250000.0,250000.0,1056750.0,1752750.0,128.1278367336987,35.76950130076548
라마56b53a,48890330,가야면,133.0,250000.0,250000.0,1056750.0,1753250.0,128.12787216777087,35.77400917308992
라마56b53b,48890330,가야면,28.0,250000.0,250000.0,1056750.0,1753750.0,128.12790760971285,35.77851704199783
라마56b54a,48890330,가야면,68.0,250000.0,250000.0,1056750.0,1754250.0,128.12794305952636,35.783024907489015
라마56b54b,48890330,가야면,,250000.0,238684.52528308507,1056750.0,1754750.0,128.12797851721314,35.78753276956333
라마56b55a,48890330,가야면,,250000.0,154286.3110912749,1056750.0,1755250.0,128.12801398277497,35.79204062822056
라마57a10b,48890430,삼가면,5.0,250000.0,250000.0,1057250.0,1710750.0,128.13039351411336,35.39079924538761
라마57a11a,48890430,삼가면,5.0,250000.0,250000.0,1057250.0,1711250.0,128.1304285997257,35.395307399301004
라마57a11b,48890430,삼가면,,250000.0,250000.0,1057250.0,1711750.0,128.1304636931297,35.399815549813
라마57a12a,48890430,삼가면,,250000.0,250000.0,1057250.0,1712250.0,128.1304987943271,35.404323696923406
라마57a12b,48890430,삼가면,13.0,250000.0,250000.0,1057250.0,1712750.0,128.13053390331962,35.40883184063203
라마57a13a,48890430,삼가면,8.0,250000.0,250000.0,1057250.0,1713250.0,128.13056902010896,35.413339980938694
라마57a13b,48890430,삼가면,18.0,250000.0,250000.0,1057250.0,1713750.0,128.13060414469692,35.41784811784319
라마57a14a,48890430,삼가면,23.0,250000.0,250000.0,1057250.0,1714250.0,128.13063927708512,35.42235625134535
라마57a14b,48890430,삼가면,18.0,250000.0,250000.0,1057250.0,1714750.0,128.13067441727537,35.42686438144497
라마57a15a,48890430,삼가면,,250000.0,250000.0,1057250.0,1715250.0,128.13070956526943,35.43137250814187
라마57a15b,48890420,쌍백면,,250000.0,250000.0,1057250.0,1715750.0,128.13074472106896,35.43588063143584
라마57a16a,48890420,쌍백면,5.0,250000.0,250000.0,1057250.0,1716250.0,128.13077988467575,35.440388751326715
라마57a16b,48890420,쌍백면,33.0,250000.0,250000.0,1057250.0,1716750.0,128.13081505609148,35.44489686781429
라마57a17a,48890420,쌍백면,,250000.0,250000.0,1057250.0,1717250.0,128.13085023531795,35.4494049808984
라마57a17b,48890420,쌍백면,,250000.0,250000.0,1057250.0,1717750.0,128.13088542235687,35.45391309057883
라마57a18a,48890420,쌍백면,5.0,250000.0,250000.0,1057250.0,1718250.0,128.13092061720994,35.458421196855404
라마57a18b,48890420,쌍백면,,250000.0,250000.0,1057250.0,1718750.0,128.13095581987895,35.46292929972792
라마57a19a,48890420,쌍백면,,250000.0,250000.0,1057250.0,1719250.0,128.13099103036564,35.46743739919621
라마57a19b,48890420,쌍백면,,250000.0,250000.0,1057250.0,1719750.0,128.13102624867173,35.47194549526006
라마57a20a,48890420,쌍백면,,250000.0,250000.0,1057250.0,1720250.0,128.13106147479894,35.476453587919316
라마57a20b,48890420,쌍백면,,250000.0,250000.0,1057250.0,1720750.0,128.13109670874903,35.48096167717375
라마57a21a,48890420,쌍백면,,250000.0,250000.0,1057250.0,1721250.0,128.13113195052375,35.485469763023204
라마57a21b,48890420,쌍백면,,250000.0,250000.0,1057250.0,1721750.0,128.13116720012482,35.48997784546748
라마57a22a,48890410,대양면,,250000.0,250000.0,1057250.0,1722250.0,128.131202457554,35.494485924506385
라마57a22b,48890410,대양면,,250000.0,250000.0,1057250.0,1722750.0,128.131237722813,35.49899400013974
라마57a23a,48890410,대양면,,250000.0,250000.0,1057250.0,1723250.0,128.13127299590363,35.50350207236734
라마57a23b,48890410,대양면,,250000.0,250000.0,1057250.0,1723750.0,128.13130827682755,35.50801014118901
라마57a24a,48890460,용주면,,250000.0,250000.0,1057250.0,1724250.0,128.1313435655866,35.512518206604575
라마57a24b,48890460,용주면,,250000.0,250000.0,1057250.0,1724750.0,128.13137886218246,35.51702626861382
라마57a25a,48890460,용주면,,250000.0,250000.0,1057250.0,1725250.0,128.13141416661685,35.52153432721658
라마57a25b,48890460,용주면,,250000.0,250000.0,1057250.0,1725750.0,128.1314494788916,35.52604238241265
라마57a26a,48890460,용주면,,250000.0,250000.0,1057250.0,1726250.0,128.13148479900838,35.53055043420186
라마57a26b,48890460,용주면,8.0,250000.0,250000.0,1057250.0,1726750.0,128.13152012696895,35.535058482584
라마57a27a,48890460,용주면,,250000.0,250000.0,1057250.0,1727250.0,128.1315554627751,35.53956652755891
라마57a27b,48890460,용주면,,250000.0,250000.0,1057250.0,1727750.0,128.13159080642856,35.544074569126366
라마57a28a,48890460,용주면,0.0,250000.0,250000.0,1057250.0,1728250.0,128.1316261579311,35.54858260728622
라마57a28b,48890460,용주면,28.0,250000.0,250000.0,1057250.0,1728750.0,128.13166151728439,35.55309064203827
라마57a29a,48890460,용주면,8.0,250000.0,250000.0,1057250.0,1729250.0,128.13169688449028,35.557598673382316
라마57a29b,48890460,용주면,,250000.0,250000.0,1057250.0,1729750.0,128.13173225955043,35.5621067013182
라마57a30a,48890460,용주면,,250000.0,250000.0,1057250.0,1730250.0,128.13176764246668,35.5666147258457
라마57a30b,48890460,용주면,8.0,250000.0,250000.0,1057250.0,1730750.0,128.13180303324071,35.571122746964654
라마57a31a,48890460,용주면,8.0,250000.0,249999.99999988874,1057250.0,1731250.0,128.1318384318743,35.57563076467487
라마57a31b,48890250,합천읍,,250000.0,249999.99999858934,1057250.0,1731750.0,128.13187383836922,35.58013877897615
라마57a32a,48890250,합천읍,,250000.0,249999.9999991473,1057250.0,1732250.0,128.1319092527272,35.58464678986833
라마57a32b,48890250,합천읍,,250000.0,250000.0,1057250.0,1732750.0,128.13194467495003,35.589154797351206
라마57a33a,48890250,합천읍,,250000.0,250000.0,1057250.0,1733250.0,128.13198010503945,35.59366280142459
라마57a33b,48890250,합천읍,,250000.0,250000.0,1057250.0,1733750.0,128.13201554299718,35.59817080208829
라마57a34a,48890250,합천읍,5.0,250000.0,250000.0,1057250.0,1734250.0,128.13205098882497,35.60267879934215
라마57a34b,48890250,합천읍,,250000.0,250000.0,1057250.0,1734750.0,128.13208644252464,35.60718679318596
라마57a35a,48890250,합천읍,5.0,250000.0,250000.0,1057250.0,1735250.0,128.13212190409791,35.61169478361955
라마57a35b,48890250,합천읍,0.0,250000.0,250000.0,1057250.0,1735750.0,128.13215737354656,35.61620277064271
라마57a36a,48890250,합천읍,23.0,250000.0,250000.0,1057250.0,1736250.0,128.13219285087234,35.62071075425526
라마57a36b,48890250,합천읍,,250000.0,250000.0,1057250.0,1736750.0,128.13222833607696,35.62521873445703
라마57a37a,48890250,합천읍,5.0,250000.0,250000.0,1057250.0,1737250.0,128.13226382916227,35.629726711247834
라마57a37b,48890250,합천읍,,250000.0,250000.0,1057250.0,1737750.0,128.13229933012997,35.63423468462748
라마57a38a,48890320,묘산면,,250000.0,249999.99999951053,1057250.0,1738250.0,128.13233483898185,35.63874265459577
라마57a38b,48890320,묘산면,5.0,250000.0,249999.99999984528,1057250.0,1738750.0,128.13237035571964,35.64325062115253
라마57a39a,48890320,묘산면,8.0,250000.0,250000.0,1057250.0,1739250.0,128.13240588034515,35.64775858429757
라마57a39b,48890320,묘산면,53.0,250000.0,250000.0,1057250.0,1739750.0,128.13244141286006,35.65226654403072
라마57a40a,48890320,묘산면,13.0,250000.0,250000.0,1057250.0,1740250.0,128.13247695326623,35.65677450035178
라마57a40b,48890320,묘산면,8.0,250000.0,250000.0,1057250.0,1740750.0,128.13251250156537,35.66128245326056
라마57a41a,48890320,묘산면,,250000.0,250000.0,1057250.0,1741250.0,128.1325480577593,35.66579040275688
라마57a41b,48890320,묘산면,5.0,250000.0,250000.0,1057250.0,1741750.0,128.13258362184968,35.67029834884057
라마57a42a,48890320,묘산면,13.0,250000.0,250000.0,1057250.0,1742250.0,128.1326191938384,35.67480629151143
라마57a42b,48890320,묘산면,33.0,250000.0,250000.0,1057250.0,1742750.0,128.13265477372713,35.67931423076928
라마57a43a,48890320,묘산면,13.0,250000.0,250000.0,1057250.0,1743250.0,128.13269036151766,35.683822166613936
라마57a43b,48890320,묘산면,8.0,250000.0,250000.0,1057250.0,1743750.0,128.13272595721182,35.6883300990452
라마57a44a,48890320,묘산면,23.0,250000.0,250000.0,1057250.0,1744250.0,128.1327615608113,35.692838028062894
라마57a44b,48890340,야로면,,250000.0,250000.0,1057250.0,1744750.0,128.1327971723179,35.69734595366686
라마57a45a,48890340,야로면,,250000.0,250000.0,1057250.0,1745250.0,128.13283279173342,35.701853875856884
라마57a45b,48890330,가야면,,250000.0,250000.0,1057250.0,1745750.0,128.13286841905958,35.706361794632784
라마57a46a,48890330,가야면,5.0,250000.0,250000.0,1057250.0,1746250.0,128.13290405429817,35.710869709994384
라마57a46b,48890330,가야면,,250000.0,250000.0,1057250.0,1746750.0,128.13293969745098,35.71537762194149
라마57a47a,48890330,가야면,,250000.0,250000.0,1057250.0,1747250.0,128.13297534851978,35.71988553047394
라마57a47b,48890330,가야면,,250000.0,250000.0,1057250.0,1747750.0,128.13301100750627,35.72439343559152
라마57a48a,48890330,가야면,,250000.0,250000.0,1057250.0,1748250.0,128.13304667441236,35.72890133729406
라마57a48b,48890330,가야면,13.0,250000.0,250000.0,1057250.0,1748750.0,128.13308234923971,35.733409235581384
라마57a49a,48890330,가야면,8.0,250000.0,250000.0,1057250.0,1749250.0,128.13311803199014,35.737917130453305
라마57a49b,48890330,가야면,,250000.0,250000.0,1057250.0,1749750.0,128.1331537226654,35.742425021909625
라마57a50a,48890330,가야면,5.0,250000.0,250000.0,1057250.0,1750250.0,128.13318942126733,35.746932909950175
라마57a50b,48890330,가야면,13.0,250000.0,250000.0,1057250.0,1750750.0,128.13322512779763,35.751440794574776
라마57a51a,48890330,가야면,48.0,250000.0,250000.0,1057250.0,1751250.0,128.13326084225812,35.75594867578322
라마57a51b,48890330,가야면,98.0,250000.0,250000.0,1057250.0,1751750.0,128.13329656465055,35.760456553575345
라마57a52a,48890330,가야면,93.0,250000.0,250000.0,1057250.0,1752250.0,128.13333229497675,35.764964427950964
라마57a52b,48890330,가야면,48.0,250000.0,250000.0,1057250.0,1752750.0,128.13336803323847,35.7694722989099
라마57a53a,48890330,가야면,,250000.0,250000.0,1057250.0,1753250.0,128.1334037794375,35.77398016645196
라마57a53b,48890330,가야면,,250000.0,250000.0,1057250.0,1753750.0,128.13343953357557,35.778488030576966
라마57a54a,48890330,가야면,,250000.0,248963.45466151828,1057250.0,1754250.0,128.13347529565448,35.78299589128472
라마57b10b,48890430,삼가면,5.0,250000.0,250000.0,1057750.0,1710750.0,128.13589883308236,35.39077039252097
라마57b11a,48890430,삼가면,48.0,250000.0,250000.0,1057750.0,1711250.0,128.1359342250524,35.39527854165449
라마57b11b,48890430,삼가면,5.0,250000.0,250000.0,1057750.0,1711750.0,128.13596962488214,35.3997866873861
라마57b12a,48890430,삼가면,8.0,250000.0,250000.0,1057750.0,1712250.0,128.13600503257328,35.40429482971558
라마57b12b,48890430,삼가면,13.0,250000.0,250000.0,1057750.0,1712750.0,128.1360404481276,35.40880296864276
라마57b13a,48890430,삼가면,,250000.0,250000.0,1057750.0,1713250.0,128.13607587154684,35.413311104167455
라마57b13b,48890430,삼가면,,250000.0,250000.0,1057750.0,1713750.0,128.13611130283275,35.41781923628946
라마57b14a,48890430,삼가면,8.0,250000.0,250000.0,1057750.0,1714250.0,128.136146741987,35.42232736500862
라마57b14b,48890430,삼가면,13.0,250000.0,250000.0,1057750.0,1714750.0,128.13618218901146,35.4268354903247
라마57b15a,48890420,쌍백면,,250000.0,250000.0,1057750.0,1715250.0,128.13621764390783,35.431343612237534
라마57b15b,48890420,쌍백면,43.0,250000.0,250000.0,1057750.0,1715750.0,128.1362531066778,35.43585173074694
라마57b16a,48890420,쌍백면,28.0,250000.0,250000.0,1057750.0,1716250.0,128.13628857732323,35.44035984585268
라마57b16b,48890420,쌍백면,,250000.0,250000.0,1057750.0,1716750.0,128.13632405584576,35.44486795755464
라마57b17a,48890420,쌍백면,,250000.0,250000.0,1057750.0,1717250.0,128.13635954224722,35.44937606585258
라마57b17b,48890420,쌍백면,,250000.0,250000.0,1057750.0,1717750.0,128.13639503652934,35.45388417074633
라마57b18a,48890420,쌍백면,58.0,250000.0,250000.0,1057750.0,1718250.0,128.13643053869384,35.45839227223569
라마57b18b,48890420,쌍백면,23.0,250000.0,250000.0,1057750.0,1718750.0,128.13646604874256,35.462900370320476
라마57b19a,48890420,쌍백면,18.0,250000.0,250000.0,1057750.0,1719250.0,128.13650156667714,35.46740846500051
라마57b19b,48890420,쌍백면,8.0,250000.0,250000.0,1057750.0,1719750.0,128.1365370924994,35.47191655627558
라마57b20a,48890420,쌍백면,,250000.0,250000.0,1057750.0,1720250.0,128.1365726262111,35.476424644145524
라마57b20b,48890420,쌍백면,,250000.0,250000.0,1057750.0,1720750.0,128.13660816781393,35.480932728610135
라마57b21a,48890420,쌍백면,,250000.0,250000.0,1057750.0,1721250.0,128.13664371730974,35.48544080966922
라마57b21b,48890420,쌍백면,,250000.0,250000.0,1057750.0,1721750.0,128.1366792747002,35.489948887322605
라마57b22a,48890410,대양면,,250000.0,250000.0,1057750.0,1722250.0,128.13671483998718,35.4944569615701
라마57b22b,48890410,대양면,,250000.0,250000.0,1057750.0,1722750.0,128.1367504131723,35.49896503241152
라마57b23a,48890410,대양면,,250000.0,250000.0,1057750.0,1723250.0,128.1367859942574,35.50347309984666
라마57b23b,48890410,대양면,,250000.0,250000.0,1057750.0,1723750.0,128.13682158324423,35.50798116387534
라마57b24a,48890460,용주면,,250000.0,250000.0,1057750.0,1724250.0,128.13685718013454,35.512489224497386
라마57b24b,48890460,용주면,,250000.0,250000.0,1057750.0,1724750.0,128.1368927849301,35.516997281712584
라마57b25a,48890460,용주면,18.0,250000.0,250000.0,1057750.0,1725250.0,128.13692839763266,35.52150533552076
라마57b25b,48890460,용주면,8.0,250000.0,250000.0,1057750.0,1725750.0,128.13696401824396,35.52601338592174
라마57b26a,48890460,용주면,,250000.0,250000.0,1057750.0,1726250.0,128.13699964676582,35.53052143291533
라마57b26b,48890460,용주면,,250000.0,250000.0,1057750.0,1726750.0,128.13703528319994,35.53502947650132
라마57b27a,48890460,용주면,,250000.0,250000.0,1057750.0,1727250.0,128.13707092754814,35.539537516679545
라마57b27b,48890460,용주면,,250000.0,250000.0,1057750.0,1727750.0,128.13710657981215,35.54404555344979
라마57b28a,48890460,용주면,,250000.0,250000.0,1057750.0,1728250.0,128.13714223999372,35.54855358681191
라마57b28b,48890460,용주면,13.0,250000.0,250000.0,1057750.0,1728750.0,128.13717790809469,35.553061616765696
라마57b29a,48890460,용주면,43.0,250000.0,250000.0,1057750.0,1729250.0,128.1372135841167,35.557569643310956
라마57b29b,48890460,용주면,,250000.0,250000.0,1057750.0,1729750.0,128.13724926806162,35.562077666447514
라마57b30a,48890460,용주면,,250000.0,249999.99999948064,1057750.0,1730250.0,128.13728495993118,35.56658568617517
라마57b30b,48890250,합천읍,,250000.0,249999.99999921254,1057750.0,1730750.0,128.13732065972718,35.57109370249374
라마57b31a,48890250,합천읍,5.0,250000.0,249999.99999961938,1057750.0,1731250.0,128.13735636745133,35.57560171540305
라마57b31b,48890250,합천읍,,250000.0,250000.0,1057750.0,1731750.0,128.13739208310542,35.580109724902904
라마57b32a,48890250,합천읍,,250000.0,250000.0,1057750.0,1732250.0,128.13742780669128,35.58461773099312
라마57b32b,48890250,합천읍,5.0,250000.0,250000.0,1057750.0,1732750.0,128.1374635382106,35.58912573367349
라마57b33a,48890250,합천읍,,250000.0,250000.0,1057750.0,1733250.0,128.13749927766517,35.593633732943864
라마57b33b,48890250,합천읍,0.0,250000.0,250000.0,1057750.0,1733750.0,128.1375350250568,35.598141728804016
라마57b34a,48890250,합천읍,0.0,250000.0,250000.0,1057750.0,1734250.0,128.13757078038722,35.6026497212538
라마57b34b,48890250,합천읍,5.0,250000.0,250000.0,1057750.0,1734750.0,128.1376065436582,35.60715771029299
라마57b35a,48890250,합천읍,,250000.0,250000.0,1057750.0,1735250.0,128.13764231487153,35.61166569592144
라마57b35b,48890250,합천읍,5.0,250000.0,250000.0,1057750.0,1735750.0,128.137678094029,35.61617367813893
라마57b36a,48890250,합천읍,5.0,250000.0,250000.0,1057750.0,1736250.0,128.13771388113236,35.620681656945294
라마57b36b,48890250,합천읍,5.0,250000.0,250000.0,1057750.0,1736750.0,128.13774967618338,35.62518963234032
라마57b37a,48890250,합천읍,43.0,250000.0,250000.0,1057750.0,1737250.0,128.13778547918386,35.62969760432387
라마57b37b,48890250,합천읍,13.0,250000.0,250000.0,1057750.0,1737750.0,128.13782129013558,35.63420557289571
라마57b38a,48890250,합천읍,8.0,250000.0,250000.0,1057750.0,1738250.0,128.13785710904028,35.638713538055676
라마57b38b,48890320,묘산면,,250000.0,249999.99999960553,1057750.0,1738750.0,128.13789293589974,35.643221499803595
라마57b39a,48890320,묘산면,,250000.0,250000.0,1057750.0,1739250.0,128.13792877071577,35.64772945813925
라마57b39b,48890320,묘산면,,250000.0,250000.0,1057750.0,1739750.0,128.13796461349014,35.65223741306247
라마57b40a,48890320,묘산면,,250000.0,250000.0,1057750.0,1740250.0,128.13800046422463,35.656745364573084
라마57b40b,48890320,묘산면,,250000.0,250000.0,1057750.0,1740750.0,128.138036322921,35.661253312670894
라마57b41a,48890320,묘산면,5.0,250000.0,250000.0,1057750.0,1741250.0,128.13807218958107,35.665761257355705
라마57b41b,48890320,묘산면,,250000.0,250000.0,1057750.0,1741750.0,128.13810806420656,35.67026919862735
라마57b42a,48890320,묘산면,38.0,250000.0,250000.0,1057750.0,1742250.0,128.1381439467993,35.67477713648563
라마57b42b,48890320,묘산면,,250000.0,250000.0,1057750.0,1742750.0,128.1381798373611,35.679285070930376
라마57b43a,48890320,묘산면,8.0,250000.0,250000.0,1057750.0,1743250.0,128.13821573589365,35.683793001961384
라마57b43b,48890320,묘산면,,250000.0,250000.0,1057750.0,1743750.0,128.1382516423988,35.68830092957849
라마57b44a,48890320,묘산면,,250000.0,250000.0,1057750.0,1744250.0,128.1382875568783,35.69280885378148
라마57b44b,48890340,야로면,,250000.0,250000.0,1057750.0,1744750.0,128.13832347933402,35.69731677457021
라마57b45a,48890340,야로면,18.0,250000.0,250000.0,1057750.0,1745250.0,128.13835940976762,35.70182469194446
라마57b45b,48890340,야로면,23.0,250000.0,250000.0,1057750.0,1745750.0,128.13839534818098,35.70633260590406
라마57b46a,48890330,가야면,,250000.0,250000.0,1057750.0,1746250.0,128.13843129457584,35.71084051644882
라마57b46b,48890330,가야면,,250000.0,250000.0,1057750.0,1746750.0,128.13846724895402,35.71534842357856
라마57b47a,48890330,가야면,,250000.0,250000.0,1057750.0,1747250.0,128.13850321131727,35.7198563272931
라마57b47b,48890330,가야면,,250000.0,250000.0,1057750.0,1747750.0,128.1385391816674,35.724364227592254
라마57b48a,48890330,가야면,0.0,250000.0,250000.0,1057750.0,1748250.0,128.1385751600062,35.72887212447583
라마57b48b,48890330,가야면,23.0,250000.0,250000.0,1057750.0,1748750.0,128.13861114633545,35.73338001794364
라마57b49a,48890330,가야면,5.0,250000.0,250000.0,1057750.0,1749250.0,128.13864714065696,35.73788790799552
라마57b49b,48890340,야로면,,250000.0,250000.0,1057750.0,1749750.0,128.1386831429725,35.74239579463127
라마57b50a,48890340,야로면,5.0,250000.0,250000.0,1057750.0,1750250.0,128.1387191532839,35.746903677850725
라마57b50b,48890340,야로면,5.0,250000.0,250000.0,1057750.0,1750750.0,128.13875517159286,35.75141155765367
라마57b51a,48890330,가야면,18.0,250000.0,250000.0,1057750.0,1751250.0,128.1387911979013,35.755919434039946
라마57b51b,48890330,가야면,432.0,250000.0,250000.0,1057750.0,1751750.0,128.1388272322109,35.76042730700936
라마57b52a,48890330,가야면,173.0,250000.0,250000.0,1057750.0,1752250.0,128.13886327452354,35.76493517656174
라마57b52b,48890330,가야면,58.0,250000.0,250000.0,1057750.0,1752750.0,128.13889932484096,35.769443042696885
라마57b53a,48890330,가야면,5.0,250000.0,250000.0,1057750.0,1753250.0,128.13893538316498,35.773950905414644
라마57b53b,48890330,가야면,0.0,250000.0,250000.0,1057750.0,1753750.0,128.13897144949738,35.77845876471478
라마57b54a,48890330,가야면,,250000.0,206003.44068667872,1057750.0,1754250.0,128.13900752383998,35.78296662059714
라마58a10a,48890430,삼가면,,250000.0,146319.2194023581,1058250.0,1710250.0,128.14136845379338,35.386233141090166
라마58a10b,48890430,삼가면,,250000.0,250000.0,1058250.0,1710750.0,128.14140414419344,35.39074128880453
라마58a11a,48890430,삼가면,,250000.0,250000.0,1058250.0,1711250.0,128.14143984251942,35.39524943311661
라마58a11b,48890430,삼가면,13.0,250000.0,250000.0,1058250.0,1711750.0,128.14147554877314,35.39975757402627
라마58a12a,48890430,삼가면,,250000.0,250000.0,1058250.0,1712250.0,128.1415112629563,35.40426571153327
라마58a12b,48890430,삼가면,,250000.0,250000.0,1058250.0,1712750.0,128.14154698507065,35.40877384563744
라마58a13a,48890430,삼가면,,250000.0,250000.0,1058250.0,1713250.0,128.14158271511803,35.4132819763386
라마58a13b,48890430,삼가면,23.0,250000.0,250000.0,1058250.0,1713750.0,128.14161845310014,35.41779010363655
라마58a14a,48890430,삼가면,18.0,250000.0,250000.0,1058250.0,1714250.0,128.14165419901875,35.4222982275311
라마58a14b,48890430,삼가면,18.0,250000.0,250000.0,1058250.0,1714750.0,128.14168995287565,35.426806348022055
라마58a15a,48890420,쌍백면,,250000.0,250000.0,1058250.0,1715250.0,128.14172571467253,35.431314465109246
라마58a15b,48890420,쌍백면,8.0,250000.0,250000.0,1058250.0,1715750.0,128.14176148441126,35.435822578792454
라마58a16a,48890420,쌍백면,28.0,250000.0,250000.0,1058250.0,1716250.0,128.14179726209355,35.440330689071516
라마58a16b,48890420,쌍백면,,250000.0,250000.0,1058250.0,1716750.0,128.14183304772115,35.44483879594622
라마58a17a,48890420,쌍백면,5.0,250000.0,250000.0,1058250.0,1717250.0,128.14186884129586,35.449346899416405
라마58a17b,48890420,쌍백면,5.0,250000.0,250000.0,1058250.0,1717750.0,128.14190464281944,35.45385499948185
라마58a18a,48890420,쌍백면,5.0,250000.0,250000.0,1058250.0,1718250.0,128.1419404522936,35.4583630961424
라마58a18b,48890420,쌍백면,5.0,250000.0,250000.0,1058250.0,1718750.0,128.14197626972023,35.46287118939782
라마58a19a,48890420,쌍백면,0.0,250000.0,250000.0,1058250.0,1719250.0,128.14201209510097,35.46737927924797
라마58a19b,48890420,쌍백면,5.0,250000.0,250000.0,1058250.0,1719750.0,128.14204792843768,35.47188736569263
라마58a20a,48890420,쌍백면,5.0,250000.0,250000.0,1058250.0,1720250.0,128.14208376973207,35.47639544873162
라마58a20b,48890420,쌍백면,,250000.0,250000.0,1058250.0,1720750.0,128.14211961898593,35.480903528364756
라마58a21a,48890420,쌍백면,,250000.0,250000.0,1058250.0,1721250.0,128.14215547620105,35.48541160459185
라마58a21b,48890410,대양면,,250000.0,250000.0,1058250.0,1721750.0,128.1421913413792,35.48991967741269
라마58a22a,48890410,대양면,5.0,250000.0,250000.0,1058250.0,1722250.0,128.14222721452214,35.494427746827135
라마58a22b,48890410,대양면,33.0,250000.0,250000.0,1058250.0,1722750.0,128.14226309563162,35.49893581283494
라마58a23a,48890410,대양면,18.0,250000.0,250000.0,1058250.0,1723250.0,128.14229898470947,35.503443875435956
라마58a23b,48890410,대양면,,250000.0,250000.0,1058250.0,1723750.0,128.14233488175742,35.507951934629986
라마58a24a,48890410,대양면,,250000.0,250000.0,1058250.0,1724250.0,128.14237078677724,35.512459990416836
라마58a24b,48890460,용주면,,250000.0,250000.0,1058250.0,1724750.0,128.14240669977076,35.51696804279632
라마58a25a,48890460,용주면,,250000.0,250000.0,1058250.0,1725250.0,128.14244262073967,35.52147609176825
라마58a25b,48890460,용주면,18.0,250000.0,250000.0,1058250.0,1725750.0,128.14247854968582,35.52598413733244
라마58a26a,48890460,용주면,,250000.0,250000.0,1058250.0,1726250.0,128.14251448661096,35.53049217948871
라마58a26b,48890460,용주면,,250000.0,250000.0,1058250.0,1726750.0,128.14255043151687,35.53500021823686
라마58a27a,48890460,용주면,,250000.0,250000.0,1058250.0,1727250.0,128.14258638440535,35.5395082535767
라마58a27b,48890460,용주면,,250000.0,250000.0,1058250.0,1727750.0,128.1426223452781,35.54401628550805
라마58a28a,48890460,용주면,,250000.0,250000.0,1058250.0,1728250.0,128.142658314137,35.548524314030715
라마58a28b,48890460,용주면,13.0,250000.0,250000.0,1058250.0,1728750.0,128.14269429098383,35.55303233914453
라마58a29a,48890460,용주면,,250000.0,250000.0,1058250.0,1729250.0,128.14273027582027,35.55754036084927
라마58a29b,48890460,용주면,,250000.0,249999.99999992413,1058250.0,1729750.0,128.14276626864816,35.56204837914479
라마58a30a,48890250,합천읍,,250000.0,249999.99999922267,1058250.0,1730250.0,128.14280226946929,35.56655639403088
라마58a30b,48890250,합천읍,73.0,250000.0,250000.0,1058250.0,1730750.0,128.14283827828544,35.57106440550734
라마58a31a,48890250,합천읍,18.0,250000.0,250000.0,1058250.0,1731250.0,128.1428742950984,35.575572413574
라마58a31b,48890250,합천읍,,250000.0,250000.0,1058250.0,1731750.0,128.14291031990993,35.58008041823068
라마58a32a,48890250,합천읍,13.0,250000.0,250000.0,1058250.0,1732250.0,128.14294635272185,35.584588419477186
라마58a32b,48890250,합천읍,23.0,250000.0,250000.0,1058250.0,1732750.0,128.1429823935359,35.58909641731332
라마58a33a,48890250,합천읍,8.0,250000.0,250000.0,1058250.0,1733250.0,128.1430184423539,35.593604411738916
라마58a33b,48890250,합천읍,13.0,250000.0,250000.0,1058250.0,1733750.0,128.1430544991776,35.59811240275375
라마58a34a,48890250,합천읍,,250000.0,250000.0,1058250.0,1734250.0,128.14309056400884,35.602620390357686
라마58a34b,48890250,합천읍,,250000.0,250000.0,1058250.0,1734750.0,128.1431266368494,35.607128374550506
라마58a35a,48890250,합천읍,,250000.0,250000.0,1058250.0,1735250.0,128.14316271770102,35.61163635533203
라마58a35b,48890250,합천읍,8.0,250000.0,250000.0,1058250.0,1735750.0,128.14319880656552,35.61614433270208
라마58a36a,48890250,합천읍,,250000.0,250000.0,1058250.0,1736250.0,128.14323490344472,35.62065230666045
라마58a36b,48890250,합천읍,,250000.0,250000.0,1058250.0,1736750.0,128.14327100834032,35.62516027720697
라마58a37a,48890250,합천읍,,250000.0,250000.0,1058250.0,1737250.0,128.14330712125422,35.62966824434147
라마58a37b,48890250,합천읍,53.0,250000.0,250000.0,1058250.0,1737750.0,128.14334324218814,35.63417620806372
라마58a38a,48890250,합천읍,13.0,250000.0,250000.0,1058250.0,1738250.0,128.14337937114388,35.63868416837356
라마58a38b,48890250,합천읍,,250000.0,249999.99999969124,1058250.0,1738750.0,128.14341550812327,35.643192125270815
라마58a39a,48890320,묘산면,,250000.0,249999.99999880386,1058250.0,1739250.0,128.14345165312807,35.64770007875528
라마58a39b,48890320,묘산면,,250000.0,249999.99999992663,1058250.0,1739750.0,128.1434878061601,35.65220802882678
라마58a40a,48890320,묘산면,,250000.0,250000.0,1058250.0,1740250.0,128.1435239672211,35.65671597548513
라마58a40b,48890320,묘산면,,250000.0,250000.0,1058250.0,1740750.0,128.14356013631294,35.66122391873012
라마58a41a,48890320,묘산면,,250000.0,250000.0,1058250.0,1741250.0,128.14359631343737,35.66573185856159
라마58a41b,48890320,묘산면,8.0,250000.0,250000.0,1058250.0,1741750.0,128.1436324985962,35.67023979497938
라마58a42a,48890320,묘산면,8.0,250000.0,250000.0,1058250.0,1742250.0,128.14366869179122,35.674747727983245
라마58a42b,48890320,묘산면,13.0,250000.0,250000.0,1058250.0,1742750.0,128.14370489302425,35.67925565757303
라마58a43a,48890320,묘산면,,250000.0,250000.0,1058250.0,1743250.0,128.14374110229704,35.68376358374856
라마58a43b,48890320,묘산면,8.0,250000.0,250000.0,1058250.0,1743750.0,128.14377731961144,35.688271506509636
라마58a44a,48890340,야로면,,250000.0,250000.0,1058250.0,1744250.0,128.1438135449692,35.692779425856074
라마58a44b,48890340,야로면,,250000.0,250000.0,1058250.0,1744750.0,128.14384977837219,35.6972873417877
라마58a45a,48890340,야로면,0.0,250000.0,250000.0,1058250.0,1745250.0,128.14388601982213,35.701795254304315
라마58a45b,48890340,야로면,,250000.0,250000.0,1058250.0,1745750.0,128.14392226932088,35.70630316340574
라마58a46a,48890340,야로면,,250000.0,250000.0,1058250.0,1746250.0,128.14395852687022,35.7108110690918
라마58a46b,48890340,야로면,,250000.0,250000.0,1058250.0,1746750.0,128.14399479247194,35.715318971362294
라마58a47a,48890330,가야면,,250000.0,250000.0,1058250.0,1747250.0,128.14403106612792,35.71982687021704
라마58a47b,48890330,가야면,,250000.0,250000.0,1058250.0,1747750.0,128.14406734783984,35.72433476565587
라마58a48a,48890330,가야면,,250000.0,250000.0,1058250.0,1748250.0,128.1441036376096,35.72884265767857
라마58a48b,48890330,가야면,,250000.0,250000.0,1058250.0,1748750.0,128.14413993543897,35.73335054628499
라마58a49a,48890340,야로면,8.0,250000.0,250000.0,1058250.0,1749250.0,128.14417624132975,35.73785843147493
라마58a49b,48890340,야로면,28.0,250000.0,250000.0,1058250.0,1749750.0,128.14421255528376,35.742366313248205
라마58a50a,48890340,야로면,8.0,250000.0,250000.0,1058250.0,1750250.0,128.1442488773028,35.74687419160465
라마58a50b,48890340,야로면,,250000.0,250000.0,1058250.0,1750750.0,128.1442852073887,35.75138206654403
라마58a51a,48890330,가야면,,250000.0,250000.0,1058250.0,1751250.0,128.14432154554325,35.75588993806621
라마58a51b,48890330,가야면,,250000.0,250000.0,1058250.0,1751750.0,128.14435789176824,35.76039780617098
라마58a52a,48890330,가야면,8.0,250000.0,250000.0,1058250.0,1752250.0,128.1443942460655,35.764905670858184
라마58a52b,48890330,가야면,5.0,250000.0,250000.0,1058250.0,1752750.0,128.14443060843686,35.76941353212763
라마58a53a,48890330,가야면,5.0,250000.0,250000.0,1058250.0,1753250.0,128.14446697888408,35.773921389979115
라마58a53b,48890330,가야면,53.0,250000.0,250000.0,1058250.0,1753750.0,128.14450335740904,35.778429244412465
라마58a54a,48890330,가야면,,250000.0,218023.63404662538,1058250.0,1754250.0,128.14453974401349,35.78293709542749
라마58b10a,48890430,삼가면,8.0,250000.0,124046.49380819562,1058750.0,1710250.0,128.14687345069234,35.386203791387516
라마58b10b,48890430,삼가면,,250000.0,250000.0,1058750.0,1710750.0,128.1469094473786,35.39071193423943
라마58b11a,48890430,삼가면,,250000.0,250000.0,1058750.0,1711250.0,128.14694545205876,35.395220073688535
라마58b11b,48890430,삼가면,8.0,250000.0,250000.0,1058750.0,1711750.0,128.14698146473464,35.39972820973467
라마58b12a,48890430,삼가면,5.0,250000.0,250000.0,1058750.0,1712250.0,128.14701748540807,35.40423634237763
라마58b12b,48890430,삼가면,,250000.0,250000.0,1058750.0,1712750.0,128.14705351408077,35.408744471617226
라마58b13a,48890430,삼가면,,250000.0,250000.0,1058750.0,1713250.0,128.1470895507545,35.41325259745327
라마58b13b,48890430,삼가면,128.0,250000.0,250000.0,1058750.0,1713750.0,128.14712559543102,35.41776071988558
라마58b14a,48890430,삼가면,5.0,250000.0,250000.0,1058750.0,1714250.0,128.1471616481122,35.422268838913965
라마58b14b,48890430,삼가면,5.0,250000.0,250000.0,1058750.0,1714750.0,128.14719770879978,35.42677695453821
라마58b15a,48890430,삼가면,8.0,250000.0,250000.0,1058750.0,1715250.0,128.1472337774955,35.43128506675816
라마58b15b,48890420,쌍백면,5.0,250000.0,250000.0,1058750.0,1715750.0,128.14726985420114,35.43579317557361
라마58b16a,48890420,쌍백면,113.0,250000.0,250000.0,1058750.0,1716250.0,128.14730593891855,35.44030128098436
라마58b16b,48890420,쌍백면,8.0,250000.0,250000.0,1058750.0,1716750.0,128.14734203164943,35.44480938299023
라마58b17a,48890420,쌍백면,8.0,250000.0,250000.0,1058750.0,1717250.0,128.14737813239563,35.44931748159103
라마58b17b,48890420,쌍백면,,250000.0,250000.0,1058750.0,1717750.0,128.14741424115886,35.45382557678658
라마58b18a,48890420,쌍백면,,250000.0,250000.0,1058750.0,1718250.0,128.14745035794098,35.45833366857667
라마58b18b,48890420,쌍백면,13.0,250000.0,250000.0,1058750.0,1718750.0,128.1474864827437,35.46284175696112
라마58b19a,48890420,쌍백면,,250000.0,250000.0,1058750.0,1719250.0,128.14752261556887,35.46734984193976
라마58b19b,48890420,쌍백면,18.0,250000.0,250000.0,1058750.0,1719750.0,128.14755875641822,35.47185792351238
라마58b20a,48890420,쌍백면,,250000.0,250000.0,1058750.0,1720250.0,128.14759490529357,35.476366001678784
라마58b20b,48890420,쌍백면,,250000.0,250000.0,1058750.0,1720750.0,128.14763106219667,35.480874076438816
라마58b21a,48890420,쌍백면,,250000.0,250000.0,1058750.0,1721250.0,128.14766722712938,35.48538214779226
라마58b21b,48890410,대양면,,250000.0,250000.0,1058750.0,1721750.0,128.1477034000934,35.48989021573892
라마58b22a,48890410,대양면,,250000.0,250000.0,1058750.0,1722250.0,128.14773958109052,35.494398280278624
라마58b22b,48890410,대양면,5.0,250000.0,250000.0,1058750.0,1722750.0,128.14777577012262,35.4989063414112
라마58b23a,48890410,대양면,5.0,250000.0,250000.0,1058750.0,1723250.0,128.1478119671914,35.50341439913641
라마58b23b,48890410,대양면,,250000.0,250000.0,1058750.0,1723750.0,128.1478481722987,35.50792245345413
라마58b24a,48890410,대양면,,250000.0,250000.0,1058750.0,1724250.0,128.14788438544628,35.51243050436412
라마58b24b,48890460,용주면,,250000.0,250000.0,1058750.0,1724750.0,128.14792060663595,35.5169385518662
라마58b25a,48890460,용주면,,250000.0,250000.0,1058750.0,1725250.0,128.14795683586948,35.5214465959602
라마58b25b,48890460,용주면,8.0,250000.0,250000.0,1058750.0,1725750.0,128.14799307314868,35.52595463664592
라마58b26a,48890460,용주면,,250000.0,250000.0,1058750.0,1726250.0,128.14802931847535,35.53046267392318
라마58b26b,48890460,용주면,,250000.0,250000.0,1058750.0,1726750.0,128.14806557185128,35.534970707791786
라마58b27a,48890460,용주면,,250000.0,250000.0,1058750.0,1727250.0,128.14810183327822,35.539478738251546
라마58b27b,48890460,용주면,5.0,250000.0,250000.0,1058750.0,1727750.0,128.148138102758,35.54398676530228
라마58b28a,48890460,용주면,8.0,250000.0,250000.0,1058750.0,1728250.0,128.14817438029243,35.5484947889438
라마58b28b,48890460,용주면,28.0,250000.0,250000.0,1058750.0,1728750.0,128.14821066588328,35.55300280917592
라마58b29a,48890460,용주면,,250000.0,250000.0,1058750.0,1729250.0,128.14824695953237,35.55751082599845
라마58b29b,48890460,용주면,,250000.0,249999.99999863136,1058750.0,1729750.0,128.14828326124146,35.562018839411195
라마58b30a,48890250,합천읍,13.0,250000.0,250000.0,1058750.0,1730250.0,128.1483195710124,35.566526849413975
라마58b30b,48890250,합천읍,33.0,250000.0,250000.0,1058750.0,1730750.0,128.14835588884694,35.5710348560066
라마58b31a,48890250,합천읍,5.0,250000.0,250000.0,1058750.0,1731250.0,128.1483922147469,35.57554285918889
라마58b31b,48890250,합천읍,,250000.0,250000.0,1058750.0,1731750.0,128.14842854871407,35.58005085896064
라마58b32a,48890250,합천읍,23.0,250000.0,250000.0,1058750.0,1732250.0,128.14846489075026,35.5845588553217
라마58b32b,48890250,합천읍,,250000.0,250000.0,1058750.0,1732750.0,128.14850124085726,35.58906684827184
라마58b33a,48890250,합천읍,5.0,250000.0,250000.0,1058750.0,1733250.0,128.1485375990369,35.59357483781091
라마58b33b,48890250,합천읍,18.0,250000.0,250000.0,1058750.0,1733750.0,128.14857396529095,35.59808282393868
라마58b34a,48890250,합천읍,8.0,250000.0,250000.0,1058750.0,1734250.0,128.1486103396212,35.602590806655
라마58b34b,48890250,합천읍,8.0,250000.0,250000.0,1058750.0,1734750.0,128.1486467220295,35.60709878595967
라마58b35a,48890250,합천읍,,250000.0,250000.0,1058750.0,1735250.0,128.14868311251763,35.61160676185252
라마58b35b,48890250,합천읍,,250000.0,250000.0,1058750.0,1735750.0,128.1487195110874,35.61611473433334
라마58b36a,48890250,합천읍,,250000.0,250000.0,1058750.0,1736250.0,128.14875591774057,35.620622703401956
라마58b36b,48890250,합천읍,5.0,250000.0,250000.0,1058750.0,1736750.0,128.14879233247902,35.62513066905817
라마58b37a,48890250,합천읍,,250000.0,250000.0,1058750.0,1737250.0,128.14882875530452,35.6296386313018
라마58b37b,48890250,합천읍,23.0,250000.0,250000.0,1058750.0,1737750.0,128.1488651862189,35.63414659013268
라마58b38a,48890250,합천읍,13.0,250000.0,250000.0,1058750.0,1738250.0,128.14890162522389,35.6386545455506
라마58b38b,48890250,합천읍,53.0,250000.0,250000.0,1058750.0,1738750.0,128.1489380723214,35.64316249755539
라마58b39a,48890250,합천읍,,250000.0,250000.0,1058750.0,1739250.0,128.14897452751316,35.64767044614685
라마58b39b,48890250,합천읍,,250000.0,249999.9999998169,1058750.0,1739750.0,128.14901099080106,35.65217839132481
라마58b40a,48890320,묘산면,,250000.0,250000.0,1058750.0,1740250.0,128.1490474621868,35.656686333089056
라마58b40b,48890320,묘산면,,250000.0,250000.0,1058750.0,1740750.0,128.1490839416723,35.661194271439435
라마58b41a,48890320,묘산면,5.0,250000.0,250000.0,1058750.0,1741250.0,128.1491204292593,35.66570220637575
라마58b41b,48890320,묘산면,23.0,250000.0,250000.0,1058750.0,1741750.0,128.14915692494964,35.67021013789781
라마58b42a,48890320,묘산면,5.0,250000.0,250000.0,1058750.0,1742250.0,128.14919342874515,35.67471806600543
라마58b42b,48890320,묘산면,28.0,250000.0,250000.0,1058750.0,1742750.0,128.1492299406476,35.67922599069843
라마58b43a,48890320,묘산면,,250000.0,250000.0,1058750.0,1743250.0,128.14926646065882,35.683733911976624
라마58b43b,48890340,야로면,,250000.0,250000.0,1058750.0,1743750.0,128.14930298878068,35.68824182983983
라마58b44a,48890340,야로면,,250000.0,250000.0,1058750.0,1744250.0,128.1493395250149,35.69274974428786
라마58b44b,48890340,야로면,8.0,250000.0,250000.0,1058750.0,1744750.0,128.14937606936334,35.69725765532052
라마58b45a,48890340,야로면,5.0,250000.0,250000.0,1058750.0,1745250.0,128.14941262182785,35.70176556293763
라마58b45b,48890340,야로면,28.0,250000.0,250000.0,1058750.0,1745750.0,128.1494491824102,35.70627346713901
라마58b46a,48890340,야로면,,250000.0,250000.0,1058750.0,1746250.0,128.1494857511122,35.71078136792449
라마58b46b,48890340,야로면,,250000.0,250000.0,1058750.0,1746750.0,128.1495223279357,35.71528926529386
라마58b47a,48890340,야로면,,250000.0,250000.0,1058750.0,1747250.0,128.14955891288253,35.719797159246944
라마58b47b,48890340,야로면,,250000.0,250000.0,1058750.0,1747750.0,128.14959550595447,35.724305049783545
라마58b48a,48890330,가야면,,250000.0,250000.0,1058750.0,1748250.0,128.1496321071534,35.72881293690351
라마58b48b,48890340,야로면,5.0,250000.0,250000.0,1058750.0,1748750.0,128.14966871648105,35.73332082060663
라마58b49a,48890340,야로면,,250000.0,250000.0,1058750.0,1749250.0,128.1497053339393,35.73782870089272
라마58b49b,48890340,야로면,8.0,250000.0,250000.0,1058750.0,1749750.0,128.14974195953,35.7423365777616
라마58b50a,48890340,야로면,73.0,250000.0,250000.0,1058750.0,1750250.0,128.1497785932549,35.74684445121311
라마58b50b,48890340,야로면,,250000.0,250000.0,1058750.0,1750750.0,128.14981523511585,35.751352321247026
라마58b51a,48890340,야로면,13.0,250000.0,250000.0,1058750.0,1751250.0,128.14985188511474,35.75586018786319
라마58b51b,48890340,야로면,0.0,250000.0,250000.0,1058750.0,1751750.0,128.1498885432533,35.760368051061405
라마58b52a,48890330,가야면,,250000.0,250000.0,1058750.0,1752250.0,128.1499252095334,35.7648759108415
라마58b52b,48890330,가야면,,250000.0,250000.0,1058750.0,1752750.0,128.14996188395688,35.76938376720329
라마58b53a,48890330,가야면,,250000.0,250000.0,1058750.0,1753250.0,128.1499985665255,35.77389162014658
라마58b53b,48890330,가야면,,250000.0,250000.0,1058750.0,1753750.0,128.15003525724117,35.7783994696712
라마58b54a,48890330,가야면,,250000.0,224930.54365703173,1058750.0,1754250.0,128.1500719561057,35.78290731577694
라마59a10b,48890430,삼가면,,250000.0,238620.3128575147,1059250.0,1710750.0,128.15241474256976,35.390682328826834
라마59a11a,48890430,삼가면,,250000.0,250000.0,1059250.0,1711250.0,128.15245105360236,35.39519046337142
라마59a11b,48890430,삼가면,5.0,250000.0,250000.0,1059250.0,1711750.0,128.1524873726987,35.39969859451248
라마59a12a,48890430,삼가면,5.0,250000.0,250000.0,1059250.0,1712250.0,128.15252369986058,35.404206722249846
라마59a12b,48890430,삼가면,,250000.0,250000.0,1059250.0,1712750.0,128.15256003508978,35.408714846583294
라마59a13a,48890430,삼가면,5.0,250000.0,250000.0,1059250.0,1713250.0,128.1525963783881,35.41322296751266
라마59a13b,48890430,삼가면,8.0,250000.0,250000.0,1059250.0,1713750.0,128.15263272975736,35.41773108503775
라마59a14a,48890430,삼가면,5.0,250000.0,250000.0,1059250.0,1714250.0,128.1526690891993,35.42223919915838
라마59a14b,48890430,삼가면,,250000.0,250000.0,1059250.0,1714750.0,128.15270545671575,35.426747309874344
라마59a15a,48890430,삼가면,0.0,250000.0,250000.0,1059250.0,1715250.0,128.1527418323085,35.43125541718546
라마59a15b,48890420,쌍백면,,250000.0,250000.0,1059250.0,1715750.0,128.1527782159793,35.43576352109153
라마59a16a,48890420,쌍백면,78.0,250000.0,250000.0,1059250.0,1716250.0,128.15281460773002,35.44027162159238
라마59a16b,48890420,쌍백면,13.0,250000.0,250000.0,1059250.0,1716750.0,128.15285100756245,35.444779718687805
라마59a17a,48890420,쌍백면,,250000.0,250000.0,1059250.0,1717250.0,128.15288741547832,35.44928781237763
라마59a17b,48890420,쌍백면,5.0,250000.0,250000.0,1059250.0,1717750.0,128.15292383147948,35.45379590266165
라마59a18a,48890420,쌍백면,,250000.0,250000.0,1059250.0,1718250.0,128.15296025556768,35.458303989539694
라마59a18b,48890420,쌍백면,,250000.0,250000.0,1059250.0,1718750.0,128.15299668774477,35.462812073011555
라마59a19a,48890420,쌍백면,8.0,250000.0,250000.0,1059250.0,1719250.0,128.15303312801254,35.46732015307705
라마59a19b,48890420,쌍백면,23.0,250000.0,250000.0,1059250.0,1719750.0,128.1530695763728,35.471828229736
라마59a20a,48890420,쌍백면,,250000.0,250000.0,1059250.0,1720250.0,128.15310603282728,35.4763363029882
라마59a20b,48890420,쌍백면,5.0,250000.0,250000.0,1059250.0,1720750.0,128.15314249737787,35.48084437283347
라마59a21a,48890420,쌍백면,0.0,250000.0,250000.0,1059250.0,1721250.0,128.15317897002632,35.485352439271615
라마59a21b,48890410,대양면,,250000.0,250000.0,1059250.0,1721750.0,128.15321545077444,35.48986050230245
라마59a22a,48890410,대양면,,250000.0,250000.0,1059250.0,1722250.0,128.15325193962403,35.49436856192579
라마59a22b,48890410,대양면,8.0,250000.0,250000.0,1059250.0,1722750.0,128.1532884365769,35.49887661814144
라마59a23a,48890410,대양면,18.0,250000.0,250000.0,1059250.0,1723250.0,128.15332494163485,35.50338467094921
라마59a23b,48890410,대양면,,250000.0,250000.0,1059250.0,1723750.0,128.1533614547997,35.50789272034893
라마59a24a,48890410,대양면,,250000.0,250000.0,1059250.0,1724250.0,128.15339797607325,35.51240076634038
라마59a24b,48890410,대양면,,250000.0,250000.0,1059250.0,1724750.0,128.15343450545728,35.516908808923404
라마59a25a,48890410,대양면,,250000.0,250000.0,1059250.0,1725250.0,128.1534710429536,35.52141684809778
라마59a25b,48890460,용주면,,250000.0,250000.0,1059250.0,1725750.0,128.1535075885641,35.525924883863354
라마59a26a,48890460,용주면,,250000.0,250000.0,1059250.0,1726250.0,128.15354414229046,35.530432916219915
라마59a26b,48890460,용주면,,250000.0,250000.0,1059250.0,1726750.0,128.1535807041346,35.534940945167286
라마59a27a,48890460,용주면,,250000.0,250000.0,1059250.0,1727250.0,128.15361727409825,35.539448970705266
라마59a27b,48890460,용주면,,250000.0,250000.0,1059250.0,1727750.0,128.15365385218325,35.54395699283369
라마59a28a,48890460,용주면,,250000.0,250000.0,1059250.0,1728250.0,128.1536904383914,35.548465011552345
라마59a28b,48890460,용주면,13.0,250000.0,250000.0,1059250.0,1728750.0,128.15372703272453,35.55297302686106
라마59a29a,48890460,용주면,5.0,250000.0,250000.0,1059250.0,1729250.0,128.15376363518445,35.55748103875963
라마59a29b,48890250,합천읍,754.0,250000.0,249999.99999869784,1059250.0,1729750.0,128.15380024577294,35.561989047247906
라마59a30a,48890250,합천읍,585.0,250000.0,250000.0,1059250.0,1730250.0,128.15383686449186,35.56649705232566
라마59a30b,48890250,합천읍,693.0,250000.0,250000.0,1059250.0,1730750.0,128.153873491343,35.571005053992714
라마59a31a,48890250,합천읍,33.0,250000.0,250000.0,1059250.0,1731250.0,128.15391012632816,35.57551305224889
라마59a31b,48890250,합천읍,,250000.0,250000.0,1059250.0,1731750.0,128.15394676944916,35.580021047093986
라마59a32a,48890250,합천읍,13.0,250000.0,250000.0,1059250.0,1732250.0,128.15398342070787,35.58452903852785
라마59a32b,48890250,합천읍,,250000.0,250000.0,1059250.0,1732750.0,128.154020080106,35.589037026550244
라마59a33a,48890250,합천읍,,250000.0,250000.0,1059250.0,1733250.0,128.15405674764546,35.59354501116102
라마59a33b,48890250,합천읍,,250000.0,250000.0,1059250.0,1733750.0,128.15409342332802,35.598052992359975
라마59a34a,48890250,합천읍,0.0,250000.0,250000.0,1059250.0,1734250.0,128.1541301071555,35.602560970146925
라마59a34b,48890250,합천읍,,250000.0,250000.0,1059250.0,1734750.0,128.1541667991298,35.60706894452168
라마59a35a,48890250,합천읍,,250000.0,250000.0,1059250.0,1735250.0,128.15420349925262,35.611576915484065
라마59a35b,48890250,합천읍,,250000.0,250000.0,1059250.0,1735750.0,128.15424020752582,35.61608488303388
라마59a36a,48890250,합천읍,,250000.0,250000.0,1059250.0,1736250.0,128.15427692395122,35.62059284717095
라마59a36b,48890250,합천읍,,250000.0,250000.0,1059250.0,1736750.0,128.15431364853066,35.62510080789507
라마59a37a,48890250,합천읍,0.0,250000.0,250000.0,1059250.0,1737250.0,128.15435038126597,35.62960876520608
라마59a37b,48890250,합천읍,13.0,250000.0,250000.0,1059250.0,1737750.0,128.15438712215897,35.63411671910378
라마59a38a,48890250,합천읍,8.0,250000.0,250000.0,1059250.0,1738250.0,128.15442387121143,35.638624669587976
라마59a38b,48890250,합천읍,5.0,250000.0,250000.0,1059250.0,1738750.0,128.15446062842523,35.64313261665849
라마59a39a,48890250,합천읍,,250000.0,250000.0,1059250.0,1739250.0,128.15449739380216,35.647640560315146
라마59a39b,48890250,합천읍,,250000.0,250000.0,1059250.0,1739750.0,128.15453416734408,35.652148500557736
라마59a40a,48890320,묘산면,,250000.0,249999.99999965337,1059250.0,1740250.0,128.15457094905278,35.65665643738608
라마59a40b,48890320,묘산면,,250000.0,250000.0,1059250.0,1740750.0,128.1546077389301,35.661164370800016
라마59a41a,48890320,묘산면,,250000.0,250000.0,1059250.0,1741250.0,128.15464453697788,35.66567230079933
라마59a41b,48890320,묘산면,28.0,250000.0,250000.0,1059250.0,1741750.0,128.15468134319792,35.67018022738386
라마59a42a,48890340,야로면,,250000.0,250000.0,1059250.0,1742250.0,128.1547181575921,35.674688150553386
라마59a42b,48890340,야로면,,250000.0,250000.0,1059250.0,1742750.0,128.15475498016218,35.67919607030775
라마59a43a,48890320,묘산면,,250000.0,250000.0,1059250.0,1743250.0,128.15479181091004,35.68370398664677
라마59a43b,48890340,야로면,8.0,250000.0,250000.0,1059250.0,1743750.0,128.1548286498375,35.688211899570256
라마59a44a,48890340,야로면,,250000.0,250000.0,1059250.0,1744250.0,128.15486549694634,35.69271980907801
라마59a44b,48890340,야로면,,250000.0,250000.0,1059250.0,1744750.0,128.15490235223848,35.69722771516986
라마59a45a,48890340,야로면,0.0,250000.0,250000.0,1059250.0,1745250.0,128.15493921571567,35.7017356178456
라마59a45b,48890340,야로면,73.0,250000.0,250000.0,1059250.0,1745750.0,128.15497608737982,35.70624351710507
라마59a46a,48890340,야로면,13.0,250000.0,250000.0,1059250.0,1746250.0,128.15501296723266,35.7107514129481
라마59a46b,48890340,야로면,5.0,250000.0,250000.0,1059250.0,1746750.0,128.15504985527616,35.715259305374445
라마59a47a,48890340,야로면,,250000.0,250000.0,1059250.0,1747250.0,128.15508675151202,35.719767194383984
라마59a47b,48890340,야로면,,250000.0,250000.0,1059250.0,1747750.0,128.15512365594213,35.724275079976486
라마59a48a,48890340,야로면,8.0,250000.0,250000.0,1059250.0,1748250.0,128.1551605685684,35.728782962151804
라마59a48b,48890340,야로면,109.0,250000.0,250000.0,1059250.0,1748750.0,128.15519748939255,35.73329084090972
라마59a49a,48890340,야로면,8.0,250000.0,250000.0,1059250.0,1749250.0,128.15523441841646,35.737798716250076
라마59a49b,48890340,야로면,5.0,250000.0,250000.0,1059250.0,1749750.0,128.15527135564196,35.74230658817267
라마59a50a,48890340,야로면,28.0,250000.0,250000.0,1059250.0,1750250.0,128.15530830107093,35.74681445667733
라마59a50b,48890340,야로면,23.0,250000.0,250000.0,1059250.0,1750750.0,128.15534525470517,35.751322321763865
라마59a51a,48890340,야로면,5.0,250000.0,250000.0,1059250.0,1751250.0,128.1553822165465,35.75583018343209
라마59a51b,48890340,야로면,23.0,250000.0,250000.0,1059250.0,1751750.0,128.15541918659682,35.76033804168181
라마59a52a,48890340,야로면,,250000.0,250000.0,1059250.0,1752250.0,128.15545616485792,35.764845896512874
라마59a52b,48890330,가야면,,250000.0,250000.0,1059250.0,1752750.0,128.15549315133168,35.76935374792508
라마59a53a,48890330,가야면,,250000.0,250000.0,1059250.0,1753250.0,128.15553014601994,35.77386159591824
라마59a53b,48890330,가야면,,250000.0,250000.0,1059250.0,1753750.0,128.1555671489245,35.77836944049217
라마59a54a,48890330,가야면,,250000.0,209745.11647419992,1059250.0,1754250.0,128.1556041600472,35.78287728164668
라마59b11a,48890430,삼가면,,250000.0,250000.0,1059750.0,1711250.0,128.1579566470822,35.39516060216644
라마59b11b,48890430,삼가면,8.0,250000.0,250000.0,1059750.0,1711750.0,128.15799327259717,35.399668728360886
라마59b12a,48890430,삼가면,13.0,250000.0,250000.0,1059750.0,1712250.0,128.15802990624573,35.40417685115108
라마59b12b,48890430,삼가면,0.0,250000.0,250000.0,1059750.0,1712750.0,128.15806654802967,35.40868497053682
라마59b13a,48890420,쌍백면,0.0,250000.0,250000.0,1059750.0,1713250.0,128.1581031979508,35.41319308651793
라마59b13b,48890430,삼가면,0.0,250000.0,250000.0,1059750.0,1713750.0,128.15813985601093,35.41770119909424
라마59b14a,48890430,삼가면,,250000.0,250000.0,1059750.0,1714250.0,128.15817652221187,35.422209308265536
라마59b14b,48890430,삼가면,,250000.0,250000.0,1059750.0,1714750.0,128.15821319655544,35.42671741403162
라마59b15a,48890430,삼가면,,250000.0,250000.0,1059750.0,1715250.0,128.1582498790434,35.43122551639232
라마59b15b,48890420,쌍백면,18.0,250000.0,250000.0,1059750.0,1715750.0,128.1582865696776,35.43573361534743
라마59b16a,48890420,쌍백면,5.0,250000.0,250000.0,1059750.0,1716250.0,128.15832326845987,35.440241710896785
라마59b16b,48890420,쌍백면,8.0,250000.0,250000.0,1059750.0,1716750.0,128.15835997539196,35.44474980304015
라마59b17a,48890420,쌍백면,18.0,250000.0,250000.0,1059750.0,1717250.0,128.15839669047574,35.44925789177741
라마59b17b,48890420,쌍백면,8.0,250000.0,250000.0,1059750.0,1717750.0,128.158433413713,35.45376597710829
라마59b18a,48890420,쌍백면,,250000.0,250000.0,1059750.0,1718250.0,128.15847014510555,35.45827405903265
라마59b18b,48890420,쌍백면,,250000.0,250000.0,1059750.0,1718750.0,128.1585068846552,35.4627821375503
라마59b19a,48890420,쌍백면,,250000.0,250000.0,1059750.0,1719250.0,128.15854363236377,35.467290212661034
라마59b19b,48890420,쌍백면,8.0,250000.0,250000.0,1059750.0,1719750.0,128.15858038823308,35.47179828436467
라마59b20a,48890420,쌍백면,,250000.0,250000.0,1059750.0,1720250.0,128.15861715226495,35.47630635266103
라마59b20b,48890420,쌍백면,,250000.0,250000.0,1059750.0,1720750.0,128.1586539244612,35.4808144175499
라마59b21a,48890410,대양면,,250000.0,250000.0,1059750.0,1721250.0,128.15869070482358,35.48532247903111
라마59b21b,48890410,대양면,,250000.0,250000.0,1059750.0,1721750.0,128.158727493354,35.48983053710447
라마59b22a,48890410,대양면,,250000.0,250000.0,1059750.0,1722250.0,128.15876429005422,35.49433859176979
라마59b22b,48890410,대양면,5.0,250000.0,250000.0,1059750.0,1722750.0,128.15880109492608,35.498846643026866
라마59b23a,48890410,대양면,,250000.0,250000.0,1059750.0,1723250.0,128.15883790797142,35.50335469087553
라마59b23b,48890410,대양면,,250000.0,250000.0,1059750.0,1723750.0,128.158874729192,35.507862735315584
라마59b24a,48890410,대양면,,250000.0,250000.0,1059750.0,1724250.0,128.15891155858972,35.512370776346835
라마59b24b,48890410,대양면,43.0,250000.0,250000.0,1059750.0,1724750.0,128.1589483961663,35.51687881396911
라마59b25a,48890410,대양면,,250000.0,250000.0,1059750.0,1725250.0,128.1589852419237,35.521386848182196
라마59b25b,48890410,대양면,8.0,250000.0,250000.0,1059750.0,1725750.0,128.15902209586358,35.52589487898593
라마59b26a,48890410,대양면,,250000.0,250000.0,1059750.0,1726250.0,128.1590589579879,35.5304029063801
라마59b26b,48890410,대양면,,250000.0,250000.0,1059750.0,1726750.0,128.1590958282984,35.53491093036454
라마59b27a,48890410,대양면,,250000.0,250000.0,1059750.0,1727250.0,128.15913270679692,35.53941895093906
라마59b27b,48890410,대양면,,250000.0,250000.0,1059750.0,1727750.0,128.15916959348533,35.54392696810345
라마59b28a,48890460,용주면,,250000.0,250000.0,1059750.0,1728250.0,128.1592064883654,35.54843498185754
라마59b28b,48890410,대양면,118.0,250000.0,250000.0,1059750.0,1728750.0,128.15924339143902,35.55294299220114
라마59b29a,48890460,용주면,13.0,250000.0,249999.99999943958,1059750.0,1729250.0,128.15928030270794,35.55745099913406
라마59b29b,48890250,합천읍,1599.0,250000.0,249999.9999999319,1059750.0,1729750.0,128.15931722217402,35.56195900265611
라마59b30a,48890250,합천읍,1480.0,250000.0,250000.0,1059750.0,1730250.0,128.15935414983912,35.56646700276711
라마59b30b,48890250,합천읍,904.0,250000.0,250000.0,1059750.0,1730750.0,128.159391085705,35.57097499946686
라마59b31a,48890250,합천읍,18.0,250000.0,250000.0,1059750.0,1731250.0,128.15942802977358,35.5754829927552
라마59b31b,48890250,합천읍,,250000.0,250000.0,1059750.0,1731750.0,128.15946498204661,35.579990982631905
라마59b32a,48890250,합천읍,,250000.0,250000.0,1059750.0,1732250.0,128.15950194252596,35.58449896909681
라마59b32b,48890250,합천읍,,250000.0,250000.0,1059750.0,1732750.0,128.15953891121345,35.58900695214972
라마59b33a,48890250,합천읍,,250000.0,250000.0,1059750.0,1733250.0,128.15957588811094,35.59351493179046
라마59b33b,48890250,합천읍,,250000.0,250000.0,1059750.0,1733750.0,128.1596128732202,35.59802290801882
라마59b34a,48890250,합천읍,,250000.0,250000.0,1059750.0,1734250.0,128.1596498665431,35.60253088083464
라마59b34b,48890250,합천읍,,250000.0,250000.0,1059750.0,1734750.0,128.15968686808148,35.60703885023773
라마59b35a,48890250,합천읍,8.0,250000.0,250000.0,1059750.0,1735250.0,128.15972387783717,35.61154681622787
라마59b35b,48890250,합천읍,,250000.0,250000.0,1059750.0,1735750.0,128.159760895812,35.616054778804916
라마59b36a,48890250,합천읍,5.0,250000.0,250000.0,1059750.0,1736250.0,128.15979792200784,35.620562737968655
라마59b36b,48890250,합천읍,,250000.0,250000.0,1059750.0,1736750.0,128.15983495642647,35.6250706937189
라마59b37a,48890250,합천읍,,250000.0,250000.0,1059750.0,1737250.0,128.15987199906974,35.62957864605548
라마59b37b,48890250,합천읍,,250000.0,250000.0,1059750.0,1737750.0,128.15990904993953,35.63408659497821
라마59b38a,48890250,합천읍,,250000.0,250000.0,1059750.0,1738250.0,128.15994610903763,35.63859454048688
라마59b38b,48890250,합천읍,,250000.0,250000.0,1059750.0,1738750.0,128.1599831763659,35.64310248258133
라마59b39a,48890250,합천읍,,250000.0,250000.0,1059750.0,1739250.0,128.1600202519262,35.64761042126135
라마59b39b,48890250,합천읍,,250000.0,241112.3238291906,1059750.0,1739750.0,128.1600573357203,35.65211835652677
라마59b40b,48890320,묘산면,,250000.0,153084.23990153766,1059750.0,1740750.0,128.16013152801747,35.66113421681307
라마59b41b,48890340,야로면,,250000.0,204246.63843849563,1059750.0,1741750.0,128.16020575327212,35.670150063438705
라마59b42a,48890340,야로면,,250000.0,250000.0,1059750.0,1742250.0,128.16024287826315,35.674657981628314
라마59b42b,48890340,야로면,23.0,250000.0,250000.0,1059750.0,1742750.0,128.160280011499,35.67916589640221
라마59b43a,48890340,야로면,,250000.0,250000.0,1059750.0,1743250.0,128.16031715298166,35.68367380776021
라마59b43b,48890340,야로면,5.0,250000.0,250000.0,1059750.0,1743750.0,128.1603543027129,35.688181715702115
라마59b44a,48890340,야로면,,250000.0,250000.0,1059750.0,1744250.0,128.16039146069454,35.69268962022774
라마59b44b,48890340,야로면,8.0,250000.0,250000.0,1059750.0,1744750.0,128.16042862692854,35.6971975213369
라마59b45a,48890340,야로면,,250000.0,250000.0,1059750.0,1745250.0,128.16046580141662,35.70170541902943
라마59b45b,48890340,야로면,48.0,250000.0,250000.0,1059750.0,1745750.0,128.16050298416067,35.70621331330513
라마59b46a,48890340,야로면,8.0,250000.0,250000.0,1059750.0,1746250.0,128.16054017516257,35.710721204163804
라마59b46b,48890340,야로면,33.0,250000.0,250000.0,1059750.0,1746750.0,128.16057737442418,35.71522909160528
라마59b47a,48890340,야로면,18.0,250000.0,250000.0,1059750.0,1747250.0,128.16061458194727,35.719736975629374
라마59b47b,48890340,야로면,5.0,250000.0,250000.0,1059750.0,1747750.0,128.16065179773375,35.7242448562359
라마59b48a,48890340,야로면,33.0,250000.0,250000.0,1059750.0,1748250.0,128.16068902178546,35.728752733424656
라마59b48b,48890340,야로면,43.0,250000.0,250000.0,1059750.0,1748750.0,128.16072625410428,35.73326060719548
라마59b49a,48890340,야로면,,250000.0,250000.0,1059750.0,1749250.0,128.16076349469202,35.7377684775482
라마59b49b,48890340,야로면,,250000.0,250000.0,1059750.0,1749750.0,128.16080074355054,35.74227634448259
라마59b50a,48890340,야로면,,250000.0,250000.0,1059750.0,1750250.0,128.16083800068168,35.7467842079985
라마59b50b,48890340,야로면,,250000.0,250000.0,1059750.0,1750750.0,128.16087526608734,35.75129206809574
라마59b51a,48890340,야로면,,250000.0,250000.0,1059750.0,1751250.0,128.16091253976936,35.755799924774095
라마59b51b,48890340,야로면,,250000.0,250000.0,1059750.0,1751750.0,128.16094982172956,35.76030777803342
라마59b52a,48890340,야로면,,250000.0,246521.93714522527,1059750.0,1752250.0,128.16098711196983,35.76481562787351
라마59b52b,48890330,가야면,,250000.0,189816.86353030146,1059750.0,1752750.0,128.16102441049202,35.7693234742942
라마59b53a,48890330,가야면,,250000.0,206910.1738882344,1059750.0,1753250.0,128.161061717298,35.77383131729529
라마60a11a,48890430,삼가면,,250000.0,243097.67110474288,1060250.0,1711250.0,128.16346223243028,35.395130490074806
라마60a11b,48890430,삼가면,,250000.0,250000.0,1060250.0,1711750.0,128.1634991643621,35.39963861128107
라마60a12a,48890430,삼가면,8.0,250000.0,250000.0,1060250.0,1712250.0,128.16353610449553,35.404146729082534
라마60a12b,48890420,쌍백면,,250000.0,250000.0,1060250.0,1712750.0,128.1635730528324,35.408654843479006
라마60a13a,48890420,쌍백면,,250000.0,250000.0,1060250.0,1713250.0,128.1636100093745,35.413162954470295
라마60a13b,48890430,삼가면,,250000.0,250000.0,1060250.0,1713750.0,128.16364697412374,35.41767106205624
라마60a14a,48890430,삼가면,,250000.0,250000.0,1060250.0,1714250.0,128.16368394708184,35.42217916623662
라마60a14b,48890430,삼가면,5.0,250000.0,250000.0,1060250.0,1714750.0,128.16372092825068,35.42668726701124
라마60a15a,48890420,쌍백면,,250000.0,250000.0,1060250.0,1715250.0,128.16375791763207,35.43119536437994
라마60a15b,48890420,쌍백면,,250000.0,250000.0,1060250.0,1715750.0,128.16379491522784,35.435703458342495
라마60a16a,48890420,쌍백면,8.0,250000.0,250000.0,1060250.0,1716250.0,128.16383192103982,35.440211548898745
라마60a16b,48890420,쌍백면,,250000.0,250000.0,1060250.0,1716750.0,128.16386893506981,35.444719636048475
라마60a17a,48890420,쌍백면,,250000.0,250000.0,1060250.0,1717250.0,128.16390595731968,35.44922771979152
라마60a17b,48890420,쌍백면,18.0,250000.0,250000.0,1060250.0,1717750.0,128.16394298779124,35.45373580012766
라마60a18a,48890420,쌍백면,8.0,250000.0,250000.0,1060250.0,1718250.0,128.16398002648629,35.45824387705674
라마60a18b,48890420,쌍백면,,250000.0,250000.0,1060250.0,1718750.0,128.16401707340668,35.46275195057854
라마60a19a,48890420,쌍백면,,250000.0,250000.0,1060250.0,1719250.0,128.16405412855428,35.4672600206929
라마60a19b,48890420,쌍백면,,250000.0,250000.0,1060250.0,1719750.0,128.16409119193085,35.4717680873996
라마60a20a,48890420,쌍백면,5.0,250000.0,250000.0,1060250.0,1720250.0,128.16412826353826,35.476276150698475
라마60a20b,48890410,대양면,,250000.0,250000.0,1060250.0,1720750.0,128.1641653433783,35.48078421058932
라마60a21a,48890410,대양면,,250000.0,250000.0,1060250.0,1721250.0,128.16420243145288,35.485292267071955
라마60a21b,48890410,대양면,43.0,250000.0,250000.0,1060250.0,1721750.0,128.16423952776375,35.48980032014618
라마60a22a,48890410,대양면,8.0,250000.0,250000.0,1060250.0,1722250.0,128.16427663231278,35.49430836981182
라마60a22b,48890410,대양면,8.0,250000.0,250000.0,1060250.0,1722750.0,128.16431374510182,35.49881641606868
라마60a23a,48890410,대양면,8.0,250000.0,250000.0,1060250.0,1723250.0,128.16435086613268,35.50332445891656
라마60a23b,48890410,대양면,,250000.0,250000.0,1060250.0,1723750.0,128.16438799540722,35.507832498355285
라마60a24a,48890410,대양면,,250000.0,250000.0,1060250.0,1724250.0,128.16442513292725,35.51234053438467
라마60a24b,48890410,대양면,5.0,250000.0,250000.0,1060250.0,1724750.0,128.1644622786946,35.516848567004516
라마60a25a,48890410,대양면,28.0,250000.0,250000.0,1060250.0,1725250.0,128.16449943271112,35.52135659621463
라마60a25b,48890410,대양면,18.0,250000.0,250000.0,1060250.0,1725750.0,128.1645365949787,35.52586462201484
라마60a26a,48890410,대양면,8.0,250000.0,250000.0,1060250.0,1726250.0,128.16457376549906,35.53037264440494
라마60a26b,48890410,대양면,,250000.0,250000.0,1060250.0,1726750.0,128.16461094427413,35.53488066338476
라마60a27a,48890410,대양면,5.0,250000.0,250000.0,1060250.0,1727250.0,128.16464813130577,35.5393886789541
라마60a27b,48890410,대양면,23.0,250000.0,250000.0,1060250.0,1727750.0,128.16468532659573,35.543896691112764
라마60a28a,48890410,대양면,18.0,250000.0,250000.0,1060250.0,1728250.0,128.16472253014592,35.548404699860576
라마60a28b,48890410,대양면,338.0,250000.0,250000.0,1060250.0,1728750.0,128.16475974195814,35.55291270519736
라마60a29a,48890410,대양면,91.0,250000.0,249999.99999975774,1060250.0,1729250.0,128.16479696203425,35.557420707122894
라마60a29b,48890250,합천읍,276.0,250000.0,249999.99999996088,1060250.0,1729750.0,128.16483419037613,35.56192870563703
라마60a30a,48890250,합천읍,864.0,250000.0,250000.0,1060250.0,1730250.0,128.16487142698554,35.566436700739544
라마60a30b,48890250,합천읍,1035.0,250000.0,250000.0,1060250.0,1730750.0,128.1649086718644,35.57094469243027
라마60a31a,48890250,합천읍,5.0,250000.0,250000.0,1060250.0,1731250.0,128.1649459250145,35.57545268070901
라마60a31b,48890250,합천읍,265.0,250000.0,250000.0,1060250.0,1731750.0,128.16498318643775,35.579960665575584
라마60a32a,48890250,합천읍,8.0,250000.0,250000.0,1060250.0,1732250.0,128.16502045613595,35.58446864702981
라마60a32b,48890250,합천읍,,250000.0,250000.0,1060250.0,1732750.0,128.16505773411095,35.588976625071474
라마60a33a,48890250,합천읍,,250000.0,250000.0,1060250.0,1733250.0,128.16509502036456,35.59348459970043
라마60a33b,48890250,합천읍,,250000.0,250000.0,1060250.0,1733750.0,128.1651323148987,35.597992570916446
라마60a34a,48890250,합천읍,,250000.0,250000.0,1060250.0,1734250.0,128.1651696177152,35.602500538719376
라마60a34b,48890250,합천읍,33.0,250000.0,250000.0,1060250.0,1734750.0,128.1652069288159,35.60700850310899
라마60a35a,48890250,합천읍,28.0,250000.0,250000.0,1060250.0,1735250.0,128.1652442482026,35.61151646408515
라마60a35b,48890250,합천읍,28.0,250000.0,250000.0,1060250.0,1735750.0,128.16528157587723,35.61602442164763
라마60a36a,48890250,합천읍,53.0,250000.0,250000.0,1060250.0,1736250.0,128.16531891184164,35.62053237579626
라마60a36b,48890250,합천읍,,250000.0,250000.0,1060250.0,1736750.0,128.16535625609762,35.62504032653084
라마60a37a,48890250,합천읍,5.0,250000.0,250000.0,1060250.0,1737250.0,128.16539360864704,35.62954827385122
라마60a37b,48890250,합천읍,5.0,250000.0,250000.0,1060250.0,1737750.0,128.16543096949178,35.63405621775717
라마60a38a,48890250,합천읍,23.0,250000.0,250000.0,1060250.0,1738250.0,128.1654683386337,35.63856415824851
라마60a38b,48890250,합천읍,0.0,250000.0,250000.0,1060250.0,1738750.0,128.1655057160746,35.64307209532509
라마60a39a,48890250,합천읍,,250000.0,250000.0,1060250.0,1739250.0,128.16554310181638,35.64758002898669
라마60a39b,48890350,율곡면,,250000.0,226446.81681229832,1060250.0,1739750.0,128.1655804958609,35.65208795923312
라마60a42a,48890340,야로면,,250000.0,184118.48933376052,1060250.0,1742250.0,128.16576759068926,35.67462755923142
라마60a42b,48890340,야로면,8.0,250000.0,250000.0,1060250.0,1742750.0,128.16580503458908,35.679135468983
라마60a43a,48890340,야로면,0.0,250000.0,250000.0,1060250.0,1743250.0,128.16584248680468,35.68364337531813
라마60a43b,48890340,야로면,,250000.0,250000.0,1060250.0,1743750.0,128.16587994733786,35.68815127823661
라마60a44a,48890340,야로면,5.0,250000.0,250000.0,1060250.0,1744250.0,128.1659174161905,35.69265917773825
라마60a44b,48890340,야로면,133.0,250000.0,250000.0,1060250.0,1744750.0,128.16595489336441,35.69716707382289
라마60a45a,48890340,야로면,28.0,250000.0,250000.0,1060250.0,1745250.0,128.16599237886157,35.701674966490316
라마60a45b,48890340,야로면,178.0,250000.0,250000.0,1060250.0,1745750.0,128.16602987268374,35.70618285574036
라마60a46a,48890340,야로면,33.0,250000.0,250000.0,1060250.0,1746250.0,128.1660673748328,35.71069074157283
라마60a46b,48890340,야로면,23.0,250000.0,250000.0,1060250.0,1746750.0,128.16610488531066,35.71519862398754
라마60a47a,48890340,야로면,83.0,250000.0,250000.0,1060250.0,1747250.0,128.16614240411914,35.719706502984316
라마60a47b,48890340,야로면,33.0,250000.0,250000.0,1060250.0,1747750.0,128.16617993126013,35.72421437856296
라마60a48a,48890340,야로면,,250000.0,250000.0,1060250.0,1748250.0,128.16621746673547,35.7287222507233
라마60a48b,48890340,야로면,18.0,250000.0,250000.0,1060250.0,1748750.0,128.16625501054708,35.73323011946514
라마60a49a,48890340,야로면,23.0,250000.0,250000.0,1060250.0,1749250.0,128.16629256269675,35.7377379847883
라마60a49b,48890340,야로면,,250000.0,250000.0,1060250.0,1749750.0,128.16633012318644,35.7422458466926
라마60a50a,48890340,야로면,,250000.0,250000.0,1060250.0,1750250.0,128.16636769201793,35.74675370517784
라마60a50b,48890340,야로면,5.0,250000.0,250000.0,1060250.0,1750750.0,128.16640526919318,35.75126156024385
라마60a51a,48890340,야로면,,250000.0,250000.0,1060250.0,1751250.0,128.16644285471398,35.755769411890434
라마60a51b,48890340,야로면,0.0,250000.0,247182.71737180863,1060250.0,1751750.0,128.1664804485822,35.76027726011743
라마60b11a,48890430,삼가면,,250000.0,181322.63541976042,1060750.0,1711250.0,128.16896780957853,35.39510012709771
라마60b11b,48890430,삼가면,,250000.0,250000.0,1060750.0,1711750.0,128.1690050479254,35.39960824327424
라마60b12a,48890430,삼가면,,250000.0,250000.0,1060750.0,1712250.0,128.16904229454187,35.4041163560454
라마60b12b,48890420,쌍백면,5.0,250000.0,250000.0,1060750.0,1712750.0,128.16907954942985,35.40862446541103
라마60b13a,48890420,쌍백면,68.0,250000.0,250000.0,1060750.0,1713250.0,128.16911681259114,35.413132571370944
라마60b13b,48890420,쌍백면,18.0,250000.0,250000.0,1060750.0,1713750.0,128.16915408402758,35.417640673924936
라마60b14a,48890420,쌍백면,8.0,250000.0,250000.0,1060750.0,1714250.0,128.16919136374105,35.42214877307283
라마60b14b,48890430,삼가면,,250000.0,250000.0,1060750.0,1714750.0,128.1692286517334,35.426656868814405
라마60b15a,48890420,쌍백면,,250000.0,250000.0,1060750.0,1715250.0,128.16926594800637,35.43116496114951
라마60b15b,48890420,쌍백면,,250000.0,250000.0,1060750.0,1715750.0,128.1693032525619,35.43567305007793
라마60b16a,48890420,쌍백면,58.0,250000.0,250000.0,1060750.0,1716250.0,128.16934056540177,35.44018113559946
라마60b16b,48890420,쌍백면,,250000.0,250000.0,1060750.0,1716750.0,128.16937788652783,35.44468921771396
라마60b17a,48890420,쌍백면,,250000.0,250000.0,1060750.0,1717250.0,128.16941521594194,35.4491972964212
라마60b17b,48890420,쌍백면,5.0,250000.0,250000.0,1060750.0,1717750.0,128.16945255364595,35.45370537172098
라마60b18a,48890420,쌍백면,33.0,250000.0,250000.0,1060750.0,1718250.0,128.16948989964172,35.45821344361317
라마60b18b,48890420,쌍백면,,250000.0,250000.0,1060750.0,1718750.0,128.16952725393102,35.46272151209751
라마60b19a,48890420,쌍백면,5.0,250000.0,250000.0,1060750.0,1719250.0,128.16956461651577,35.467229577173846
라마60b19b,48890420,쌍백면,,250000.0,250000.0,1060750.0,1719750.0,128.16960198739775,35.47173763884199
라마60b20a,48890420,쌍백면,23.0,250000.0,250000.0,1060750.0,1720250.0,128.16963936657888,35.476245697101746
라마60b20b,48890410,대양면,,250000.0,250000.0,1060750.0,1720750.0,128.16967675406093,35.480753751952925
라마60b21a,48890410,대양면,,250000.0,250000.0,1060750.0,1721250.0,128.16971414984582,35.48526180339534
라마60b21b,48890410,대양면,5.0,250000.0,250000.0,1060750.0,1721750.0,128.16975155393533,35.48976985142879
라마60b22a,48890410,대양면,,250000.0,250000.0,1060750.0,1722250.0,128.16978896633137,35.494277896053084
라마60b22b,48890410,대양면,5.0,250000.0,250000.0,1060750.0,1722750.0,128.16982638703573,35.49878593726807
라마60b23a,48890410,대양면,43.0,250000.0,250000.0,1060750.0,1723250.0,128.16986381605028,35.50329397507352
라마60b23b,48890410,대양면,,250000.0,250000.0,1060750.0,1723750.0,128.16990125337693,35.507802009469266
라마60b24a,48890410,대양면,13.0,250000.0,250000.0,1060750.0,1724250.0,128.16993869901745,35.51231004045509
라마60b24b,48890410,대양면,,250000.0,250000.0,1060750.0,1724750.0,128.1699761529737,35.516818068030844
라마60b25a,48890410,대양면,13.0,250000.0,250000.0,1060750.0,1725250.0,128.1700136152476,35.521326092196304
라마60b25b,48890410,대양면,8.0,250000.0,250000.0,1060750.0,1725750.0,128.17005108584095,35.525834112951316
라마60b26a,48890410,대양면,18.0,250000.0,250000.0,1060750.0,1726250.0,128.1700885647556,35.53034213029565
라마60b26b,48890410,대양면,,250000.0,250000.0,1060750.0,1726750.0,128.1701260519934,35.53485014422915
라마60b27a,48890410,대양면,8.0,250000.0,250000.0,1060750.0,1727250.0,128.17016354755623,35.53935815475161
라마60b27b,48890410,대양면,8.0,250000.0,250000.0,1060750.0,1727750.0,128.17020105144593,35.54386616186285
라마60b28a,48890410,대양면,0.0,250000.0,250000.0,1060750.0,1728250.0,128.17023856366436,35.54837416556269
라마60b28b,48890410,대양면,5.0,250000.0,250000.0,1060750.0,1728750.0,128.17027608421338,35.552882165850924
라마60b29a,48890410,대양면,5.0,250000.0,249999.9999997329,1060750.0,1729250.0,128.17031361309483,35.55739016272737
라마60b29b,48890350,율곡면,13.0,250000.0,249999.99999897968,1060750.0,1729750.0,128.17035115031064,35.56189815619186
라마60b30a,48890250,합천읍,536.0,250000.0,250000.0,1060750.0,1730250.0,128.17038869586256,35.56640614624417
라마60b30b,48890250,합천읍,89.0,250000.0,250000.0,1060750.0,1730750.0,128.17042624975252,35.57091413288413
라마60b31a,48890350,율곡면,5.0,250000.0,250000.0,1060750.0,1731250.0,128.17046381198233,35.57542211611155
라마60b31b,48890250,합천읍,13.0,250000.0,250000.0,1060750.0,1731750.0,128.17050138255394,35.579930095926244
라마60b32a,48890250,합천읍,8.0,250000.0,250000.0,1060750.0,1732250.0,128.1705389614691,35.58443807232804
라마60b32b,48890250,합천읍,5.0,250000.0,250000.0,1060750.0,1732750.0,128.17057654872977,35.58894604531673
라마60b33a,48890250,합천읍,18.0,250000.0,250000.0,1060750.0,1733250.0,128.17061414433772,35.593454014892124
라마60b33b,48890250,합천읍,5.0,250000.0,250000.0,1060750.0,1733750.0,128.1706517482949,35.59796198105405
라마60b34a,48890250,합천읍,,250000.0,250000.0,1060750.0,1734250.0,128.17068936060312,35.60246994380232
라마60b34b,48890250,합천읍,,250000.0,250000.0,1060750.0,1734750.0,128.17072698126427,35.60697790313672
라마60b35a,48890350,율곡면,,250000.0,250000.0,1060750.0,1735250.0,128.17076461028017,35.6114858590571
라마60b35b,48890350,율곡면,,250000.0,250000.0,1060750.0,1735750.0,128.17080224765274,35.61599381156326
라마60b36a,48890350,율곡면,,250000.0,250000.0,1060750.0,1736250.0,128.17083989338386,35.62050176065499
라마60b36b,48890250,합천읍,5.0,250000.0,250000.0,1060750.0,1736750.0,128.1708775474753,35.62500970633213
라마60b37a,48890250,합천읍,18.0,250000.0,250000.0,1060750.0,1737250.0,128.17091520992903,35.6295176485945
라마60b37b,48890250,합천읍,,250000.0,250000.0,1060750.0,1737750.0,128.17095288074688,35.63402558744189
라마60b38a,48890250,합천읍,,250000.0,250000.0,1060750.0,1738250.0,128.17099055993071,35.63853352287412
라마60b38b,48890350,율곡면,,250000.0,250000.0,1060750.0,1738750.0,128.1710282474824,35.643041454891005
라마60b39a,48890350,율곡면,,250000.0,250000.0,1060750.0,1739250.0,128.17106594340382,35.64754938349237
라마60b39b,48890350,율곡면,,250000.0,250000.0,1060750.0,1739750.0,128.17110364769687,35.652057308677996
라마60b42a,48890340,야로면,13.0,250000.0,195722.20408091813,1060750.0,1742250.0,128.1712922948015,35.67459688336392
라마60b42b,48890340,야로면,5.0,250000.0,250000.0,1060750.0,1742750.0,128.17133004936343,35.67910478805135
라마60b43a,48890340,야로면,,250000.0,250000.0,1060750.0,1743250.0,128.1713678123101,35.68361268932175
라마60b43b,48890340,야로면,23.0,250000.0,250000.0,1060750.0,1743750.0,128.17140558364335,35.688120587174964
라마60b44a,48890340,야로면,5.0,250000.0,250000.0,1060750.0,1744250.0,128.17144336336509,35.69262848161077
라마60b44b,48890340,야로면,8.0,250000.0,250000.0,1060750.0,1744750.0,128.17148115147717,35.69713637262901
라마60b45a,48890340,야로면,28.0,250000.0,250000.0,1060750.0,1745250.0,128.17151894798147,35.701644260229486
라마60b45b,48890340,야로면,139.0,250000.0,250000.0,1060750.0,1745750.0,128.17155675287987,35.70615214441201
라마60b46a,48890340,야로면,23.0,250000.0,250000.0,1060750.0,1746250.0,128.17159456617426,35.7106600251764
라마60b46b,48890340,야로면,53.0,250000.0,250000.0,1060750.0,1746750.0,128.1716323878665,35.71516790252247
라마60b47a,48890340,야로면,5.0,250000.0,250000.0,1060750.0,1747250.0,128.1716702179585,35.71967577645005
라마60b47b,48890340,야로면,5.0,250000.0,250000.0,1060750.0,1747750.0,128.17170805645213,35.72418364695894
라마60b48a,48890340,야로면,,250000.0,250000.0,1060750.0,1748250.0,128.17174590334926,35.72869151404895
라마60b48b,48890340,야로면,5.0,250000.0,250000.0,1060750.0,1748750.0,128.17178375865174,35.7331993777199
라마60b49a,48890340,야로면,,250000.0,250000.0,1060750.0,1749250.0,128.17182162236153,35.73770723797161
라마60b49b,48890340,야로면,28.0,250000.0,250000.0,1060750.0,1749750.0,128.1718594944805,35.742215094803896
라마60b50a,48890340,야로면,,250000.0,250000.0,1060750.0,1750250.0,128.17189737501047,35.74672294821658
라마60b50b,48890340,야로면,13.0,250000.0,250000.0,1060750.0,1750750.0,128.1719352639534,35.75123079820945
라마60b51a,48890340,야로면,13.0,250000.0,250000.0,1060750.0,1751250.0,128.17197316131112,35.75573864478234
라마61a11a,48890430,삼가면,,250000.0,128292.40515399064,1061250.0,1711250.0,128.174473378459,35.395069513236365
라마61a11b,48890430,삼가면,,250000.0,250000.0,1061250.0,1711750.0,128.17451092321903,35.39957762434159
라마61a12a,48890420,쌍백면,,250000.0,250000.0,1061250.0,1712250.0,128.17454847631672,35.40408573204091
라마61a12b,48890420,쌍백면,53.0,250000.0,250000.0,1061250.0,1712750.0,128.17458603775395,35.40859383633414
라마61a13a,48890420,쌍백면,23.0,250000.0,250000.0,1061250.0,1713250.0,128.1746236075326,35.41310193722108
라마61a13b,48890420,쌍백면,,250000.0,250000.0,1061250.0,1713750.0,128.1746611856545,35.41761003470156
라마61a14a,48890420,쌍백면,,250000.0,250000.0,1061250.0,1714250.0,128.17469877212145,35.42211812877538
라마61a14b,48890420,쌍백면,5.0,250000.0,250000.0,1061250.0,1714750.0,128.1747363669354,35.42662621944233
라마61a15a,48890420,쌍백면,5.0,250000.0,250000.0,1061250.0,1715250.0,128.17477397009813,35.43113430670225
라마61a15b,48890420,쌍백면,0.0,250000.0,250000.0,1061250.0,1715750.0,128.17481158161155,35.43564239055493
라마61a16a,48890420,쌍백면,68.0,250000.0,250000.0,1061250.0,1716250.0,128.17484920147749,35.44015047100017
라마61a16b,48890420,쌍백면,,250000.0,250000.0,1061250.0,1716750.0,128.17488682969778,35.44465854803781
라마61a17a,48890420,쌍백면,0.0,250000.0,250000.0,1061250.0,1717250.0,128.17492446627432,35.44916662166765
라마61a17b,48890420,쌍백면,,250000.0,250000.0,1061250.0,1717750.0,128.17496211120894,35.45367469188948
라마61a18a,48890420,쌍백면,13.0,250000.0,250000.0,1061250.0,1718250.0,128.17499976450353,35.45818275870313
라마61a18b,48890420,쌍백면,0.0,250000.0,250000.0,1061250.0,1718750.0,128.17503742615992,35.46269082210839
라마61a19a,48890420,쌍백면,,250000.0,250000.0,1061250.0,1719250.0,128.17507509618,35.46719888210511
라마61a19b,48890420,쌍백면,,250000.0,250000.0,1061250.0,1719750.0,128.17511277456558,35.47170693869305
라마61a20a,48890420,쌍백면,,250000.0,250000.0,1061250.0,1720250.0,128.17515046131854,35.47621499187207
라마61a20b,48890410,대양면,,250000.0,250000.0,1061250.0,1720750.0,128.17518815644078,35.48072304164193
라마61a21a,48890410,대양면,,250000.0,250000.0,1061250.0,1721250.0,128.17522585993413,35.48523108800248
라마61a21b,48890410,대양면,,250000.0,250000.0,1061250.0,1721750.0,128.1752635718004,35.48973913095351
라마61a22a,48890410,대양면,,250000.0,250000.0,1061250.0,1722250.0,128.17530129204158,35.49424717049483
라마61a22b,48890410,대양면,5.0,250000.0,250000.0,1061250.0,1722750.0,128.17533902065944,35.49875520662627
라마61a23a,48890410,대양면,18.0,250000.0,250000.0,1061250.0,1723250.0,128.17537675765587,35.50326323934763
라마61a23b,48890410,대양면,5.0,250000.0,250000.0,1061250.0,1723750.0,128.17541450303273,35.5077712686587
라마61a24a,48890410,대양면,,250000.0,250000.0,1061250.0,1724250.0,128.1754522567919,35.512279294559335
라마61a24b,48890410,대양면,68.0,250000.0,250000.0,1061250.0,1724750.0,128.17549001893525,35.5167873170493
라마61a25a,48890410,대양면,5.0,250000.0,250000.0,1061250.0,1725250.0,128.1755277894646,35.52129533612843
라마61a25b,48890410,대양면,5.0,250000.0,250000.0,1061250.0,1725750.0,128.17556556838187,35.52580335179654
라마61a26a,48890410,대양면,26.0,250000.0,250000.0,1061250.0,1726250.0,128.1756033556889,35.53031136405343
라마61a26b,48890410,대양면,,250000.0,250000.0,1061250.0,1726750.0,128.17564115138762,35.534819372898916
라마61a27a,48890410,대양면,,250000.0,250000.0,1061250.0,1727250.0,128.17567895547978,35.53932737833282
라마61a27b,48890410,대양면,,250000.0,250000.0,1061250.0,1727750.0,128.1757167679674,35.54383538035493
라마61a28a,48890410,대양면,,250000.0,250000.0,1061250.0,1728250.0,128.17575458885221,35.54834337896507
라마61a28b,48890410,대양면,,250000.0,249999.99999956106,1061250.0,1728750.0,128.17579241813618,35.552851374163055
라마61a29a,48890410,대양면,,250000.0,249999.99999850703,1061250.0,1729250.0,128.17583025582113,35.5573593659487
라마61a29b,48890410,대양면,5.0,250000.0,249999.99999888893,1061250.0,1729750.0,128.17586810190897,35.561867354321805
라마61a30a,48890350,율곡면,13.0,250000.0,250000.0,1061250.0,1730250.0,128.17590595640155,35.566375339282196
라마61a30b,48890350,율곡면,23.0,250000.0,250000.0,1061250.0,1730750.0,128.17594381930073,35.57088332082966
라마61a31a,48890350,율곡면,13.0,250000.0,250000.0,1061250.0,1731250.0,128.17598169060844,35.575391298964036
라마61a31b,48890350,율곡면,0.0,250000.0,250000.0,1061250.0,1731750.0,128.1760195703265,35.57989927368512
라마61a32a,48890350,율곡면,,250000.0,250000.0,1061250.0,1732250.0,128.1760574584568,35.58440724499274
라마61a32b,48890250,합천읍,13.0,250000.0,250000.0,1061250.0,1732750.0,128.17609535500125,35.5889152128867
라마61a33a,48890250,합천읍,48.0,250000.0,250000.0,1061250.0,1733250.0,128.1761332599617,35.593423177366795
라마61a33b,48890350,율곡면,,250000.0,250000.0,1061250.0,1733750.0,128.17617117334,35.597931138432855
라마61a34a,48890350,율곡면,,250000.0,250000.0,1061250.0,1734250.0,128.1762090951381,35.6024390960847
라마61a34b,48890350,율곡면,8.0,250000.0,250000.0,1061250.0,1734750.0,128.1762470253578,35.60694705032213
라마61a35a,48890350,율곡면,,250000.0,250000.0,1061250.0,1735250.0,128.17628496400107,35.61145500114496
라마61a35b,48890350,율곡면,,250000.0,250000.0,1061250.0,1735750.0,128.17632291106972,35.61596294855301
라마61a36a,48890350,율곡면,,250000.0,250000.0,1061250.0,1736250.0,128.17636086656563,35.62047089254608
라마61a36b,48890250,합천읍,,250000.0,250000.0,1061250.0,1736750.0,128.17639883049074,35.62497883312398
라마61a37a,48890250,합천읍,,250000.0,250000.0,1061250.0,1737250.0,128.1764368028469,35.629486770286555
라마61a37b,48890250,합천읍,,250000.0,250000.0,1061250.0,1737750.0,128.17647478363597,35.63399470403359
라마61a38a,48890350,율곡면,,250000.0,250000.0,1061250.0,1738250.0,128.1765127728599,35.6385026343649
라마61a38b,48890350,율곡면,,250000.0,250000.0,1061250.0,1738750.0,128.17655077052046,35.64301056128031
라마61a39a,48890350,율곡면,,250000.0,250000.0,1061250.0,1739250.0,128.1765887766197,35.64751848477962
라마61a39b,48890350,율곡면,,250000.0,250000.0,1061250.0,1739750.0,128.17662679115935,35.65202640486263
라마61a40a,48890350,율곡면,,250000.0,160956.76568520983,1061250.0,1740250.0,128.1766648141414,35.65653432152919
라마61a42a,48890340,야로면,23.0,250000.0,176144.9487920653,1061250.0,1742250.0,128.1768169905309,35.674565954027045
라마61a42b,48890340,야로면,,250000.0,250000.0,1061250.0,1742750.0,128.1768550557531,35.67907385360848
라마61a43a,48890340,야로면,,250000.0,250000.0,1061250.0,1743250.0,128.17689312942895,35.68358174977233
라마61a43b,48890340,야로면,13.0,250000.0,250000.0,1061250.0,1743750.0,128.1769312115604,35.6880896425184
라마61a44a,48890340,야로면,5.0,250000.0,250000.0,1061250.0,1744250.0,128.17696930214936,35.69259753184653
라마61a44b,48890340,야로면,,250000.0,250000.0,1061250.0,1744750.0,128.17700740119767,35.69710541775651
라마61a45a,48890340,야로면,5.0,250000.0,250000.0,1061250.0,1745250.0,128.1770455087073,35.70161330024816
라마61a45b,48890340,야로면,0.0,250000.0,250000.0,1061250.0,1745750.0,128.17708362468002,35.70612117932129
라마61a46a,48890340,야로면,93.0,250000.0,250000.0,1061250.0,1746250.0,128.17712174911784,35.71062905497574
라마61a46b,48890340,야로면,18.0,250000.0,250000.0,1061250.0,1746750.0,128.17715988202264,35.715136927211304
라마61a47a,48890340,야로면,5.0,250000.0,250000.0,1061250.0,1747250.0,128.17719802339624,35.719644796027794
라마61a47b,48890340,야로면,,250000.0,250000.0,1061250.0,1747750.0,128.1772361732406,35.72415266142503
라마61a48a,48890340,야로면,,250000.0,250000.0,1061250.0,1748250.0,128.1772743315576,35.72866052340283
라마61a48b,48890340,야로면,,250000.0,250000.0,1061250.0,1748750.0,128.17731249834918,35.733168381961
라마61a49a,48890340,야로면,,250000.0,250000.0,1061250.0,1749250.0,128.17735067361718,35.737676237099365
라마61a49b,48890340,야로면,8.0,250000.0,250000.0,1061250.0,1749750.0,128.17738885736352,35.74218408881774
라마61a50a,48890340,야로면,,250000.0,250000.0,1061250.0,1750250.0,128.17742704959008,35.74669193711593
라마61a50b,48890340,야로면,,250000.0,250000.0,1061250.0,1750750.0,128.17746525029884,35.75119978199375
라마61a51a,48890340,야로면,,250000.0,238549.85131206014,1061250.0,1751250.0,128.1775034594916,35.75570762345103
라마61b11b,48890420,쌍백면,,250000.0,250000.0,1061750.0,1711750.0,128.18001679017496,35.39954675448436
라마61b12a,48890420,쌍백면,,250000.0,250000.0,1061750.0,1712250.0,128.18005464975204,35.40405485707027
라마61b12b,48890420,쌍백면,,250000.0,250000.0,1061750.0,1712750.0,128.18009251773668,35.408562956249526
라마61b13a,48890420,쌍백면,0.0,250000.0,250000.0,1061750.0,1713250.0,128.1801303941308,35.41307105202194
라마61b13b,48890420,쌍백면,,250000.0,250000.0,1061750.0,1713750.0,128.18016827893624,35.41757914438733
라마61b14a,48890420,쌍백면,,250000.0,250000.0,1061750.0,1714250.0,128.1802061721549,35.42208723334549
라마61b14b,48890420,쌍백면,5.0,250000.0,250000.0,1061750.0,1714750.0,128.1802440737886,35.42659531889625
라마61b15a,48890420,쌍백면,,250000.0,250000.0,1061750.0,1715250.0,128.18028198383925,35.431103401039394
라마61b15b,48890420,쌍백면,28.0,250000.0,250000.0,1061750.0,1715750.0,128.18031990230872,35.435611479774735
라마61b16a,48890420,쌍백면,5.0,250000.0,250000.0,1061750.0,1716250.0,128.18035782919884,35.44011955510209
라마61b16b,48890420,쌍백면,8.0,250000.0,250000.0,1061750.0,1716750.0,128.1803957645115,35.444627627021276
라마61b17a,48890420,쌍백면,,250000.0,250000.0,1061750.0,1717250.0,128.18043370824861,35.44913569553209
라마61b17b,48890420,쌍백면,,250000.0,250000.0,1061750.0,1717750.0,128.180471660412,35.45364376063436
라마61b18a,48890420,쌍백면,8.0,250000.0,250000.0,1061750.0,1718250.0,128.18050962100355,35.45815182232788
라마61b18b,48890420,쌍백면,33.0,250000.0,250000.0,1061750.0,1718750.0,128.18054759002516,35.46265988061244
라마61b19a,48890420,쌍백면,5.0,250000.0,250000.0,1061750.0,1719250.0,128.1805855674787,35.467167935487886
라마61b19b,48890420,쌍백면,,250000.0,250000.0,1061750.0,1719750.0,128.180623553366,35.47167598695402
라마61b20a,48890420,쌍백면,,250000.0,250000.0,1061750.0,1720250.0,128.18066154768894,35.47618403501065
라마61b20b,48890410,대양면,,250000.0,250000.0,1061750.0,1720750.0,128.18069955044948,35.480692079657565
라마61b21a,48890410,대양면,,250000.0,250000.0,1061750.0,1721250.0,128.18073756164944,35.4852001208946
라마61b21b,48890410,대양면,33.0,250000.0,250000.0,1061750.0,1721750.0,128.18077558129067,35.48970815872156
라마61b22a,48890410,대양면,8.0,250000.0,250000.0,1061750.0,1722250.0,128.1808136093751,35.49421619313826
라마61b22b,48890410,대양면,5.0,250000.0,250000.0,1061750.0,1722750.0,128.18085164590457,35.49872422414451
라마61b23a,48890410,대양면,,250000.0,250000.0,1061750.0,1723250.0,128.180889690881,35.5032322517401
라마61b23b,48890410,대양면,23.0,250000.0,250000.0,1061750.0,1723750.0,128.18092774430625,35.50774027592486
라마61b24a,48890410,대양면,13.0,250000.0,250000.0,1061750.0,1724250.0,128.18096580618217,35.5122482966986
라마61b24b,48890410,대양면,28.0,250000.0,250000.0,1061750.0,1724750.0,128.18100387651072,35.51675631406112
라마61b25a,48890410,대양면,18.0,250000.0,250000.0,1061750.0,1725250.0,128.1810419552937,35.52126432801224
라마61b25b,48890410,대양면,,250000.0,250000.0,1061750.0,1725750.0,128.18108004253304,35.525772338551775
라마61b26a,48890410,대양면,8.0,250000.0,250000.0,1061750.0,1726250.0,128.18111813823063,35.53028034567953
라마61b26b,48890410,대양면,,250000.0,250000.0,1061750.0,1726750.0,128.1811562423883,35.53478834939531
라마61b27a,48890410,대양면,18.0,250000.0,250000.0,1061750.0,1727250.0,128.18119435500802,35.539296349698944
라마61b27b,48890410,대양면,,250000.0,250000.0,1061750.0,1727750.0,128.1812324760916,35.54380434659023
라마61b28a,48890410,대양면,,250000.0,249999.99999921917,1061750.0,1728250.0,128.18127060564098,35.548312340068975
라마61b28b,48890350,율곡면,,250000.0,249999.99999955588,1061750.0,1728750.0,128.18130874365798,35.552820330135
라마61b29a,48890350,율곡면,,250000.0,250000.0,1061750.0,1729250.0,128.18134689014457,35.557328316788116
라마61b29b,48890350,율곡면,,250000.0,250000.0,1061750.0,1729750.0,128.1813850451026,35.56183630002814
라마61b30a,48890350,율곡면,5.0,250000.0,250000.0,1061750.0,1730250.0,128.18142320853391,35.56634427985486
라마61b30b,48890350,율곡면,,250000.0,250000.0,1061750.0,1730750.0,128.18146138044048,35.57085225626811
라마61b31a,48890350,율곡면,28.0,250000.0,250000.0,1061750.0,1731250.0,128.18149956082414,35.5753602292677
라마61b31b,48890350,율곡면,78.0,250000.0,250000.0,1061750.0,1731750.0,128.18153774968684,35.57986819885343
라마61b32a,48890350,율곡면,0.0,250000.0,250000.0,1061750.0,1732250.0,128.18157594703038,35.584376165025134
라마61b32b,48890350,율곡면,,250000.0,250000.0,1061750.0,1732750.0,128.18161415285672,35.5888841277826
라마61b33a,48890350,율곡면,5.0,250000.0,250000.0,1061750.0,1733250.0,128.18165236716777,35.59339208712565
라마61b33b,48890350,율곡면,13.0,250000.0,250000.0,1061750.0,1733750.0,128.18169058996537,35.597900043054096
라마61b34a,48890350,율곡면,28.0,250000.0,250000.0,1061750.0,1734250.0,128.18172882125143,35.60240799556776
라마61b34b,48890350,율곡면,,250000.0,250000.0,1061750.0,1734750.0,128.18176706102787,35.60691594466645
라마61b35a,48890350,율곡면,,250000.0,250000.0,1061750.0,1735250.0,128.18180530929655,35.61142389034996
라마61b35b,48890350,율곡면,,250000.0,250000.0,1061750.0,1735750.0,128.1818435660594,35.61593183261812
라마61b36a,48890350,율곡면,,250000.0,250000.0,1061750.0,1736250.0,128.1818818313183,35.62043977147074
라마61b36b,48890350,율곡면,,250000.0,250000.0,1061750.0,1736750.0,128.18192010507514,35.62494770690764
라마61b37a,48890350,율곡면,,250000.0,250000.0,1061750.0,1737250.0,128.1819583873318,35.62945563892862
라마61b37b,48890350,율곡면,,250000.0,250000.0,1061750.0,1737750.0,128.18199667809026,35.6339635675335
라마61b38a,48890350,율곡면,,250000.0,250000.0,1061750.0,1738250.0,128.18203497735237,35.6384714927221
라마61b38b,48890350,율곡면,,250000.0,250000.0,1061750.0,1738750.0,128.18207328511997,35.64297941449422
라마61b39a,48890350,율곡면,,250000.0,250000.0,1061750.0,1739250.0,128.18211160139506,35.647487332849664
라마61b39b,48890350,율곡면,,250000.0,250000.0,1061750.0,1739750.0,128.1821499261795,35.651995247788264
라마61b40a,48890350,율곡면,,250000.0,184684.39955354354,1061750.0,1740250.0,128.18218825947517,35.65650315930984
라마61b42b,48890340,야로면,,250000.0,212061.12197905418,1061750.0,1742750.0,128.18238005368903,35.679042665655636
라마61b43a,48890340,야로면,23.0,250000.0,250000.0,1061750.0,1743250.0,128.1824184380922,35.683550556671065
라마61b43b,48890340,야로면,,250000.0,250000.0,1061750.0,1743750.0,128.18245683102,35.68805844426818
라마61b44a,48890340,야로면,,250000.0,250000.0,1061750.0,1744250.0,128.18249523247425,35.69256632844676
라마61b44b,48890340,야로면,8.0,250000.0,250000.0,1061750.0,1744750.0,128.18253364245695,35.697074209206626
라마61b45a,48890340,야로면,73.0,250000.0,250000.0,1061750.0,1745250.0,128.18257206096993,35.701582086547596
라마61b45b,48890340,야로면,13.0,250000.0,250000.0,1061750.0,1745750.0,128.18261048801514,35.70608996046948
라마61b46a,48890340,야로면,28.0,250000.0,250000.0,1061750.0,1746250.0,128.18264892359448,35.710597830972105
라마61b46b,48890340,야로면,23.0,250000.0,250000.0,1061750.0,1746750.0,128.1826873677099,35.71510569805526
라마61b47a,48890340,야로면,,250000.0,250000.0,1061750.0,1747250.0,128.18272582036323,35.719613561718795
라마61b47b,48890340,야로면,5.0,250000.0,250000.0,1061750.0,1747750.0,128.18276428155644,35.7241214219625
라마61b48a,48890340,야로면,13.0,250000.0,250000.0,1061750.0,1748250.0,128.18280275129143,35.728629278786194
라마61b48b,48890340,야로면,,250000.0,250000.0,1061750.0,1748750.0,128.18284122957016,35.733137132189675
라마61b49a,48890340,야로면,,250000.0,250000.0,1061750.0,1749250.0,128.18287971639444,35.737644982172796
라마61b49b,48890340,야로면,5.0,250000.0,250000.0,1061750.0,1749750.0,128.1829182117663,35.74215282873535
라마61b50a,48890340,야로면,,250000.0,250000.0,1061750.0,1750250.0,128.18295671568757,35.746660671877144
라마61b50b,48890340,야로면,,250000.0,250000.0,1061750.0,1750750.0,128.1829952281602,35.75116851159801
라마62a11b,48890420,쌍백면,,250000.0,224558.37463560206,1062250.0,1711750.0,128.1855226487252,35.39951563370377
라마62a12a,48890420,쌍백면,,250000.0,250000.0,1062250.0,1712250.0,128.18556081477976,35.404023731134714
라마62a12b,48890420,쌍백면,,250000.0,250000.0,1062250.0,1712750.0,128.18559898930997,35.408531825158434
라마62a13a,48890420,쌍백면,,250000.0,249580.712589157,1062250.0,1713250.0,128.18563717231768,35.41303991577475
라마62a13b,48890420,쌍백면,,250000.0,147206.12378200394,1062250.0,1713750.0,128.18567536380485,35.41754800298349
라마62a14a,48890420,쌍백면,,250000.0,222545.36424618604,1062250.0,1714250.0,128.18571356377328,35.42205608678442
라마62a14b,48890420,쌍백면,5.0,250000.0,250000.0,1062250.0,1714750.0,128.1857517722249,35.42656416717737
라마62a15a,48890420,쌍백면,8.0,250000.0,250000.0,1062250.0,1715250.0,128.18578998916155,35.43107224416216
라마62a15b,48890420,쌍백면,,250000.0,250000.0,1062250.0,1715750.0,128.1858282145852,35.435580317738584
라마62a16a,48890420,쌍백면,43.0,250000.0,250000.0,1062250.0,1716250.0,128.18586644849762,35.44008838790646
라마62a16b,48890420,쌍백면,8.0,250000.0,250000.0,1062250.0,1716750.0,128.1859046909008,35.44459645466558
라마62a17a,48890420,쌍백면,,250000.0,250000.0,1062250.0,1717250.0,128.18594294179658,35.44910451801579
라마62a17b,48890420,쌍백면,,250000.0,250000.0,1062250.0,1717750.0,128.18598120118688,35.45361257795686
라마62a18a,48890420,쌍백면,13.0,250000.0,250000.0,1062250.0,1718250.0,128.18601946907356,35.45812063448863
라마62a18b,48890420,쌍백면,5.0,250000.0,250000.0,1062250.0,1718750.0,128.18605774545847,35.462628687610874
라마62a19a,48890420,쌍백면,5.0,250000.0,250000.0,1062250.0,1719250.0,128.18609603034358,35.467136737323436
라마62a19b,48890420,쌍백면,,250000.0,250000.0,1062250.0,1719750.0,128.18613432373073,35.47164478362611
라마62a20a,48890420,쌍백면,,250000.0,250000.0,1062250.0,1720250.0,128.18617262562185,35.47615282651872
라마62a20b,48890410,대양면,8.0,250000.0,250000.0,1062250.0,1720750.0,128.18621093601877,35.480660866001074
라마62a21a,48890410,대양면,5.0,250000.0,250000.0,1062250.0,1721250.0,128.18624925492344,35.485168902072964
라마62a21b,48890410,대양면,,250000.0,250000.0,1062250.0,1721750.0,128.18628758233774,35.4896769347342
라마62a22a,48890410,대양면,33.0,250000.0,250000.0,1062250.0,1722250.0,128.18632591826355,35.494184963984615
라마62a22b,48890410,대양면,13.0,250000.0,250000.0,1062250.0,1722750.0,128.1863642627028,35.49869298982401
라마62a23a,48890410,대양면,,250000.0,250000.0,1062250.0,1723250.0,128.1864026156573,35.503201012252184
라마62a23b,48890410,대양면,8.0,250000.0,250000.0,1062250.0,1723750.0,128.18644097712905,35.507709031268966
라마62a24a,48890410,대양면,,250000.0,250000.0,1062250.0,1724250.0,128.1864793471199,35.512217046874134
라마62a24b,48890410,대양면,5.0,250000.0,250000.0,1062250.0,1724750.0,128.18651772563172,35.51672505906754
라마62a25a,48890410,대양면,43.0,250000.0,250000.0,1062250.0,1725250.0,128.18655611266647,35.52123306784898
라마62a25b,48890410,대양면,5.0,250000.0,250000.0,1062250.0,1725750.0,128.186594508226,35.525741073218256
라마62a26a,48890410,대양면,,250000.0,250000.0,1062250.0,1726250.0,128.1866329123122,35.530249075175185
라마62a26b,48890410,대양면,,250000.0,250000.0,1062250.0,1726750.0,128.18667132492703,35.534757073719575
라마62a27a,48890410,대양면,18.0,250000.0,250000.0,1062250.0,1727250.0,128.18670974607232,35.539265068851236
라마62a27b,48890410,대양면,,250000.0,249999.99999897712,1062250.0,1727750.0,128.18674817575004,35.54377306056998
라마62a28a,48890350,율곡면,,250000.0,249999.99999983102,1062250.0,1728250.0,128.18678661396203,35.54828104887564
라마62a28b,48890350,율곡면,,250000.0,250000.0,1062250.0,1728750.0,128.18682506071022,35.55278903376798
라마62a29a,48890350,율곡면,,250000.0,250000.0,1062250.0,1729250.0,128.18686351599652,35.55729701524685
라마62a29b,48890350,율곡면,,250000.0,250000.0,1062250.0,1729750.0,128.18690197982284,35.561804993312066
라마62a30a,48890350,율곡면,5.0,250000.0,250000.0,1062250.0,1730250.0,128.18694045219107,35.56631296796341
라마62a30b,48890350,율곡면,,250000.0,250000.0,1062250.0,1730750.0,128.1869789331031,35.57082093920071
라마62a31a,48890350,율곡면,13.0,250000.0,250000.0,1062250.0,1731250.0,128.18701742256087,35.57532890702378
라마62a31b,48890350,율곡면,28.0,250000.0,250000.0,1062250.0,1731750.0,128.18705592056625,35.57983687143243
라마62a32a,48890350,율곡면,,250000.0,250000.0,1062250.0,1732250.0,128.1870944271212,35.584344832426474
라마62a32b,48890350,율곡면,,250000.0,250000.0,1062250.0,1732750.0,128.18713294222755,35.588852790005696
라마62a33a,48890350,율곡면,8.0,250000.0,250000.0,1062250.0,1733250.0,128.18717146588727,35.593360744169956
라마62a33b,48890350,율곡면,5.0,250000.0,250000.0,1062250.0,1733750.0,128.18720999810225,35.597868694919036
라마62a34a,48890350,율곡면,,250000.0,250000.0,1062250.0,1734250.0,128.1872485388744,35.60237664225274
라마62a34b,48890350,율곡면,18.0,250000.0,250000.0,1062250.0,1734750.0,128.18728708820566,35.606884586170914
라마62a35a,48890350,율곡면,,250000.0,250000.0,1062250.0,1735250.0,128.1873256460979,35.61139252667335
라마62a35b,48890350,율곡면,,250000.0,250000.0,1062250.0,1735750.0,128.18736421255304,35.61590046375985
라마62a36a,48890350,율곡면,,250000.0,250000.0,1062250.0,1736250.0,128.187402787573,35.62040839743024
라마62a36b,48890350,율곡면,13.0,250000.0,250000.0,1062250.0,1736750.0,128.18744137115968,35.624916327684325
라마62a37a,48890350,율곡면,,250000.0,250000.0,1062250.0,1737250.0,128.187479963315,35.62942425452194
라마62a37b,48890350,율곡면,,250000.0,250000.0,1062250.0,1737750.0,128.18751856404091,35.63393217794289
라마62a38a,48890350,율곡면,18.0,250000.0,250000.0,1062250.0,1738250.0,128.18755717333926,35.638440097946955
라마62a38b,48890350,율곡면,0.0,250000.0,250000.0,1062250.0,1738750.0,128.18759579121203,35.64294801453399
라마62a39a,48890350,율곡면,,250000.0,250000.0,1062250.0,1739250.0,128.18763441766112,35.64745592770378
라마62a39b,48890350,율곡면,,250000.0,250000.0,1062250.0,1739750.0,128.18767305268838,35.651963837456144
라마62a40a,48890350,율곡면,,250000.0,141586.99794182632,1062250.0,1740250.0,128.18771169629582,35.6564717437909
라마62a43a,48890340,야로면,5.0,250000.0,250000.0,1062250.0,1743250.0,128.18794373823087,35.68351911001925
라마62a43b,48890340,야로면,,250000.0,250000.0,1062250.0,1743750.0,128.18798244195304,35.68802699242554
라마62a44a,48890340,야로면,,250000.0,250000.0,1062250.0,1744250.0,128.18802115427076,35.69253487141271
라마62a44b,48890340,야로면,,250000.0,250000.0,1062250.0,1744750.0,128.18805987518584,35.697042746980614
라마62a45a,48890340,야로면,,250000.0,250000.0,1062250.0,1745250.0,128.18809860470034,35.70155061912904
라마62a45b,48890340,야로면,8.0,250000.0,250000.0,1062250.0,1745750.0,128.18813734281608,35.7060584878578
라마62a46a,48890340,야로면,18.0,250000.0,250000.0,1062250.0,1746250.0,128.18817608953506,35.710566353166726
라마62a46b,48890340,야로면,,250000.0,250000.0,1062250.0,1746750.0,128.1882148448592,35.715074215055616
라마62a47a,48890340,야로면,0.0,250000.0,250000.0,1062250.0,1747250.0,128.18825360879035,35.71958207352431
라마62a47b,48890340,야로면,8.0,250000.0,250000.0,1062250.0,1747750.0,128.18829238133048,35.72408992857258
라마62a48a,48890340,야로면,38.0,250000.0,250000.0,1062250.0,1748250.0,128.1883311624816,35.728597780200275
라마62a48b,48890340,야로면,,250000.0,250000.0,1062250.0,1748750.0,128.1883699522455,35.733105628407195
라마62a49a,48890340,야로면,,250000.0,250000.0,1062250.0,1749250.0,128.1884087506242,35.737613473193164
라마62a49b,48890340,야로면,,250000.0,249998.77708721152,1062250.0,1749750.0,128.18844755761964,35.74212131455799
라마62a50a,48890340,야로면,0.0,250000.0,238906.82087451348,1062250.0,1750250.0,128.18848637323367,35.74662915250149
라마62a50b,48890340,야로면,,250000.0,144413.4570165972,1062250.0,1750750.0,128.18852519746832,35.75113698702348
라마62b12b,48890420,쌍백면,,250000.0,127511.08098845238,1062750.0,1712750.0,128.1911054524057,35.40850044306211
라마62b14b,48890420,쌍백면,,250000.0,212850.3078853835,1062750.0,1714750.0,128.1912594621761,35.42653276428696
라마62b15a,48890420,쌍백면,,250000.0,250000.0,1062750.0,1715250.0,128.19129798599693,35.431040836071794
라마62b15b,48890420,쌍백면,,250000.0,250000.0,1062750.0,1715750.0,128.19133651837282,35.4355489044477
라마62b16a,48890420,쌍백면,,250000.0,250000.0,1062750.0,1716250.0,128.19137505930573,35.44005696941449
라마62b16b,48890420,쌍백면,8.0,250000.0,250000.0,1062750.0,1716750.0,128.19141360879752,35.44456503097196
라마62b17a,48890420,쌍백면,19.0,250000.0,250000.0,1062750.0,1717250.0,128.19145216685007,35.44907308911995
라마62b17b,48890420,쌍백면,,250000.0,250000.0,1062750.0,1717750.0,128.19149073346534,35.45358114385822
라마62b18a,48890420,쌍백면,,250000.0,250000.0,1062750.0,1718250.0,128.19152930864524,35.45808919518662
라마62b18b,48890420,쌍백면,5.0,250000.0,250000.0,1062750.0,1718750.0,128.19156789239165,35.46259724310494
라마62b19a,48890420,쌍백면,,250000.0,250000.0,1062750.0,1719250.0,128.1916064847064,35.467105287612995
라마62b19b,48890420,쌍백면,18.0,250000.0,250000.0,1062750.0,1719750.0,128.19164508559155,35.4716133287106
라마62b20a,48890420,쌍백면,,250000.0,250000.0,1062750.0,1720250.0,128.19168369504888,35.476121366397564
라마62b20b,48890410,대양면,,250000.0,250000.0,1062750.0,1720750.0,128.19172231308036,35.48062940067368
라마62b21a,48890410,대양면,,250000.0,250000.0,1062750.0,1721250.0,128.19176093968784,35.48513743153879
라마62b21b,48890410,대양면,,250000.0,250000.0,1062750.0,1721750.0,128.1917995748733,35.48964545899266
라마62b22a,48890410,대양면,5.0,250000.0,250000.0,1062750.0,1722250.0,128.1918382186386,35.494153483035134
라마62b22b,48890410,대양면,8.0,250000.0,250000.0,1062750.0,1722750.0,128.19187687098568,35.49866150366603
라마62b23a,48890410,대양면,,250000.0,250000.0,1062750.0,1723250.0,128.19191553191644,35.503169520885116
라마62b23b,48890410,대양면,18.0,250000.0,250000.0,1062750.0,1723750.0,128.19195420143276,35.507677534692256
라마62b24a,48890410,대양면,,250000.0,250000.0,1062750.0,1724250.0,128.1919928795366,35.512185545087206
라마62b24b,48890410,대양면,5.0,250000.0,250000.0,1062750.0,1724750.0,128.19203156622984,35.51669355206981
라마62b25a,48890410,대양면,23.0,250000.0,250000.0,1062750.0,1725250.0,128.19207026151443,35.52120155563988
라마62b25b,48890410,대양면,,250000.0,250000.0,1062750.0,1725750.0,128.1921089653922,35.52570955579722
라마62b26a,48890410,대양면,,250000.0,250000.0,1062750.0,1726250.0,128.1921476778652,35.53021755254163
라마62b26b,48890410,대양면,,250000.0,249999.99999991,1062750.0,1726750.0,128.19218639893523,35.53472554587294
라마62b27a,48890410,대양면,,250000.0,249999.99999930733,1062750.0,1727250.0,128.19222512860424,35.53923353579094
라마62b27b,48890350,율곡면,,250000.0,249999.99999985888,1062750.0,1727750.0,128.19226386687416,35.54374152229545
라마62b28a,48890350,율곡면,,250000.0,250000.0,1062750.0,1728250.0,128.1923026137469,35.54824950538629
라마62b28b,48890350,율곡면,0.0,250000.0,250000.0,1062750.0,1728750.0,128.19234136922438,35.55275748506326
라마62b29a,48890350,율곡면,63.0,250000.0,250000.0,1062750.0,1729250.0,128.19238013330852,35.557265461326175
라마62b29b,48890350,율곡면,8.0,250000.0,250000.0,1062750.0,1729750.0,128.19241890600122,35.56177343417486
라마62b30a,48890350,율곡면,13.0,250000.0,250000.0,1062750.0,1730250.0,128.1924576873044,35.56628140360911
라마62b30b,48890350,율곡면,123.0,250000.0,250000.0,1062750.0,1730750.0,128.19249647722,35.57078936962872
라마62b31a,48890350,율곡면,,250000.0,250000.0,1062750.0,1731250.0,128.19253527574995,35.57529733223353
라마62b31b,48890350,율곡면,23.0,250000.0,250000.0,1062750.0,1731750.0,128.19257408289616,35.579805291423355
라마62b32a,48890350,율곡면,5.0,250000.0,250000.0,1062750.0,1732250.0,128.1926128986605,35.58431324719799
라마62b32b,48890350,율곡면,,250000.0,250000.0,1062750.0,1732750.0,128.192651723045,35.58882119955725
라마62b33a,48890350,율곡면,,250000.0,250000.0,1062750.0,1733250.0,128.19269055605153,35.59332914850095
라마62b33b,48890350,율곡면,,250000.0,250000.0,1062750.0,1733750.0,128.192729397682,35.5978370940289
라마62b34a,48890350,율곡면,5.0,250000.0,250000.0,1062750.0,1734250.0,128.19276824793832,35.60234503614091
라마62b34b,48890350,율곡면,28.0,250000.0,250000.0,1062750.0,1734750.0,128.19280710682247,35.6068529748368
라마62b35a,48890350,율곡면,8.0,250000.0,250000.0,1062750.0,1735250.0,128.19284597433634,35.61136091011637
라마62b35b,48890350,율곡면,8.0,250000.0,250000.0,1062750.0,1735750.0,128.19288485048185,35.61586884197945
라마62b36a,48890350,율곡면,43.0,250000.0,250000.0,1062750.0,1736250.0,128.19292373526096,35.62037677042582
라마62b36b,48890350,율곡면,28.0,250000.0,250000.0,1062750.0,1736750.0,128.19296262867556,35.62488469545533
라마62b37a,48890350,율곡면,5.0,250000.0,250000.0,1062750.0,1737250.0,128.19300153072763,35.629392617067786
라마62b37b,48890350,율곡면,,250000.0,250000.0,1062750.0,1737750.0,128.19304044141907,35.63390053526298
라마62b38a,48890350,율곡면,,250000.0,250000.0,1062750.0,1738250.0,128.1930793607518,35.63840845004074
라마62b38b,48890350,율곡면,,250000.0,250000.0,1062750.0,1738750.0,128.19311828872776,35.64291636140088
라마62b39a,48890350,율곡면,13.0,250000.0,250000.0,1062750.0,1739250.0,128.1931572253489,35.6474242693432
라마62b39b,48890350,율곡면,,250000.0,180762.43427946995,1062750.0,1739750.0,128.1931961706171,35.651932173867515
라마62b43a,48890340,야로면,,250000.0,231452.40165147276,1062750.0,1743250.0,128.19346902977594,35.68348740981811
라마62b43b,48890340,야로면,,250000.0,250000.0,1062750.0,1743750.0,128.19350804429058,35.687995286991736
라마62b44a,48890340,야로면,5.0,250000.0,250000.0,1062750.0,1744250.0,128.19354706746978,35.69250316074565
라마62b44b,48890340,야로면,,250000.0,250000.0,1062750.0,1744750.0,128.19358609931544,35.697011031079725
라마62b45a,48890340,야로면,,250000.0,250000.0,1062750.0,1745250.0,128.19362513982946,35.70151889799374
라마62b45b,48890340,야로면,,250000.0,250000.0,1062750.0,1745750.0,128.19366418901384,35.70602676148752
라마62b46a,48890340,야로면,,250000.0,250000.0,1062750.0,1746250.0,128.19370324687054,35.710534621560875
라마62b46b,48890340,야로면,,250000.0,250000.0,1062750.0,1746750.0,128.19374231340143,35.715042478213626
라마62b47a,48890340,야로면,,250000.0,250000.0,1062750.0,1747250.0,128.19378138860847,35.71955033144558
라마62b47b,48890340,야로면,5.0,250000.0,250000.0,1062750.0,1747750.0,128.19382047249366,35.72405818125655
라마62b48a,48890340,야로면,5.0,250000.0,249299.33308374888,1062750.0,1748250.0,128.1938595650589,35.72856602764636
라마62b48b,48890340,야로면,,250000.0,247769.46969031703,1062750.0,1748750.0,128.1938986663061,35.73307387061482
라마62b49a,48890340,야로면,,250000.0,193018.9002114313,1062750.0,1749250.0,128.19393777623728,35.73758171016174
라마63a15a,48890420,쌍백면,,250000.0,192512.30880497315,1063250.0,1715250.0,128.19680597427717,35.43100917676956
라마63a15b,48890420,쌍백면,,250000.0,250000.0,1063250.0,1715750.0,128.19684481360346,35.43551723990336
라마63a16a,48890420,쌍백면,5.0,250000.0,250000.0,1063250.0,1716250.0,128.1968836615549,35.440025299627465
라마63a16b,48890420,쌍백면,8.0,250000.0,250000.0,1063250.0,1716750.0,128.19692251813342,35.44453335594168
라마63a17a,48890420,쌍백면,5.0,250000.0,250000.0,1063250.0,1717250.0,128.1969613833409,35.449041408845844
라마63a17b,48890420,쌍백면,,250000.0,250000.0,1063250.0,1717750.0,128.19700025717924,35.453549458339715
라마63a18a,48890420,쌍백면,,250000.0,250000.0,1063250.0,1718250.0,128.19703913965043,35.45805750442314
라마63a18b,48890420,쌍백면,,250000.0,250000.0,1063250.0,1718750.0,128.19707803075636,35.462565547095885
라마63a19a,48890420,쌍백면,18.0,250000.0,250000.0,1063250.0,1719250.0,128.19711693049896,35.46707358635783
라마63a19b,48890420,쌍백면,5.0,250000.0,250000.0,1063250.0,1719750.0,128.19715583888012,35.47158162220872
라마63a20a,48890420,쌍백면,,250000.0,250000.0,1063250.0,1720250.0,128.1971947559018,35.476089654648405
라마63a20b,48890410,대양면,,250000.0,250000.0,1063250.0,1720750.0,128.19723368156585,35.48059768367666
라마63a21a,48890410,대양면,8.0,250000.0,250000.0,1063250.0,1721250.0,128.19727261587428,35.485105709293336
라마63a21b,48890410,대양면,8.0,250000.0,250000.0,1063250.0,1721750.0,128.197311558829,35.48961373149821
라마63a22a,48890410,대양면,5.0,250000.0,250000.0,1063250.0,1722250.0,128.19735051043187,35.4941217502911
라마63a22b,48890410,대양면,,250000.0,250000.0,1063250.0,1722750.0,128.1973894706849,35.49862976567182
라마63a23a,48890410,대양면,,250000.0,250000.0,1063250.0,1723250.0,128.19742843958994,35.50313777764018
라마63a23b,48890410,대양면,,250000.0,250000.0,1063250.0,1723750.0,128.19746741714894,35.507645786196
라마63a24a,48890410,대양면,,250000.0,250000.0,1063250.0,1724250.0,128.1975064033639,35.51215379133907
라마63a24b,48890410,대양면,5.0,250000.0,250000.0,1063250.0,1724750.0,128.19754539823666,35.51666179306919
라마63a25a,48890410,대양면,,250000.0,250000.0,1063250.0,1725250.0,128.19758440176912,35.52116979138621
라마63a25b,48890410,대양면,18.0,250000.0,250000.0,1063250.0,1725750.0,128.19762341396333,35.525677786289926
라마63a26a,48890410,대양면,,250000.0,250000.0,1063250.0,1726250.0,128.19766243482113,35.53018577778014
라마63a26b,48890410,대양면,,250000.0,249999.999998995,1063250.0,1726750.0,128.19770146434445,35.534693765856666
라마63a27a,48890350,율곡면,23.0,250000.0,250000.0,1063250.0,1727250.0,128.19774050253525,35.53920175051931
라마63a27b,48890350,율곡면,5.0,250000.0,250000.0,1063250.0,1727750.0,128.19777954939548,35.54370973176788
라마63a28a,48890350,율곡면,,250000.0,250000.0,1063250.0,1728250.0,128.19781860492702,35.548217709602206
라마63a28b,48890350,율곡면,,250000.0,250000.0,1063250.0,1728750.0,128.19785766913188,35.5527256840221
라마63a29a,48890350,율곡면,23.0,250000.0,250000.0,1063250.0,1729250.0,128.1978967420119,35.55723365502734
라마63a29b,48890350,율곡면,5.0,250000.0,250000.0,1063250.0,1729750.0,128.19793582356908,35.561741622617774
라마63a30a,48890350,율곡면,,250000.0,250000.0,1063250.0,1730250.0,128.19797491380533,35.5662495867932
라마63a30b,48890350,율곡면,,250000.0,250000.0,1063250.0,1730750.0,128.19801401272258,35.57075754755339
라마63a31a,48890350,율곡면,5.0,250000.0,250000.0,1063250.0,1731250.0,128.19805312032278,35.575265504898226
라마63a31b,48890350,율곡면,,250000.0,250000.0,1063250.0,1731750.0,128.1980922366079,35.57977345882749
라마63a32a,48890350,율곡면,8.0,250000.0,250000.0,1063250.0,1732250.0,128.19813136157978,35.58428140934097
라마63a32b,48890350,율곡면,5.0,250000.0,250000.0,1063250.0,1732750.0,128.19817049524045,35.588789356438504
라마63a33a,48890350,율곡면,,250000.0,250000.0,1063250.0,1733250.0,128.19820963759182,35.5932973001199
라마63a33b,48890350,율곡면,,250000.0,250000.0,1063250.0,1733750.0,128.19824878863582,35.59780524038496
라마63a34a,48890350,율곡면,,250000.0,250000.0,1063250.0,1734250.0,128.19828794837443,35.602313177233505
라마63a34b,48890350,율곡면,13.0,250000.0,250000.0,1063250.0,1734750.0,128.19832711680954,35.606821110665344
라마63a35a,48890350,율곡면,43.0,250000.0,250000.0,1063250.0,1735250.0,128.19836629394308,35.611329040680296
라마63a35b,48890350,율곡면,5.0,250000.0,250000.0,1063250.0,1735750.0,128.19840547977708,35.61583696727817
라마63a36a,48890350,율곡면,0.0,250000.0,250000.0,1063250.0,1736250.0,128.1984446743134,35.62034489045876
라마63a36b,48890350,율곡면,,250000.0,250000.0,1063250.0,1736750.0,128.19848387755403,35.6248528102219
라마63a37a,48890350,율곡면,,250000.0,250000.0,1063250.0,1737250.0,128.1985230895009,35.6293607265674
라마63a37b,48890350,율곡면,23.0,250000.0,250000.0,1063250.0,1737750.0,128.19856231015592,35.63386863949506
라마63a38a,48890350,율곡면,,250000.0,250000.0,1063250.0,1738250.0,128.1986015395211,35.63837654900472
라마63a38b,48890350,율곡면,,250000.0,235025.65762441108,1063250.0,1738750.0,128.19864077759834,35.642884455096166
라마63a39a,48890350,율곡면,,250000.0,144087.3742126382,1063250.0,1739250.0,128.1986800243896,35.647392357769206
라마63a43b,48890340,야로면,8.0,250000.0,250000.0,1063250.0,1743750.0,128.19903363796362,35.68796332796804
라마63a44a,48890340,야로면,8.0,250000.0,250000.0,1063250.0,1744250.0,128.19907297200237,35.69247119644686
라마63a44b,48890340,야로면,,250000.0,250000.0,1063250.0,1744750.0,128.1991123147766,35.696979061505246
라마63a45a,48890340,야로면,,250000.0,250000.0,1063250.0,1745250.0,128.19915166628826,35.701486923142994
라마63a45b,48890340,야로면,5.0,250000.0,213115.18523890406,1063250.0,1745750.0,128.19919102653932,35.705994781359905
라마63a46a,48890340,야로면,28.0,250000.0,199292.6149515656,1063250.0,1746250.0,128.19923039553177,35.71050263615583
라마63a46b,48890340,야로면,,250000.0,248276.82028368645,1063250.0,1746750.0,128.1992697732675,35.715010487530556
라마63a47a,48890340,야로면,,250000.0,218883.76709124952,1063250.0,1747250.0,128.1993091597485,35.71951833548391
라마63a47b,48890340,야로면,,250000.0,182968.94463721183,1063250.0,1747750.0,128.19934855497675,35.724026180015684
라마63b16a,48890420,쌍백면,,250000.0,134976.65204503847,1063750.0,1716250.0,128.20239225517702,35.439993378546646
라마63b16b,48890420,쌍백면,5.0,250000.0,202797.2945421381,1063750.0,1716750.0,128.20243141884035,35.444501429576015
라마63b17a,48890420,쌍백면,,250000.0,250000.0,1063750.0,1717250.0,128.20247059120078,35.44900947719472
라마63b17b,48890420,쌍백면,13.0,250000.0,250000.0,1063750.0,1717750.0,128.20250977226033,35.45351752140259
라마63b18a,48890420,쌍백면,5.0,250000.0,250000.0,1063750.0,1718250.0,128.2025489620209,35.45802556219942
라마63b18b,48890420,쌍백면,,250000.0,250000.0,1063750.0,1718750.0,128.20258816048445,35.462533599585
라마63b19a,48890420,쌍백면,,250000.0,250000.0,1063750.0,1719250.0,128.2026273676529,35.467041633559184
라마63b19b,48890420,쌍백면,,250000.0,201150.29333526874,1063750.0,1719750.0,128.20266658352818,35.47154966412174
라마63b20b,48890410,대양면,,250000.0,249777.57478090955,1063750.0,1720750.0,128.20274504140704,35.48056571501128
라마63b21a,48890410,대양면,,250000.0,250000.0,1063750.0,1721250.0,128.20278428341447,35.48507373533788
라마63b21b,48890410,대양면,,250000.0,250000.0,1063750.0,1721750.0,128.20282353413648,35.4895817522521
라마63b22a,48890410,대양면,,250000.0,250000.0,1063750.0,1722250.0,128.20286279357504,35.49408976575375
라마63b22b,48890410,대양면,,250000.0,250000.0,1063750.0,1722750.0,128.20290206173206,35.498597775842654
라마63b23a,48890410,대양면,,250000.0,250000.0,1063750.0,1723250.0,128.2029413386095,35.503105782518624
라마63b23b,48890410,대양면,,250000.0,250000.0,1063750.0,1723750.0,128.20298062420926,35.50761378578146
라마63b24a,48890410,대양면,,250000.0,250000.0,1063750.0,1724250.0,128.20301991853336,35.51212178563096
라마63b24b,48890410,대양면,23.0,250000.0,250000.0,1063750.0,1724750.0,128.20305922158366,35.51662978206696
라마63b25a,48890410,대양면,13.0,250000.0,250000.0,1063750.0,1725250.0,128.20309853336218,35.52113777508925
라마63b25b,48890410,대양면,,250000.0,250000.0,1063750.0,1725750.0,128.2031378538708,35.52564576469765
라마63b26a,48890410,대양면,0.0,250000.0,250000.0,1063750.0,1726250.0,128.20317718311148,35.53015375089198
라마63b26b,48890350,율곡면,,250000.0,249999.99999875107,1063750.0,1726750.0,128.2032165210862,35.53466173367203
라마63b27a,48890350,율곡면,,250000.0,250000.0,1063750.0,1727250.0,128.20325586779688,35.53916971303762
라마63b27b,48890350,율곡면,,250000.0,250000.0,1063750.0,1727750.0,128.20329522324548,35.543677688988566
라마63b28a,48890350,율곡면,,250000.0,250000.0,1063750.0,1728250.0,128.20333458743391,35.54818566152466
라마63b28b,48890350,율곡면,,250000.0,250000.0,1063750.0,1728750.0,128.20337396036416,35.552693630645756
라마63b29a,48890350,율곡면,,250000.0,250000.0,1063750.0,1729250.0,128.20341334203815,35.55720159635161
라마63b29b,48890350,율곡면,,250000.0,250000.0,1063750.0,1729750.0,128.20345273245786,35.56170955864207
라마63b30a,48890350,율곡면,,250000.0,250000.0,1063750.0,1730250.0,128.20349213162524,35.56621751751695
라마63b30b,48890350,율곡면,5.0,250000.0,250000.0,1063750.0,1730750.0,128.2035315395422,35.570725472976015
라마63b31a,48890350,율곡면,13.0,250000.0,250000.0,1063750.0,1731250.0,128.2035709562107,35.575233425019135
라마63b31b,48890350,율곡면,83.0,250000.0,250000.0,1063750.0,1731750.0,128.20361038163276,35.57974137364608
라마63b32a,48890350,율곡면,0.0,250000.0,250000.0,1063750.0,1732250.0,128.20364981581025,35.584249318856685
라마63b32b,48890350,율곡면,,250000.0,250000.0,1063750.0,1732750.0,128.2036892587452,35.58875726065074
라마63b33a,48890350,율곡면,,250000.0,250000.0,1063750.0,1733250.0,128.2037287104395,35.59326519902808
라마63b33b,48890350,율곡면,,250000.0,250000.0,1063750.0,1733750.0,128.2037681708951,35.597773133988504
라마63b34a,48890350,율곡면,,250000.0,250000.0,1063750.0,1734250.0,128.20380764011398,35.60228106553183
라마63b34b,48890350,율곡면,,250000.0,250000.0,1063750.0,1734750.0,128.20384711809814,35.60678899365786
라마63b35a,48890350,율곡면,,250000.0,250000.0,1063750.0,1735250.0,128.2038866048495,35.61129691836641
라마63b35b,48890350,율곡면,,250000.0,250000.0,1063750.0,1735750.0,128.20392610036996,35.6158048396573
라마63b36a,48890350,율곡면,,250000.0,250000.0,1063750.0,1736250.0,128.2039656046616,35.62031275753033
라마63b36b,48890350,율곡면,,250000.0,250000.0,1063750.0,1736750.0,128.20400511772624,35.62482067198531
라마63b37a,48890350,율곡면,16.0,250000.0,250000.0,1063750.0,1737250.0,128.20404463956595,35.62932858302207
라마63b37b,48890350,율곡면,5.0,250000.0,250000.0,1063750.0,1737750.0,128.20408417018265,35.63383649064042
라마63b38a,48890350,율곡면,8.0,250000.0,250000.0,1063750.0,1738250.0,128.2041237095783,35.638344394840146
라마63b38b,48890350,율곡면,,250000.0,185625.78044191498,1063750.0,1738750.0,128.20416325775489,35.64285229562109
라마64a17b,48890420,쌍백면,,250000.0,121914.98349644954,1064250.0,1717750.0,128.20801927864036,35.45348533304812
라마64a18b,48890420,쌍백면,,250000.0,225078.8749398477,1064250.0,1718750.0,128.20809828150763,35.46250140057354
라마64a19a,48890420,쌍백면,,250000.0,183947.66844851527,1064250.0,1719250.0,128.2081377961,35.46700942921834
라마64a21a,48890410,대양면,,250000.0,227859.23877125105,1064250.0,1721250.0,128.20829594224006,35.48504150967369
라마64a21b,48890410,대양면,,250000.0,250000.0,1064250.0,1721750.0,128.20833550072746,35.48954952125561
라마64a22a,48890410,대양면,,250000.0,250000.0,1064250.0,1722250.0,128.20837506799973,35.49405752942439
라마64a22b,48890410,대양면,13.0,250000.0,250000.0,1064250.0,1722750.0,128.20841464405882,35.49856553417981
라마64a23a,48890410,대양면,5.0,250000.0,250000.0,1064250.0,1723250.0,128.2084542289067,35.50307353552172
라마64a23b,48890410,대양면,,250000.0,250000.0,1064250.0,1723750.0,128.20849382254528,35.50758153344992
라마64a24a,48890410,대양면,,250000.0,250000.0,1064250.0,1724250.0,128.2085334249766,35.51208952796419
라마64a24b,48890410,대양면,5.0,250000.0,250000.0,1064250.0,1724750.0,128.20857303620252,35.516597519064376
라마64a25a,48890410,대양면,0.0,250000.0,250000.0,1064250.0,1725250.0,128.20861265622509,35.52110550675027
라마64a25b,48890410,대양면,,250000.0,250000.0,1064250.0,1725750.0,128.20865228504618,35.52561349102167
라마64a26a,48890410,대양면,,250000.0,250000.0,1064250.0,1726250.0,128.20869192266784,35.530121471878424
라마64a26b,48890410,대양면,,250000.0,249999.9999993225,1064250.0,1726750.0,128.208731569092,35.53462944932033
라마64a27a,48890350,율곡면,,250000.0,250000.0,1064250.0,1727250.0,128.20877122432057,35.539137423347164
라마64a27b,48890350,율곡면,,250000.0,250000.0,1064250.0,1727750.0,128.20881088835557,35.54364539395877
라마64a28a,48890350,율곡면,,250000.0,250000.0,1064250.0,1728250.0,128.20885056119897,35.54815336115496
라마64a28b,48890350,율곡면,,250000.0,250000.0,1064250.0,1728750.0,128.20889024285268,35.55266132493553
라마64a29a,48890350,율곡면,,250000.0,250000.0,1064250.0,1729250.0,128.2089299333187,35.55716928530029
라마64a29b,48890350,율곡면,,250000.0,250000.0,1064250.0,1729750.0,128.208969632599,35.561677242249054
라마64a30a,48890350,율곡면,18.0,250000.0,250000.0,1064250.0,1730250.0,128.20900934069553,35.56618519578166
라마64a30b,48890350,율곡면,13.0,250000.0,250000.0,1064250.0,1730750.0,128.20904905761026,35.57069314589786
라마64a31a,48890350,율곡면,,250000.0,250000.0,1064250.0,1731250.0,128.20908878334518,35.575201092597524
라마64a31b,48890350,율곡면,13.0,250000.0,250000.0,1064250.0,1731750.0,128.2091285179022,35.579709035880434
라마64a32a,48890350,율곡면,98.0,250000.0,250000.0,1064250.0,1732250.0,128.20916826128334,35.58421697574641
라마64a32b,48890350,율곡면,33.0,250000.0,250000.0,1064250.0,1732750.0,128.20920801349055,35.588724912195254
라마64a33a,48890350,율곡면,,250000.0,250000.0,1064250.0,1733250.0,128.2092477745258,35.59323284522678
라마64a33b,48890350,율곡면,28.0,250000.0,250000.0,1064250.0,1733750.0,128.2092875443911,35.5977407748408
라마64a34a,48890350,율곡면,8.0,250000.0,250000.0,1064250.0,1734250.0,128.20932732308833,35.60224870103715
라마64a34b,48890350,율곡면,8.0,250000.0,250000.0,1064250.0,1734750.0,128.20936711061955,35.6067566238156
라마64a35a,48890350,율곡면,33.0,250000.0,250000.0,1064250.0,1735250.0,128.2094069069867,35.61126454317599
라마64a35b,48890350,율곡면,,250000.0,250000.0,1064250.0,1735750.0,128.20944671219172,35.61577245911812
라마64a36a,48890350,율곡면,5.0,250000.0,250000.0,1064250.0,1736250.0,128.20948652623665,35.6202803716418
라마64a36b,48890350,율곡면,,250000.0,250000.0,1064250.0,1736750.0,128.20952634912342,35.624788280746856
라마64a37a,48890350,율곡면,,250000.0,250000.0,1064250.0,1737250.0,128.20956618085404,35.62929618643309
라마64a37b,48890350,율곡면,5.0,250000.0,250000.0,1064250.0,1737750.0,128.20960602143043,35.633804088700316
라마64a38a,48890350,율곡면,5.0,250000.0,250000.0,1064250.0,1738250.0,128.20964587085462,35.63831198754835
라마64a38b,48890350,율곡면,,250000.0,143276.1428165543,1064250.0,1738750.0,128.20968572912855,35.642819882976994
라마64b18b,48890420,쌍백면,,250000.0,158167.94023490348,1064750.0,1718750.0,128.21360839375768,35.4624689500628
라마64b21a,48890410,대양면,,250000.0,159464.29395142154,1064750.0,1721250.0,128.21380759228273,35.48500903230207
라마64b21b,48890410,대양면,,250000.0,250000.0,1064750.0,1721750.0,128.2138474585336,35.48951703851004
라마64b22a,48890410,대양면,13.0,250000.0,250000.0,1064750.0,1722250.0,128.21388733363762,35.49402504130427
라마64b22b,48890410,대양면,38.0,250000.0,250000.0,1064750.0,1722750.0,128.2139272175968,35.498533040684585
라마64b23a,48890410,대양면,5.0,250000.0,250000.0,1064750.0,1723250.0,128.21396711041317,35.50304103665077
라마64b23b,48890410,대양면,,250000.0,250000.0,1064750.0,1723750.0,128.21400701208862,35.50754902920265
라마64b24a,48890410,대양면,5.0,250000.0,250000.0,1064750.0,1724250.0,128.21404692262516,35.512057018340045
라마64b24b,48890410,대양면,5.0,250000.0,250000.0,1064750.0,1724750.0,128.21408684202476,35.516565004062734
라마64b25a,48890410,대양면,,250000.0,250000.0,1064750.0,1725250.0,128.21412677028943,35.52107298637055
라마64b25b,48890410,대양면,0.0,250000.0,250000.0,1064750.0,1725750.0,128.21416670742107,35.52558096526329
라마64b26a,48890410,대양면,,250000.0,250000.0,1064750.0,1726250.0,128.21420665342174,35.530088940740775
라마64b26b,48890410,대양면,,250000.0,249999.99999951606,1064750.0,1726750.0,128.21424660829334,35.534596912802826
라마64b27a,48890350,율곡면,,250000.0,250000.0,1064750.0,1727250.0,128.21428657203785,35.53910488144922
라마64b27b,48890350,율곡면,,250000.0,250000.0,1064750.0,1727750.0,128.21432654465733,35.543612846679785
라마64b28a,48890350,율곡면,,250000.0,250000.0,1064750.0,1728250.0,128.2143665261537,35.54812080849434
라마64b28b,48890350,율곡면,,250000.0,250000.0,1064750.0,1728750.0,128.2144065165289,35.552628766892695
라마64b29a,48890350,율곡면,8.0,250000.0,250000.0,1064750.0,1729250.0,128.214446515785,35.55713672187464
라마64b29b,48890350,율곡면,23.0,250000.0,250000.0,1064750.0,1729750.0,128.2144865239239,35.56164467344001
라마64b30a,48890350,율곡면,,250000.0,250000.0,1064750.0,1730250.0,128.21452654094765,35.56615262158861
라마64b30b,48890350,율곡면,8.0,250000.0,250000.0,1064750.0,1730750.0,128.21456656685814,35.57066056632023
라마64b31a,48890350,율곡면,38.0,250000.0,250000.0,1064750.0,1731250.0,128.21460660165744,35.5751685076347
라마64b31b,48890350,율곡면,,250000.0,250000.0,1064750.0,1731750.0,128.2146466453475,35.57967644553183
라마64b32a,48890350,율곡면,13.0,250000.0,250000.0,1064750.0,1732250.0,128.21468669793032,35.584184380011436
라마64b32b,48890350,율곡면,38.0,250000.0,250000.0,1064750.0,1732750.0,128.21472675940785,35.588692311073316
라마64b33a,48890350,율곡면,,250000.0,250000.0,1064750.0,1733250.0,128.21476682978212,35.593200238717294
라마64b33b,48890350,율곡면,33.0,250000.0,250000.0,1064750.0,1733750.0,128.21480690905508,35.59770816294316
라마64b34a,48890350,율곡면,,250000.0,250000.0,1064750.0,1734250.0,128.2148469972287,35.602216083750754
라마64b34b,48890350,율곡면,18.0,250000.0,250000.0,1064750.0,1734750.0,128.21488709430503,35.60672400113987
라마64b35a,48890350,율곡면,5.0,250000.0,250000.0,1064750.0,1735250.0,128.21492720028598,35.61123191511033
라마64b35b,48890350,율곡면,,250000.0,250000.0,1064750.0,1735750.0,128.21496731517362,35.615739825661926
라마64b36a,48890350,율곡면,,250000.0,250000.0,1064750.0,1736250.0,128.2150074389699,35.620247732794496
라마64b36b,48890350,율곡면,,250000.0,250000.0,1064750.0,1736750.0,128.2150475716768,35.62475563650782
라마64b37a,48890350,율곡면,,250000.0,250000.0,1064750.0,1737250.0,128.2150877132963,35.629263536801744
라마64b37b,48890350,율곡면,,250000.0,250000.0,1064750.0,1737750.0,128.21512786383045,35.633771433676074
라마64b38a,48890350,율곡면,,250000.0,250000.0,1064750.0,1738250.0,128.21516802328117,35.6382793271306
라마65a21b,48890410,대양면,,250000.0,249185.85598725485,1065250.0,1721750.0,128.21935940748648,35.48948430401667
라마65a22a,48890410,대양면,13.0,250000.0,250000.0,1065250.0,1722250.0,128.21939959042032,35.49399230139473
라마65a22b,48890410,대양면,33.0,250000.0,250000.0,1065250.0,1722750.0,128.21943978227765,35.49850029535826
라마65a23a,48890410,대양면,23.0,250000.0,250000.0,1065250.0,1723250.0,128.21947998306052,35.503008285907065
라마65a23b,48890410,대양면,8.0,250000.0,250000.0,1065250.0,1723750.0,128.21952019277086,35.507516273040984
라마65a24a,48890410,대양면,,250000.0,250000.0,1065250.0,1724250.0,128.21956041141067,35.5120242567598
라마65a24b,48890410,대양면,,250000.0,250000.0,1065250.0,1724750.0,128.219600638982,35.516532237063345
라마65a25a,48890410,대양면,,250000.0,250000.0,1065250.0,1725250.0,128.21964087548676,35.521040213951395
라마65a25b,48890410,대양면,,250000.0,250000.0,1065250.0,1725750.0,128.219681120927,35.525548187423794
라마65a26a,48890410,대양면,,250000.0,250000.0,1065250.0,1726250.0,128.21972137530463,35.53005615748033
라마65a26b,48890360,초계면,,250000.0,249999.99999968676,1065250.0,1726750.0,128.21976163862172,35.53456412412084
라마65a27a,48890360,초계면,,250000.0,249999.99999953734,1065250.0,1727250.0,128.21980191088025,35.5390720873451
라마65a27b,48890350,율곡면,,250000.0,249999.99999948186,1065250.0,1727750.0,128.21984219208218,35.54358004715292
라마65a28a,48890350,율곡면,,250000.0,250000.0,1065250.0,1728250.0,128.21988248222954,35.548088003544144
라마65a28b,48890350,율곡면,,250000.0,250000.0,1065250.0,1728750.0,128.21992278132427,35.552595956518566
라마65a29a,48890350,율곡면,,250000.0,250000.0,1065250.0,1729250.0,128.21996308936843,35.55710390607599
라마65a29b,48890350,율곡면,0.0,250000.0,250000.0,1065250.0,1729750.0,128.22000340636401,35.56161185221624
라마65a30a,48890350,율곡면,23.0,250000.0,250000.0,1065250.0,1730250.0,128.22004373231292,35.566119794939105
라마65a30b,48890350,율곡면,73.0,250000.0,250000.0,1065250.0,1730750.0,128.22008406721727,35.5706277342444
라마65a31a,48890350,율곡면,13.0,250000.0,250000.0,1065250.0,1731250.0,128.220124411079,35.575135670131964
라마65a31b,48890350,율곡면,5.0,250000.0,250000.0,1065250.0,1731750.0,128.2201647639001,35.579643602601585
라마65a32a,48890350,율곡면,8.0,250000.0,250000.0,1065250.0,1732250.0,128.2202051256826,35.58415153165308
라마65a32b,48890350,율곡면,5.0,250000.0,250000.0,1065250.0,1732750.0,128.22024549642848,35.58865945728625
라마65a33a,48890350,율곡면,5.0,250000.0,250000.0,1065250.0,1733250.0,128.22028587613974,35.59316737950092
라마65a33b,48890350,율곡면,,250000.0,250000.0,1065250.0,1733750.0,128.2203262648184,35.597675298296885
라마65a34a,48890350,율곡면,5.0,250000.0,250000.0,1065250.0,1734250.0,128.22036666246643,35.60218321367397
라마65a34b,48890350,율곡면,,250000.0,250000.0,1065250.0,1734750.0,128.22040706908584,35.60669112563198
라마65a35a,48890350,율곡면,,250000.0,250000.0,1065250.0,1735250.0,128.2204474846787,35.61119903417074
라마65a35b,48890350,율곡면,8.0,250000.0,250000.0,1065250.0,1735750.0,128.22048790924688,35.61570693929003
라마65a36a,48890350,율곡면,5.0,250000.0,250000.0,1065250.0,1736250.0,128.2205283427925,35.62021484098969
라마65a36b,48890350,율곡면,,250000.0,250000.0,1065250.0,1736750.0,128.2205687853175,35.624722739269515
라마65a37a,48890350,율곡면,18.0,250000.0,250000.0,1065250.0,1737250.0,128.22060923682398,35.62923063412935
라마65a37b,48890350,율곡면,8.0,250000.0,250000.0,1065250.0,1737750.0,128.22064969731383,35.63373852556897
라마65a38a,48890350,율곡면,,250000.0,246940.9237125757,1065250.0,1738250.0,128.22069016678913,35.6382464135882
라마65b21b,48890410,대양면,13.0,250000.0,174771.2410441564,1065750.0,1721750.0,128.22487134751785,35.48945131777683
라마65b22a,48890410,대양면,,250000.0,250000.0,1065750.0,1722250.0,128.22491183827947,35.49395930969704
라마65b22b,48890410,대양면,0.0,250000.0,250000.0,1065750.0,1722750.0,128.224952338033,35.498467298202144
라마65b23a,48890410,대양면,8.0,250000.0,250000.0,1065750.0,1723250.0,128.22499284678034,35.50297528329193
라마65b23b,48890410,대양면,,250000.0,250000.0,1065750.0,1723750.0,128.22503336452363,35.50748326496621
라마65b24a,48890410,대양면,,250000.0,250000.0,1065750.0,1724250.0,128.2250738912647,35.5119912432248
라마65b24b,48890410,대양면,,250000.0,250000.0,1065750.0,1724750.0,128.22511442700574,35.516499218067494
라마65b25a,48890410,대양면,,250000.0,250000.0,1065750.0,1725250.0,128.22515497174862,35.52100718949413
라마65b25b,48890360,초계면,,250000.0,250000.0,1065750.0,1725750.0,128.22519552549542,35.525515157504486
라마65b26a,48890360,초계면,,250000.0,250000.0,1065750.0,1726250.0,128.2252360882481,35.5300231220984
라마65b26b,48890360,초계면,5.0,250000.0,250000.0,1065750.0,1726750.0,128.2252766600087,35.53453108327566
라마65b27a,48890360,초계면,,250000.0,250000.0,1065750.0,1727250.0,128.22531724077922,35.53903904103609
라마65b27b,48890360,초계면,,250000.0,249999.9999999659,1065750.0,1727750.0,128.22535783056162,35.54354699537948
라마65b28a,48890360,초계면,,250000.0,249999.99999935058,1065750.0,1728250.0,128.22539842935797,35.54805494630567
라마65b28b,48890360,초계면,,250000.0,249999.99999928122,1065750.0,1728750.0,128.22543903717025,35.55256289381445
라마65b29a,48890350,율곡면,,250000.0,249999.99999945873,1065750.0,1729250.0,128.22547965400048,35.557070837905634
라마65b29b,48890350,율곡면,,250000.0,250000.0,1065750.0,1729750.0,128.22552027985068,35.56157877857904
라마65b30a,48890350,율곡면,,250000.0,250000.0,1065750.0,1730250.0,128.22556091472285,35.566086715834466
라마65b30b,48890350,율곡면,,250000.0,250000.0,1065750.0,1730750.0,128.22560155861902,35.570594649671726
라마65b31a,48890350,율곡면,13.0,250000.0,250000.0,1065750.0,1731250.0,128.22564221154113,35.57510258009064
라마65b31b,48890350,율곡면,43.0,250000.0,250000.0,1065750.0,1731750.0,128.22568287349128,35.57961050709101
라마65b32a,48890350,율곡면,0.0,250000.0,250000.0,1065750.0,1732250.0,128.22572354447146,35.58411843067265
라마65b32b,48890350,율곡면,,250000.0,250000.0,1065750.0,1732750.0,128.2257642244837,35.588626350835355
라마65b33a,48890350,율곡면,,250000.0,250000.0,1065750.0,1733250.0,128.22580491352997,35.593134267578975
라마65b33b,48890350,율곡면,,250000.0,250000.0,1065750.0,1733750.0,128.22584561161233,35.597642180903264
라마65b34a,48890350,율곡면,,250000.0,250000.0,1065750.0,1734250.0,128.22588631873273,35.602150090808095
라마65b34b,48890350,율곡면,,250000.0,250000.0,1065750.0,1734750.0,128.22592703489326,35.60665799729324
라마65b35a,48890350,율곡면,,250000.0,250000.0,1065750.0,1735250.0,128.22596776009593,35.61116590035853
라마65b35b,48890350,율곡면,,250000.0,250000.0,1065750.0,1735750.0,128.22600849434272,35.61567380000375
라마65b36a,48890350,율곡면,8.0,250000.0,250000.0,1065750.0,1736250.0,128.2260492376357,35.62018169622873
라마65b36b,48890350,율곡면,,250000.0,250000.0,1065750.0,1736750.0,128.22608998997686,35.62468958903328
라마65b37a,48890350,율곡면,5.0,250000.0,250000.0,1065750.0,1737250.0,128.2261307513682,35.62919747841721
라마65b37b,48890350,율곡면,,250000.0,250000.0,1065750.0,1737750.0,128.2261715218118,35.633705364380354
라마65b38a,48890350,율곡면,,250000.0,236809.65903035057,1065750.0,1738250.0,128.22621230130963,35.638213246922476
라마66a22a,48890410,대양면,,250000.0,240191.93684726738,1066250.0,1722250.0,128.23042407714678,35.493926066212545
라마66a22b,48890410,대양면,33.0,250000.0,250000.0,1066250.0,1722750.0,128.23046488479446,35.498434049217565
라마66a23a,48890410,대양면,13.0,250000.0,250000.0,1066250.0,1723250.0,128.23050570150434,35.50294202880666
라마66a23b,48890410,대양면,,250000.0,250000.0,1066250.0,1723750.0,128.23054652727848,35.50745000497965
라마66a24a,48890410,대양면,,250000.0,250000.0,1066250.0,1724250.0,128.23058736211888,35.51195797773633
라마66a24b,48890410,대양면,,250000.0,250000.0,1066250.0,1724750.0,128.2306282060276,35.51646594707653
라마66a25a,48890360,초계면,,250000.0,250000.0,1066250.0,1725250.0,128.23066905900663,35.52097391300004
라마66a25b,48890360,초계면,,250000.0,250000.0,1066250.0,1725750.0,128.23070992105798,35.5254818755067
라마66a26a,48890360,초계면,,250000.0,250000.0,1066250.0,1726250.0,128.23075079218367,35.52998983459629
라마66a26b,48890360,초계면,5.0,250000.0,250000.0,1066250.0,1726750.0,128.23079167238575,35.534497790268624
라마66a27a,48890360,초계면,8.0,250000.0,250000.0,1066250.0,1727250.0,128.23083256166623,35.53900574252352
라마66a27b,48890360,초계면,,250000.0,250000.0,1066250.0,1727750.0,128.23087346002714,35.543513691360786
라마66a28a,48890360,초계면,,250000.0,250000.0,1066250.0,1728250.0,128.23091436747046,35.54802163678023
라마66a28b,48890360,초계면,,250000.0,250000.0,1066250.0,1728750.0,128.2309552839983,35.55252957878167
라마66a29a,48890360,초계면,,250000.0,249999.99999934845,1066250.0,1729250.0,128.23099620961258,35.5570375173649
라마66a29b,48890350,율곡면,,250000.0,249999.99999959033,1066250.0,1729750.0,128.23103714431542,35.56154545252975
라마66a30a,48890350,율곡면,,250000.0,250000.0,1066250.0,1730250.0,128.2310780881088,35.56605338427602
라마66a30b,48890350,율곡면,8.0,250000.0,250000.0,1066250.0,1730750.0,128.23111904099474,35.570561312603495
라마66a31a,48890350,율곡면,13.0,250000.0,250000.0,1066250.0,1731250.0,128.2311600029753,35.57506923751203
라마66a31b,48890350,율곡면,8.0,250000.0,250000.0,1066250.0,1731750.0,128.23120097405248,35.57957715900141
라마66a32a,48890350,율곡면,48.0,250000.0,250000.0,1066250.0,1732250.0,128.23124195422832,35.584085077071464
라마66a32b,48890350,율곡면,13.0,250000.0,250000.0,1066250.0,1732750.0,128.23128294350485,35.58859299172198
라마66a33a,48890350,율곡면,,250000.0,250000.0,1066250.0,1733250.0,128.2313239418841,35.59310090295279
라마66a33b,48890350,율곡면,33.0,250000.0,250000.0,1066250.0,1733750.0,128.23136494936813,35.59760881076366
라마66a34a,48890350,율곡면,23.0,250000.0,250000.0,1066250.0,1734250.0,128.23140596595897,35.60211671515447
라마66a34b,48890350,율곡면,,250000.0,250000.0,1066250.0,1734750.0,128.23144699165857,35.606624616124975
라마66a35a,48890350,율곡면,,250000.0,250000.0,1066250.0,1735250.0,128.23148802646907,35.61113251367503
라마66a35b,48890350,율곡면,,250000.0,250000.0,1066250.0,1735750.0,128.2315290703924,35.6156404078044
라마66a36a,48890350,율곡면,,250000.0,250000.0,1066250.0,1736250.0,128.2315701234307,35.62014829851293
라마66a36b,48890350,율곡면,0.0,250000.0,249999.99999986967,1066250.0,1736750.0,128.23161118558596,35.62465618580042
라마66a37a,48890350,율곡면,,250000.0,249999.9999994288,1066250.0,1737250.0,128.23165225686023,35.62916406966668
라마66a37b,48890350,율곡면,,250000.0,249999.99999870977,1066250.0,1737750.0,128.23169333725554,35.633671950111534
라마66a38a,48890370,쌍책면,,250000.0,232077.0495137665,1066250.0,1738250.0,128.23173442677387,35.638179827134756
라마66b22b,48890410,대양면,,250000.0,250000.0,1066750.0,1722750.0,128.23597742249368,35.498400548405854
라마66b23a,48890410,대양면,,250000.0,250000.0,1066750.0,1723250.0,128.23601854716406,35.50290852245259
라마66b23b,48890410,대양면,,250000.0,250000.0,1066750.0,1723750.0,128.2360596809671,35.50741649308262
라마66b24a,48890410,대양면,,250000.0,250000.0,1066750.0,1724250.0,128.23610082390476,35.51192446029575
라마66b24b,48890360,초계면,,250000.0,250000.0,1066750.0,1724750.0,128.23614197597917,35.51643242409176
라마66b25a,48890360,초계면,,250000.0,250000.0,1066750.0,1725250.0,128.23618313719228,35.52094038447049
라마66b25b,48890360,초계면,,250000.0,250000.0,1066750.0,1725750.0,128.23622430754617,35.525448341431755
라마66b26a,48890360,초계면,,250000.0,250000.0,1066750.0,1726250.0,128.23626548704286,35.52995629497535
라마66b26b,48890360,초계면,8.0,250000.0,250000.0,1066750.0,1726750.0,128.23630667568443,35.53446424510106
라마66b27a,48890360,초계면,28.0,250000.0,250000.0,1066750.0,1727250.0,128.23634787347285,35.53897219180874
라마66b27b,48890360,초계면,18.0,250000.0,250000.0,1066750.0,1727750.0,128.23638908041022,35.543480135098164
라마66b28a,48890360,초계면,13.0,250000.0,250000.0,1066750.0,1728250.0,128.2364302964985,35.54798807496917
라마66b28b,48890360,초계면,28.0,250000.0,250000.0,1066750.0,1728750.0,128.23647152173982,35.55249601142155
라마66b29a,48890360,초계면,0.0,250000.0,250000.0,1066750.0,1729250.0,128.23651275613616,35.557003944455126
라마66b29b,48890360,초계면,,250000.0,249999.9999997746,1066750.0,1729750.0,128.2365539996896,35.561511874069694
라마66b30a,48890350,율곡면,,250000.0,249999.99999946012,1066750.0,1730250.0,128.23659525240214,35.56601980026507
라마66b30b,48890350,율곡면,,250000.0,250000.0,1066750.0,1730750.0,128.23663651427586,35.57052772304105
라마66b31a,48890350,율곡면,8.0,250000.0,250000.0,1066750.0,1731250.0,128.2366777853128,35.57503564239748
라마66b31b,48890350,율곡면,5.0,250000.0,250000.0,1066750.0,1731750.0,128.236719065515,35.579543558334144
라마66b32a,48890350,율곡면,13.0,250000.0,250000.0,1066750.0,1732250.0,128.23676035488447,35.58405147085085
라마66b32b,48890350,율곡면,,250000.0,250000.0,1066750.0,1732750.0,128.2368016534233,35.58855937994743
라마66b33a,48890350,율곡면,,250000.0,250000.0,1066750.0,1733250.0,128.2368429611335,35.593067285623675
라마66b33b,48890350,율곡면,,250000.0,250000.0,1066750.0,1733750.0,128.2368842780172,35.597575187879386
라마66b34a,48890350,율곡면,,250000.0,250000.0,1066750.0,1734250.0,128.23692560407633,35.602083086714416
라마66b34b,48890350,율곡면,5.0,250000.0,250000.0,1066750.0,1734750.0,128.23696693931302,35.60659098212854
라마66b35a,48890350,율곡면,68.0,250000.0,250000.0,1066750.0,1735250.0,128.2370082837293,35.61109887412158
라마66b35b,48890350,율곡면,33.0,250000.0,250000.0,1066750.0,1735750.0,128.23704963732717,35.61560676269333
라마66b36a,48890350,율곡면,5.0,250000.0,249999.99999957895,1066750.0,1736250.0,128.2370910001088,35.62011464784362
라마66b36b,48890370,쌍책면,,250000.0,249999.99999946821,1066750.0,1736750.0,128.2371323720761,35.624622529572264
라마66b37a,48890370,쌍책면,8.0,250000.0,249999.99999908218,1066750.0,1737250.0,128.2371737532312,35.62913040787906
라마66b37b,48890370,쌍책면,0.0,250000.0,250000.0,1066750.0,1737750.0,128.23721514357615,35.63363828276384
라마66b38a,48890370,쌍책면,,250000.0,250000.0,1066750.0,1738250.0,128.23725654311303,35.63814615422639
라마66b38b,48890370,쌍책면,,250000.0,171298.75423820582,1066750.0,1738750.0,128.23729795184383,35.64265402226654
라마66b39a,48890370,쌍책면,,250000.0,168410.02732310203,1066750.0,1739250.0,128.2373393697706,35.64716188688409
라마66b39b,48890370,쌍책면,,250000.0,115942.50752128287,1066750.0,1739750.0,128.23738079689548,35.65166974807885
라마67a22b,48890410,대양면,,250000.0,250000.0,1067250.0,1722750.0,128.2414899510623,35.49836679576832
라마67a23a,48890410,대양면,,250000.0,250000.0,1067250.0,1723250.0,128.24153138369115,35.50287476423106
라마67a23b,48890410,대양면,,250000.0,250000.0,1067250.0,1723750.0,128.24157282552102,35.507382729276486
라마67a24a,48890360,초계면,,250000.0,250000.0,1067250.0,1724250.0,128.24161427655395,35.511890690904366
라마67a24b,48890360,초계면,,250000.0,250000.0,1067250.0,1724750.0,128.24165573679198,35.51639864911454
라마67a25a,48890360,초계면,,250000.0,250000.0,1067250.0,1725250.0,128.24169720623718,35.520906603906816
라마67a25b,48890360,초계면,8.0,250000.0,250000.0,1067250.0,1725750.0,128.24173868489157,35.525414555280996
라마67a26a,48890360,초계면,23.0,250000.0,250000.0,1067250.0,1726250.0,128.24178017275722,35.52992250323689
라마67a26b,48890360,초계면,8.0,250000.0,250000.0,1067250.0,1726750.0,128.2418216698362,35.53443044777432
라마67a27a,48890360,초계면,73.0,250000.0,250000.0,1067250.0,1727250.0,128.24186317613055,35.53893838889308
라마67a27b,48890360,초계면,23.0,250000.0,250000.0,1067250.0,1727750.0,128.2419046916423,35.54344632659297
라마67a28a,48890360,초계면,13.0,250000.0,250000.0,1067250.0,1728250.0,128.24194621637355,35.54795426087383
라마67a28b,48890360,초계면,83.0,250000.0,250000.0,1067250.0,1728750.0,128.2419877503263,35.55246219173546
라마67a29a,48890360,초계면,13.0,250000.0,250000.0,1067250.0,1729250.0,128.24202929350264,35.55697011917765
라마67a29b,48890360,초계면,,250000.0,250000.0,1067250.0,1729750.0,128.24207084590466,35.56147804320022
라마67a30a,48890360,초계면,,250000.0,249999.99999974613,1067250.0,1730250.0,128.24211240753434,35.565985963802994
라마67a30b,48890350,율곡면,,250000.0,249999.9999985911,1067250.0,1730750.0,128.2421539783938,35.57049388098575
라마67a31a,48890350,율곡면,,250000.0,250000.0,1067250.0,1731250.0,128.24219555848507,35.57500179474834
라마67a31b,48890350,율곡면,5.0,250000.0,250000.0,1067250.0,1731750.0,128.24223714781021,35.57950970509054
라마67a32a,48890350,율곡면,18.0,250000.0,250000.0,1067250.0,1732250.0,128.24227874637126,35.58401761201219
라마67a32b,48890350,율곡면,18.0,250000.0,250000.0,1067250.0,1732750.0,128.24232035417037,35.58852551551306
라마67a33a,48890350,율곡면,,250000.0,250000.0,1067250.0,1733250.0,128.24236197120948,35.593033415593005
라마67a33b,48890350,율곡면,,250000.0,250000.0,1067250.0,1733750.0,128.24240359749075,35.5975413122518
라마67a34a,48890350,율곡면,,250000.0,249999.9999998038,1067250.0,1734250.0,128.2424452330162,35.60204920548928
라마67a34b,48890350,율곡면,0.0,250000.0,249999.99999859268,1067250.0,1734750.0,128.24248687778788,35.60655709530525
라마67a35a,48890370,쌍책면,,250000.0,249999.99999998015,1067250.0,1735250.0,128.2425285318079,35.61106498169951
라마67a35b,48890370,쌍책면,,250000.0,249999.99999919842,1067250.0,1735750.0,128.2425701950783,35.615572864671876
라마67a36a,48890370,쌍책면,,250000.0,249999.99999996295,1067250.0,1736250.0,128.2426118676011,35.62008074422215
라마67a36b,48890370,쌍책면,,250000.0,250000.0,1067250.0,1736750.0,128.24265354937842,35.62458862035017
라마67a37a,48890370,쌍책면,5.0,250000.0,250000.0,1067250.0,1737250.0,128.24269524041236,35.629096493055734
라마67a37b,48890370,쌍책면,,250000.0,250000.0,1067250.0,1737750.0,128.2427369407049,35.633604362338644
라마67a38a,48890370,쌍책면,,250000.0,250000.0,1067250.0,1738250.0,128.2427786502582,35.63811222819871
라마67a38b,48890370,쌍책면,,250000.0,250000.0,1067250.0,1738750.0,128.24282036907425,35.642620090635766
라마67a39a,48890370,쌍책면,,250000.0,250000.0,1067250.0,1739250.0,128.24286209715518,35.64712794964959
라마67a39b,48890370,쌍책면,,250000.0,239722.00338614595,1067250.0,1739750.0,128.24290383450304,35.651635805240005
라마67b22b,48890410,대양면,,250000.0,250000.0,1067750.0,1722750.0,128.24700247043197,35.49833279130635
라마67b23a,48890410,대양면,,250000.0,250000.0,1067750.0,1723250.0,128.24704421101723,35.50284075414342
라마67b23b,48890360,초계면,,250000.0,250000.0,1067750.0,1723750.0,128.24708596087189,35.507348713562564
라마67b24a,48890360,초계면,,250000.0,250000.0,1067750.0,1724250.0,128.24712771999802,35.51185666956356
라마67b24b,48890360,초계면,,250000.0,250000.0,1067750.0,1724750.0,128.24716948839765,35.51636462214621
라마67b25a,48890360,초계면,28.0,250000.0,250000.0,1067750.0,1725250.0,128.24721126607284,35.52087257131035
라마67b25b,48890360,초계면,53.0,250000.0,250000.0,1067750.0,1725750.0,128.2472530530257,35.52538051705578
라마67b26a,48890360,초계면,8.0,250000.0,250000.0,1067750.0,1726250.0,128.24729484925828,35.5298884593823
라마67b26b,48890360,초계면,8.0,250000.0,250000.0,1067750.0,1726750.0,128.24733665477262,35.534396398289736
라마67b27a,48890360,초계면,18.0,250000.0,250000.0,1067750.0,1727250.0,128.2473784695708,35.538904333777886
라마67b27b,48890360,초계면,118.0,250000.0,250000.0,1067750.0,1727750.0,128.24742029365493,35.543412265846555
라마67b28a,48890360,초계면,8.0,250000.0,250000.0,1067750.0,1728250.0,128.24746212702706,35.54792019449555
라마67b28b,48890360,초계면,,250000.0,250000.0,1067750.0,1728750.0,128.2475039696892,35.55242811972471
라마67b29a,48890360,초계면,,250000.0,250000.0,1067750.0,1729250.0,128.2475458216435,35.55693604153381
라마67b29b,48890360,초계면,84.0,250000.0,250000.0,1067750.0,1729750.0,128.247587682892,35.56144395992267
라마67b30a,48890360,초계면,13.0,250000.0,250000.0,1067750.0,1730250.0,128.24762955343678,35.56595187489111
라마67b30b,48890360,초계면,,250000.0,249999.999999,1067750.0,1730750.0,128.2476714332799,35.57045978643893
라마67b31a,48890350,율곡면,5.0,250000.0,250000.0,1067750.0,1731250.0,128.24771332242344,35.574967694565956
라마67b31b,48890350,율곡면,,250000.0,250000.0,1067750.0,1731750.0,128.24775522086946,35.57947559927196
라마67b32a,48890350,율곡면,5.0,250000.0,250000.0,1067750.0,1732250.0,128.24779712862008,35.58398350055679
라마67b32b,48890350,율곡면,13.0,250000.0,250000.0,1067750.0,1732750.0,128.24783904567732,35.58849139842024
라마67b33a,48890350,율곡면,,250000.0,250000.0,1067750.0,1733250.0,128.24788097204333,35.592999292862125
라마67b33b,48890350,율곡면,,250000.0,249999.99999961842,1067750.0,1733750.0,128.24792290772012,35.59750718388225
라마67b34a,48890370,쌍책면,8.0,250000.0,250000.0,1067750.0,1734250.0,128.2479648527098,35.60201507148043
라마67b34b,48890370,쌍책면,8.0,250000.0,250000.0,1067750.0,1734750.0,128.2480068070144,35.606522955656466
라마67b35a,48890370,쌍책면,,250000.0,250000.0,1067750.0,1735250.0,128.2480487706361,35.611030836410194
라마67b35b,48890370,쌍책면,,250000.0,250000.0,1067750.0,1735750.0,128.2480907435769,35.61553871374139
라마67b36a,48890370,쌍책면,13.0,250000.0,250000.0,1067750.0,1736250.0,128.2481327258389,35.62004658764989
라마67b36b,48890370,쌍책면,33.0,250000.0,250000.0,1067750.0,1736750.0,128.24817471742418,35.6245544581355
라마67b37a,48890370,쌍책면,33.0,250000.0,250000.0,1067750.0,1737250.0,128.24821671833485,35.62906232519803
라마67b37b,48890370,쌍책면,13.0,250000.0,250000.0,1067750.0,1737750.0,128.24825872857295,35.63357018883729
라마67b38a,48890370,쌍책면,38.0,250000.0,250000.0,1067750.0,1738250.0,128.2483007481406,35.63807804905308
라마67b38b,48890370,쌍책면,,250000.0,250000.0,1067750.0,1738750.0,128.24834277703985,35.64258590584523
라마67b39a,48890370,쌍책면,,250000.0,250000.0,1067750.0,1739250.0,128.24838481527283,35.64709375921353
라마67b39b,48890370,쌍책면,,250000.0,153816.41217074927,1067750.0,1739750.0,128.24842686284157,35.651601609157815
라마68a22b,48890410,대양면,,250000.0,250000.0,1068250.0,1722750.0,128.2525149805343,35.498298535021284
라마68a23a,48890410,대양면,,250000.0,250000.0,1068250.0,1723250.0,128.25255702907393,35.50280649219104
라마68a23b,48890360,초계면,,250000.0,250000.0,1068250.0,1723750.0,128.25259908695134,35.507314445942235
라마68a24a,48890360,초계면,,250000.0,250000.0,1068250.0,1724250.0,128.25264115416854,35.51182239627466
라마68a24b,48890360,초계면,,250000.0,250000.0,1068250.0,1724750.0,128.25268323072774,35.51633034318813
라마68a25a,48890360,초계면,5.0,250000.0,250000.0,1068250.0,1725250.0,128.2527253166309,35.520838286682455
라마68a25b,48890360,초계면,8.0,250000.0,250000.0,1068250.0,1725750.0,128.25276741188011,35.52534622675746
라마68a26a,48890360,초계면,60.0,250000.0,250000.0,1068250.0,1726250.0,128.25280951647753,35.52985416341293
라마68a26b,48890360,초계면,23.0,250000.0,250000.0,1068250.0,1726750.0,128.2528516304252,35.534362096648685
라마68a27a,48890360,초계면,,250000.0,250000.0,1068250.0,1727250.0,128.25289375372517,35.538870026464515
라마68a27b,48890360,초계면,28.0,250000.0,250000.0,1068250.0,1727750.0,128.2529358863796,35.54337795286026
라마68a28a,48890360,초계면,58.0,250000.0,250000.0,1068250.0,1728250.0,128.2529780283905,35.54788587583571
라마68a28b,48890360,초계면,0.0,250000.0,250000.0,1068250.0,1728750.0,128.25302017975997,35.55239379539069
라마68a29a,48890360,초계면,,250000.0,250000.0,1068250.0,1729250.0,128.25306234049015,35.556901711524986
라마68a29b,48890360,초계면,78.0,250000.0,250000.0,1068250.0,1729750.0,128.25310451058309,35.56140962423843
라마68a30a,48890360,초계면,8.0,250000.0,250000.0,1068250.0,1730250.0,128.25314669004086,35.56591753353082
라마68a30b,48890350,율곡면,5.0,250000.0,249999.99999943306,1068250.0,1730750.0,128.2531888788656,35.570425439401966
라마68a31a,48890350,율곡면,0.0,250000.0,249999.99999971918,1068250.0,1731250.0,128.2532310770593,35.57493334185168
라마68a31b,48890350,율곡면,,250000.0,249999.9999991753,1068250.0,1731750.0,128.25327328462419,35.57944124087976
라마68a32a,48890350,율곡면,,250000.0,250000.0,1068250.0,1732250.0,128.25331550156224,35.58394913648604
라마68a32b,48890350,율곡면,,250000.0,250000.0,1068250.0,1732750.0,128.25335772787562,35.58845702867031
라마68a33a,48890350,율곡면,28.0,250000.0,250000.0,1068250.0,1733250.0,128.25339996356635,35.5929649174324
라마68a33b,48890350,율곡면,18.0,250000.0,249999.99999981426,1068250.0,1733750.0,128.2534422086366,35.59747280277209
라마68a34a,48890370,쌍책면,,250000.0,250000.0,1068250.0,1734250.0,128.25348446308843,35.60198068468922
라마68a34b,48890370,쌍책면,43.0,250000.0,250000.0,1068250.0,1734750.0,128.25352672692392,35.60648856318358
라마68a35a,48890370,쌍책면,18.0,250000.0,250000.0,1068250.0,1735250.0,128.2535690001452,35.61099643825499
라마68a35b,48890370,쌍책면,,250000.0,250000.0,1068250.0,1735750.0,128.25361128275432,35.615504309903265
라마68a36a,48890370,쌍책면,13.0,250000.0,250000.0,1068250.0,1736250.0,128.25365357475343,35.62001217812819
라마68a36b,48890370,쌍책면,13.0,250000.0,250000.0,1068250.0,1736750.0,128.25369587614458,35.62452004292961
라마68a37a,48890370,쌍책면,18.0,250000.0,250000.0,1068250.0,1737250.0,128.2537381869299,35.62902790430733
라마68a37b,48890370,쌍책면,23.0,250000.0,250000.0,1068250.0,1737750.0,128.25378050711146,35.63353576226115
라마68a38a,48890370,쌍책면,13.0,250000.0,250000.0,1068250.0,1738250.0,128.25382283669134,35.63804361679086
라마68a38b,48890370,쌍책면,,250000.0,250000.0,1068250.0,1738750.0,128.25386517567173,35.64255146789631
라마68a39a,48890370,쌍책면,,250000.0,237209.5624996898,1068250.0,1739250.0,128.25390752405465,35.64705931557729
라마68b22b,48890410,대양면,,250000.0,236091.94971280664,1068750.0,1722750.0,128.25802748130096,35.49826402691449
라마68b23a,48890410,대양면,,250000.0,250000.0,1068750.0,1723250.0,128.25806983779287,35.50277197837527
라마68b23b,48890360,초계면,,250000.0,250000.0,1068750.0,1723750.0,128.25811220369093,35.50727992641686
라마68b24a,48890360,초계면,,250000.0,250000.0,1068750.0,1724250.0,128.2581545789972,35.51178787103905
라마68b24b,48890360,초계면,,250000.0,250000.0,1068750.0,1724750.0,128.2581969637138,35.516295812241665
라마68b25a,48890400,적중면,,250000.0,250000.0,1068750.0,1725250.0,128.25823935784283,35.52080375002451
라마68b25b,48890400,적중면,0.0,250000.0,250000.0,1068750.0,1725750.0,128.25828176138637,35.525311684387404
라마68b26a,48890400,적중면,43.0,250000.0,250000.0,1068750.0,1726250.0,128.25832417434654,35.52981961533012
라마68b26b,48890400,적중면,,250000.0,250000.0,1068750.0,1726750.0,128.25836659672544,35.534327542852516
라마68b27a,48890400,적중면,,250000.0,250000.0,1068750.0,1727250.0,128.25840902852514,35.53883546695435
라마68b27b,48890360,초계면,68.0,250000.0,250000.0,1068750.0,1727750.0,128.2584514697477,35.543343387635474
라마68b28a,48890360,초계면,,250000.0,250000.0,1068750.0,1728250.0,128.25849392039535,35.54785130489567
라마68b28b,48890360,초계면,,250000.0,250000.0,1068750.0,1728750.0,128.25853638047008,35.55235921873477
라마68b29a,48890360,초계면,13.0,250000.0,250000.0,1068750.0,1729250.0,128.25857884997404,35.55686712915255
라마68b29b,48890360,초계면,68.0,250000.0,250000.0,1068750.0,1729750.0,128.2586213289093,35.56137503614885
라마68b30a,48890360,초계면,,250000.0,249999.99999936484,1068750.0,1730250.0,128.258663817278,35.56588293972347
라마68b30b,48890350,율곡면,,250000.0,249999.99999946813,1068750.0,1730750.0,128.2587063150822,35.57039083987621
라마68b31a,48890370,쌍책면,,250000.0,249999.99999969176,1068750.0,1731250.0,128.2587488223241,35.574898736606904
라마68b31b,48890370,쌍책면,,250000.0,249999.9999990362,1068750.0,1731750.0,128.25879133900568,35.579406629915326
라마68b32a,48890370,쌍책면,,250000.0,249999.99999919394,1068750.0,1732250.0,128.2588338651291,35.58391451980132
라마68b32b,48890350,율곡면,13.0,250000.0,250000.0,1068750.0,1732750.0,128.25887640069647,35.58842240626467
라마68b33a,48890350,율곡면,18.0,250000.0,250000.0,1068750.0,1733250.0,128.25891894570992,35.5929302893052
라마68b33b,48890350,율곡면,,250000.0,249999.99999965722,1068750.0,1733750.0,128.25896150017152,35.59743816892271
라마68b34a,48890370,쌍책면,,250000.0,250000.0,1068750.0,1734250.0,128.2590040640834,35.60194604511703
라마68b34b,48890370,쌍책면,,250000.0,250000.0,1068750.0,1734750.0,128.25904663744765,35.60645391788793
라마68b35a,48890370,쌍책면,,250000.0,250000.0,1068750.0,1735250.0,128.25908922026645,35.61096178723528
라마68b35b,48890370,쌍책면,,250000.0,250000.0,1068750.0,1735750.0,128.25913181254182,35.615469653158854
라마68b36a,48890370,쌍책면,,250000.0,250000.0,1068750.0,1736250.0,128.2591744142759,35.61997751565845
라마68b36b,48890370,쌍책면,,250000.0,250000.0,1068750.0,1736750.0,128.2592170254708,35.624485374733894
라마68b37a,48890370,쌍책면,,250000.0,250000.0,1068750.0,1737250.0,128.25925964612867,35.62899323038501
라마68b37b,48890370,쌍책면,5.0,250000.0,250000.0,1068750.0,1737750.0,128.2593022762516,35.633501082611595
라마68b38a,48890370,쌍책면,0.0,250000.0,250000.0,1068750.0,1738250.0,128.25934491584167,35.63800893141345
라마68b38b,48890370,쌍책면,,250000.0,218937.1116459205,1068750.0,1738750.0,128.25938756490106,35.6425167767904
라마69a23b,48890360,초계면,,250000.0,165362.57137379202,1069250.0,1723750.0,128.26362531102225,35.507245154987814
라마69a24a,48890360,초계면,,250000.0,249313.12566858073,1069250.0,1724250.0,128.2636679944155,35.511753093858125
라마69a24b,48890400,적중면,,250000.0,250000.0,1069250.0,1724750.0,128.26371068728747,35.51626102930822
라마69a25a,48890400,적중면,,250000.0,250000.0,1069250.0,1725250.0,128.26375338964024,35.52076896133789
라마69a25b,48890400,적중면,,250000.0,250000.0,1069250.0,1725750.0,128.263796101476,35.525276889946994
라마69a26a,48890400,적중면,5.0,250000.0,250000.0,1069250.0,1726250.0,128.26383882279686,35.529784815135294
라마69a26b,48890400,적중면,5.0,250000.0,250000.0,1069250.0,1726750.0,128.26388155360485,35.53429273690263
라마69a27a,48890400,적중면,53.0,250000.0,250000.0,1069250.0,1727250.0,128.26392429390214,35.53880065524878
라마69a27b,48890400,적중면,5.0,250000.0,250000.0,1069250.0,1727750.0,128.26396704369085,35.54330857017358
라마69a28a,48890360,초계면,88.0,250000.0,250000.0,1069250.0,1728250.0,128.2640098029731,35.54781648167681
라마69a28b,48890360,초계면,,250000.0,250000.0,1069250.0,1728750.0,128.26405257175097,35.552324389758326
라마69a29a,48890360,초계면,220.0,250000.0,250000.0,1069250.0,1729250.0,128.2640953500266,35.55683229441788
라마69a29b,48890360,초계면,205.0,250000.0,250000.0,1069250.0,1729750.0,128.26413813780212,35.561340195655326
라마69a30a,48890360,초계면,,250000.0,249999.99999984805,1069250.0,1730250.0,128.26418093507962,35.565848093470464
라마69a30b,48890370,쌍책면,,250000.0,250000.0,1069250.0,1730750.0,128.26422374186123,35.57035598786307
라마69a31a,48890370,쌍책면,,250000.0,250000.0,1069250.0,1731250.0,128.2642665581491,35.57486387883299
라마69a31b,48890370,쌍책면,8.0,250000.0,250000.0,1069250.0,1731750.0,128.26430938394532,35.579371766380035
라마69a32a,48890370,쌍책면,33.0,250000.0,250000.0,1069250.0,1732250.0,128.264352219252,35.58387965050399
라마69a32b,48890350,율곡면,8.0,250000.0,249999.99999867784,1069250.0,1732750.0,128.2643950640713,35.58838753120468
라마69a33a,48890350,율곡면,,250000.0,249999.99999984578,1069250.0,1733250.0,128.26443791840532,35.59289540848192
라마69a33b,48890370,쌍책면,5.0,250000.0,249999.99999968696,1069250.0,1733750.0,128.26448078225616,35.5974032823355
라마69a34a,48890370,쌍책면,18.0,250000.0,250000.0,1069250.0,1734250.0,128.264523655626,35.60191115276525
라마69a34b,48890370,쌍책면,,250000.0,250000.0,1069250.0,1734750.0,128.2645665385169,35.606419019770954
라마69a35a,48890370,쌍책면,5.0,250000.0,250000.0,1069250.0,1735250.0,128.26460943093105,35.61092688335246
라마69a35b,48890370,쌍책면,,250000.0,250000.0,1069250.0,1735750.0,128.26465233287055,35.615434743509546
라마69a36a,48890370,쌍책면,13.0,250000.0,250000.0,1069250.0,1736250.0,128.2646952443375,35.619942600242034
라마69a36b,48890370,쌍책면,,250000.0,250000.0,1069250.0,1736750.0,128.26473816533408,35.62445045354973
라마69a37a,48890370,쌍책면,,250000.0,250000.0,1069250.0,1737250.0,128.2647810958624,35.62895830343246
라마69a37b,48890370,쌍책면,8.0,250000.0,250000.0,1069250.0,1737750.0,128.26482403592456,35.63346614989001
라마69a38a,48890370,쌍책면,18.0,250000.0,250000.0,1069250.0,1738250.0,128.26486698552273,35.63797399292221
라마69a38b,48890370,쌍책면,,250000.0,228150.90555506165,1069250.0,1738750.0,128.264909944659,35.64248183252887
라마69b24a,48890400,적중면,,250000.0,193770.73619370195,1069750.0,1724250.0,128.26918140035508,35.51171806473325
라마69b24b,48890400,적중면,,250000.0,250000.0,1069750.0,1724750.0,128.26922440138028,35.51622599438914
라마69b25a,48890400,적중면,,250000.0,250000.0,1069750.0,1725250.0,128.26926741195473,35.520733920624
라마69b25b,48890400,적중면,5.0,250000.0,250000.0,1069750.0,1725750.0,128.2693104320806,35.52524184343762
라마69b26a,48890400,적중면,88.0,250000.0,250000.0,1069750.0,1726250.0,128.26935346175995,35.529749762829816
라마69b26b,48890400,적중면,,250000.0,250000.0,1069750.0,1726750.0,128.269396500995,35.5342576788004
라마69b27a,48890400,적중면,103.0,250000.0,250000.0,1069750.0,1727250.0,128.26943954978776,35.53876559134917
라마69b27b,48890400,적중면,,250000.0,250000.0,1069750.0,1727750.0,128.26948260814044,35.54327350047595
라마69b28a,48890400,적중면,5.0,250000.0,250000.0,1069750.0,1728250.0,128.2695256760552,35.547781406180526
라마69b28b,48890360,초계면,8.0,250000.0,250000.0,1069750.0,1728750.0,128.2695687535341,35.552289308462754
라마69b29a,48890360,초계면,165.0,250000.0,250000.0,1069750.0,1729250.0,128.2696118405793,35.556797207322376
라마69b29b,48890360,초계면,276.0,250000.0,250000.0,1069750.0,1729750.0,128.2696549371929,35.561305102759256
라마69b30a,48890360,초계면,5.0,250000.0,250000.0,1069750.0,1730250.0,128.26969804337713,35.56581299477316
라마69b30b,48890370,쌍책면,5.0,250000.0,250000.0,1069750.0,1730750.0,128.26974115913404,35.57032088336394
라마69b31a,48890370,쌍책면,33.0,250000.0,250000.0,1069750.0,1731250.0,128.26978428446577,35.574828768531376
라마69b31b,48890370,쌍책면,,250000.0,250000.0,1069750.0,1731750.0,128.2698274193745,35.57933665027529
라마69b32a,48890370,쌍책면,18.0,250000.0,250000.0,1069750.0,1732250.0,128.26987056386233,35.58384452859547
라마69b32b,48890370,쌍책면,8.0,250000.0,249999.9999997939,1069750.0,1732750.0,128.2699137179314,35.58835240349176
라마69b33a,48890370,쌍책면,,250000.0,249999.9999995963,1069750.0,1733250.0,128.26995688158385,35.592860274963954
라마69b33b,48890370,쌍책면,,250000.0,250000.0,1069750.0,1733750.0,128.27000005482182,35.59736814301185
라마69b34a,48890370,쌍책면,,250000.0,250000.0,1069750.0,1734250.0,128.27004323764749,35.60187600763526
라마69b34b,48890370,쌍책면,,250000.0,250000.0,1069750.0,1734750.0,128.27008643006295,35.60638386883401
라마69b35a,48890370,쌍책면,,250000.0,250000.0,1069750.0,1735250.0,128.27012963207034,35.610891726607896
라마69b35b,48890370,쌍책면,,250000.0,250000.0,1069750.0,1735750.0,128.27017284367182,35.61539958095674
라마69b36a,48890370,쌍책면,,250000.0,250000.0,1069750.0,1736250.0,128.27021606486954,35.619907431880335
라마69b36b,48890370,쌍책면,18.0,250000.0,250000.0,1069750.0,1736750.0,128.27025929566565,35.62441527937852
라마69b37a,48890370,쌍책면,,250000.0,250000.0,1069750.0,1737250.0,128.27030253606225,35.62892312345107
라마69b37b,48890370,쌍책면,,250000.0,250000.0,1069750.0,1737750.0,128.27034578606154,35.633430964097826
라마69b38a,48890370,쌍책면,5.0,250000.0,250000.0,1069750.0,1738250.0,128.2703890456656,35.63793880131856
라마69b38b,48890370,쌍책면,,250000.0,250000.0,1069750.0,1738750.0,128.27043231487667,35.642446635113124
라마70a24a,48890400,적중면,,250000.0,224476.78958372152,1070250.0,1724250.0,128.27469479674753,35.51168278366583
라마70a24b,48890400,적중면,,250000.0,250000.0,1070250.0,1724750.0,128.27473810592383,35.51619070748586
라마70a25a,48890400,적중면,5.0,250000.0,250000.0,1070250.0,1725250.0,128.27478142471782,35.52069862788421
라마70a25b,48890400,적중면,0.0,250000.0,250000.0,1070250.0,1725750.0,128.27482475313164,35.525206544860694
라마70a26a,48890400,적중면,8.0,250000.0,250000.0,1070250.0,1726250.0,128.2748680911674,35.52971445841509
라마70a26b,48890400,적중면,8.0,250000.0,250000.0,1070250.0,1726750.0,128.27491143882733,35.53422236854725
라마70a27a,48890400,적중면,,250000.0,250000.0,1070250.0,1727250.0,128.2749547961135,35.538730275256945
라마70a27b,48890400,적중면,13.0,250000.0,250000.0,1070250.0,1727750.0,128.27499816302804,35.54323817854401
라마70a28a,48890400,적중면,138.0,250000.0,250000.0,1070250.0,1728250.0,128.27504153957312,35.54774607840824
라마70a28b,48890400,적중면,,250000.0,250000.0,1070250.0,1728750.0,128.27508492575092,35.552253974849435
라마70a29a,48890360,초계면,8.0,250000.0,250000.0,1070250.0,1729250.0,128.27512832156356,35.55676186786743
라마70a29b,48890360,초계면,,250000.0,250000.0,1070250.0,1729750.0,128.27517172701317,35.561269757462014
라마70a30a,48890370,쌍책면,5.0,250000.0,250000.0,1070250.0,1730250.0,128.27521514210193,35.565777643633005
라마70a30b,48890370,쌍책면,18.0,250000.0,250000.0,1070250.0,1730750.0,128.27525856683198,35.5702855263802
라마70a31a,48890370,쌍책면,,250000.0,250000.0,1070250.0,1731250.0,128.2753020012055,35.574793405703424
라마70a31b,48890370,쌍책면,,250000.0,250000.0,1070250.0,1731750.0,128.27534544522456,35.57930128160246
라마70a32a,48890370,쌍책면,33.0,250000.0,250000.0,1070250.0,1732250.0,128.27538889889138,35.58380915407715
라마70a32b,48890370,쌍책면,,250000.0,250000.0,1070250.0,1732750.0,128.2754323622081,35.588317023127296
라마70a33a,48890370,쌍책면,,250000.0,250000.0,1070250.0,1733250.0,128.27547583517688,35.59282488875269
라마70a33b,48890370,쌍책면,,250000.0,250000.0,1070250.0,1733750.0,128.27551931779985,35.59733275095315
라마70a34a,48890370,쌍책면,5.0,250000.0,250000.0,1070250.0,1734250.0,128.27556281007918,35.601840609728484
라마70a34b,48890370,쌍책면,5.0,250000.0,250000.0,1070250.0,1734750.0,128.275606312017,35.606348465078504
라마70a35a,48890370,쌍책면,,250000.0,250000.0,1070250.0,1735250.0,128.27564982361554,35.61085631700303
라마70a35b,48890370,쌍책면,,250000.0,250000.0,1070250.0,1735750.0,128.27569334487688,35.61536416550185
라마70a36a,48890370,쌍책면,,250000.0,250000.0,1070250.0,1736250.0,128.2757368758032,35.619872010574795
라마70a36b,48890370,쌍책면,33.0,250000.0,250000.0,1070250.0,1736750.0,128.27578041639669,35.62437985222165
라마70a37a,48890370,쌍책면,5.0,250000.0,250000.0,1070250.0,1737250.0,128.27582396665946,35.62888769044226
라마70a37b,48890370,쌍책면,,250000.0,250000.0,1070250.0,1737750.0,128.27586752659371,35.6333955252364
라마70a38a,48890370,쌍책면,,250000.0,250000.0,1070250.0,1738250.0,128.27591109620158,35.637903356603914
라마70a38b,48890370,쌍책면,,250000.0,250000.0,1070250.0,1738750.0,128.27595467548522,35.642411184544585
라마70b24a,48890400,적중면,,250000.0,201385.47742806855,1070750.0,1724250.0,128.28020818352442,35.51164725065729
라마70b24b,48890400,적중면,,250000.0,250000.0,1070750.0,1724750.0,128.2802518008497,35.51615516859979
라마70b25a,48890400,적중면,,250000.0,250000.0,1070750.0,1725250.0,128.28029542786106,35.52066308311995
라마70b25b,48890400,적중면,,250000.0,250000.0,1070750.0,1725750.0,128.28033906456074,35.525170994217596
라마70b26a,48890400,적중면,,250000.0,250000.0,1070750.0,1726250.0,128.2803827109508,35.52967890189253
라마70b26b,48890400,적중면,,250000.0,250000.0,1070750.0,1726750.0,128.2804263670334,35.53418680614457
라마70b27a,48890400,적중면,0.0,250000.0,250000.0,1070750.0,1727250.0,128.2804700328108,35.5386947069735
라마70b27b,48890400,적중면,38.0,250000.0,250000.0,1070750.0,1727750.0,128.28051370828504,35.543202604379154
라마70b28a,48890400,적중면,163.0,250000.0,250000.0,1070750.0,1728250.0,128.28055739345837,35.54771049836132
라마70b28b,48890400,적중면,,250000.0,250000.0,1070750.0,1728750.0,128.2806010883329,35.552218388919826
라마70b29a,48890400,적중면,,250000.0,250000.0,1070750.0,1729250.0,128.2806447929108,35.556726276054455
라마70b29b,48890370,쌍책면,,250000.0,250000.0,1070750.0,1729750.0,128.2806885071943,35.56123415976505
라마70b30a,48890370,쌍책면,,250000.0,250000.0,1070750.0,1730250.0,128.28073223118545,35.56574204005139
라마70b30b,48890370,쌍책면,18.0,250000.0,250000.0,1070750.0,1730750.0,128.2807759648865,35.570249916913276
라마70b31a,48890370,쌍책면,38.0,250000.0,250000.0,1070750.0,1731250.0,128.2808197082996,35.57475779035056
라마70b31b,48890370,쌍책면,23.0,250000.0,250000.0,1070750.0,1731750.0,128.28086346142686,35.57926566036301
라마70b32a,48890370,쌍책면,0.0,250000.0,250000.0,1070750.0,1732250.0,128.28090722427055,35.583773526950466
라마70b32b,48890370,쌍책면,8.0,250000.0,250000.0,1070750.0,1732750.0,128.28095099683276,35.588281390112705
라마70b33a,48890370,쌍책면,,250000.0,250000.0,1070750.0,1733250.0,128.2809947791157,35.592789249849574
라마70b33b,48890370,쌍책면,8.0,250000.0,250000.0,1070750.0,1733750.0,128.28103857112148,35.59729710616083
라마70b34a,48890370,쌍책면,33.0,250000.0,250000.0,1070750.0,1734250.0,128.28108237285235,35.60180495904634
라마70b34b,48890370,쌍책면,8.0,250000.0,250000.0,1070750.0,1734750.0,128.28112618431044,35.606312808505876
라마70b35a,48890370,쌍책면,,250000.0,250000.0,1070750.0,1735250.0,128.2811700054979,35.61082065453926
라마70b35b,48890370,쌍책면,5.0,250000.0,250000.0,1070750.0,1735750.0,128.28121383641692,35.6153284971463
라마70b36a,48890370,쌍책면,,250000.0,250000.0,1070750.0,1736250.0,128.2812576770697,35.61983633632679
라마70b36b,48890370,쌍책면,,250000.0,250000.0,1070750.0,1736750.0,128.28130152745842,35.624344172080576
라마70b37a,48890370,쌍책면,,250000.0,250000.0,1070750.0,1737250.0,128.2813453875852,35.62885200440744
라마70b37b,48890370,쌍책면,8.0,250000.0,250000.0,1070750.0,1737750.0,128.28138925745225,35.6333598333072
라마70b38a,48890370,쌍책면,,250000.0,250000.0,1070750.0,1738250.0,128.28143313706173,35.63786765877966
라마70b38b,48890380,덕곡면,,250000.0,250000.0,1070750.0,1738750.0,128.28147702641584,35.642375480824654
라마70b39a,48890380,덕곡면,,250000.0,250000.0,1070750.0,1739250.0,128.28152092551676,35.64688329944197
라마70b39b,48890380,덕곡면,,250000.0,173062.3917841874,1070750.0,1739750.0,128.28156483436666,35.65139111463139
라마71a24a,48890400,적중면,,250000.0,141032.78243507099,1071250.0,1724250.0,128.28572156061736,35.51161146570903
라마71a24b,48890400,적중면,,250000.0,250000.0,1071250.0,1724750.0,128.28576548608947,35.516119377732316
라마71a25a,48890400,적중면,,250000.0,250000.0,1071250.0,1725250.0,128.2858094213161,35.52062728633264
라마71a25b,48890400,적중면,,250000.0,250000.0,1071250.0,1725750.0,128.2858533662994,35.52513519150979
라마71a26a,48890400,적중면,5.0,250000.0,250000.0,1071250.0,1726250.0,128.28589732104157,35.529643093263566
라마71a26b,48890400,적중면,53.0,250000.0,250000.0,1071250.0,1726750.0,128.28594128554477,35.5341509915938
라마71a27a,48890400,적중면,43.0,250000.0,250000.0,1071250.0,1727250.0,128.2859852598112,35.53865888650027
라마71a27b,48890400,적중면,33.0,250000.0,250000.0,1071250.0,1727750.0,128.28602924384302,35.54316677798282
라마71a28a,48890400,적중면,,250000.0,250000.0,1071250.0,1728250.0,128.2860732376424,35.54767466604123
라마71a28b,48890400,적중면,5.0,250000.0,250000.0,1071250.0,1728750.0,128.2861172412115,35.55218255067532
라마71a29a,48890400,적중면,,250000.0,250000.0,1071250.0,1729250.0,128.28616125455252,35.55669043188489
라마71a29b,48890400,적중면,,250000.0,250000.0,1071250.0,1729750.0,128.28620527766768,35.56119830966976
라마71a30a,48890370,쌍책면,,250000.0,250000.0,1071250.0,1730250.0,128.2862493105591,35.565706184029736
라마71a30b,48890370,쌍책면,,250000.0,250000.0,1071250.0,1730750.0,128.28629335322898,35.5702140549646
라마71a31a,48890370,쌍책면,136.0,250000.0,250000.0,1071250.0,1731250.0,128.2863374056795,35.57472192247422
라마71a31b,48890370,쌍책면,58.0,250000.0,250000.0,1071250.0,1731750.0,128.28638146791283,35.579229786558344
라마71a32a,48890370,쌍책면,5.0,250000.0,250000.0,1071250.0,1732250.0,128.2864255399312,35.58373764721681
라마71a32b,48890370,쌍책면,,250000.0,250000.0,1071250.0,1732750.0,128.2864696217367,35.588245504449425
라마71a33a,48890370,쌍책면,5.0,250000.0,250000.0,1071250.0,1733250.0,128.2865137133316,35.592753358256
라마71a33b,48890370,쌍책면,,250000.0,250000.0,1071250.0,1733750.0,128.28655781471807,35.597261208636326
라마71a34a,48890370,쌍책면,,250000.0,250000.0,1071250.0,1734250.0,128.2866019258983,35.60176905559023
라마71a34b,48890370,쌍책면,,250000.0,250000.0,1071250.0,1734750.0,128.28664604687444,35.60627689911753
라마71a35a,48890370,쌍책면,5.0,250000.0,250000.0,1071250.0,1735250.0,128.2866901776487,35.61078473921801
라마71a35b,48890370,쌍책면,,250000.0,250000.0,1071250.0,1735750.0,128.28673431822324,35.615292575891495
라마71a36a,48890370,쌍책면,,250000.0,250000.0,1071250.0,1736250.0,128.2867784686003,35.61980040913778
라마71a36b,48890370,쌍책면,5.0,250000.0,250000.0,1071250.0,1736750.0,128.28682262878203,35.6243082389567
라마71a37a,48890370,쌍책면,,250000.0,250000.0,1071250.0,1737250.0,128.28686679877066,35.62881606534803
라마71a37b,48890370,쌍책면,,250000.0,250000.0,1071250.0,1737750.0,128.28691097856833,35.633323888311644
라마71a38a,48890380,덕곡면,,250000.0,250000.0,1071250.0,1738250.0,128.2869551681773,35.63783170784727
라마71a38b,48890380,덕곡면,,250000.0,250000.0,1071250.0,1738750.0,128.28699936759966,35.64233952395477
라마71a39a,48890380,덕곡면,,250000.0,250000.0,1071250.0,1739250.0,128.28704357683768,35.646847336633925
라마71a39b,48890380,덕곡면,,250000.0,170062.15543572739,1071250.0,1739750.0,128.28708779589357,35.651355145884565
라마71b25a,48890400,적중면,,250000.0,250000.0,1071750.0,1725250.0,128.2913234050144,35.520591237523696
라마71b25b,48890400,적중면,,250000.0,250000.0,1071750.0,1725750.0,128.2913676582792,35.525099136738675
라마71b26a,48890400,적중면,13.0,250000.0,250000.0,1071750.0,1726250.0,128.29141192137132,35.52960703252961
라마71b26b,48890400,적중면,48.0,250000.0,250000.0,1071750.0,1726750.0,128.29145619429292,35.53411492489636
라마71b27a,48890400,적중면,,250000.0,250000.0,1071750.0,1727250.0,128.2915004770462,35.538622813838685
라마71b27b,48890400,적중면,,250000.0,250000.0,1071750.0,1727750.0,128.2915447696334,35.543130699356425
라마71b28a,48890400,적중면,,250000.0,250000.0,1071750.0,1728250.0,128.29158907205667,35.54763858144938
라마71b28b,48890400,적중면,46.0,250000.0,250000.0,1071750.0,1728750.0,128.29163338431817,35.55214646011734
라마71b29a,48890400,적중면,,250000.0,250000.0,1071750.0,1729250.0,128.2916777064202,35.55665433536015
라마71b29b,48890400,적중면,5.0,250000.0,250000.0,1071750.0,1729750.0,128.29172203836478,35.561162207177595
라마71b30a,48890400,적중면,5.0,250000.0,250000.0,1071750.0,1730250.0,128.2917663801543,35.56567007556947
라마71b30b,48890400,적중면,53.0,250000.0,250000.0,1071750.0,1730750.0,128.2918107317908,35.57017794053561
라마71b31a,48890370,쌍책면,8.0,250000.0,250000.0,1071750.0,1731250.0,128.29185509327658,35.57468580207582
라마71b31b,48890370,쌍책면,23.0,250000.0,250000.0,1071750.0,1731750.0,128.29189946461378,35.57919366018988
라마71b32a,48890370,쌍책면,68.0,250000.0,250000.0,1071750.0,1732250.0,128.2919438458046,35.58370151487764
라마71b32b,48890370,쌍책면,,250000.0,250000.0,1071750.0,1732750.0,128.2919882368513,35.58820936613889
라마71b33a,48890370,쌍책면,48.0,250000.0,250000.0,1071750.0,1733250.0,128.292032637756,35.592717213973415
라마71b33b,48890370,쌍책면,28.0,250000.0,250000.0,1071750.0,1733750.0,128.29207704852095,35.597225058381056
라마71b34a,48890370,쌍책면,,250000.0,250000.0,1071750.0,1734250.0,128.2921214691483,35.60173289936162
라마71b34b,48890370,쌍책면,,250000.0,250000.0,1071750.0,1734750.0,128.2921658996403,35.606240736914906
라마71b35a,48890390,청덕면,,250000.0,250000.0,1071750.0,1735250.0,128.29221033999917,35.61074857104073
라마71b35b,48890390,청덕면,18.0,250000.0,250000.0,1071750.0,1735750.0,128.29225479022708,35.61525640173888
라마71b36a,48890390,청덕면,,250000.0,250000.0,1071750.0,1736250.0,128.2922992503262,35.61976422900919
라마71b36b,48890370,쌍책면,,250000.0,250000.0,1071750.0,1736750.0,128.29234372029882,35.62427205285146
라마71b37a,48890380,덕곡면,,250000.0,250000.0,1071750.0,1737250.0,128.2923882001471,35.62877987326551
라마71b37b,48890380,덕곡면,0.0,250000.0,250000.0,1071750.0,1737750.0,128.29243268987318,35.63328769025113
라마71b38a,48890380,덕곡면,53.0,250000.0,250000.0,1071750.0,1738250.0,128.29247718947937,35.63779550380814
라마71b38b,48890380,덕곡면,53.0,250000.0,250000.0,1071750.0,1738750.0,128.29252169896785,35.64230331393636
라마71b39a,48890380,덕곡면,,250000.0,250000.0,1071750.0,1739250.0,128.2925662183408,35.646811120635576
라마72a25a,48890390,청덕면,,250000.0,250000.0,1072250.0,1725250.0,128.2968373788876,35.52055493669457
라마72a25b,48890400,적중면,,250000.0,250000.0,1072250.0,1725750.0,128.2968819404317,35.52506282990569
라마72a26a,48890400,적중면,,250000.0,250000.0,1072250.0,1726250.0,128.29692651187156,35.52957071969213
라마72a26b,48890400,적중면,23.0,250000.0,250000.0,1072250.0,1726750.0,128.29697109320938,35.53407860605369
라마72a27a,48890400,적중면,18.0,250000.0,250000.0,1072250.0,1727250.0,128.29701568444736,35.538586488990184
라마72a27b,48890400,적중면,53.0,250000.0,250000.0,1072250.0,1727750.0,128.29706028558775,35.54309436850142
라마72a28a,48890400,적중면,8.0,250000.0,250000.0,1072250.0,1728250.0,128.29710489663267,35.54760224458721
라마72a28b,48890400,적중면,28.0,250000.0,250000.0,1072250.0,1728750.0,128.29714951758442,35.552110117247366
라마72a29a,48890400,적중면,,250000.0,250000.0,1072250.0,1729250.0,128.29719414844516,35.55661798648168
라마72a29b,48890400,적중면,,250000.0,250000.0,1072250.0,1729750.0,128.29723878921706,35.56112585228998
라마72a30a,48890400,적중면,18.0,250000.0,250000.0,1072250.0,1730250.0,128.29728343990243,35.56563371467207
라마72a30b,48890400,적중면,5.0,250000.0,250000.0,1072250.0,1730750.0,128.2973281005034,35.570141573627744
라마72a31a,48890400,적중면,,250000.0,250000.0,1072250.0,1731250.0,128.2973727710222,35.574649429156814
라마72a31b,48890370,쌍책면,0.0,250000.0,250000.0,1072250.0,1731750.0,128.2974174514611,35.5791572812591
라마72a32a,48890370,쌍책면,5.0,250000.0,250000.0,1072250.0,1732250.0,128.2974621418222,35.5836651299344
라마72a32b,48890370,쌍책면,,250000.0,250000.0,1072250.0,1732750.0,128.29750684210782,35.58817297518252
라마72a33a,48890370,쌍책면,,250000.0,250000.0,1072250.0,1733250.0,128.29755155232013,35.59268081700329
라마72a33b,48890370,쌍책면,,250000.0,250000.0,1072250.0,1733750.0,128.29759627246133,35.59718865539649
라마72a34a,48890370,쌍책면,,250000.0,250000.0,1072250.0,1734250.0,128.2976410025337,35.601696490361945
라마72a34b,48890370,쌍책면,,250000.0,250000.0,1072250.0,1734750.0,128.2976857425394,35.606204321899455
라마72a35a,48890390,청덕면,,250000.0,250000.0,1072250.0,1735250.0,128.29773049248064,35.610712150008844
라마72a35b,48890390,청덕면,13.0,250000.0,250000.0,1072250.0,1735750.0,128.29777525235966,35.61521997468993
라마72a36a,48890390,청덕면,,250000.0,250000.0,1072250.0,1736250.0,128.29782002217868,35.619727795942474
라마72a36b,48890380,덕곡면,,250000.0,250000.0,1072250.0,1736750.0,128.29786480193994,35.62423561376632
라마72a37a,48890380,덕곡면,,250000.0,250000.0,1072250.0,1737250.0,128.2979095916456,35.62874342816127
라마72a37b,48890380,덕곡면,,250000.0,250000.0,1072250.0,1737750.0,128.29795439129796,35.63325123912715
라마72a38a,48890380,덕곡면,5.0,250000.0,250000.0,1072250.0,1738250.0,128.2979992008992,35.63775904666375
라마72a38b,48890380,덕곡면,,250000.0,250000.0,1072250.0,1738750.0,128.29804402045153,35.64226685077089
라마72a39a,48890380,덕곡면,,250000.0,250000.0,1072250.0,1739250.0,128.2980888499572,35.64677465144837
라마72a39b,48890380,덕곡면,8.0,250000.0,222733.36576761949,1072250.0,1739750.0,128.29813368941845,35.651282448695994
라마72a40a,48890380,덕곡면,,250000.0,87464.92984433408,1072250.0,1740250.0,128.29817853883745,35.65579024251359
라마72b25a,48890390,청덕면,,250000.0,250000.0,1072750.0,1725250.0,128.30235134286724,35.52051838384673
라마72b25b,48890390,청덕면,,250000.0,250000.0,1072750.0,1725750.0,128.30239621268845,35.52502627101231
라마72b26a,48890400,적중면,,250000.0,250000.0,1072750.0,1726250.0,128.30244109247386,35.52953415475254
라마72b26b,48890400,적중면,8.0,250000.0,250000.0,1072750.0,1726750.0,128.30248598222568,35.534042035067245
라마72b27a,48890400,적중면,5.0,250000.0,250000.0,1072750.0,1727250.0,128.30253088194615,35.53854991195621
라마72b27b,48890400,적중면,43.0,250000.0,250000.0,1072750.0,1727750.0,128.30257579163748,35.54305778541926
라마72b28a,48890400,적중면,18.0,250000.0,250000.0,1072750.0,1728250.0,128.3026207113019,35.54756565545619
라마72b28b,48890400,적중면,,250000.0,250000.0,1072750.0,1728750.0,128.30266564094163,35.55207352206682
라마72b29a,48890390,청덕면,,250000.0,250000.0,1072750.0,1729250.0,128.3027105805589,35.556581385250944
라마72b29b,48890400,적중면,18.0,250000.0,250000.0,1072750.0,1729750.0,128.30275553015593,35.5610892450084
라마72b30a,48890400,적중면,28.0,250000.0,250000.0,1072750.0,1730250.0,128.30280048973492,35.56559710133896
라마72b30b,48890400,적중면,5.0,250000.0,250000.0,1072750.0,1730750.0,128.30284545929817,35.57010495424243
라마72b31a,48890400,적중면,,250000.0,250000.0,1072750.0,1731250.0,128.3028904388478,35.57461280371866
라마72b31b,48890390,청덕면,,250000.0,250000.0,1072750.0,1731750.0,128.30293542838612,35.57912064976741
라마72b32a,48890370,쌍책면,,250000.0,250000.0,1072750.0,1732250.0,128.30298042791534,35.583628492388534
라마72b32b,48890370,쌍책면,,250000.0,250000.0,1072750.0,1732750.0,128.30302543743767,35.5881363315818
라마72b33a,48890370,쌍책면,,250000.0,250000.0,1072750.0,1733250.0,128.30307045695537,35.592644167347046
라마72b33b,48890390,청덕면,,250000.0,250000.0,1072750.0,1733750.0,128.30311548647063,35.597151999684044
라마72b34a,48890390,청덕면,,250000.0,250000.0,1072750.0,1734250.0,128.30316052598573,35.60165982859265
라마72b34b,48890390,청덕면,,250000.0,250000.0,1072750.0,1734750.0,128.3032055755029,35.60616765407264
라마72b35a,48890390,청덕면,,250000.0,250000.0,1072750.0,1735250.0,128.30325063502428,35.610675476123845
라마72b35b,48890390,청덕면,8.0,250000.0,250000.0,1072750.0,1735750.0,128.30329570455223,35.61518329474605
라마72b36a,48890390,청덕면,5.0,250000.0,250000.0,1072750.0,1736250.0,128.30334078408893,35.61969110993907
라마72b36b,48890380,덕곡면,,250000.0,250000.0,1072750.0,1736750.0,128.3033858736366,35.62419892170272
라마72b37a,48890380,덕곡면,,250000.0,250000.0,1072750.0,1737250.0,128.3034309731975,35.62870673003681
라마72b37b,48890380,덕곡면,,250000.0,250000.0,1072750.0,1737750.0,128.30347608277384,35.63321453494117
라마72b38a,48890380,덕곡면,,250000.0,250000.0,1072750.0,1738250.0,128.3035212023679,35.63772233641556
라마72b38b,48890380,덕곡면,,250000.0,250000.0,1072750.0,1738750.0,128.30356633198187,35.64223013445981
라마72b39a,48890380,덕곡면,,250000.0,250000.0,1072750.0,1739250.0,128.30361147161807,35.64673792907375
라마72b39b,48890380,덕곡면,,250000.0,250000.0,1072750.0,1739750.0,128.30365662127863,35.651245720257165
라마73a25a,48890390,청덕면,5.0,250000.0,250000.0,1073250.0,1725250.0,128.3078652968849,35.52048157898161
라마73a25b,48890390,청덕면,,250000.0,250000.0,1073250.0,1725750.0,128.30791047498099,35.52498946005998
라마73a26a,48890400,적중면,,250000.0,250000.0,1073250.0,1726250.0,128.3079556631097,35.52949733771233
라마73a26b,48890400,적중면,,250000.0,250000.0,1073250.0,1726750.0,128.30800086127334,35.53400521193848
라마73a27a,48890400,적중면,,250000.0,250000.0,1073250.0,1727250.0,128.30804606947407,35.538513082738234
라마73a27b,48890400,적중면,,250000.0,250000.0,1073250.0,1727750.0,128.30809128771415,35.54302095011139
라마73a28a,48890390,청덕면,,250000.0,250000.0,1073250.0,1728250.0,128.30813651599584,35.54752881405777
라마73a28b,48890390,청덕면,5.0,250000.0,250000.0,1073250.0,1728750.0,128.30818175432134,35.55203667457717
라마73a29a,48890390,청덕면,5.0,250000.0,250000.0,1073250.0,1729250.0,128.30822700269292,35.556544531669395
라마73a29b,48890400,적중면,18.0,250000.0,250000.0,1073250.0,1729750.0,128.3082722611128,35.56105238533428
라마73a30a,48890400,적중면,0.0,250000.0,250000.0,1073250.0,1730250.0,128.30831752958323,35.56556023557161
라마73a30b,48890400,적중면,,250000.0,250000.0,1073250.0,1730750.0,128.30836280810647,35.57006808238117
라마73a31a,48890390,청덕면,28.0,250000.0,250000.0,1073250.0,1731250.0,128.30840809668473,35.57457592576282
라마73a31b,48890390,청덕면,,250000.0,250000.0,1073250.0,1731750.0,128.30845339532027,35.57908376571632
라마73a32a,48890390,청덕면,,250000.0,250000.0,1073250.0,1732250.0,128.30849870401534,35.58359160224152
라마73a32b,48890390,청덕면,,250000.0,250000.0,1073250.0,1732750.0,128.30854402277217,35.588099435338194
라마73a33a,48890390,청덕면,,250000.0,250000.0,1073250.0,1733250.0,128.308589351593,35.59260726500616
라마73a33b,48890390,청덕면,,250000.0,250000.0,1073250.0,1733750.0,128.30863469048012,35.59711509124523
라마73a34a,48890390,청덕면,,250000.0,250000.0,1073250.0,1734250.0,128.30868003943573,35.60162291405522
라마73a34b,48890390,청덕면,5.0,250000.0,250000.0,1073250.0,1734750.0,128.3087253984621,35.60613073343593
라마73a35a,48890390,청덕면,38.0,250000.0,250000.0,1073250.0,1735250.0,128.30877076756144,35.61063854938717
라마73a35b,48890390,청덕면,,250000.0,250000.0,1073250.0,1735750.0,128.30881614673606,35.61514636190876
라마73a36a,48890380,덕곡면,,250000.0,250000.0,1073250.0,1736250.0,128.30886153598817,35.61965417100046
라마73a36b,48890380,덕곡면,5.0,250000.0,250000.0,1073250.0,1736750.0,128.30890693532004,35.624161976662144
라마73a37a,48890380,덕곡면,,250000.0,250000.0,1073250.0,1737250.0,128.3089523447339,35.628669778893595
라마73a37b,48890380,덕곡면,5.0,250000.0,250000.0,1073250.0,1737750.0,128.30899776423203,35.63317757769461
라마73a38a,48890380,덕곡면,0.0,250000.0,250000.0,1073250.0,1738250.0,128.30904319381665,35.637685373065004
라마73a38b,48890380,덕곡면,23.0,250000.0,250000.0,1073250.0,1738750.0,128.30908863349006,35.642193165004606
라마73a39a,48890380,덕곡면,5.0,250000.0,250000.0,1073250.0,1739250.0,128.30913408325446,35.64670095351319
라마73a39b,48890380,덕곡면,,250000.0,249175.74798707804,1073250.0,1739750.0,128.30917954311218,35.65120873859058
라마73b25a,48890390,청덕면,,250000.0,250000.0,1073750.0,1725250.0,128.31337924087214,35.52044452210068
라마73b25b,48890390,청덕면,,250000.0,250000.0,1073750.0,1725750.0,128.31342472724089,35.524952397050164
라마73b26a,48890390,청덕면,,250000.0,250000.0,1073750.0,1726250.0,128.31347022371068,35.52946026857296
라마73b26b,48890390,청덕면,,250000.0,250000.0,1073750.0,1726750.0,128.31351573028385,35.53396813666889
라마73b27a,48890400,적중면,,250000.0,250000.0,1073750.0,1727250.0,128.31356124696262,35.53847600133772
라마73b27b,48890390,청덕면,,250000.0,250000.0,1073750.0,1727750.0,128.3136067737492,35.5429838625793
라마73b28a,48890390,청덕면,,250000.0,250000.0,1073750.0,1728250.0,128.31365231064592,35.54749172039342
라마73b28b,48890390,청덕면,5.0,250000.0,250000.0,1073750.0,1728750.0,128.31369785765497,35.5519995747799
라마73b29a,48890390,청덕면,33.0,250000.0,250000.0,1073750.0,1729250.0,128.3137434147786,35.55650742573852
라마73b29b,48890390,청덕면,5.0,250000.0,250000.0,1073750.0,1729750.0,128.3137889820191,35.56101527326911
라마73b30a,48890400,적중면,,250000.0,250000.0,1073750.0,1730250.0,128.31383455937873,35.565523117371484
라마73b30b,48890400,적중면,,250000.0,250000.0,1073750.0,1730750.0,128.31388014685976,35.57003095804543
라마73b31a,48890390,청덕면,18.0,250000.0,250000.0,1073750.0,1731250.0,128.31392574446437,35.574538795290756
라마73b31b,48890390,청덕면,61.0,250000.0,250000.0,1073750.0,1731750.0,128.3139713521949,35.57904662910729
라마73b32a,48890390,청덕면,5.0,250000.0,250000.0,1073750.0,1732250.0,128.31401697005356,35.58355445949482
라마73b32b,48890390,청덕면,5.0,250000.0,250000.0,1073750.0,1732750.0,128.31406259804265,35.58806228645316
라마73b33a,48890390,청덕면,,250000.0,250000.0,1073750.0,1733250.0,128.3141082361644,35.59257010998212
라마73b33b,48890390,청덕면,,250000.0,250000.0,1073750.0,1733750.0,128.31415388442107,35.597077930081504
라마73b34a,48890390,청덕면,38.0,250000.0,250000.0,1073750.0,1734250.0,128.31419954281495,35.601585746751134
라마73b34b,48890390,청덕면,5.0,250000.0,250000.0,1073750.0,1734750.0,128.3142452113483,35.60609355999079
라마73b35a,48890390,청덕면,,250000.0,250000.0,1073750.0,1735250.0,128.31429089002333,35.610601369800314
라마73b35b,48890390,청덕면,,250000.0,250000.0,1073750.0,1735750.0,128.3143365788424,35.615109176179494
라마73b36a,48890380,덕곡면,,250000.0,250000.0,1073750.0,1736250.0,128.31438227780768,35.619616979128146
라마73b36b,48890380,덕곡면,5.0,250000.0,250000.0,1073750.0,1736750.0,128.31442798692146,35.62412477864606
라마73b37a,48890380,덕곡면,23.0,250000.0,250000.0,1073750.0,1737250.0,128.31447370618608,35.628632574733075
라마73b37b,48890380,덕곡면,23.0,250000.0,250000.0,1073750.0,1737750.0,128.31451943560373,35.63314036738899
라마73b38a,48890380,덕곡면,8.0,250000.0,250000.0,1073750.0,1738250.0,128.31456517517668,35.63764815661361
라마73b38b,48890380,덕곡면,43.0,250000.0,250000.0,1073750.0,1738750.0,128.3146109249072,35.64215594240674
라마73b39a,48890380,덕곡면,,250000.0,250000.0,1073750.0,1739250.0,128.31465668479765,35.64666372476818
라마73b39b,48890380,덕곡면,,250000.0,173661.79597609825,1073750.0,1739750.0,128.3147024548502,35.651171503697746
라마74a24a,48890390,청덕면,,250000.0,148509.18678229098,1074250.0,1724250.0,128.31880161598184,35.51139146536627
라마74a24b,48890390,청덕면,,250000.0,247459.6672351448,1074250.0,1724750.0,128.31884739028868,35.51589934099935
라마74a25a,48890390,청덕면,,250000.0,250000.0,1074250.0,1725250.0,128.31889317476055,35.52040721320544
라마74a25b,48890390,청덕면,,250000.0,250000.0,1074250.0,1725750.0,128.31893896939968,35.52491508198436
라마74a26a,48890390,청덕면,,250000.0,250000.0,1074250.0,1726250.0,128.31898477420833,35.529422947335924
라마74a26b,48890390,청덕면,,250000.0,250000.0,1074250.0,1726750.0,128.3190305891888,35.53393080925991
라마74a27a,48890390,청덕면,,250000.0,250000.0,1074250.0,1727250.0,128.31907641434333,35.53843866775616
라마74a27b,48890390,청덕면,0.0,250000.0,250000.0,1074250.0,1727750.0,128.31912224967417,35.54294652282447
라마74a28a,48890390,청덕면,13.0,250000.0,250000.0,1074250.0,1728250.0,128.31916809518364,35.54745437446464
라마74a28b,48890390,청덕면,48.0,250000.0,250000.0,1074250.0,1728750.0,128.31921395087397,35.55196222267647
라마74a29a,48890390,청덕면,18.0,250000.0,250000.0,1074250.0,1729250.0,128.31925981674743,35.556470067459784
라마74a29b,48890390,청덕면,58.0,250000.0,250000.0,1074250.0,1729750.0,128.31930569280632,35.560977908814394
라마74a30a,48890390,청덕면,,250000.0,250000.0,1074250.0,1730250.0,128.3193515790529,35.565485746740094
라마74a30b,48890390,청덕면,,250000.0,250000.0,1074250.0,1730750.0,128.3193974754894,35.56999358123668
라마74a31a,48890390,청덕면,,250000.0,250000.0,1074250.0,1731250.0,128.31944338211815,35.574501412303974
라마74a31b,48890390,청덕면,5.0,250000.0,250000.0,1074250.0,1731750.0,128.31948929894136,35.57900923994178
라마74a32a,48890390,청덕면,33.0,250000.0,250000.0,1074250.0,1732250.0,128.3195352259614,35.58351706414992
라마74a32b,48890390,청덕면,23.0,250000.0,250000.0,1074250.0,1732750.0,128.3195811631805,35.588024884928195
라마74a33a,48890390,청덕면,,250000.0,250000.0,1074250.0,1733250.0,128.31962711060086,35.5925327022764
라마74a33b,48890390,청덕면,,250000.0,250000.0,1074250.0,1733750.0,128.31967306822486,35.59704051619434
라마74a34a,48890390,청덕면,5.0,250000.0,250000.0,1074250.0,1734250.0,128.31971903605472,35.60154832668186
라마74a34b,48890390,청덕면,,250000.0,250000.0,1074250.0,1734750.0,128.31976501409278,35.606056133738726
라마74a35a,48890390,청덕면,,250000.0,250000.0,1074250.0,1735250.0,128.31981100234128,35.610563937364766
라마74a35b,48890390,청덕면,,250000.0,250000.0,1074250.0,1735750.0,128.31985700080247,35.61507173755978
라마74a36a,48890380,덕곡면,,250000.0,250000.0,1074250.0,1736250.0,128.31990300947868,35.619579534323584
라마74a36b,48890380,덕곡면,5.0,250000.0,250000.0,1074250.0,1736750.0,128.31994902837212,35.624087327655964
라마74a37a,48890380,덕곡면,33.0,250000.0,250000.0,1074250.0,1737250.0,128.3199950574852,35.628595117556785
라마74a37b,48890380,덕곡면,,250000.0,250000.0,1074250.0,1737750.0,128.32004109682006,35.63310290402579
라마74a38a,48890380,덕곡면,,250000.0,250000.0,1074250.0,1738250.0,128.3200871463791,35.63761068706283
라마74a38b,48890380,덕곡면,,250000.0,250000.0,1074250.0,1738750.0,128.3201332061645,35.642118466667704
라마74a39a,48890380,덕곡면,,250000.0,223481.10672728435,1074250.0,1739250.0,128.32017927617866,35.646626242840206
라마74b24a,48890390,청덕면,,250000.0,250000.0,1074750.0,1724250.0,128.324314923372,35.51135391688063
라마74b24b,48890390,청덕면,8.0,250000.0,250000.0,1074750.0,1724750.0,128.32436100581015,35.51586178630282
라마74b25a,48890390,청덕면,8.0,250000.0,250000.0,1074750.0,1725250.0,128.32440709848171,35.52036965229736
라마74b25b,48890390,청덕면,,250000.0,250000.0,1074750.0,1725750.0,128.32445320138896,35.52487751486405
라마74b26a,48890390,청덕면,,250000.0,250000.0,1074750.0,1726250.0,128.3244993145342,35.529385374002686
라마74b26b,48890390,청덕면,,250000.0,250000.0,1074750.0,1726750.0,128.32454543791968,35.53389322971309
라마74b27a,48890390,청덕면,,250000.0,250000.0,1074750.0,1727250.0,128.3245915715477,35.538401081995055
라마74b27b,48890390,청덕면,,250000.0,250000.0,1074750.0,1727750.0,128.32463771542055,35.54290893084839
라마74b28a,48890390,청덕면,5.0,250000.0,250000.0,1074750.0,1728250.0,128.3246838695405,35.547416776272904
라마74b28b,48890390,청덕면,0.0,250000.0,250000.0,1074750.0,1728750.0,128.32473003390987,35.55192461826841
라마74b29a,48890390,청덕면,,250000.0,250000.0,1074750.0,1729250.0,128.32477620853086,35.5564324568347
라마74b29b,48890390,청덕면,28.0,250000.0,250000.0,1074750.0,1729750.0,128.32482239340584,35.560940291971605
라마74b30a,48890390,청덕면,5.0,250000.0,250000.0,1074750.0,1730250.0,128.32486858853707,35.565448123678905
라마74b30b,48890390,청덕면,8.0,250000.0,250000.0,1074750.0,1730750.0,128.32491479392684,35.569955951956416
라마74b31a,48890390,청덕면,,250000.0,250000.0,1074750.0,1731250.0,128.3249610095774,35.574463776803974
라마74b31b,48890390,청덕면,,250000.0,250000.0,1074750.0,1731750.0,128.32500723549109,35.57897159822133
라마74b32a,48890390,청덕면,,250000.0,250000.0,1074750.0,1732250.0,128.32505347167017,35.58347941620834
라마74b32b,48890390,청덕면,,250000.0,250000.0,1074750.0,1732750.0,128.32509971811695,35.587987230764796
라마74b33a,48890390,청덕면,,250000.0,250000.0,1074750.0,1733250.0,128.32514597483373,35.59249504189051
라마74b33b,48890390,청덕면,,250000.0,250000.0,1074750.0,1733750.0,128.32519224182278,35.597002849585266
라마74b34a,48890390,청덕면,5.0,250000.0,250000.0,1074750.0,1734250.0,128.32523851908638,35.6015106538489
라마74b34b,48890390,청덕면,,250000.0,250000.0,1074750.0,1734750.0,128.32528480662685,35.60601845468121
라마74b35a,48890390,청덕면,,250000.0,250000.0,1074750.0,1735250.0,128.32533110444646,35.610526252082
라마74b35b,48890390,청덕면,,250000.0,250000.0,1074750.0,1735750.0,128.32537741254754,35.615034046051086
라마74b36a,48890380,덕곡면,,250000.0,250000.0,1074750.0,1736250.0,128.32542373093236,35.61954183658827
라마74b36b,48890380,덕곡면,38.0,250000.0,250000.0,1074750.0,1736750.0,128.32547005960322,35.62404962369336
라마74b37a,48890380,덕곡면,28.0,250000.0,250000.0,1074750.0,1737250.0,128.32551639856246,35.62855740736618
라마74b37b,48890380,덕곡면,,250000.0,250000.0,1074750.0,1737750.0,128.32556274781228,35.63306518760651
라마74b38a,48890380,덕곡면,,250000.0,250000.0,1074750.0,1738250.0,128.3256091073551,35.63757296441418
라마74b38b,48890380,덕곡면,,250000.0,250000.0,1074750.0,1738750.0,128.32565547719312,35.642080737788994
라마75a24a,48890390,청덕면,8.0,250000.0,250000.0,1075250.0,1724250.0,128.329828220531,35.51131611646697
라마75a24b,48890390,청덕면,23.0,250000.0,250000.0,1075250.0,1724750.0,128.32987461109815,35.515823979636636
라마75a25a,48890390,청덕면,5.0,250000.0,250000.0,1075250.0,1725250.0,128.32992101196712,35.52033183937795
라마75a25b,48890390,청덕면,0.0,250000.0,250000.0,1075250.0,1725750.0,128.32996742314026,35.524839695690744
라마75a26a,48890390,청덕면,,250000.0,250000.0,1075250.0,1726250.0,128.33001384461977,35.529347548574776
라마75a26b,48890390,청덕면,,250000.0,250000.0,1075250.0,1726750.0,128.330060276408,35.53385539802991
라마75a27a,48890390,청덕면,,250000.0,250000.0,1075250.0,1727250.0,128.33010671850727,35.53836324405588
라마75a27b,48890390,청덕면,,250000.0,250000.0,1075250.0,1727750.0,128.33015317091983,35.54287108665256
라마75a28a,48890390,청덕면,,250000.0,250000.0,1075250.0,1728250.0,128.33019963364796,35.54737892581972
라마75a28b,48890390,청덕면,,250000.0,250000.0,1075250.0,1728750.0,128.33024610669406,35.55188676155719
라마75a29a,48890390,청덕면,,250000.0,250000.0,1075250.0,1729250.0,128.33029259006034,35.55639459386476
라마75a29b,48890390,청덕면,5.0,250000.0,250000.0,1075250.0,1729750.0,128.33033908374912,35.56090242274224
라마75a30a,48890390,청덕면,5.0,250000.0,250000.0,1075250.0,1730250.0,128.33038558776272,35.565410248189444
라마75a30b,48890390,청덕면,98.0,250000.0,250000.0,1075250.0,1730750.0,128.33043210210343,35.56991807020616
라마75a31a,48890390,청덕면,18.0,250000.0,250000.0,1075250.0,1731250.0,128.33047862677356,35.57442588879223
라마75a31b,48890390,청덕면,,250000.0,250000.0,1075250.0,1731750.0,128.3305251617754,35.57893370394742
라마75a32a,48890390,청덕면,,250000.0,250000.0,1075250.0,1732250.0,128.33057170711126,35.58344151567156
라마75a32b,48890390,청덕면,,250000.0,250000.0,1075250.0,1732750.0,128.33061826278347,35.58794932396446
라마75a33a,48890390,청덕면,,250000.0,250000.0,1075250.0,1733250.0,128.33066482879428,35.592457128825934
라마75a33b,48890390,청덕면,,250000.0,250000.0,1075250.0,1733750.0,128.3307114051461,35.59696493025576
라마75a34a,48890390,청덕면,13.0,250000.0,250000.0,1075250.0,1734250.0,128.33075799184112,35.601472728253775
라마75a34b,48890390,청덕면,,250000.0,250000.0,1075250.0,1734750.0,128.33080458888173,35.60598052281977
라마75a35a,48890390,청덕면,,250000.0,250000.0,1075250.0,1735250.0,128.3308511962702,35.61048831395356
라마75a35b,48890380,덕곡면,,250000.0,250000.0,1075250.0,1735750.0,128.33089781400886,35.614996101654945
라마75a36a,48890380,덕곡면,5.0,250000.0,250000.0,1075250.0,1736250.0,128.33094444210002,35.619503885923734
라마75a36b,48890380,덕곡면,,250000.0,250000.0,1075250.0,1736750.0,128.33099108054597,35.624011666759756
라마75a37a,48890380,덕곡면,,250000.0,250000.0,1075250.0,1737250.0,128.33103772934905,35.6285194441628
라마75a37b,48890380,덕곡면,,250000.0,250000.0,1075250.0,1737750.0,128.33108438851158,35.63302721813267
라마75a38a,48890380,덕곡면,,250000.0,250000.0,1075250.0,1738250.0,128.33113105803585,35.637534988669174
라마75a38b,48890380,덕곡면,,250000.0,250000.0,1075250.0,1738750.0,128.33117773792418,35.642042755772145
라마75a39a,48890380,덕곡면,,250000.0,183468.31888758787,1075250.0,1739250.0,128.3312244281789,35.64655051944136
라마75b24a,48890390,청덕면,5.0,250000.0,246988.7458835232,1075750.0,1724250.0,128.33534150739047,35.511278064126856
라마75b24b,48890390,청덕면,8.0,250000.0,250000.0,1075750.0,1724750.0,128.33538820608436,35.515785921002305
라마75b25a,48890390,청덕면,5.0,250000.0,250000.0,1075750.0,1725250.0,128.33543491514848,35.52029377444873
라마75b25b,48890390,청덕면,,250000.0,250000.0,1075750.0,1725750.0,128.33548163458514,35.52480162446593
라마75b26a,48890390,청덕면,,250000.0,250000.0,1075750.0,1726250.0,128.33552836439665,35.5293094710537
라마75b26b,48890390,청덕면,23.0,250000.0,250000.0,1075750.0,1726750.0,128.33557510458533,35.533817314211845
라마75b27a,48890390,청덕면,13.0,250000.0,250000.0,1075750.0,1727250.0,128.3356218551535,35.53832515394017
라마75b27b,48890390,청덕면,,250000.0,250000.0,1075750.0,1727750.0,128.33566861610348,35.5428329902385
라마75b28a,48890390,청덕면,,250000.0,250000.0,1075750.0,1728250.0,128.33571538743755,35.54734082310661
라마75b28b,48890390,청덕면,5.0,250000.0,250000.0,1075750.0,1728750.0,128.33576216915804,35.551848652544344
라마75b29a,48890390,청덕면,,250000.0,250000.0,1075750.0,1729250.0,128.33580896126728,35.55635647855147
라마75b29b,48890390,청덕면,13.0,250000.0,250000.0,1075750.0,1729750.0,128.3358557637676,35.560864301127836
라마75b30a,48890390,청덕면,5.0,250000.0,250000.0,1075750.0,1730250.0,128.33590257666125,35.56537212027322
라마75b30b,48890390,청덕면,8.0,250000.0,250000.0,1075750.0,1730750.0,128.3359493999506,35.569879935987416
라마75b31a,48890390,청덕면,,250000.0,250000.0,1075750.0,1731250.0,128.33599623363799,35.57438774827027
라마75b31b,48890390,청덕면,8.0,250000.0,250000.0,1075750.0,1731750.0,128.33604307772566,35.57889555712157
라마75b32a,48890390,청덕면,,250000.0,250000.0,1075750.0,1732250.0,128.336089932216,35.58340336254111
라마75b32b,48890390,청덕면,,250000.0,250000.0,1075750.0,1732750.0,128.33613679711132,35.58791116452872
라마75b33a,48890390,청덕면,18.0,250000.0,250000.0,1075750.0,1733250.0,128.33618367241394,35.59241896308421
라마75b33b,48890390,청덕면,13.0,250000.0,250000.0,1075750.0,1733750.0,128.33623055812618,35.596926758207346
라마75b34a,48890390,청덕면,38.0,250000.0,250000.0,1075750.0,1734250.0,128.33627745425034,35.60143454989799
라마75b34b,48890390,청덕면,,250000.0,250000.0,1075750.0,1734750.0,128.33632436078875,35.605942338155906
라마75b35a,48890390,청덕면,,250000.0,250000.0,1075750.0,1735250.0,128.33637127774378,35.610450122980936
라마75b35b,48890380,덕곡면,,250000.0,250000.0,1075750.0,1735750.0,128.3364182051177,35.61495790437286
라마75b36a,48890380,덕곡면,,250000.0,250000.0,1075750.0,1736250.0,128.33646514291289,35.61946568233149
라마75b36b,48890380,덕곡면,,250000.0,250000.0,1075750.0,1736750.0,128.33651209113162,35.623973456856646
라마75b37a,48890380,덕곡면,8.0,250000.0,250000.0,1075750.0,1737250.0,128.33655904977624,35.628481227948136
라마75b37b,48890380,덕곡면,,250000.0,250000.0,1075750.0,1737750.0,128.33660601884912,35.63298899560577
라마75b38a,48890380,덕곡면,8.0,250000.0,250000.0,1075750.0,1738250.0,128.33665299835255,35.63749675982933
라마75b38b,48890380,덕곡면,,250000.0,250000.0,1075750.0,1738750.0,128.33669998828884,35.64200452061866
라마76a23b,48890390,청덕면,5.0,250000.0,126872.1379468385,1076250.0,1723750.0,128.34080778750007,35.50673190589262
라마76a24a,48890390,청덕면,,250000.0,242606.3996670947,1076250.0,1724250.0,128.34085478388204,35.51123975986176
라마76a24b,48890390,청덕면,29.0,250000.0,250000.0,1076250.0,1724750.0,128.34090179070031,35.51574761040135
라마76a25a,48890390,청덕면,28.0,250000.0,250000.0,1076250.0,1725250.0,128.34094880795723,35.52025545751122
라마76a25b,48890390,청덕면,,250000.0,250000.0,1076250.0,1725750.0,128.34099583565515,35.52476330119115
라마76a26a,48890390,청덕면,,250000.0,250000.0,1076250.0,1726250.0,128.34104287379637,35.52927114144096
라마76a26b,48890390,청덕면,5.0,250000.0,250000.0,1076250.0,1726750.0,128.3410899223832,35.53377897826046
라마76a27a,48890390,청덕면,18.0,250000.0,250000.0,1076250.0,1727250.0,128.34113698141797,35.53828681164944
라마76a27b,48890390,청덕면,18.0,250000.0,250000.0,1076250.0,1727750.0,128.34118405090302,35.542794641607706
라마76a28a,48890390,청덕면,8.0,250000.0,250000.0,1076250.0,1728250.0,128.3412311308407,35.54730246813508
라마76a28b,48890390,청덕면,,250000.0,250000.0,1076250.0,1728750.0,128.3412782212333,35.55181029123137
라마76a29a,48890390,청덕면,,250000.0,250000.0,1076250.0,1729250.0,128.3413253220832,35.55631811089636
라마76a29b,48890390,청덕면,,250000.0,250000.0,1076250.0,1729750.0,128.34137243339268,35.5608259271299
라마76a30a,48890390,청덕면,,250000.0,250000.0,1076250.0,1730250.0,128.3414195551641,35.565333739931745
라마76a30b,48890390,청덕면,,250000.0,250000.0,1076250.0,1730750.0,128.3414666873998,35.569841549301714
라마76a31a,48890390,청덕면,13.0,250000.0,250000.0,1076250.0,1731250.0,128.34151383010206,35.574349355239626
라마76a31b,48890390,청덕면,5.0,250000.0,250000.0,1076250.0,1731750.0,128.3415609832733,35.5788571577453
라마76a32a,48890390,청덕면,,250000.0,250000.0,1076250.0,1732250.0,128.3416081469158,35.583364956818514
라마76a32b,48890390,청덕면,28.0,250000.0,250000.0,1076250.0,1732750.0,128.34165532103188,35.5878727524591
라마76a33a,48890390,청덕면,8.0,250000.0,250000.0,1076250.0,1733250.0,128.34170250562397,35.59238054466685
라마76a33b,48890390,청덕면,,250000.0,250000.0,1076250.0,1733750.0,128.3417497006943,35.596888333441555
라마76a34a,48890390,청덕면,,250000.0,250000.0,1076250.0,1734250.0,128.34179690624526,35.60139611878308
라마76a34b,48890390,청덕면,,250000.0,250000.0,1076250.0,1734750.0,128.34184412227918,35.60590390069116
라마76a35a,48890390,청덕면,,250000.0,250000.0,1076250.0,1735250.0,128.3418913487984,35.61041167916566
라마76a35b,48890380,덕곡면,5.0,250000.0,250000.0,1076250.0,1735750.0,128.34193858580528,35.61491945420635
라마76a36a,48890380,덕곡면,5.0,250000.0,250000.0,1076250.0,1736250.0,128.34198583330218,35.619427225813055
라마76a36b,48890380,덕곡면,38.0,250000.0,250000.0,1076250.0,1736750.0,128.34203309129134,35.62393499398558
라마76a37a,48890380,덕곡면,8.0,250000.0,250000.0,1076250.0,1737250.0,128.34208035977522,35.62844275872374
라마76a37b,48890380,덕곡면,18.0,250000.0,250000.0,1076250.0,1737750.0,128.3421276387561,35.63295052002734
라마76a38a,48890380,덕곡면,,250000.0,250000.0,1076250.0,1738250.0,128.34217492823637,35.63745827789618
라마76a38b,48890380,덕곡면,,250000.0,250000.0,1076250.0,1738750.0,128.34222222821833,35.64196603233006
라마76b23b,48890390,청덕면,8.0,250000.0,247034.0954711045,1076750.0,1723750.0,128.3463207455016,35.506693356080916
라마76b24a,48890390,청덕면,25.0,250000.0,250000.0,1076750.0,1724250.0,128.34636804993724,35.511201203673224
라마76b24b,48890390,청덕면,18.0,250000.0,250000.0,1076750.0,1724750.0,128.3464153648776,35.515709047835294
라마76b25a,48890390,청덕면,,250000.0,250000.0,1076750.0,1725250.0,128.34646269032504,35.52021688856692
라마76b25b,48890390,청덕면,,250000.0,250000.0,1076750.0,1725750.0,128.34651002628186,35.52472472586793
라마76b26a,48890390,청덕면,,250000.0,250000.0,1076750.0,1726250.0,128.34655737275042,35.52923255973811
라마76b26b,48890390,청덕면,,250000.0,250000.0,1076750.0,1726750.0,128.34660472973306,35.53374039017728
라마76b27a,48890390,청덕면,,250000.0,250000.0,1076750.0,1727250.0,128.34665209723215,35.53824821718521
라마76b27b,48890390,청덕면,5.0,250000.0,250000.0,1076750.0,1727750.0,128.34669947524995,35.54275604076176
라마76b28a,48890390,청덕면,,250000.0,250000.0,1076750.0,1728250.0,128.3467468637889,35.54726386090668
라마76b28b,48890390,청덕면,24.0,250000.0,250000.0,1076750.0,1728750.0,128.3467942628513,35.55177167761983
라마76b29a,48890390,청덕면,23.0,250000.0,250000.0,1076750.0,1729250.0,128.3468416724395,35.556279490900984
라마76b29b,48890390,청덕면,53.0,250000.0,250000.0,1076750.0,1729750.0,128.34688909255584,35.56078730074996
라마76b30a,48890390,청덕면,8.0,250000.0,250000.0,1076750.0,1730250.0,128.3469365232027,35.565295107166556
라마76b30b,48890390,청덕면,,250000.0,250000.0,1076750.0,1730750.0,128.34698396438236,35.56980291015058
라마76b31a,48890390,청덕면,,250000.0,250000.0,1076750.0,1731250.0,128.34703141609722,35.574310709701834
라마76b31b,48890390,청덕면,5.0,250000.0,250000.0,1076750.0,1731750.0,128.34707887834963,35.57881850582014
라마76b32a,48890390,청덕면,,250000.0,250000.0,1076750.0,1732250.0,128.34712635114198,35.5833262985053
라마76b32b,48890390,청덕면,,250000.0,250000.0,1076750.0,1732750.0,128.34717383447654,35.58783408775711
라마76b33a,48890390,청덕면,,250000.0,250000.0,1076750.0,1733250.0,128.3472213283557,35.5923418735754
라마76b33b,48890390,청덕면,,250000.0,250000.0,1076750.0,1733750.0,128.3472688327818,35.596849655959936
라마76b34a,48890380,덕곡면,,250000.0,250000.0,1076750.0,1734250.0,128.34731634775721,35.60135743491056
라마76b34b,48890380,덕곡면,,250000.0,250000.0,1076750.0,1734750.0,128.34736387328434,35.60586521042707
라마76b35a,48890380,덕곡면,,250000.0,250000.0,1076750.0,1735250.0,128.34741140936544,35.61037298250928
라마76b35b,48890380,덕곡면,18.0,250000.0,250000.0,1076750.0,1735750.0,128.3474589560029,35.61488075115698
라마76b36a,48890380,덕곡면,33.0,250000.0,250000.0,1076750.0,1736250.0,128.3475065131991,35.61938851636999
라마76b36b,48890380,덕곡면,28.0,250000.0,250000.0,1076750.0,1736750.0,128.3475540809564,35.623896278148116
라마76b37a,48890380,덕곡면,23.0,250000.0,250000.0,1076750.0,1737250.0,128.34760165927716,35.62840403649117
라마76b37b,48890380,덕곡면,53.0,250000.0,250000.0,1076750.0,1737750.0,128.34764924816372,35.63291179139894
라마76b38a,48890380,덕곡면,,250000.0,250000.0,1076750.0,1738250.0,128.34769684761844,35.63741954287125
라마76b38b,48890380,덕곡면,38.0,250000.0,250000.0,1076750.0,1738750.0,128.34774445764373,35.641927290907915
라마77a23a,48890390,청덕면,,250000.0,140502.459785294,1077250.0,1723250.0,128.35178609108448,35.5021467097844
라마77a23b,48890390,청덕면,8.0,250000.0,250000.0,1077250.0,1723750.0,128.35183369300074,35.50665455438898
라마77a24a,48890390,청덕면,23.0,250000.0,250000.0,1077250.0,1724250.0,128.35188130548775,35.511162395562806
라마77a24b,48890390,청덕면,,250000.0,250000.0,1077250.0,1724750.0,128.35192892854786,35.51567023330568
라마77a25a,48890390,청덕면,,250000.0,250000.0,1077250.0,1725250.0,128.35197656218347,35.520178067617415
라마77a25b,48890390,청덕면,,250000.0,250000.0,1077250.0,1725750.0,128.35202420639686,35.524685898497815
라마77a26a,48890390,청덕면,,250000.0,250000.0,1077250.0,1726250.0,128.35207186119044,35.52919372594668
라마77a26b,48890390,청덕면,,250000.0,220266.68039793445,1077250.0,1726750.0,128.35211952656653,35.53370154996383
라마77a29a,48890390,청덕면,,250000.0,132324.4091725862,1077250.0,1729250.0,128.35235801226764,35.55624061856686
라마77a29b,48890390,청덕면,,250000.0,231811.02444464102,1077250.0,1729750.0,128.3524057411885,35.56074842198959
라마77a30a,48890390,청덕면,,250000.0,250000.0,1077250.0,1730250.0,128.35245348070842,35.56525622197922
라마77a30b,48890390,청덕면,18.0,250000.0,250000.0,1077250.0,1730750.0,128.35250123082974,35.56976401853556
라마77a31a,48890390,청덕면,,250000.0,250000.0,1077250.0,1731250.0,128.35254899155484,35.574271811658456
라마77a31b,48890390,청덕면,,250000.0,250000.0,1077250.0,1731750.0,128.3525967628861,35.57877960134766
라마77a32a,48890390,청덕면,8.0,250000.0,250000.0,1077250.0,1732250.0,128.3526445448259,35.58328738760302
라마77a32b,48890390,청덕면,28.0,250000.0,250000.0,1077250.0,1732750.0,128.35269233737657,35.58779517042433
라마77a33a,48890390,청덕면,5.0,250000.0,246361.3968836956,1077250.0,1733250.0,128.35274014054048,35.592302949811405
라마77a33b,48890380,덕곡면,,250000.0,168952.35859149724,1077250.0,1733750.0,128.35278795432,35.596810725764016
라마77a35a,48890380,덕곡면,,250000.0,215936.49015432573,1077250.0,1735250.0,128.35293145937607,35.610334033013345
라마77a35b,48890380,덕곡면,,250000.0,250000.0,1077250.0,1735750.0,128.35297931564176,35.61484179522629
라마77a36a,48890380,덕곡면,13.0,250000.0,250000.0,1077250.0,1736250.0,128.353027182535,35.61934955400382
라마77a36b,48890380,덕곡면,28.0,250000.0,250000.0,1077250.0,1736750.0,128.35307506005802,35.62385730934577
라마77a37a,48890380,덕곡면,8.0,250000.0,250000.0,1077250.0,1737250.0,128.35312294821327,35.628365061251934
라마77a37b,48890380,덕곡면,0.0,250000.0,250000.0,1077250.0,1737750.0,128.35317084700316,35.63287280972211
라마77a38a,48890380,덕곡면,,250000.0,250000.0,1077250.0,1738250.0,128.35321875643,35.63738055475612
라마77a38b,48890380,덕곡면,,250000.0,185735.4948299114,1077250.0,1738750.0,128.35326667649622,35.641888296353756
라마77b23b,48890390,청덕면,,250000.0,250000.0,1077750.0,1723750.0,128.35734662992914,35.50661550081838
라마77b24a,48890390,청덕면,,250000.0,250000.0,1077750.0,1724250.0,128.35739455046513,35.51112333553204
라마77b24b,48890390,청덕면,5.0,250000.0,250000.0,1077750.0,1724750.0,128.35744248164266,35.51563116681406
라마77b25a,48890390,청덕면,5.0,250000.0,250000.0,1077750.0,1725250.0,128.35749042346404,35.52013899466423
라마77b25b,48890390,청덕면,33.0,250000.0,250000.0,1077750.0,1725750.0,128.35753837593168,35.52464681908236
라마77b26a,48890390,청덕면,13.0,250000.0,174152.46328449232,1077750.0,1726250.0,128.3575863390479,35.529154640068235
라마77b30b,48890390,청덕면,,250000.0,134980.4671783227,1077750.0,1730750.0,128.35801848667333,35.56972487445822
라마77b31a,48890390,청덕면,,250000.0,154760.34364107292,1077750.0,1731250.0,128.35806655640633,35.574232661111
라마77b31b,48890390,청덕면,,250000.0,167562.74091651407,1077750.0,1731750.0,128.35811463681404,35.57874044432941
라마77b32a,48890390,청덕면,,250000.0,144951.39034396212,1077750.0,1732250.0,128.35816272789893,35.583248224113234
라마77b35b,48890380,덕곡면,68.0,250000.0,250000.0,1077750.0,1735750.0,128.35849966465315,35.61480258641582
라마77b36a,48890380,덕곡면,,250000.0,250000.0,1077750.0,1736250.0,128.35854784124098,35.619310338716126
라마77b36b,48890380,덕곡면,,250000.0,250000.0,1077750.0,1736750.0,128.3585960285274,35.62381808758012
라마77b37a,48890380,덕곡면,5.0,250000.0,249625.547318002,1077750.0,1737250.0,128.35864422651483,35.62832583300761
라마77b37b,48890380,덕곡면,,250000.0,194601.18679889382,1077750.0,1737750.0,128.35869243520563,35.63283357499841
라마78a23a,48890390,청덕면,8.0,250000.0,169121.55435957096,1078250.0,1723250.0,128.36281133834328,35.50206836372658
라마78a23b,48890390,청덕면,8.0,250000.0,250000.0,1078250.0,1723750.0,128.3628595562184,35.506576195370634
라마78a24a,48890390,청덕면,18.0,250000.0,250000.0,1078250.0,1724250.0,128.36290778480105,35.5110840235825
라마78a24b,48890390,청덕면,18.0,250000.0,250000.0,1078250.0,1724750.0,128.3629560240936,35.515591848362
라마78a25a,48890390,청덕면,63.0,250000.0,250000.0,1078250.0,1725250.0,128.3630042740984,35.520099669708934
라마78a25b,48890390,청덕면,0.0,250000.0,131188.32691257307,1078250.0,1725750.0,128.36305253481785,35.52460748762311
라마78a35b,48890380,덕곡면,,250000.0,120304.01079926208,1078250.0,1735750.0,128.36402000296835,35.61476312472717
라마78b23a,48890390,청덕면,,250000.0,185190.26307809041,1078750.0,1723250.0,128.36832394594916,35.50202881294603
라마78b23b,48890390,청덕면,,250000.0,250000.0,1078750.0,1723750.0,128.36837247180017,35.506536638047336
라마78b24a,48890390,청덕면,,250000.0,198598.35197237704,1078750.0,1724250.0,128.36842100842708,35.51104445971574
라마78b24b,48890390,청덕면,,250000.0,209279.54948721747,1078750.0,1724750.0,128.36846955583223,35.51555227795106
라마78b25a,48890390,청덕면,,250000.0,127633.47578949106,1078750.0,1725250.0,128.3685181140181,35.52006009275309
라마79a24b,48890390,청덕면,,250000.0,120623.31875090112,1079250.0,1724750.0,128.37398307679018,35.51551245558282
