grid_id,farmland_area_m2,farmland_ratio,analysis_area_m2
라마41a26a,0.0,0.0,175841.22011701012
라마41a26b,0.0,0.0,185400.39191489285
라마41a27a,0.0,0.0,166400.5274560094
라마41a27b,0.0,0.0,159620.2656999472
라마41b24b,0.0,0.0,130514.36692305416
라마41b25a,2666.423430542079,0.020556306755743155,129713.1562700151
라마41b25b,0.0,0.0,217594.4985899433
라마41b26a,33.95825173548365,0.0001358330069419346,250000.0
라마41b26b,9261.552162426733,0.03704620864970693,250000.0
라마41b27a,176.72919611711185,0.0007069167844684474,250000.0
라마41b27b,0.0,0.0,250000.0
라마41b28a,0.0,0.0,219489.42363139067
라마42a22b,0.0,0.0,178722.7405206733
라마42a23a,0.0,0.0,250000.0
라마42a23b,0.0,0.0,250000.0
라마42a24a,0.0,0.0,250000.0
라마42a24b,11432.010966184444,0.04572804386473778,250000.0
라마42a25a,21842.702138103254,0.08737080855241301,250000.0
라마42a25b,0.0,0.0,250000.0
라마42a26a,0.0,0.0,250000.0
라마42a26b,30353.944688278476,0.1214157787531139,250000.0
라마42a27a,28811.449417722117,0.11524579767088847,250000.0
라마42a27b,18542.42080737324,0.07416968322949297,250000.0
라마42a28a,0.0,0.0,250000.0
라마42a28b,0.0,0.0,176002.14826971464
라마42b22b,0.0,0.0,250000.0
라마42b23a,0.0,0.0,250000.0
라마42b23b,0.0,0.0,250000.0
라마42b24a,0.0,0.0,250000.0
라마42b24b,0.0,0.0,250000.0
라마42b25a,0.0,0.0,250000.0
라마42b25b,8271.380973446368,0.033085523893785475,250000.0
라마42b26a,1128.0425327092748,0.004512170130837099,250000.0
라마42b26b,14949.643034954606,0.05979857213981842,250000.0
라마42b27a,56613.72781880004,0.22645491127520018,250000.0
라마42b27b,23618.656335334173,0.09447462534133669,250000.0
라마42b28a,0.0,0.0,250000.0
라마42b28b,0.0,0.0,231281.46516922727
라마43a19b,0.0,0.0,169325.87541700073
라마43a20a,0.0,0.0,226394.50049199507
라마43a20b,0.0,0.0,192844.5342169728
라마43a21a,0.0,0.0,163464.26802702085
라마43a21b,0.0,0.0,197143.72948836617
라마43a22a,0.0,0.0,236541.69056602736
라마43a22b,0.0,0.0,250000.0
라마43a23a,0.0,0.0,250000.0
라마43a23b,0.0,0.0,250000.0
라마43a24a,0.0,0.0,250000.0
라마43a24b,0.0,0.0,250000.0
라마43a25a,0.0,0.0,250000.0
라마43a25b,0.0,0.0,250000.0
라마43a26a,0.0,0.0,250000.0
라마43a26b,15723.74662714929,0.06289498650859716,250000.0
라마43a27a,19981.14983353264,0.07992459933413056,250000.0
라마43a27b,11050.305728427558,0.04420122291371023,250000.0
라마43a28a,1196.7691782058125,0.00478707671282325,250000.0
라마43a28b,0.0,0.0,250000.0
라마43a29a,0.0,0.0,248922.42373913084
라마43a29b,0.0,0.0,221873.92252307912
라마43b18a,0.0,0.0,148314.55798864132
라마43b18b,0.0,0.0,249542.07289687105
라마43b19a,0.0,0.0,250000.0
라마43b19b,0.0,0.0,250000.0
라마43b20a,0.0,0.0,250000.0
라마43b20b,0.0,0.0,250000.0
라마43b21a,0.0,0.0,250000.0
라마43b21b,1020.7434046154023,0.004082973618461609,250000.0
라마43b22a,0.0,0.0,250000.0
라마43b22b,0.0,0.0,250000.0
라마43b23a,0.0,0.0,250000.0
라마43b23b,0.0,0.0,250000.0
라마43b24a,16208.807040305397,0.06483522816122159,250000.0
라마43b24b,16863.51893034429,0.06745407572137715,250000.0
라마43b25a,4813.771898816819,0.019255087595267277,250000.0
라마43b25b,0.0,0.0,250000.0
라마43b26a,1631.258821397667,0.006525035285590668,250000.0
라마43b26b,12193.762181619059,0.048775048726476235,250000.0
라마43b27a,64686.156126838876,0.2587446245073555,250000.0
라마43b27b,41479.16850797377,0.16591667403189508,250000.0
라마43b28a,5645.044504756332,0.022580178019025326,250000.0
라마43b28b,638.2698938988256,0.002553079575595302,250000.0
라마43b29a,26.783991786485462,0.00010713596714594185,250000.0
라마43b29b,607.4910325811463,0.0024300206190536497,249994.18845167183
라마43b30a,7474.120438618022,0.03581534375190862,208684.87233826204
라마43b30b,0.0,0.0,242911.65194414087
라마43b31a,2393.4484398019968,0.00974039588035429,245723.93865730017
라마43b31b,2244.9272256702798,0.01188455710682916,188894.47923812736
라마44a16b,0.0,0.0,119543.68774512956
라마44a17a,0.0,0.0,182727.5954978416
라마44a17b,0.0,0.0,249843.3001477738
라마44a18a,0.0,0.0,250000.0
라마44a18b,62.71072121974842,0.0002508428848789937,250000.0
라마44a19a,0.0,0.0,250000.0
라마44a19b,0.0,0.0,250000.0
라마44a20a,0.0,0.0,250000.0
라마44a20b,0.0,0.0,250000.0
라마44a21a,0.0,0.0,250000.0
라마44a21b,0.0,0.0,250000.0
라마44a22a,0.0,0.0,250000.0
라마44a22b,0.0,0.0,250000.0
라마44a23a,0.0,0.0,250000.0
라마44a23b,0.0,0.0,250000.0
라마44a24a,0.0,0.0,250000.0
라마44a24b,3294.8273555087444,0.013179309422034978,250000.0
라마44a25a,46246.74578152354,0.18498698312609416,250000.0
라마44a25b,34433.549465766206,0.13773419786306482,250000.0
라마44a26a,35631.702837206,0.142526811348824,250000.0
라마44a26b,96982.17219600757,0.38792868878403025,250000.0
라마44a27a,88458.0487499936,0.35383219499997437,250000.0
라마44a27b,28931.047498561176,0.1157241899942447,250000.0
라마44a28a,4234.523626610036,0.016938094506440144,250000.0
라마44a28b,1252.3113515331834,0.005009245406132733,250000.0
라마44a29a,0.0,0.0,250000.0
라마44a29b,3682.1388837024533,0.014728555534809814,250000.0
라마44a30a,24070.551439257393,0.09628220575702957,250000.0
라마44a30b,1271.786783837217,0.005087147135348868,250000.0
라마44a31a,12266.86189179931,0.04906744756719724,250000.0
라마44a31b,3846.543132489005,0.01538617252995602,250000.0
라마44a32a,2549.123753616367,0.010196495014465469,250000.0
라마44a32b,10272.086105881694,0.04644671756628105,221158.49395004235
라마44a33a,0.0,0.0,202864.5938346998
라마44a33b,5502.836132888915,0.02201134453155566,250000.0
라마44a34a,28337.221546472763,0.11334888618589105,250000.0
라마44a34b,751.6104428763035,0.0033574974806622566,223860.3147746966
라마44b16a,1313.941904098652,0.00790262784587984,166266.4533524372
라마44b16b,0.0,0.0,250000.0
라마44b17a,0.0,0.0,250000.0
라마44b17b,0.0,0.0,250000.0
라마44b18a,0.0,0.0,250000.0
라마44b18b,5200.611007202755,0.02080244402881102,250000.0
라마44b19a,1072.5932699606742,0.004290373079842697,250000.0
라마44b19b,0.0,0.0,250000.0
라마44b20a,0.0,0.0,250000.0
라마44b20b,172.1540543577769,0.0006886162174311076,250000.0
라마44b21a,18315.42735280803,0.07326170941123213,250000.0
라마44b21b,1897.0971703034083,0.007588388681213633,250000.0
라마44b22a,0.0,0.0,250000.0
라마44b22b,0.0,0.0,250000.0
라마44b23a,0.0,0.0,250000.0
라마44b23b,0.0,0.0,250000.0
라마44b24a,0.0,0.0,250000.0
라마44b24b,0.0,0.0,250000.0
라마44b25a,16037.960451747429,0.06415184180698971,250000.0
라마44b25b,43405.900174825285,0.17362360069930113,250000.0
라마44b26a,104355.50894778632,0.4174220357911453,250000.0
라마44b26b,90672.7840581059,0.3626911362324236,250000.0
라마44b27a,18311.73617136866,0.07324694468547463,250000.0
라마44b27b,0.0,0.0,250000.0
라마44b28a,0.0,0.0,250000.0
라마44b28b,0.0,0.0,250000.0
라마44b29a,0.0,0.0,250000.0
라마44b29b,0.0,0.0,250000.0
라마44b30a,8225.90324483412,0.03290361297933648,250000.0
라마44b30b,9921.773976149538,0.03968709590459815,250000.0
라마44b31a,36132.089317522885,0.14452835727009153,250000.0
라마44b31b,0.0,0.0,250000.0
라마44b32a,3760.297593374844,0.015041190373499375,250000.0
라마44b32b,83336.46395606954,0.33334585582427817,250000.0
라마44b33a,22626.33357183797,0.09050533428735189,250000.0
라마44b33b,30747.58391017346,0.12299033564069384,250000.0
라마44b34a,38360.202576936645,0.1534408103077466,250000.0
라마44b34b,22223.030433118867,0.08889212173247547,250000.0
라마45a15b,29216.57778859099,0.2283956141686446,127920.92306561462
라마45a16a,44317.4631132191,0.1772698524528764,250000.0
라마45a16b,4205.3645318696135,0.016821458127478456,250000.0
라마45a17a,0.0,0.0,250000.0
라마45a17b,0.0,0.0,250000.0
라마45a18a,2245.4636584185814,0.008981854633674326,250000.0
라마45a18b,50682.68878823514,0.20273075515294053,250000.0
라마45a19a,5719.65809776011,0.02287863239104044,250000.0
라마45a19b,1405.1177123449845,0.005620470849379938,250000.0
라마45a20a,0.0,0.0,250000.0
라마45a20b,1769.9671173771812,0.007079868469508725,250000.0
라마45a21a,6919.892658418313,0.02767957063367325,250000.0
라마45a21b,0.0,0.0,250000.0
라마45a22a,0.0,0.0,250000.0
라마45a22b,0.0,0.0,250000.0
라마45a23a,0.0,0.0,250000.0
라마45a23b,0.0,0.0,250000.0
라마45a24a,0.0,0.0,250000.0
라마45a24b,0.0,0.0,250000.0
라마45a25a,25707.839875779537,0.10283135950311814,250000.0
라마45a25b,52076.53291902699,0.20830613167610795,250000.0
라마45a26a,68937.9195842858,0.2757516783371432,250000.0
라마45a26b,123.23885432942897,0.0004929554173177159,250000.0
라마45a27a,674.8174879354381,0.002699269951741752,250000.0
라마45a27b,13350.172691376492,0.05340069076550597,250000.0
라마45a28a,0.0,0.0,250000.0
라마45a28b,0.0,0.0,250000.0
라마45a29a,2432.9188332915583,0.009731675333166233,250000.0
라마45a29b,0.0,0.0,250000.0
라마45a30a,0.0,0.0,250000.0
라마45a30b,0.0,0.0,250000.0
라마45a31a,2317.7393837946124,0.00927095753517845,250000.0
라마45a31b,9104.715757870354,0.03641886303148142,250000.0
라마45a32a,7844.940354417931,0.03137976141767172,250000.0
라마45a32b,80392.80221063212,0.32157120884252843,250000.0
라마45a33a,60915.16368156406,0.24366065472625623,250000.0
라마45a33b,4545.841434209264,0.018183365736837057,250000.0
라마45a34a,5871.613154675363,0.023486452618701453,250000.0
라마45a34b,3646.878050794423,0.014587512203177692,250000.0
라마45a35b,0.0,0.0,188200.896335891
라마45a36a,0.0,0.0,232304.2855110954
라마45b16a,19702.834112665885,0.07881133645066354,250000.0
라마45b16b,39377.47071010001,0.15750988284040005,250000.0
라마45b17a,30625.939695762325,0.1225037587830493,250000.0
라마45b17b,8496.280146701061,0.033985120586804245,250000.0
라마45b18a,50924.60981856846,0.20369843927427383,250000.0
라마45b18b,69003.79935712702,0.27601519742850805,250000.0
라마45b19a,22024.871890007595,0.08809948756003037,250000.0
라마45b19b,37167.103747794354,0.14866841499117742,250000.0
라마45b20a,28418.713832116915,0.11367485532846766,250000.0
라마45b20b,19705.231387832522,0.07882092555133009,250000.0
라마45b21a,0.0,0.0,250000.0
라마45b21b,0.0,0.0,250000.0
라마45b22a,0.0,0.0,250000.0
라마45b22b,0.0,0.0,250000.0
라마45b23a,0.0,0.0,250000.0
라마45b23b,0.0,0.0,250000.0
라마45b24a,0.0,0.0,250000.0
라마45b24b,0.0,0.0,250000.0
라마45b25a,2924.028221179802,0.01169611288471921,250000.0
라마45b25b,39382.742070441476,0.1575309682817659,250000.0
라마45b26a,18641.639768640925,0.0745665590745637,250000.0
라마45b26b,17.53530472165495,7.01412188866198e-05,250000.0
라마45b27a,0.0,0.0,250000.0
라마45b27b,715.3626543338925,0.00286145061733557,250000.0
라마45b28a,0.0,0.0,250000.0
라마45b28b,5166.833195914827,0.020667332783659308,250000.0
라마45b29a,19116.720700899634,0.07646688280359853,250000.0
라마45b29b,803.279872858582,0.003213119491434328,250000.0
라마45b30a,0.0,0.0,250000.0
라마45b30b,0.0,0.0,250000.0
라마45b31a,0.0,0.0,250000.0
라마45b31b,2137.0841413953835,0.008548336565581535,250000.0
라마45b32a,15246.540092348483,0.06098616036939393,250000.0
라마45b32b,75861.68308329568,0.3034467323331827,250000.0
라마45b33a,73824.50221733465,0.2952980088693386,250000.0
라마45b33b,43282.28287943796,0.17312913151775183,250000.0
라마45b34a,35483.480458943915,0.14193392183577566,250000.0
라마45b34b,9730.107530425588,0.038920430121702355,250000.0
라마45b35a,0.0,0.0,250000.0
라마45b35b,9126.334741413428,0.03650533896565371,250000.0
라마45b36a,17390.90785786746,0.06956363143146983,250000.0
라마45b36b,26414.854698975523,0.1056594187959021,250000.0
라마45b37a,9474.581420414943,0.037898325681659774,250000.0
라마45b37b,0.0,0.0,233237.63570030636
라마46a15a,16840.689914971153,0.10114119033921044,166506.74031510137
라마46a15b,15986.47152667852,0.0719766377351639,222106.39493192657
라마46a16a,35358.39849196397,0.14143359396785588,250000.0
라마46a16b,5329.745695160903,0.021318982780643612,250000.0
라마46a17a,93305.39398869294,0.3732215759547718,250000.0
라마46a17b,50669.25227662608,0.20267700910650432,250000.0
라마46a18a,35432.935697776695,0.14173174279110679,250000.0
라마46a18b,4715.3453557818175,0.01886138142312727,250000.0
라마46a19a,38053.215671236736,0.15221286268494694,250000.0
라마46a19b,41310.710207098484,0.16524284082839394,250000.0
라마46a20a,66180.85915935945,0.2647234366374378,250000.0
라마46a20b,6979.736754088802,0.02791894701635521,250000.0
라마46a21a,33.809773471257245,0.00013523909388502898,250000.0
라마46a21b,3310.565214967573,0.013242260859870292,250000.0
라마46a22a,0.0,0.0,250000.0
라마46a22b,0.0,0.0,250000.0
라마46a23a,0.0,0.0,250000.0
라마46a23b,0.0,0.0,250000.0
라마46a24a,11647.540630058522,0.04659016252023409,250000.0
라마46a24b,6753.073229614979,0.027012292918459916,250000.0
라마46a25a,45933.344884989034,0.18373337953995614,250000.0
라마46a25b,37324.49719176837,0.14929798876707348,250000.0
라마46a26a,13899.811842859617,0.05559924737143847,250000.0
라마46a26b,4422.385249562535,0.01768954099825014,250000.0
라마46a27a,0.0,0.0,250000.0
라마46a27b,0.0,0.0,250000.0
라마46a28a,0.0,0.0,250000.0
라마46a28b,2133.234859263815,0.00853293943705526,250000.0
라마46a29a,8876.332762680233,0.03550533105072093,250000.0
라마46a29b,24664.093361429645,0.09865637344571858,250000.0
라마46a30a,1478.1027594238244,0.005912411037695298,250000.0
라마46a30b,0.0,0.0,250000.0
라마46a31a,0.0,0.0,250000.0
라마46a31b,0.0,0.0,250000.0
라마46a32a,0.0,0.0,250000.0
라마46a32b,25542.609450165342,0.10217043780066137,250000.0
라마46a33a,43135.29488965922,0.17254117955863688,250000.0
라마46a33b,0.0,0.0,250000.0
라마46a34a,18296.26989498436,0.07318507957993745,250000.0
라마46a34b,0.0,0.0,250000.0
라마46a35a,0.0,0.0,250000.0
라마46a35b,20206.25176672589,0.08082500706690356,250000.0
라마46a36a,0.0,0.0,250000.0
라마46a36b,13025.195142558388,0.052100780570233554,250000.0
라마46a37a,8520.469842593471,0.03408187937037389,250000.0
라마46a37b,0.0,0.0,250000.0
라마46a38a,0.0,0.0,188669.12896922865
라마46b14b,15949.473804707504,0.07857424518738065,202986.02635853324
라마46b15a,151642.40924587543,0.6065696369835017,250000.0
라마46b15b,69622.49937627825,0.278489997505113,250000.0
라마46b16a,16488.478482517472,0.06595391393006989,250000.0
라마46b16b,26998.37739116899,0.10799350956467596,250000.0
라마46b17a,46301.392528688295,0.1852055701147532,250000.0
라마46b17b,80388.56268113223,0.3215542507245289,250000.0
라마46b18a,12869.850236079346,0.05147940094431738,250000.0
라마46b18b,8619.313579965812,0.034477254319863246,250000.0
라마46b19a,7519.051793951657,0.030076207175806627,250000.0
라마46b19b,22384.454506258175,0.0895378180250327,250000.0
라마46b20a,35601.182304690825,0.1424047292187633,250000.0
라마46b20b,37586.99637579121,0.15034798550316486,250000.0
라마46b21a,48402.77163560331,0.19361108654241324,250000.0
라마46b21b,23742.71792016459,0.09497087168065835,250000.0
라마46b22a,4900.593165790565,0.01960237266316226,250000.0
라마46b22b,2459.7747114409526,0.00983909884576381,250000.0
라마46b23a,14709.091895053678,0.05883636758021471,250000.0
라마46b23b,33855.55613674575,0.135422224546983,250000.0
라마46b24a,50294.2790166028,0.2011771160664112,250000.0
라마46b24b,73403.47426967933,0.2936138970787173,250000.0
라마46b25a,42540.468775035224,0.17016187510014089,250000.0
라마46b25b,14266.966020964088,0.05706786408385635,250000.0
라마46b26a,5246.718839517403,0.02098687535806961,250000.0
라마46b26b,704.1634661001343,0.0028166538644005374,250000.0
라마46b27a,0.0,0.0,250000.0
라마46b27b,0.0,0.0,250000.0
라마46b28a,0.0,0.0,250000.0
라마46b28b,0.0,0.0,250000.0
라마46b29a,0.0,0.0,250000.0
라마46b29b,0.0,0.0,250000.0
라마46b30a,629.3646275926136,0.0025174585103704544,250000.0
라마46b30b,0.0,0.0,250000.0
라마46b31a,0.0,0.0,250000.0
라마46b31b,0.0,0.0,250000.0
라마46b32a,0.0,0.0,250000.0
라마46b32b,1911.6949715083408,0.007646779886033363,250000.0
라마46b33a,23920.037432550205,0.09568014973020082,250000.0
라마46b33b,42263.72918022577,0.16905491672090306,250000.0
라마46b34a,7476.958400130645,0.029907833600522578,250000.0
라마46b34b,16764.298267340866,0.06705719306936346,250000.0
라마46b35a,40408.81165959279,0.16163524663837117,250000.0
라마46b35b,0.0,0.0,250000.0
라마46b36a,0.0,0.0,250000.0
라마46b36b,0.0,0.0,250000.0
라마46b37a,19798.587619800335,0.07919435047920134,250000.0
라마46b37b,481.3138516907077,0.0019252554067628307,250000.0
라마46b38a,0.0,0.0,250000.0
라마47a14b,10725.979572148899,0.05074937552678522,211351.9518380633
라마47a15a,160556.14563820578,0.6422245825528231,250000.0
라마47a15b,66618.58367460068,0.2664743346984027,250000.0
라마47a16a,49354.58723754615,0.1974183489501846,250000.0
라마47a16b,63517.88647819388,0.25407154591277553,250000.0
라마47a17a,72466.01439917392,0.28986405759669565,250000.0
라마47a17b,14168.62818307133,0.05667451273228532,250000.0
라마47a18a,15545.979759738915,0.06218391903895566,250000.0
라마47a18b,5748.590487572781,0.022994361950291125,250000.0
라마47a19a,30617.108667589568,0.12246843467035827,250000.0
라마47a19b,34933.62026049076,0.13973448104196304,250000.0
라마47a20a,25953.78916496206,0.10381515665984825,250000.0
라마47a20b,46692.75628638238,0.1867710251455295,250000.0
라마47a21a,108995.51586781745,0.4359820634712698,250000.0
라마47a21b,101063.38629113013,0.4042535451645205,250000.0
라마47a22a,12875.498275113207,0.05150199310045283,250000.0
라마47a22b,7199.446538497101,0.028797786153988404,250000.0
라마47a23a,67851.7651875293,0.27140706075011717,250000.0
라마47a23b,104734.76496743262,0.4189390598697305,250000.0
라마47a24a,116867.45095897617,0.4674698038359047,250000.0
라마47a24b,134989.04157981672,0.5399561663192669,250000.0
라마47a25a,21131.04743098854,0.08452418972395416,250000.0
라마47a25b,1697.7239882586357,0.006790895953034543,250000.0
라마47a26a,0.0,0.0,250000.0
라마47a26b,0.0,0.0,250000.0
라마47a27a,0.0,0.0,250000.0
라마47a27b,8545.878276179086,0.034183513104716345,250000.0
라마47a28a,1165.0029781036726,0.00466001191241469,250000.0
라마47a28b,0.0,0.0,250000.0
라마47a29a,0.0,0.0,250000.0
라마47a29b,0.0,0.0,250000.0
라마47a30a,0.0,0.0,250000.0
라마47a30b,0.0,0.0,250000.0
라마47a31a,0.0,0.0,250000.0
라마47a31b,0.0,0.0,250000.0
라마47a32a,110.0691078121784,0.00044027643124871363,250000.0
라마47a32b,8603.319770930118,0.03441327908372047,250000.0
라마47a33a,11722.254019488015,0.04688901607795206,250000.0
라마47a33b,47435.66796125663,0.18974267184502652,250000.0
라마47a34a,59049.41423945315,0.2361976569578126,250000.0
라마47a34b,31166.5297885441,0.1246661191541764,250000.0
라마47a35a,46254.458245050846,0.18501783298020338,250000.0
라마47a35b,0.0,0.0,250000.0
라마47a36a,0.0,0.0,250000.0
라마47a36b,0.0,0.0,250000.0
라마47a37a,1826.961238688199,0.007307844954752796,250000.0
라마47a37b,801.2832761157048,0.0032051331044628192,250000.0
라마47a38a,105.55608419282787,0.0004222243367713115,250000.0
라마47a38b,2878.3641152891287,0.011513456461156514,250000.0
라마47a39a,6226.656715456842,0.027210203744296956,228835.3580138811
라마47b14a,0.0,0.0,182480.4522584828
라마47b14b,5717.803898712922,0.02338032732099465,244556.19548057183
라마47b15a,114060.23699057839,0.4562409479623135,250000.0
라마47b15b,130048.76663214836,0.5201950665285934,250000.0
라마47b16a,38983.518294044414,0.15593407317617766,250000.0
라마47b16b,125671.99082844639,0.5026879633137855,250000.0
라마47b17a,100079.21344834965,0.4003168537933986,250000.0
라마47b17b,8707.052862459617,0.03482821144983847,250000.0
라마47b18a,795.7893394213679,0.0031831573576854718,250000.0
라마47b18b,11294.717447337584,0.04517886978935033,250000.0
라마47b19a,25535.671670800122,0.10214268668320049,250000.0
라마47b19b,35076.68718147668,0.1403067487259067,250000.0
라마47b20a,23722.34148494805,0.0948893659397922,250000.0
라마47b20b,21421.26112800056,0.08568504451200223,250000.0
라마47b21a,23205.52575148176,0.09282210300592704,250000.0
라마47b21b,23418.36445420901,0.09367345781683604,250000.0
라마47b22a,42355.464806341464,0.16942185922536585,250000.0
라마47b22b,24878.176195182903,0.09951270478073161,250000.0
라마47b23a,83940.42631832843,0.3357617052733137,250000.0
라마47b23b,7266.913652360722,0.02906765460944289,250000.0
라마47b24a,35221.74447970864,0.14088697791883456,250000.0
라마47b24b,27147.070843628197,0.10858828337451279,250000.0
라마47b25a,13681.24086701032,0.05472496346804128,250000.0
라마47b25b,1111.1373237883054,0.004444549295153221,250000.0
라마47b26a,0.0,0.0,250000.0
라마47b26b,549.7837576631994,0.0021991350306527976,250000.0
라마47b27a,6688.460928877123,0.02675384371550849,250000.0
라마47b27b,67258.05868594265,0.26903223474377064,250000.0
라마47b28a,4828.97919902754,0.01931591679611016,250000.0
라마47b28b,2236.657194409626,0.008946628777638504,250000.0
라마47b29a,0.0,0.0,250000.0
라마47b29b,0.0,0.0,250000.0
라마47b30a,0.0,0.0,250000.0
라마47b30b,0.0,0.0,250000.0
라마47b31a,0.0,0.0,250000.0
라마47b31b,0.0,0.0,250000.0
라마47b32a,34100.86648627481,0.13640346594509925,250000.0
라마47b32b,6243.550792457072,0.024974203169828287,250000.0
라마47b33a,0.0,0.0,250000.0
라마47b33b,9843.40280389392,0.03937361121557568,250000.0
라마47b34a,0.0,0.0,250000.0
라마47b34b,22.960570664009857,9.184228265603944e-05,250000.0
라마47b35a,40942.17022124519,0.16376868088498078,250000.0
라마47b35b,15533.865458716686,0.06213546183486674,250000.0
라마47b36a,1549.5496277074462,0.006198198510829785,250000.0
라마47b36b,0.0,0.0,250000.0
라마47b37a,0.0,0.0,250000.0
라마47b37b,9186.205624916347,0.03674482249966539,250000.0
라마47b38a,55690.44647789845,0.2227617859115938,250000.0
라마47b38b,18660.43707056461,0.07464174828225845,250000.0
라마47b39a,10923.550806603222,0.04369420322641289,250000.0
라마47b39b,0.0,0.0,191849.38124052135
라마48a13b,57552.306077861176,0.27093396359713146,212421.8954085774
라마48a14a,60668.300123576344,0.24267320049430538,250000.0
라마48a14b,75048.47700722146,0.30019390802888585,250000.0
라마48a15a,152757.22658124162,0.6110289063249664,250000.0
라마48a15b,56635.461568231985,0.22654184627292795,250000.0
라마48a16a,20916.943414947782,0.08366777365979113,250000.0
라마48a16b,190979.27507219976,0.763917100288799,250000.0
라마48a17a,43621.61523072857,0.17448646092291425,250000.0
라마48a17b,3010.82599664736,0.01204330398658944,250000.0
라마48a18a,0.0,0.0,250000.0
라마48a18b,29063.249378056946,0.11625299751222778,250000.0
라마48a19a,75175.04219208613,0.3007001687683445,250000.0
라마48a19b,12381.673211471008,0.049526692845884034,250000.0
라마48a20a,39317.44346054888,0.1572697738421955,250000.0
라마48a20b,29811.330281639042,0.11924532112655617,250000.0
라마48a21a,51300.82511978706,0.20520330047914825,250000.0
라마48a21b,5227.5241005281305,0.020910096402112523,250000.0
라마48a22a,46119.93491766295,0.1844797396706518,250000.0
라마48a22b,116680.76059248793,0.4667230423699517,250000.0
라마48a23a,139571.3408503547,0.5582853634014188,250000.0
라마48a23b,5810.1036113491145,0.023240414445396457,250000.0
라마48a24a,0.0,0.0,250000.0
라마48a24b,0.0,0.0,250000.0
라마48a25a,4840.525240794654,0.019362100963178613,250000.0
라마48a25b,19637.843005972452,0.07855137202388981,250000.0
라마48a26a,461.83352270481714,0.0018473340908192685,250000.0
라마48a26b,0.0,0.0,250000.0
라마48a27a,0.0,0.0,250000.0
라마48a27b,24068.084717030033,0.09627233886812013,250000.0
라마48a28a,19913.399725578623,0.07965359890231449,250000.0
라마48a28b,10931.47711164738,0.04372590844658952,250000.0
라마48a29a,0.0,0.0,250000.0
라마48a29b,0.0,0.0,250000.0
라마48a30a,0.0,0.0,250000.0
라마48a30b,0.0,0.0,250000.0
라마48a31a,1067.9064340681011,0.004271625736272404,250000.0
라마48a31b,1129.809127088015,0.0045192365083520595,250000.0
라마48a32a,0.0,0.0,250000.0
라마48a32b,0.0,0.0,250000.0
라마48a33a,0.0,0.0,250000.0
라마48a33b,0.0,0.0,250000.0
라마48a34a,0.0,0.0,250000.0
라마48a34b,0.0,0.0,250000.0
라마48a35a,0.0,0.0,250000.0
라마48a35b,19496.67058623323,0.07798668234493292,250000.0
라마48a36a,3397.9189209761985,0.013591675683904793,250000.0
라마48a36b,0.0,0.0,250000.0
라마48a37a,0.0,0.0,250000.0
라마48a37b,7040.627984208159,0.028162511936832637,250000.0
라마48a38a,26618.77566068981,0.10647510264275925,250000.0
라마48a38b,35094.98506794534,0.14037994027178136,250000.0
라마48a39a,17748.90299565799,0.07099561198263196,250000.0
라마48a39b,0.0,0.0,250000.0
라마48b13b,15933.367562009667,0.07115374964463587,223928.7127043325
라마48b14a,12017.717537347591,0.04807087014939036,250000.0
라마48b14b,95049.39160607656,0.38019756642430624,250000.0
라마48b15a,52101.50669538132,0.20840602678152528,250000.0
라마48b15b,27022.784389222405,0.10809113755688962,250000.0
라마48b16a,64123.51116961677,0.2564940446784671,250000.0
라마48b16b,59810.448146101095,0.23924179258440437,250000.0
라마48b17a,20842.177319353388,0.08336870927741355,250000.0
라마48b17b,10818.29275263233,0.04327317101052932,250000.0
라마48b18a,3104.647981860556,0.012418591927442223,250000.0
라마48b18b,86355.13187575203,0.3454205275030081,250000.0
라마48b19a,66316.02765657492,0.2652641106262997,250000.0
라마48b19b,26659.758568005913,0.10663903427202365,250000.0
라마48b20a,52111.73435548194,0.20844693742192774,250000.0
라마48b20b,14843.699046084259,0.05937479618433704,250000.0
라마48b21a,20916.59378827763,0.08366637515311053,250000.0
라마48b21b,45868.20819581343,0.18347283278325371,250000.0
라마48b22a,48073.101242001176,0.1922924049680047,250000.0
라마48b22b,8768.724502384344,0.03507489800953738,250000.0
라마48b23a,79376.01074932105,0.3175040429972842,250000.0
라마48b23b,48573.91558851384,0.19429566235405535,250000.0
라마48b24a,7123.999370511657,0.028495997482046627,250000.0
라마48b24b,0.0,0.0,250000.0
라마48b25a,1020.1211320511565,0.0040804845282046255,250000.0
라마48b25b,13189.17672233425,0.052756706889337,250000.0
라마48b26a,4259.945521799729,0.017039782087198918,250000.0
라마48b26b,382.9120681365652,0.0015316482725462608,250000.0
라마48b27a,10676.766962737593,0.04270706785095037,250000.0
라마48b27b,6665.343848275103,0.02666137539310041,250000.0
라마48b28a,36570.26145541822,0.1462810458216729,250000.0
라마48b28b,34445.72691593897,0.13778290766375587,250000.0
라마48b29a,0.0,0.0,250000.0
라마48b29b,0.0,0.0,250000.0
라마48b30a,0.0,0.0,250000.0
라마48b30b,0.0,0.0,250000.0
라마48b31a,0.0,0.0,250000.0
라마48b31b,0.0,0.0,250000.0
라마48b32a,0.0,0.0,250000.0
라마48b32b,0.0,0.0,250000.0
라마48b33a,0.0,0.0,250000.0
라마48b33b,0.0,0.0,250000.0
라마48b34a,16194.782534580005,0.06477913013832001,250000.0
라마48b34b,38946.68824982317,0.15578675299929268,250000.0
라마48b35a,11046.416177873018,0.04418566471149207,250000.0
라마48b35b,0.0,0.0,250000.0
라마48b36a,1923.6484365319775,0.00769459374612791,250000.0
라마48b36b,6447.509697858922,0.025790038791435686,250000.0
라마48b37a,0.0,0.0,250000.0
라마48b37b,847.606551082212,0.0033904262043288483,250000.0
라마48b38a,6833.165379608643,0.02733266151843457,250000.0
라마48b38b,1053.3769503136084,0.0042135078012544335,250000.0
라마48b39a,0.0,0.0,250000.0
라마48b39b,0.0,0.0,250000.0
라마48b40a,0.0,0.0,193843.5715853251
라마48b54a,0.0,0.0,204801.649238083
라마48b54b,67560.21987478281,0.2762755128871369,244539.29763359908
라마49a14a,5116.349210245025,0.0204653968409801,250000.0
라마49a14b,0.0,0.0,250000.0
라마49a15a,7367.0649608882495,0.029468259843553,250000.0
라마49a15b,0.0,0.0,250000.0
라마49a16a,8124.3456665574795,0.03249738266622992,250000.0
라마49a16b,30698.323460695363,0.12279329384278145,250000.0
라마49a17a,0.0,0.0,250000.0
라마49a17b,20478.11035777059,0.08191244143108237,250000.0
라마49a18a,57377.86222333582,0.22951144889334327,250000.0
라마49a18b,6007.891647311189,0.024031566589244758,250000.0
라마49a19a,4402.010592582232,0.017608042370328928,250000.0
라마49a19b,14954.773832048715,0.05981909532819486,250000.0
라마49a20a,7416.963062623216,0.029667852250492864,250000.0
라마49a20b,1676.6589297781752,0.006706635719112701,250000.0
라마49a21a,24311.746786024938,0.09724698714409975,250000.0
라마49a21b,12669.730706704819,0.050678922826819274,250000.0
라마49a22a,0.0,0.0,250000.0
라마49a22b,0.0,0.0,250000.0
라마49a23a,41777.58848149324,0.16711035392597298,250000.0
라마49a23b,131439.88811317025,0.525759552452681,250000.0
라마49a24a,38394.338465639325,0.1535773538625573,250000.0
라마49a24b,7310.638837472217,0.029242555349888868,250000.0
라마49a25a,17523.324532058425,0.0700932981282337,250000.0
라마49a25b,6306.653536511554,0.025226614146046218,250000.0
라마49a26a,0.0,0.0,250000.0
라마49a26b,0.0,0.0,250000.0
라마49a27a,617.1152848066746,0.0024684611392266982,250000.0
라마49a27b,0.0,0.0,250000.0
라마49a28a,4012.2948643008176,0.016049179457203272,250000.0
라마49a28b,72126.96098470129,0.2885078439388052,250000.0
라마49a29a,9.948465508086517,3.979386203234607e-05,250000.0
라마49a29b,5461.972959248966,0.021847891836995863,250000.0
라마49a30a,0.0,0.0,250000.0
라마49a30b,0.0,0.0,250000.0
라마49a31a,0.0,0.0,250000.0
라마49a31b,6525.807946637544,0.026103231786550177,250000.0
라마49a32a,1838.207451653499,0.007352829806613996,250000.0
라마49a32b,4057.9390299357146,0.016231756119742858,250000.0
라마49a33a,0.0,0.0,250000.0
라마49a33b,0.0,0.0,250000.0
라마49a34a,1655.400180802961,0.006621600723211844,250000.0
라마49a34b,22749.483047548365,0.09099793219019346,250000.0
라마49a35a,73534.86116615066,0.2941394446646026,250000.0
라마49a35b,27597.919677958507,0.11039167871183403,250000.0
라마49a36a,4600.644733829077,0.01840257893531631,250000.0
라마49a36b,8216.158638218,0.032864634552871995,250000.0
라마49a37a,2533.8962471424156,0.010135584988569663,250000.0
라마49a37b,9677.691688510713,0.03871076675404285,250000.0
라마49a38a,5007.837094889849,0.020031348379559395,250000.0
라마49a38b,0.0,0.0,250000.0
라마49a39a,0.0,0.0,250000.0
라마49a39b,0.0,0.0,250000.0
라마49a40a,0.0,0.0,250000.0
라마49a50b,0.0,0.0,90398.14256409618
라마49a54a,28080.200012064503,0.11232080004825801,250000.0
라마49a54b,45995.09054330337,0.18398036217321348,250000.0
라마49a55a,31997.60750410987,0.1489261043588944,214855.5999759411
라마49b13b,0.0,0.0,210227.362311924
라마49b14a,3262.769100303012,0.013051076401212048,250000.0
라마49b14b,395.8631640624013,0.0015834526562496054,250000.0
라마49b15a,197.95433847356338,0.0007918173538942535,250000.0
라마49b15b,0.0,0.0,250000.0
라마49b16a,38930.8505998376,0.1557234023993504,250000.0
라마49b16b,14311.564164017229,0.05724625665606892,250000.0
라마49b17a,22838.300770199032,0.09135320308079613,250000.0
라마49b17b,47863.3256377343,0.1914533025509372,250000.0
라마49b18a,36169.70060635694,0.14467880242542777,250000.0
라마49b18b,38281.018274133334,0.15312407309653334,250000.0
라마49b19a,21458.06640856244,0.08583226563424977,250000.0
라마49b19b,14330.942759539486,0.057323771038157945,250000.0
라마49b20a,3395.933692408319,0.013583734769633276,250000.0
라마49b20b,2813.8511931372423,0.01125540477254897,250000.0
라마49b21a,58051.10737812669,0.23220442951250675,250000.0
라마49b21b,0.0,0.0,250000.0
라마49b22a,0.0,0.0,250000.0
라마49b22b,0.0,0.0,250000.0
라마49b23a,26652.592941863786,0.10661037176745515,250000.0
라마49b23b,114429.61945470063,0.45771847781880254,250000.0
라마49b24a,49030.481661057616,0.19612192664423048,250000.0
라마49b24b,116887.2267607786,0.4675489070431144,250000.0
라마49b25a,154142.54840671414,0.6165701936268565,250000.0
라마49b25b,5593.639985168083,0.02237455994067233,250000.0
라마49b26a,0.0,0.0,250000.0
라마49b26b,0.0,0.0,250000.0
라마49b27a,0.0,0.0,250000.0
라마49b27b,55065.0919823177,0.2202603679292708,250000.0
라마49b28a,3298.178588005924,0.013192714352023696,250000.0
라마49b28b,5802.439829765297,0.023209759319061187,250000.0
라마49b29a,0.0,0.0,250000.0
라마49b29b,2322.335333075828,0.009289341332303313,250000.0
라마49b30a,0.0,0.0,250000.0
라마49b30b,0.0,0.0,250000.0
라마49b31a,0.0,0.0,250000.0
라마49b31b,3364.882847055402,0.013459531388221608,250000.0
라마49b32a,2746.286517468877,0.010985146069875508,250000.0
라마49b32b,0.0,0.0,250000.0
라마49b33a,0.0,0.0,250000.0
라마49b33b,0.0,0.0,250000.0
라마49b34a,0.0,0.0,250000.0
라마49b34b,11.581414739620026,4.63256589584801e-05,250000.0
라마49b35a,4252.565673870214,0.017010262695480855,250000.0
라마49b35b,28242.44642617277,0.11296978570469109,250000.0
라마49b36a,28895.50717468131,0.11558202869872523,250000.0
라마49b36b,32.7316468418064,0.00013092658736722562,250000.0
라마49b37a,0.0,0.0,250000.0
라마49b37b,19821.10037916728,0.07928440151666913,250000.0
라마49b38a,22181.23125670413,0.08872492502681652,250000.0
라마49b38b,0.0,0.0,250000.0
라마49b39a,283.9421719781514,0.0011357686879126057,250000.0
라마49b39b,1464.0045914892103,0.005856018365956841,250000.0
라마49b40a,0.0,0.0,250000.0
라마49b40b,0.0,0.0,250000.0
라마49b41a,0.0,0.0,250000.0
라마49b41b,0.0,0.0,250000.0
라마49b42a,0.0,0.0,197745.59612875743
라마49b50b,0.0,0.0,249915.98728054247
라마49b51a,0.0,0.0,208090.0832420693
라마49b52a,0.0,0.0,138197.8529627101
라마49b52b,0.0,0.0,170010.5570781026
라마49b53b,0.0,0.0,205720.6268740103
라마49b54a,29043.619053080103,0.11617447621232041,250000.0
라마49b54b,63164.57681845339,0.25265830727381355,250000.0
라마49b55a,0.0,0.0,250000.0
라마49b55b,16922.92230417474,0.07208559620591655,234761.49459641648
라마49b56a,1815.659313744047,0.011089144056785929,163733.0441778296
라마50a13b,0.0,0.0,196433.1073914138
라마50a14a,0.0,0.0,250000.0
라마50a14b,429.50987944867063,0.0017180395177946825,250000.0
라마50a15a,242.45800282602707,0.0009698320113041083,250000.0
라마50a15b,7835.699167281484,0.031342796669125934,250000.0
라마50a16a,82293.14625000529,0.32917258500002117,250000.0
라마50a16b,17307.8098636207,0.0692312394544828,250000.0
라마50a17a,0.0,0.0,250000.0
라마50a17b,3589.752932507474,0.014359011730029896,250000.0
라마50a18a,546.1061898546451,0.0021844247594185805,250000.0
라마50a18b,0.0,0.0,250000.0
라마50a19a,17893.840462284534,0.07157536184913814,250000.0
라마50a19b,32272.189284520224,0.1290887571380809,250000.0
라마50a20a,5470.89218912281,0.02188356875649124,250000.0
라마50a20b,49228.96332735263,0.1969158533094105,250000.0
라마50a21a,28995.718104277286,0.11598287241710914,250000.0
라마50a21b,0.0,0.0,250000.0
라마50a22a,0.0,0.0,250000.0
라마50a22b,2557.0214212953692,0.010228085685181477,250000.0
라마50a23a,67204.47003532566,0.26881788014130265,250000.0
라마50a23b,67576.90387623731,0.27030761550494925,250000.0
라마50a24a,103970.39137610253,0.41588156550441013,250000.0
라마50a24b,117186.12750361422,0.4687445100144569,250000.0
라마50a25a,196464.22457022368,0.7858568982808948,250000.0
라마50a25b,38467.03193967753,0.15386812775871012,250000.0
라마50a26a,0.0,0.0,250000.0
라마50a26b,0.0,0.0,250000.0
라마50a27a,0.0,0.0,250000.0
라마50a27b,30480.375220024467,0.12192150088009787,250000.0
라마50a28a,19389.202686808294,0.07755681074723318,250000.0
라마50a28b,72267.5366545733,0.28907014661829317,250000.0
라마50a29a,5735.063788719514,0.022940255154878058,250000.0
라마50a29b,0.0,0.0,250000.0
라마50a30a,0.0,0.0,250000.0
라마50a30b,3219.556683633902,0.012878226734535609,250000.0
라마50a31a,1813.0241592488073,0.0072520966369952295,250000.0
라마50a31b,0.0,0.0,250000.0
라마50a32a,299.2313397020078,0.0011969253588080312,250000.0
라마50a32b,0.0,0.0,250000.0
라마50a33a,9573.323622084534,0.03829329448833813,250000.0
라마50a33b,1235.6156759662044,0.004942462703864818,250000.0
라마50a34a,0.0,0.0,250000.0
라마50a34b,0.0,0.0,250000.0
라마50a35a,4260.012048574048,0.017040048194296192,250000.0
라마50a35b,2393.6038161353763,0.009574415264541504,250000.0
라마50a36a,3782.4728486243853,0.015129891394497542,250000.0
라마50a36b,2108.74324597051,0.00843497298388204,250000.0
라마50a37a,47714.89972659933,0.19085959890639734,250000.0
라마50a37b,49051.762500932105,0.19620705000372843,250000.0
라마50a38a,40532.52369182442,0.16213009476729767,250000.0
라마50a38b,67514.15087074357,0.2700566034829743,250000.0
라마50a39a,36206.33138334291,0.14482532553337166,250000.0
라마50a39b,12517.821821303824,0.050071287285215295,250000.0
라마50a40a,1715.6694623496371,0.006862677849398548,250000.0
라마50a40b,0.0,0.0,250000.0
라마50a41a,0.0,0.0,250000.0
라마50a41b,0.0,0.0,250000.0
라마50a42a,0.0,0.0,250000.0
라마50a42b,0.0,0.0,145283.422671736
라마50a49b,0.0,0.0,219168.33345175005
라마50a50a,0.0,0.0,250000.0
라마50a50b,0.0,0.0,250000.0
라마50a51a,0.0,0.0,250000.0
라마50a51b,0.0,0.0,250000.0
라마50a52a,0.0,0.0,250000.0
라마50a52b,0.0,0.0,250000.0
라마50a53a,0.0,0.0,250000.0
라마50a53b,0.0,0.0,250000.0
라마50a54a,21436.481737284008,0.08574592694913603,250000.0
라마50a54b,49064.933518165235,0.19625973407266095,250000.0
라마50a55a,27736.309708178003,0.11094523883271201,250000.0
라마50a55b,54925.11126140385,0.2197004450456154,250000.0
라마50a56a,38743.44898207094,0.15497379592828378,250000.0
라마50b12b,0.0,0.0,183288.9318907499
라마50b13a,0.0,0.0,249475.7084494479
라마50b13b,0.0,0.0,250000.0
라마50b14a,0.0,0.0,250000.0
라마50b14b,0.0,0.0,250000.0
라마50b15a,1689.8379356882076,0.006759351742752831,250000.0
라마50b15b,4669.650005855129,0.018678600023420516,250000.0
라마50b16a,44108.95621071468,0.17643582484285872,250000.0
라마50b16b,38860.92883461484,0.15544371533845935,250000.0
라마50b17a,0.0,0.0,250000.0
라마50b17b,280.7084863686903,0.0011228339454747611,250000.0
라마50b18a,11161.012476121728,0.044644049904486914,250000.0
라마50b18b,0.0,0.0,250000.0
라마50b19a,0.0,0.0,250000.0
라마50b19b,0.0,0.0,250000.0
라마50b20a,0.0,0.0,250000.0
라마50b20b,44962.107695763654,0.17984843078305462,250000.0
라마50b21a,40315.569990523625,0.1612622799620945,250000.0
라마50b21b,504.1535651956542,0.0020166142607826168,250000.0
라마50b22a,0.0,0.0,250000.0
라마50b22b,17921.129515682023,0.07168451806272809,250000.0
라마50b23a,42123.03186720223,0.16849212746880893,250000.0
라마50b23b,55877.96820884166,0.22351187283536664,250000.0
라마50b24a,14517.768754114057,0.058071075016456225,250000.0
라마50b24b,17212.755571577076,0.06885102228630831,250000.0
라마50b25a,76325.99032797207,0.3053039613118883,250000.0
라마50b25b,43552.25379512913,0.1742090151805165,250000.0
라마50b26a,9802.810070938682,0.03921124028375473,250000.0
라마50b26b,0.0,0.0,250000.0
라마50b27a,0.0,0.0,250000.0
라마50b27b,0.0,0.0,250000.0
라마50b28a,42075.71444412666,0.16830285777650664,250000.0
라마50b28b,79375.12547162309,0.31750050188649237,250000.0
라마50b29a,278.98760915968904,0.001115950436638756,250000.0
라마50b29b,0.0,0.0,250000.0
라마50b30a,0.0,0.0,250000.0
라마50b30b,8173.28510467581,0.03269314041870324,250000.0
라마50b31a,4795.83657836573,0.01918334631346292,250000.0
라마50b31b,5075.386569241219,0.02030154627696488,250000.0
라마50b32a,1079.788738521547,0.004319154954086188,250000.0
라마50b32b,34517.5245867418,0.13807009834696718,250000.0
라마50b33a,42097.209438607744,0.16838883775443098,250000.0
라마50b33b,75899.37043938483,0.3035974817575393,250000.0
라마50b34a,15795.437518539422,0.06318175007415769,250000.0
라마50b34b,5171.340822534082,0.020685363290136326,250000.0
라마50b35a,1833.267273039074,0.007333069092156297,250000.0
라마50b35b,0.0,0.0,250000.0
라마50b36a,8834.518428363397,0.035338073713453586,250000.0
라마50b36b,0.0,0.0,250000.0
라마50b37a,14264.969138373483,0.057059876553493934,250000.0
라마50b37b,73115.4877900587,0.2924619511602348,250000.0
라마50b38a,44935.24167931339,0.17974096671725356,250000.0
라마50b38b,4748.916782645587,0.018995667130582348,250000.0
라마50b39a,0.0,0.0,250000.0
라마50b39b,0.0,0.0,250000.0
라마50b40a,0.0,0.0,250000.0
라마50b40b,0.0,0.0,250000.0
라마50b41a,0.0,0.0,250000.0
라마50b41b,0.0,0.0,250000.0
라마50b42a,0.0,0.0,250000.0
라마50b42b,0.0,0.0,220366.50188808676
라마50b48a,0.0,0.0,153643.0133683181
라마50b48b,0.0,0.0,230930.3911041878
라마50b49a,0.0,0.0,250000.0
라마50b49b,0.0,0.0,250000.0
라마50b50a,0.0,0.0,250000.0
라마50b50b,0.0,0.0,250000.0
라마50b51a,0.0,0.0,250000.0
라마50b51b,0.0,0.0,250000.0
라마50b52a,0.0,0.0,250000.0
라마50b52b,0.0,0.0,250000.0
라마50b53a,0.0,0.0,250000.0
라마50b53b,0.0,0.0,250000.0
라마50b54a,0.0,0.0,250000.0
라마50b54b,48673.9303079313,0.1946957212317252,250000.0
라마50b55a,64988.111457493746,0.259952445829975,250000.0
라마50b55b,47916.21324831037,0.19166485299324149,250000.0
라마50b56a,1048.2847331574546,0.004193138932629819,250000.0
라마50b56b,0.0,0.0,118079.68945166438
라마51a12a,0.0,0.0,202305.15534299068
라마51a12b,0.0,0.0,250000.0
라마51a13a,0.0,0.0,250000.0
라마51a13b,0.0,0.0,250000.0
라마51a14a,0.0,0.0,250000.0
라마51a14b,0.0,0.0,250000.0
라마51a15a,12369.130778322075,0.0494765231132883,250000.0
라마51a15b,0.0,0.0,250000.0
라마51a16a,0.0,0.0,250000.0
라마51a16b,5584.29185428789,0.022337167417151558,250000.0
라마51a17a,29737.789308471103,0.11895115723388441,250000.0
라마51a17b,22288.21848368856,0.08915287393475424,250000.0
라마51a18a,25475.742670728752,0.10190297068291501,250000.0
라마51a18b,21036.34659654011,0.08414538638616044,250000.0
라마51a19a,0.0,0.0,250000.0
라마51a19b,0.0,0.0,250000.0
라마51a20a,0.0,0.0,250000.0
라마51a20b,31496.69578378072,0.12598678313512288,250000.0
라마51a21a,2289.639579835706,0.009158558319342825,250000.0
라마51a21b,8420.629306291885,0.03368251722516754,250000.0
라마51a22a,1370.9136719956023,0.005483654687982409,250000.0
라마51a22b,5235.644338462884,0.020942577353851535,250000.0
라마51a23a,34060.324580344946,0.1362412983213798,250000.0
라마51a23b,41869.62364572901,0.16747849458291603,250000.0
라마51a24a,0.0,0.0,250000.0
라마51a24b,15762.135666606331,0.06304854266642533,250000.0
라마51a25a,9737.280553341889,0.038949122213367555,250000.0
라마51a25b,14247.555717064502,0.05699022286825801,250000.0
라마51a26a,67185.48114170111,0.26874192456680446,250000.0
라마51a26b,0.0,0.0,250000.0
라마51a27a,0.0,0.0,250000.0
라마51a27b,0.0,0.0,250000.0
라마51a28a,62056.05422888202,0.2482242169155281,250000.0
라마51a28b,57798.60943618644,0.23119443774474574,250000.0
라마51a29a,720.6633791146304,0.0028826535164585216,250000.0
라마51a29b,0.0,0.0,250000.0
라마51a30a,0.0,0.0,250000.0
라마51a30b,12770.594718989152,0.05108237887595661,250000.0
라마51a31a,18235.05666431831,0.07294022665727323,250000.0
라마51a31b,3254.3033581135423,0.01301721343245417,250000.0
라마51a32a,22456.481002811637,0.08982592401124655,250000.0
라마51a32b,20008.603442465537,0.08003441376986214,250000.0
라마51a33a,75505.34857274746,0.30202139429098984,250000.0
라마51a33b,142746.2234910352,0.5709848939641408,250000.0
라마51a34a,34193.06368410985,0.13677225473643942,250000.0
라마51a34b,10118.385038435772,0.04047354015374309,250000.0
라마51a35a,54813.4363580183,0.21925374543207318,250000.0
라마51a35b,5888.803467391315,0.023555213869565262,250000.0
라마51a36a,25313.464622415868,0.10125385848966346,250000.0
라마51a36b,14104.704355050906,0.056418817420203625,250000.0
라마51a37a,7481.417183396778,0.02992566873358711,250000.0
라마51a37b,67143.43059119309,0.26857372236477234,250000.0
라마51a38a,13273.992631073246,0.05309597052429298,250000.0
라마51a38b,0.0,0.0,250000.0
라마51a39a,0.0,0.0,250000.0
라마51a39b,0.0,0.0,250000.0
라마51a40a,698.6746712310678,0.0027946986849242714,250000.0
라마51a40b,0.0,0.0,250000.0
라마51a41a,0.0,0.0,250000.0
라마51a41b,0.0,0.0,250000.0
라마51a42a,0.0,0.0,249996.36501526408
라마51a42b,0.0,0.0,221933.3993348322
라마51a47b,0.0,0.0,224178.59104813865
라마51a48a,0.0,0.0,250000.0
라마51a48b,0.0,0.0,250000.0
라마51a49a,0.0,0.0,250000.0
라마51a49b,0.0,0.0,250000.0
라마51a50a,20782.741662218516,0.08313096664887407,250000.0
라마51a50b,12443.80971374375,0.049775238854975,250000.0
라마51a51a,169.39584526340124,0.000677583381053605,250000.0
라마51a51b,0.0,0.0,250000.0
라마51a52a,0.0,0.0,250000.0
라마51a52b,0.0,0.0,250000.0
라마51a53a,0.0,0.0,250000.0
라마51a53b,0.0,0.0,250000.0
라마51a54a,0.0,0.0,250000.0
라마51a54b,1766.73224624578,0.00706692898498312,250000.0
라마51a55a,5992.382318065921,0.023969529272263684,250000.0
라마51a55b,0.0,0.0,250000.0
라마51a56a,0.0,0.0,250000.0
라마51a56b,0.0,0.0,152625.57479931213
라마51b11a,0.0,0.0,207331.71942670172
라마51b11b,0.0,0.0,250000.0
라마51b12a,0.0,0.0,250000.0
라마51b12b,11866.771428319975,0.0474670857132799,250000.0
라마51b13a,7380.218874979115,0.02952087549991646,250000.0
라마51b13b,0.0,0.0,250000.0
라마51b14a,0.0,0.0,250000.0
라마51b14b,26101.132066637198,0.1044045282665488,250000.0
라마51b15a,41417.903423472024,0.1656716136938881,250000.0
라마51b15b,0.0,0.0,250000.0
라마51b16a,0.0,0.0,250000.0
라마51b16b,0.0,0.0,250000.0
라마51b17a,0.0,0.0,250000.0
라마51b17b,726.3674082171118,0.0029054696328684473,250000.0
라마51b18a,22120.31608695503,0.08848126434782012,250000.0
라마51b18b,31997.932537268553,0.12799173014907422,250000.0
라마51b19a,883.3254851313593,0.003533301940525437,250000.0
라마51b19b,0.0,0.0,250000.0
라마51b20a,0.0,0.0,250000.0
라마51b20b,9253.493517176754,0.03701397406870702,250000.0
라마51b21a,2190.050674004337,0.008760202696017348,250000.0
라마51b21b,0.0,0.0,250000.0
라마51b22a,6131.624614127684,0.024526498456510736,250000.0
라마51b22b,2882.7563312741904,0.011531025325096762,250000.0
라마51b23a,3325.3671644306887,0.013301468657722755,250000.0
라마51b23b,22216.922666421047,0.08886769066568419,250000.0
라마51b24a,7156.746200445835,0.02862698480178334,250000.0
라마51b24b,7821.813154015764,0.031287252616063056,250000.0
라마51b25a,6502.289006706686,0.026009156026826744,250000.0
라마51b25b,3588.8920287256456,0.014355568114902583,250000.0
라마51b26a,33916.148071946765,0.13566459228778707,250000.0
라마51b26b,0.0,0.0,250000.0
라마51b27a,0.0,0.0,250000.0
라마51b27b,9226.228228016587,0.03690491291206635,250000.0
라마51b28a,13236.691810188137,0.05294676724075255,250000.0
라마51b28b,22542.29901147375,0.090169196045895,250000.0
라마51b29a,0.0,0.0,250000.0
라마51b29b,94.91149121614656,0.00037964596486458625,250000.0
라마51b30a,18657.822432751436,0.07463128973100575,250000.0
라마51b30b,10950.28999202945,0.0438011599681178,250000.0
라마51b31a,0.0,0.0,250000.0
라마51b31b,421.76244365916733,0.0016870497746366694,250000.0
라마51b32a,0.0,0.0,250000.0
라마51b32b,62480.58695457261,0.24992234781829042,250000.0
라마51b33a,52692.39083534551,0.21076956334138205,250000.0
라마51b33b,21706.45936633043,0.08682583746532171,250000.0
라마51b34a,3770.424160709942,0.015081696642839768,250000.0
라마51b34b,0.0,0.0,250000.0
라마51b35a,0.0,0.0,250000.0
라마51b35b,14953.066894863377,0.05981226757945351,250000.0
라마51b36a,56261.68661630995,0.22504674646523978,250000.0
라마51b36b,26583.541316906998,0.106334165267628,250000.0
라마51b37a,17076.87530231467,0.06830750120925869,250000.0
라마51b37b,64552.066865963396,0.25820826746385356,250000.0
라마51b38a,37984.14752756778,0.1519365901102711,250000.0
라마51b38b,205.626465357016,0.000822505861428064,250000.0
라마51b39a,239.94999415614146,0.0009597999766245658,250000.0
라마51b39b,0.0,0.0,250000.0
라마51b40a,0.0,0.0,250000.0
라마51b40b,0.0,0.0,250000.0
라마51b41a,0.0,0.0,250000.0
라마51b41b,0.0,0.0,249711.54307627105
라마51b47a,0.0,0.0,151748.22561579998
라마51b47b,0.0,0.0,250000.0
라마51b48a,0.0,0.0,250000.0
라마51b48b,0.0,0.0,250000.0
라마51b49a,5946.539621346139,0.023786158485384557,250000.0
라마51b49b,4426.964787944,0.017707859151776,250000.0
라마51b50a,39662.71080571296,0.15865084322285183,250000.0
라마51b50b,17756.942719238512,0.07102777087695404,250000.0
라마51b51a,14226.65664896957,0.05690662659587828,250000.0
라마51b51b,10494.415362623975,0.0419776614504959,250000.0
라마51b52a,2965.581714689563,0.011862326858758251,250000.0
라마51b52b,0.0,0.0,250000.0
라마51b53a,0.0,0.0,250000.0
라마51b53b,0.0,0.0,250000.0
라마51b54a,0.0,0.0,250000.0
라마51b54b,0.0,0.0,250000.0
라마51b55a,0.0,0.0,250000.0
라마51b55b,493.3608953812532,0.0019734435815250127,250000.0
라마51b56a,0.0,0.0,250000.0
라마51b56b,0.0,0.0,246820.72922261045
라마51b57a,0.0,0.0,140441.82842831587
라마52a10b,0.0,0.0,234719.9066879129
라마52a11a,22.556884710827518,9.022753884331008e-05,250000.0
라마52a11b,15782.882681422803,0.0631315307256912,250000.0
라마52a12a,0.0,0.0,250000.0
라마52a12b,25892.84860275619,0.10357139441102475,250000.0
라마52a13a,7973.283982714225,0.0318931359308569,250000.0
라마52a13b,19243.552119159023,0.0769742084766361,250000.0
라마52a14a,65726.30595579528,0.2629052238231811,250000.0
라마52a14b,17845.811493393867,0.07138324597357547,250000.0
라마52a15a,12839.763753474648,0.05135905501389859,250000.0
라마52a15b,24528.410548208765,0.09811364219283505,250000.0
라마52a16a,0.0,0.0,250000.0
라마52a16b,0.0,0.0,250000.0
라마52a17a,1702.708468479089,0.0068108338739163565,250000.0
라마52a17b,0.0,0.0,250000.0
라마52a18a,0.0,0.0,250000.0
라마52a18b,2849.7288417359728,0.011398915366943891,250000.0
라마52a19a,0.0,0.0,250000.0
라마52a19b,0.0,0.0,250000.0
라마52a20a,0.0,0.0,250000.0
라마52a20b,0.0,0.0,250000.0
라마52a21a,9040.907097073965,0.03616362838829586,250000.0
라마52a21b,0.0,0.0,250000.0
라마52a22a,0.0,0.0,250000.0
라마52a22b,0.0,0.0,250000.0
라마52a23a,0.0,0.0,250000.0
라마52a23b,9442.58145596914,0.037770325823876565,250000.0
라마52a24a,74914.94833177298,0.2996597933270919,250000.0
라마52a24b,5626.303607025193,0.022505214428100773,250000.0
라마52a25a,2237.036633618969,0.008948146534475876,250000.0
라마52a25b,16439.588448009694,0.06575835379203877,250000.0
라마52a26a,0.0,0.0,250000.0
라마52a26b,0.0,0.0,250000.0
라마52a27a,4467.059319093638,0.01786823727637455,250000.0
라마52a27b,25669.439241764,0.102677756967056,250000.0
라마52a28a,633.8524220313028,0.002535409688125211,250000.0
라마52a28b,4075.1707977413193,0.016300683190965278,250000.0
라마52a29a,1646.2825429470652,0.0065851301717882605,250000.0
라마52a29b,2223.8938868072173,0.00889557554722887,250000.0
라마52a30a,35545.81285342974,0.14218325141371896,250000.0
라마52a30b,19099.596341742767,0.07639838536697106,250000.0
라마52a31a,50848.9654357072,0.2033958617428288,250000.0
라마52a31b,4333.459443791382,0.017333837775165527,250000.0
라마52a32a,0.0,0.0,250000.0
라마52a32b,1746.271647472388,0.006985086589889552,250000.0
라마52a33a,6181.237185246367,0.024724948740985467,250000.0
라마52a33b,16929.7079580324,0.0677188318321296,250000.0
라마52a34a,0.0,0.0,250000.0
라마52a34b,0.0,0.0,249999.999999696
라마52a35a,0.0,0.0,249999.99999973035
라마52a35b,1534.0240311793839,0.006136096124723765,249999.9999997462
라마52a36a,11023.532729580807,0.04409413091832323,250000.0
라마52a36b,49466.64673431651,0.19786658693726605,250000.0
라마52a37a,29103.900893393893,0.11641560357357557,250000.0
라마52a37b,102.92853063141024,0.000411714122525641,250000.0
라마52a38a,4996.799792511351,0.019987199170045405,250000.0
라마52a38b,23999.708766796353,0.09599883506718541,250000.0
라마52a39a,0.0,0.0,250000.0
라마52a39b,0.0,0.0,250000.0
라마52a40a,0.0,0.0,250000.0
라마52a40b,0.0,0.0,250000.0
라마52a41a,0.0,0.0,250000.0
라마52a41b,0.0,0.0,250000.0
라마52a42a,0.0,0.0,215092.63341407315
라마52a45a,0.0,0.0,238722.91526101896
라마52a45b,0.0,0.0,230489.75807617675
라마52a46a,0.0,0.0,250000.0
라마52a46b,0.0,0.0,250000.0
라마52a47a,0.0,0.0,250000.0
라마52a47b,0.0,0.0,250000.0
라마52a48a,0.0,0.0,250000.0
라마52a48b,6504.029834318206,0.02601611933727282,250000.0
라마52a49a,40576.86749594472,0.1623074699837789,250000.0
라마52a49b,50955.5904361437,0.2038223617445748,250000.0
라마52a50a,13106.185152485483,0.052424740609941935,250000.0
라마52a50b,57601.66002721302,0.2304066401088521,250000.0
라마52a51a,6013.204244894393,0.024052816979577573,250000.0
라마52a51b,333.0996588747481,0.0013323986354989925,250000.0
라마52a52a,0.0,0.0,250000.0
라마52a52b,0.0,0.0,250000.0
라마52a53a,0.0,0.0,250000.0
라마52a53b,0.0,0.0,250000.0
라마52a54a,0.0,0.0,250000.0
라마52a54b,0.0,0.0,250000.0
라마52a55a,12235.377864969352,0.04894151145987741,250000.0
라마52a55b,4476.759345378,0.017907037381512,250000.0
라마52a56a,0.0,0.0,250000.0
라마52a56b,0.0,0.0,250000.0
라마52a57a,0.0,0.0,250000.0
라마52b10b,1929.510040036793,0.008115910599120906,237744.12205154065
라마52b11a,0.0,0.0,250000.0
라마52b11b,29103.332362513647,0.11641332945005459,250000.0
라마52b12a,0.0,0.0,250000.0
라마52b12b,18776.388707310336,0.07510555482924135,250000.0
라마52b13a,88001.1116774998,0.3520044467099992,250000.0
라마52b13b,63236.56081336801,0.25294624325347204,250000.0
라마52b14a,14707.572801578995,0.058830291206315985,250000.0
라마52b14b,34.87914922917027,0.00013951659691668108,250000.0
라마52b15a,0.0,0.0,250000.0
라마52b15b,26560.601726584246,0.10624240690633699,250000.0
라마52b16a,34754.15065277242,0.13901660261108967,250000.0
라마52b16b,17418.390499368074,0.0696735619974723,250000.0
라마52b17a,9173.620650885983,0.03669448260354393,250000.0
라마52b17b,2751.38991615781,0.01100555966463124,250000.0
라마52b18a,6511.350873962513,0.026045403495850054,250000.0
라마52b18b,4821.941275724562,0.019287765102898247,250000.0
라마52b19a,0.0,0.0,250000.0
라마52b19b,9624.446016489735,0.03849778406595894,250000.0
라마52b20a,10537.341255932732,0.04214936502373093,250000.0
라마52b20b,0.0,0.0,250000.0
라마52b21a,0.0,0.0,250000.0
라마52b21b,0.0,0.0,250000.0
라마52b22a,0.0,0.0,250000.0
라마52b22b,0.0,0.0,250000.0
라마52b23a,0.0,0.0,250000.0
라마52b23b,9389.905661118557,0.037559622644474225,250000.0
라마52b24a,51827.198484353044,0.20730879393741217,250000.0
라마52b24b,2353.8554341863137,0.009415421736745255,250000.0
라마52b25a,12366.003919090339,0.049464015676361356,250000.0
라마52b25b,3427.3560903716066,0.013709424361486425,250000.0
라마52b26a,0.0,0.0,250000.0
라마52b26b,10301.036987820291,0.04120414795128116,250000.0
라마52b27a,17916.278190196095,0.07166511276078438,250000.0
라마52b27b,14543.262705337738,0.05817305082135095,250000.0
라마52b28a,14506.159498520512,0.05802463799408205,250000.0
라마52b28b,37144.41283441185,0.14857765133764742,250000.0
라마52b29a,42193.13441812588,0.16877253767250353,250000.0
라마52b29b,9335.475425669969,0.037341901702679876,250000.0
라마52b30a,6854.043837792916,0.027416175351171662,250000.0
라마52b30b,53460.1820335575,0.21384072813423002,250000.0
라마52b31a,36331.36502282788,0.1453254600913115,250000.0
라마52b31b,15973.320635918179,0.06389328254367271,250000.0
라마52b32a,0.0,0.0,250000.0
라마52b32b,0.0,0.0,250000.0
라마52b33a,0.0,0.0,249999.99999998527
라마52b33b,6187.464434760814,0.024749857739043254,250000.0
라마52b34a,0.0,0.0,249999.99999907977
라마52b34b,0.0,0.0,249999.9999979345
라마52b35a,1520.024508100004,0.006080098032400016,250000.0
라마52b35b,9303.066144699957,0.03721226457879983,250000.0
라마52b36a,171.15521758679475,0.0006846208703484998,249999.9999995177
라마52b36b,8318.815941209405,0.033275263764837616,250000.0
라마52b37a,1143.2350218586348,0.004572940087434539,250000.0
라마52b37b,0.0,0.0,250000.0
라마52b38a,1077.8738164396968,0.004311495265758788,250000.0
라마52b38b,19009.888515590403,0.07603955406236161,250000.0
라마52b39a,0.0,0.0,250000.0
라마52b39b,4020.6386436295197,0.016082554574518078,250000.0
라마52b40a,2652.721774483484,0.010610887097933935,250000.0
라마52b40b,0.0,0.0,250000.0
라마52b41a,0.0,0.0,250000.0
라마52b41b,0.0,0.0,250000.0
라마52b42a,0.0,0.0,250000.0
라마52b42b,0.0,0.0,250000.0
라마52b43a,0.0,0.0,143215.91494884528
라마52b44b,0.0,0.0,244437.6330070005
라마52b45a,0.0,0.0,250000.0
라마52b45b,2935.1872125755517,0.011740748850302208,250000.0
라마52b46a,3909.2484506968317,0.015636993802787328,250000.0
라마52b46b,0.0,0.0,250000.0
라마52b47a,0.0,0.0,250000.0
라마52b47b,0.0,0.0,250000.0
라마52b48a,26920.727206975713,0.10768290882790285,250000.0
라마52b48b,31208.695709381154,0.12483478283752461,250000.0
라마52b49a,48307.43396621171,0.19322973586484685,250000.0
라마52b49b,10456.695558115374,0.041826782232461494,250000.0
라마52b50a,15141.275458631639,0.060565101834526555,250000.0
라마52b50b,213.96272795492482,0.0008558509118196993,250000.0
라마52b51a,0.0,0.0,250000.0
라마52b51b,0.0,0.0,250000.0
라마52b52a,0.0,0.0,250000.0
라마52b52b,0.0,0.0,250000.0
라마52b53a,0.0,0.0,250000.0
라마52b53b,0.0,0.0,250000.0
라마52b54a,0.0,0.0,250000.0
라마52b54b,0.0,0.0,250000.0
라마52b55a,9397.338830357688,0.037589355321430755,250000.0
라마52b55b,0.0,0.0,250000.0
라마52b56a,0.0,0.0,250000.0
라마52b56b,0.0,0.0,250000.0
라마52b57a,0.0,0.0,250000.0
라마52b57b,0.0,0.0,239963.045304621
라마53a08b,13851.039039576724,0.0651235707033799,212688.56866992795
라마53a10a,8642.523944959472,0.034722540800536716,248902.40592145495
라마53a10b,60334.46143052518,0.24133784572210074,250000.0
라마53a11a,65895.1319108381,0.2635805276433524,250000.0
라마53a11b,82583.68180666087,0.3303347272266435,250000.0
라마53a12a,26080.230723215853,0.1043209228928634,250000.0
라마53a12b,63007.69691745973,0.25203078766983894,250000.0
라마53a13a,39471.99035824382,0.1578879614329753,250000.0
라마53a13b,1592.3298890903536,0.006369319556361414,250000.0
라마53a14a,0.0,0.0,250000.0
라마53a14b,0.0,0.0,250000.0
라마53a15a,4365.617403706668,0.01746246961482667,250000.0
라마53a15b,5444.651814129824,0.021778607256519294,250000.0
라마53a16a,14845.37234375652,0.05938148937502608,250000.0
라마53a16b,0.0,0.0,250000.0
라마53a17a,3090.6285790557527,0.012362514316223011,250000.0
라마53a17b,4135.2905055968795,0.016541162022387517,250000.0
라마53a18a,3699.1470720049074,0.01479658828801963,250000.0
라마53a18b,3492.230055039532,0.013968920220158129,250000.0
라마53a19a,0.0,0.0,250000.0
라마53a19b,9895.086351026988,0.03958034540410795,250000.0
라마53a20a,0.0,0.0,250000.0
라마53a20b,0.0,0.0,250000.0
라마53a21a,0.0,0.0,250000.0
라마53a21b,1074.6036636575598,0.004298414654630239,250000.0
라마53a22a,0.0,0.0,250000.0
라마53a22b,0.0,0.0,250000.0
라마53a23a,2027.1099247268603,0.008108439698907441,250000.0
라마53a23b,40533.941707314196,0.1621357668292568,250000.0
라마53a24a,46622.360956087425,0.1864894438243497,250000.0
라마53a24b,5629.350025176102,0.022517400100704407,250000.0
라마53a25a,17402.57327742695,0.0696102931097078,250000.0
라마53a25b,42134.94199027329,0.16853976796109316,250000.0
라마53a26a,19257.494733303774,0.0770299789332151,250000.0
라마53a26b,19703.21129589026,0.07881284518356105,250000.0
라마53a27a,14865.418143027837,0.059461672572111345,250000.0
라마53a27b,24711.282872177864,0.09884513148871146,250000.0
라마53a28a,65210.74465931856,0.26084297863727424,250000.0
라마53a28b,63324.14019708411,0.25329656078833646,250000.0
라마53a29a,38728.92640712918,0.1549157056285167,250000.0
라마53a29b,19016.008198673342,0.07606403279469337,250000.0
라마53a30a,97306.39212894872,0.3892255685157949,250000.0
라마53a30b,38861.5148274362,0.1554460593097448,250000.0
라마53a31a,13394.902623819067,0.05357961049527627,250000.0
라마53a31b,0.0,0.0,250000.0
라마53a32a,0.0,0.0,250000.0
라마53a32b,0.0,0.0,250000.0
라마53a33a,0.0,0.0,249999.9999986165
라마53a33b,82.00625995233655,0.0003280250398100378,249999.99999947287
라마53a34a,0.0,0.0,249999.9999996167
라마53a34b,0.0,0.0,250000.0
라마53a35a,3658.38968285112,0.01463355873140448,250000.0
라마53a35b,39153.27519019952,0.1566131007607981,250000.0
라마53a36a,23.79610829516041,9.518443318064163e-05,250000.0
라마53a36b,0.0,0.0,249999.99999937933
라마53a37a,634.1313973654293,0.0025365255894617173,250000.0
라마53a37b,0.0,0.0,250000.0
라마53a38a,0.0,0.0,250000.0
라마53a38b,23309.128044665667,0.09323651217866268,250000.0
라마53a39a,10957.571417661542,0.04383028567064617,250000.0
라마53a39b,27041.78835134681,0.10816715340538724,250000.0
라마53a40a,1844.8232201236538,0.007379292880494615,250000.0
라마53a40b,831.621570046296,0.003326486280185184,250000.0
라마53a41a,0.0,0.0,250000.0
라마53a41b,0.0,0.0,250000.0
라마53a42a,0.0,0.0,250000.0
라마53a42b,0.0,0.0,250000.0
라마53a43a,0.0,0.0,171912.56818324377
라마53a44b,0.0,0.0,250000.0
라마53a45a,0.0,0.0,250000.0
라마53a45b,0.0,0.0,250000.0
라마53a46a,0.0,0.0,250000.0
라마53a46b,0.0,0.0,250000.0
라마53a47a,0.0,0.0,250000.0
라마53a47b,0.0,0.0,250000.0
라마53a48a,22842.805871404493,0.09137122348561798,250000.0
라마53a48b,45701.20540853698,0.18280482163414793,250000.0
라마53a49a,100358.95396192215,0.40143581584768856,250000.0
라마53a49b,95283.14379853797,0.3811325751941519,250000.0
라마53a50a,55957.83601341162,0.2238313440536465,250000.0
라마53a50b,22948.66460126959,0.09179465840507836,250000.0
라마53a51a,5124.327030273482,0.02049730812109393,250000.0
라마53a51b,0.0,0.0,250000.0
라마53a52a,0.0,0.0,250000.0
라마53a52b,0.0,0.0,250000.0
라마53a53a,0.0,0.0,250000.0
라마53a53b,0.0,0.0,250000.0
라마53a54a,0.0,0.0,250000.0
라마53a54b,0.0,0.0,250000.0
라마53a55a,0.0,0.0,250000.0
라마53a55b,15.700221887195715,6.280088754878286e-05,250000.0
라마53a56a,0.0,0.0,250000.0
라마53a56b,0.0,0.0,250000.0
라마53a57a,0.0,0.0,250000.0
라마53a57b,0.0,0.0,250000.0
라마53a58a,0.0,0.0,250000.0
라마53a58b,0.0,0.0,250000.0
라마53a59a,0.0,0.0,168119.23616046645
라마53b08a,82090.71640100575,0.5462400330467599,150283.2297792764
라마53b08b,24246.237695367287,0.09698495078146914,250000.0
라마53b09a,4692.3959082404235,0.018769583632961693,250000.0
라마53b09b,12314.929469075396,0.049562802642568446,248471.2084965583
라마53b10a,109287.66975753178,0.4371506790301271,250000.0
라마53b10b,21307.4877147958,0.0852299508591832,250000.0
라마53b11a,44330.724921827445,0.17732289968730977,250000.0
라마53b11b,70765.41942201885,0.2830616776880754,250000.0
라마53b12a,11895.096738102258,0.047580386952409036,250000.0
라마53b12b,142859.5614779711,0.5714382459118843,250000.0
라마53b13a,60587.77708042915,0.2423511083217166,250000.0
라마53b13b,25010.675068353215,0.10004270027341286,250000.0
라마53b14a,3802.139260005262,0.015208557040021047,250000.0
라마53b14b,1731.80460594706,0.00692721842378824,250000.0
라마53b15a,9585.342699981711,0.03834137079992685,250000.0
라마53b15b,0.0,0.0,250000.0
라마53b16a,0.0,0.0,250000.0
라마53b16b,0.0,0.0,250000.0
라마53b17a,19945.775223730787,0.07978310089492315,250000.0
라마53b17b,46997.63206324171,0.18799052825296686,250000.0
라마53b18a,11808.329017473681,0.047233316069894726,250000.0
라마53b18b,5823.959672897563,0.023295838691590253,250000.0
라마53b19a,4316.890025996482,0.01726756010398593,250000.0
라마53b19b,14632.874236360716,0.058531496945442865,250000.0
라마53b20a,0.0,0.0,250000.0
라마53b20b,0.0,0.0,250000.0
라마53b21a,4280.262857924204,0.017121051431696815,250000.0
라마53b21b,22876.377559166707,0.09150551023666682,250000.0
라마53b22a,0.0,0.0,250000.0
라마53b22b,1523.3102699268766,0.006093241079707506,250000.0
라마53b23a,0.0,0.0,250000.0
라마53b23b,56537.06969523382,0.22614827878093527,250000.0
라마53b24a,406.5217693067161,0.0016260870772268645,250000.0
라마53b24b,0.0,0.0,250000.0
라마53b25a,0.0,0.0,250000.0
라마53b25b,21526.972501065175,0.0861078900042607,250000.0
라마53b26a,48079.17509459624,0.19231670037838497,250000.0
라마53b26b,154555.67859403396,0.6182227143761359,250000.0
라마53b27a,19339.266742824577,0.07735706697129831,250000.0
라마53b27b,75841.06721666742,0.3033642688666697,250000.0
라마53b28a,43029.13310787292,0.1721165324314917,250000.0
라마53b28b,7284.9676253445705,0.02913987050137828,250000.0
라마53b29a,2227.0851017762643,0.008908340407105057,250000.0
라마53b29b,785.1752920732018,0.0031407011682928073,250000.0
라마53b30a,54967.850924851424,0.2198714036994057,250000.0
라마53b30b,40164.408987578834,0.16065763595031535,250000.0
라마53b31a,27408.78139309145,0.1096351255723658,250000.0
라마53b31b,8581.225020414297,0.034324900081657186,250000.0
라마53b32a,15816.5602236113,0.0632662408944452,250000.0
라마53b32b,0.0,0.0,250000.0
라마53b33a,0.0,0.0,249999.99999943
라마53b33b,1435.5602548469574,0.005742241019387829,250000.0
라마53b34a,12912.931377587443,0.05165172551034977,250000.0
라마53b34b,0.0,0.0,250000.0
라마53b35a,0.0,0.0,250000.0
라마53b35b,174.17654365015244,0.0006967061746006097,250000.0
라마53b36a,0.0,0.0,249999.9999995095
라마53b36b,5158.507470018955,0.020634029880080104,249999.9999999481
라마53b37a,42721.99101161285,0.1708879640464514,250000.0
라마53b37b,19401.403065061862,0.07760561226024745,250000.0
라마53b38a,23007.906008787268,0.09203162403514907,250000.0
라마53b38b,23972.23011346763,0.09588892045387053,250000.0
라마53b39a,54527.39960201558,0.21810959840806232,250000.0
라마53b39b,13012.097899514207,0.052048391598056826,250000.0
라마53b40a,2144.0932875748326,0.00857637315029933,250000.0
라마53b40b,39719.32240499449,0.15887728961997796,250000.0
라마53b41a,131.30736358265227,0.000525229454330609,250000.0
라마53b41b,852.4289517302981,0.0034097158069211924,250000.0
라마53b42a,0.0,0.0,250000.0
라마53b42b,0.0,0.0,250000.0
라마53b43a,0.0,0.0,218815.76731375823
라마53b43b,0.0,0.0,129312.75338189164
라마53b44a,0.0,0.0,226299.99089461897
라마53b44b,0.0,0.0,250000.0
라마53b45a,0.0,0.0,250000.0
라마53b45b,0.0,0.0,250000.0
라마53b46a,0.0,0.0,250000.0
라마53b46b,0.0,0.0,250000.0
라마53b47a,234.88944536733067,0.0009395577814693227,250000.0
라마53b47b,1740.1780834114263,0.006960712333645706,250000.0
라마53b48a,55743.92271919994,0.22297569087679975,250000.0
라마53b48b,93791.76697509474,0.37516706790037896,250000.0
라마53b49a,159272.10658941948,0.6370884263576779,250000.0
라마53b49b,68885.94481508392,0.2755437792603357,250000.0
라마53b50a,67149.334069756,0.26859733627902405,250000.0
라마53b50b,13612.403313383187,0.05444961325353275,250000.0
라마53b51a,0.0,0.0,250000.0
라마53b51b,0.0,0.0,250000.0
라마53b52a,0.0,0.0,250000.0
라마53b52b,0.0,0.0,250000.0
라마53b53a,0.0,0.0,250000.0
라마53b53b,0.0,0.0,250000.0
라마53b54a,0.0,0.0,250000.0
라마53b54b,0.0,0.0,250000.0
라마53b55a,0.0,0.0,250000.0
라마53b55b,6244.377987979714,0.024977511951918857,250000.0
라마53b56a,3534.3962584989745,0.014137585033995897,250000.0
라마53b56b,150.04772328266932,0.0006001908931306773,250000.0
라마53b57a,0.0,0.0,250000.0
라마53b57b,0.0,0.0,250000.0
라마53b58a,0.0,0.0,250000.0
라마53b58b,0.0,0.0,250000.0
라마53b59a,0.0,0.0,250000.0
라마54a08a,38962.27265995433,0.3462791328210154,112516.95227067907
라마54a08b,57326.643159358275,0.23868647618039177,240175.4974841247
라마54a09a,38195.406119781284,0.15278162447912513,250000.0
라마54a09b,45773.38196626838,0.18309352786507352,250000.0
라마54a10a,125851.35838915658,0.5034054335566264,250000.0
라마54a10b,30.223138700438742,0.00012089255480175497,250000.0
라마54a11a,67.55599847214822,0.0002702239938885929,250000.0
라마54a11b,50133.522336101836,0.20053408934440733,250000.0
라마54a12a,39452.02784543669,0.15780811138174677,250000.0
라마54a12b,38420.24364420877,0.15368097457683508,250000.0
라마54a13a,105139.2887834874,0.4205571551339496,250000.0
라마54a13b,9866.364678291033,0.039465458713164134,250000.0
라마54a14a,35450.40657287229,0.14180162629148918,250000.0
라마54a14b,27303.784866291717,0.10921513946516687,250000.0
라마54a15a,61849.0707332581,0.2473962829330324,250000.0
라마54a15b,52214.79473638905,0.2088591789455562,250000.0
라마54a16a,49464.57444697207,0.19785829778788827,250000.0
라마54a16b,48595.395776351135,0.19438158310540454,250000.0
라마54a17a,10656.85858642665,0.0426274343457066,250000.0
라마54a17b,5265.3038983025435,0.021061215593210173,250000.0
라마54a18a,5685.220954610566,0.022740883818442265,250000.0
라마54a18b,49517.166830613285,0.19806866732245315,250000.0
라마54a19a,40551.589719040625,0.1622063588761625,250000.0
라마54a19b,2300.310182724318,0.009201240730897273,250000.0
라마54a20a,15724.121022000272,0.0628964840880011,250000.0
라마54a20b,0.0,0.0,250000.0
라마54a21a,20244.329020314904,0.08097731608125962,250000.0
라마54a21b,80728.41419716865,0.32291365678867456,250000.0
라마54a22a,22521.734856038995,0.09008693942415598,250000.0
라마54a22b,2659.662089974413,0.010638648359897652,250000.0
라마54a23a,4179.2067992221055,0.016716827196888422,250000.0
라마54a23b,54488.77589998111,0.21795510359992445,250000.0
라마54a24a,0.0,0.0,250000.0
라마54a24b,0.0,0.0,250000.0
라마54a25a,0.0,0.0,250000.0
라마54a25b,0.0,0.0,250000.0
라마54a26a,82586.462044107,0.330345848176428,250000.0
라마54a26b,173582.70191542048,0.6943308076616819,250000.0
라마54a27a,60963.40180544179,0.24385360722176716,250000.0
라마54a27b,80609.40375478943,0.3224376150191577,250000.0
라마54a28a,16626.452937653565,0.06650581175061426,250000.0
라마54a28b,14.174088199192145,5.669635279676858e-05,250000.0
라마54a29a,3202.565470501559,0.012810261882006237,250000.0
라마54a29b,55021.27421156288,0.22008509684625152,250000.0
라마54a30a,7395.887351776712,0.02958354940710685,250000.0
라마54a30b,34693.98738588279,0.13877594954353117,250000.0
라마54a31a,61698.62592875158,0.2467945037150063,250000.0
라마54a31b,77710.31185700842,0.31084124742803365,250000.0
라마54a32a,21962.53204122003,0.08785012816488012,250000.0
라마54a32b,0.0,0.0,250000.0
라마54a33a,0.0,0.0,249999.99999890928
라마54a33b,0.0,0.0,250000.0
라마54a34a,68613.44609211017,0.2744537843684407,250000.0
라마54a34b,30998.83428898496,0.12399533715593984,250000.0
라마54a35a,17567.8458058645,0.07027138322345801,250000.0
라마54a35b,0.0,0.0,250000.0
라마54a36a,673.0624135544477,0.002692249654225407,249999.99999929275
라마54a36b,95960.40439544736,0.3838416175817894,250000.0
라마54a37a,74530.97189399625,0.298123887575985,250000.0
라마54a37b,13814.185420573333,0.05525674168229333,250000.0
라마54a38a,1.513899105102919,6.055596420411676e-06,250000.0
라마54a38b,1310.0693892292181,0.005240277556916873,250000.0
라마54a39a,11705.968376405765,0.04682387350562306,250000.0
라마54a39b,10132.351061513566,0.040529404246054265,250000.0
라마54a40a,36406.13248759237,0.14562452995036948,250000.0
라마54a40b,16925.956204065584,0.06770382481626233,250000.0
라마54a41a,27623.53289458503,0.11049413157834012,250000.0
라마54a41b,0.0,0.0,250000.0
라마54a42a,0.0,0.0,250000.0
라마54a42b,0.0,0.0,250000.0
라마54a43a,0.0,0.0,250000.0
라마54a43b,0.0,0.0,250000.0
라마54a44a,0.0,0.0,250000.0
라마54a44b,0.0,0.0,250000.0
라마54a45a,0.0,0.0,250000.0
라마54a45b,0.0,0.0,250000.0
라마54a46a,11625.701126084436,0.04650280450433774,250000.0
라마54a46b,45367.78654708846,0.18147114618835383,250000.0
라마54a47a,30399.586327929246,0.12159834531171698,250000.0
라마54a47b,69579.26577366884,0.27831706309467535,250000.0
라마54a48a,76067.29073231356,0.3042691629292542,250000.0
라마54a48b,136653.38459288405,0.5466135383715361,250000.0
라마54a49a,144528.75246959113,0.5781150098783645,250000.0
라마54a49b,46942.177781033715,0.18776871112413487,250000.0
라마54a50a,33930.081309125475,0.1357203252365019,250000.0
라마54a50b,99.64514059297333,0.00039858056237189335,250000.0
라마54a51a,0.0,0.0,250000.0
라마54a51b,0.0,0.0,250000.0
라마54a52a,0.0,0.0,250000.0
라마54a52b,0.0,0.0,250000.0
라마54a53a,0.0,0.0,250000.0
라마54a53b,0.0,0.0,250000.0
라마54a54a,0.0,0.0,250000.0
라마54a54b,0.0,0.0,250000.0
라마54a55a,0.0,0.0,250000.0
라마54a55b,1482.0850567974712,0.005928340227189885,250000.0
라마54a56a,0.0,0.0,250000.0
라마54a56b,0.0,0.0,250000.0
라마54a57a,0.0,0.0,250000.0
라마54a57b,0.0,0.0,250000.0
라마54a58a,0.0,0.0,250000.0
라마54a58b,0.0,0.0,250000.0
라마54a59a,0.0,0.0,203363.2433731563
라마54b08b,20053.825710767556,0.2150895028789223,93234.79501487438
라마54b09a,57880.02139728498,0.25219337967170913,229506.50597025928
라마54b09b,79374.03731282975,0.317496149251319,250000.0
라마54b10a,97876.98888642772,0.3915079555457109,250000.0
라마54b10b,8630.945816015103,0.03452378326406041,250000.0
라마54b11a,3032.6954053969444,0.012130781621587778,250000.0
라마54b11b,13946.548164054455,0.05578619265621782,250000.0
라마54b12a,0.0,0.0,250000.0
라마54b12b,19113.46324411189,0.07645385297644755,250000.0
라마54b13a,164252.53597721946,0.6570101439088779,250000.0
라마54b13b,19505.46838157053,0.07802187352628212,250000.0
라마54b14a,151.66127799152838,0.0006066451119661135,250000.0
라마54b14b,198.95273828240516,0.0007958109531296207,250000.0
라마54b15a,9322.54141345161,0.03729016565380644,250000.0
라마54b15b,8595.122823239391,0.03438049129295757,250000.0
라마54b16a,7699.654855599516,0.030798619422398064,250000.0
라마54b16b,26564.7117457127,0.10625884698285079,250000.0
라마54b17a,19099.373464051594,0.07639749385620638,250000.0
라마54b17b,21298.195320447736,0.08519278128179095,250000.0
라마54b18a,15184.944936996464,0.060739779747985854,250000.0
라마54b18b,16258.825740897984,0.06503530296359193,250000.0
라마54b19a,16092.628441879377,0.06437051376751751,250000.0
라마54b19b,34980.756488827996,0.13992302595531197,250000.0
라마54b20a,13.428739246098278,5.371495698439311e-05,250000.0
라마54b20b,0.0,0.0,250000.0
라마54b21a,266.54472846263735,0.0010661789138505494,250000.0
라마54b21b,10064.018665403144,0.04025607466161257,250000.0
라마54b22a,21270.150367852664,0.08508060147141065,250000.0
라마54b22b,30882.806255774023,0.12353122502309609,250000.0
라마54b23a,56983.36157900969,0.22793344631603876,250000.0
라마54b23b,66597.35652051725,0.266389426082069,250000.0
라마54b24a,0.0,0.0,250000.0
라마54b24b,0.0,0.0,250000.0
라마54b25a,0.0,0.0,250000.0
라마54b25b,0.0,0.0,250000.0
라마54b26a,67222.24158545522,0.2688889663418209,250000.0
라마54b26b,189395.97372101495,0.7575838948840597,250000.0
라마54b27a,192652.2562994545,0.7706090251978179,250000.0
라마54b27b,160373.02610643324,0.641492104425733,250000.0
라마54b28a,112684.38603225102,0.4507375441290041,250000.0
라마54b28b,15094.387463868941,0.06037754985547576,250000.0
라마54b29a,4034.9830182965125,0.01613993207318605,250000.0
라마54b29b,8321.519349696895,0.03328607739878758,250000.0
라마54b30a,19404.27180841293,0.07761708723365172,250000.0
라마54b30b,25157.225118800958,0.10062890047520383,250000.0
라마54b31a,4074.4271307872373,0.01629770852314895,250000.0
라마54b31b,36788.78258442579,0.14715513033770317,250000.0
라마54b32a,1369.3619128446742,0.0054774476513786965,250000.0
라마54b32b,0.0,0.0,250000.0
라마54b33a,0.0,0.0,249999.9999988904
라마54b33b,0.0,0.0,249999.99999973492
라마54b34a,70741.8507307443,0.28296740292297723,250000.0
라마54b34b,114811.40960158312,0.4592456384063325,250000.0
라마54b35a,36114.10891041469,0.14445643564165875,250000.0
라마54b35b,1496.2760439573085,0.005985104175829234,250000.0
라마54b36a,0.0,0.0,249999.99999923923
라마54b36b,985.848992368151,0.003943395969472604,250000.0
라마54b37a,23063.363528750553,0.09225345411500221,250000.0
라마54b37b,15838.73234505005,0.0633549293802002,250000.0
라마54b38a,42253.62117097273,0.1690144846838909,250000.0
라마54b38b,10342.583469045574,0.041370333876182296,250000.0
라마54b39a,4286.259042830201,0.017145036171320804,250000.0
라마54b39b,37856.70937224132,0.15142683748896527,250000.0
라마54b40a,39546.964889436524,0.15818785955774609,250000.0
라마54b40b,67734.85693533275,0.270939427741331,250000.0
라마54b41a,3170.9431687241804,0.012683772674896721,250000.0
라마54b41b,0.0,0.0,250000.0
라마54b42a,0.0,0.0,250000.0
라마54b42b,0.0,0.0,250000.0
라마54b43a,0.0,0.0,250000.0
라마54b43b,0.0,0.0,250000.0
라마54b44a,0.0,0.0,250000.0
라마54b44b,0.0,0.0,250000.0
라마54b45a,0.0,0.0,250000.0
라마54b45b,695.9976384454312,0.002783990553781725,250000.0
라마54b46a,36952.91536068841,0.14781166144275362,250000.0
라마54b46b,77670.37081497765,0.3106814832599106,250000.0
라마54b47a,149756.57178681716,0.5990262871472687,250000.0
라마54b47b,125022.2764257383,0.5000891057029532,250000.0
라마54b48a,111605.53278933738,0.4464221311573495,250000.0
라마54b48b,125113.7315322087,0.5004549261288348,250000.0
라마54b49a,103616.01417044728,0.4144640566817891,250000.0
라마54b49b,59894.24508930131,0.23957698035720523,250000.0
라마54b50a,946.9364375664803,0.0037877457502659214,250000.0
라마54b50b,0.0,0.0,250000.0
라마54b51a,0.0,0.0,250000.0
라마54b51b,0.0,0.0,250000.0
라마54b52a,0.0,0.0,250000.0
라마54b52b,0.0,0.0,250000.0
라마54b53a,0.0,0.0,250000.0
라마54b53b,0.0,0.0,250000.0
라마54b54a,0.0,0.0,250000.0
라마54b54b,0.0,0.0,250000.0
라마54b55a,0.0,0.0,250000.0
라마54b55b,0.0,0.0,250000.0
라마54b56a,0.0,0.0,250000.0
라마54b56b,0.0,0.0,250000.0
라마54b57a,0.0,0.0,250000.0
라마54b57b,0.0,0.0,250000.0
라마54b58a,0.0,0.0,250000.0
라마54b58b,0.0,0.0,232449.66094704924
라마55a09b,1523.1114444814232,0.0065614932533960574,232128.78313836572
라마55a10a,0.0,0.0,250000.0
라마55a10b,0.0,0.0,250000.0
라마55a11a,0.0,0.0,250000.0
라마55a11b,0.0,0.0,250000.0
라마55a12a,1755.662163257171,0.0070226486530286835,250000.0
라마55a12b,25426.34777046812,0.10170539108187249,250000.0
라마55a13a,144470.42938247457,0.5778817175298983,250000.0
라마55a13b,63240.699869123295,0.2529627994764932,250000.0
라마55a14a,38804.27586982067,0.15521710347928266,250000.0
라마55a14b,35474.683888325366,0.14189873555330146,250000.0
라마55a15a,36203.12646347089,0.14481250585388358,250000.0
라마55a15b,19308.724123812928,0.07723489649525171,250000.0
라마55a16a,0.0,0.0,250000.0
라마55a16b,24845.298829332824,0.09938119531733129,250000.0
라마55a17a,7082.872257144672,0.02833148902857869,250000.0
라마55a17b,0.0,0.0,250000.0
라마55a18a,12339.697343593329,0.04935878937437332,250000.0
라마55a18b,21782.92874890042,0.08713171499560168,250000.0
라마55a19a,0.0,0.0,250000.0
라마55a19b,0.0,0.0,250000.0
라마55a20a,12354.966112223903,0.04941986444889561,250000.0
라마55a20b,23190.776722120245,0.09276310688848098,250000.0
라마55a21a,418.3223551610837,0.0016732894206443348,250000.0
라마55a21b,0.0,0.0,250000.0
라마55a22a,0.0,0.0,250000.0
라마55a22b,352.3931734019708,0.0014095726936078831,250000.0
라마55a23a,8355.39138807605,0.0334215655523042,250000.0
라마55a23b,88460.27854646127,0.3538411141858451,250000.0
라마55a24a,32798.72737387483,0.13119490949549933,250000.0
라마55a24b,8753.39696607304,0.03501358786429216,250000.0
라마55a25a,0.0,0.0,250000.0
라마55a25b,0.0,0.0,250000.0
라마55a26a,0.0,0.0,250000.0
라마55a26b,9132.059796054664,0.03652823918421866,250000.0
라마55a27a,11321.156861207837,0.045284627444831346,250000.0
라마55a27b,13163.840279050715,0.05265536111620286,250000.0
라마55a28a,146577.49025617956,0.5863099610247182,250000.0
라마55a28b,187841.3818316652,0.7513655273266608,250000.0
라마55a29a,42955.02314803654,0.17182009259214617,250000.0
라마55a29b,0.0,0.0,250000.0
라마55a30a,64677.92066157832,0.2587116826463133,250000.0
라마55a30b,14821.176053093975,0.0592847042123759,250000.0
라마55a31a,13893.373660247484,0.055573494640989936,250000.0
라마55a31b,0.0,0.0,250000.0
라마55a32a,7094.653821806268,0.028378615287225073,250000.0
라마55a32b,285.09515382288384,0.0011403806152915355,250000.0
라마55a33a,4876.711519710247,0.019506846078840987,250000.0
라마55a33b,0.0,0.0,249999.99999903864
라마55a34a,17422.56969960914,0.06969027879843656,250000.0
라마55a34b,113246.51249960695,0.4529860499984278,250000.0
라마55a35a,20969.96026964011,0.08387984107856043,250000.0
라마55a35b,1480.3595754859832,0.005921438301943933,250000.0
라마55a36a,0.0,0.0,250000.0
라마55a36b,0.0,0.0,249999.99999927828
라마55a37a,0.0,0.0,249999.9999999425
라마55a37b,8625.779184563922,0.034503116738255686,250000.0
라마55a38a,95920.44085663989,0.3836817634265596,250000.0
라마55a38b,43489.76325253698,0.1739590530101479,250000.0
라마55a39a,0.0,0.0,250000.0
라마55a39b,17547.72583170079,0.07019090332680317,250000.0
라마55a40a,59108.91533960022,0.23643566135840088,250000.0
라마55a40b,45432.47106015077,0.18172988424060307,250000.0
라마55a41a,6762.806897913632,0.027051227591654528,250000.0
라마55a41b,9466.446867238301,0.0378657874689532,250000.0
라마55a42a,0.0,0.0,250000.0
라마55a42b,0.0,0.0,250000.0
라마55a43a,0.0,0.0,250000.0
라마55a43b,0.0,0.0,250000.0
라마55a44a,0.0,0.0,250000.0
라마55a44b,0.0,0.0,250000.0
라마55a45a,0.0,0.0,250000.0
라마55a45b,0.0,0.0,250000.0
라마55a46a,0.0,0.0,250000.0
라마55a46b,22811.075065837635,0.09124430026335054,250000.0
라마55a47a,61012.38438807181,0.24404953755228725,250000.0
라마55a47b,176401.36895525726,0.7056054758210291,250000.0
라마55a48a,127977.75259528095,0.5119110103811239,250000.0
라마55a48b,73059.64046409415,0.2922385618563766,250000.0
라마55a49a,30527.242217171293,0.12210896886868518,250000.0
라마55a49b,33990.76250944401,0.13596305003777603,250000.0
라마55a50a,1384.1263604969536,0.005536505441987814,250000.0
라마55a50b,10100.500036678433,0.04040200014671373,250000.0
라마55a51a,0.0,0.0,250000.0
라마55a51b,0.0,0.0,250000.0
라마55a52a,0.0,0.0,250000.0
라마55a52b,1722.4567269581987,0.006889826907832795,250000.0
라마55a53a,1502.5610406860246,0.006010244162744098,250000.0
라마55a53b,0.0,0.0,250000.0
라마55a54a,0.0,0.0,250000.0
라마55a54b,62.90820702671981,0.00025163282810687924,250000.0
라마55a55a,0.0,0.0,250000.0
라마55a55b,0.0,0.0,250000.0
라마55a56a,0.0,0.0,250000.0
라마55a56b,0.0,0.0,250000.0
라마55a57a,0.0,0.0,250000.0
라마55a57b,0.0,0.0,250000.0
라마55a58a,0.0,0.0,250000.0
라마55a58b,0.0,0.0,153125.51156080462
라마55b09b,314.2490599249736,0.0016421732238846496,191361.70006572173
라마55b10a,8179.884175727065,0.03271953670290826,250000.0
라마55b10b,25407.513768076067,0.10163005507230427,250000.0
라마55b11a,4497.6765016581285,0.017990706006632513,250000.0
라마55b11b,3506.1015149034292,0.014024406059613716,250000.0
라마55b12a,29390.511799804088,0.11756204719921635,250000.0
라마55b12b,55851.40675425273,0.22340562701701092,250000.0
라마55b13a,69735.92111030762,0.27894368444123047,250000.0
라마55b13b,14767.416730475203,0.05906966692190081,250000.0
라마55b14a,9031.552691943214,0.03612621076777286,250000.0
라마55b14b,110014.20235882186,0.4400568094352874,250000.0
라마55b15a,41633.60889821879,0.16653443559287515,250000.0
라마55b15b,17731.851015914042,0.07092740406365616,250000.0
라마55b16a,35561.6334772666,0.1422465339090664,250000.0
라마55b16b,12749.2323513032,0.050996929405212804,250000.0
라마55b17a,2652.302763058069,0.010609211052232276,250000.0
라마55b17b,15612.457457459685,0.06244982982983874,250000.0
라마55b18a,48711.317559936724,0.1948452702397469,250000.0
라마55b18b,1764.657219213133,0.0070586288768525315,250000.0
라마55b19a,1059.8385213001206,0.004239354085200483,250000.0
라마55b19b,448.245472326546,0.001792981889306184,250000.0
라마55b20a,3980.743265382445,0.015922973061529778,250000.0
라마55b20b,20309.090263333317,0.08123636105333328,250000.0
라마55b21a,1604.7931465318206,0.006419172586127283,250000.0
라마55b21b,5141.284541338996,0.020565138165355983,250000.0
라마55b22a,0.0,0.0,250000.0
라마55b22b,0.0,0.0,250000.0
라마55b23a,8904.42412089265,0.035617696483570604,250000.0
라마55b23b,60442.659190983635,0.24177063676393454,250000.0
라마55b24a,80345.71428435782,0.32138285713743125,250000.0
라마55b24b,37234.847394167424,0.1489393895766697,250000.0
라마55b25a,2646.0877330553244,0.010584350932221298,250000.0
라마55b25b,5856.52160068099,0.023426086402723957,250000.0
라마55b26a,2338.7340415454664,0.009354936166181866,250000.0
라마55b26b,28550.534330265644,0.11420213732106257,250000.0
라마55b27a,41480.157124792044,0.16592062849916817,250000.0
라마55b27b,95864.052479338,0.383456209917352,250000.0
라마55b28a,42144.77628025141,0.16857910512100566,250000.0
라마55b28b,28233.456415148463,0.11293382566059385,250000.0
라마55b29a,62411.9723213238,0.24964788928529522,250000.0
라마55b29b,19652.729268429568,0.07861091707371827,250000.0
라마55b30a,79528.27471233472,0.31811309884933886,250000.0
라마55b30b,9642.32765948414,0.03856931063793656,250000.0
라마55b31a,262.8245816835539,0.0010512983267342156,250000.0
라마55b31b,13343.803949925179,0.05337521579970072,250000.0
라마55b32a,31502.085035633136,0.12600834014253254,250000.0
라마55b32b,20606.89054051627,0.08242756216206508,250000.0
라마55b33a,0.0,0.0,249999.99999902688
라마55b33b,0.0,0.0,249999.9999999835
라마55b34a,15499.43121277079,0.061997724851083166,250000.0
라마55b34b,65174.43631389629,0.26069774525558514,250000.0
라마55b35a,98255.77078089167,0.3930230831235667,250000.0
라마55b35b,57244.39845813568,0.2289775938325427,250000.0
라마55b36a,1612.6919123820626,0.00645076764952825,250000.0
라마55b36b,2991.2198583441013,0.011964879433376405,250000.0
라마55b37a,0.0,0.0,249999.99999951877
라마55b37b,1367.1487748090308,0.005468595099236123,250000.0
라마55b38a,51588.94182651964,0.20635576730607855,250000.0
라마55b38b,98683.89284753072,0.3947355713901229,250000.0
라마55b39a,2839.6071607089348,0.01135842864283574,250000.0
라마55b39b,0.0,0.0,250000.0
라마55b40a,11602.958547379209,0.04641183418951683,250000.0
라마55b40b,13314.36224856704,0.05325744899426816,250000.0
라마55b41a,23769.65440583357,0.09507861762333429,250000.0
라마55b41b,47595.64253207397,0.1903825701282959,250000.0
라마55b42a,2054.4713131762182,0.008217885252704874,250000.0
라마55b42b,1229.4377612724916,0.004917751045089966,250000.0
라마55b43a,4654.540813512008,0.018618163254048033,250000.0
라마55b43b,0.0,0.0,250000.0
라마55b44a,4287.50595189536,0.017150023807581443,250000.0
라마55b44b,5219.904449305485,0.02087961779722194,250000.0
라마55b45a,34728.133192515816,0.13891253277006327,250000.0
라마55b45b,0.0,0.0,250000.0
라마55b46a,2887.4073651822546,0.011549629460729018,250000.0
라마55b46b,9979.78530163533,0.03991914120654132,250000.0
라마55b47a,9489.776192584326,0.0379591047703373,250000.0
라마55b47b,107621.87298289765,0.4304874919315906,250000.0
라마55b48a,136772.65405719614,0.5470906162287845,250000.0
라마55b48b,43132.236859277415,0.17252894743710967,250000.0
라마55b49a,5106.7253650353505,0.0204269014601414,250000.0
라마55b49b,34067.14904878996,0.13626859619515982,250000.0
라마55b50a,32880.16151490472,0.13152064605961888,250000.0
라마55b50b,77166.28303894884,0.30866513215579533,250000.0
라마55b51a,19838.150981567014,0.07935260392626806,250000.0
라마55b51b,1537.094926211084,0.0061483797048443355,250000.0
라마55b52a,0.0,0.0,250000.0
라마55b52b,1206.9810815546462,0.004827924326218584,250000.0
라마55b53a,0.0,0.0,250000.0
라마55b53b,1.9876094265298916,7.950437706119566e-06,250000.0
라마55b54a,9248.622624096814,0.036994490496387256,250000.0
라마55b54b,17695.975669702137,0.07078390267880855,250000.0
라마55b55a,0.0,0.0,250000.0
라마55b55b,0.0,0.0,250000.0
라마55b56a,0.0,0.0,250000.0
라마55b56b,0.0,0.0,250000.0
라마55b57a,0.0,0.0,250000.0
라마55b57b,0.0,0.0,250000.0
라마55b58a,0.0,0.0,250000.0
라마55b58b,0.0,0.0,233323.10261396572
라마56a09b,13965.287324247813,0.05586114929699125,250000.0
라마56a10a,93275.21585776345,0.3731008634310538,250000.0
라마56a10b,117511.6930699949,0.4700467722799796,250000.0
라마56a11a,111250.01635604106,0.44500006542416426,250000.0
라마56a11b,176481.58497405896,0.7059263398962359,250000.0
라마56a12a,155472.45248162752,0.6218898099265101,250000.0
라마56a12b,59555.77072472744,0.23822308289890975,250000.0
라마56a13a,19914.344274315394,0.07965737709726158,250000.0
라마56a13b,60636.559902777386,0.24254623961110955,250000.0
라마56a14a,1424.0947373885988,0.005696378949554395,250000.0
라마56a14b,40263.04246279513,0.1610521698511805,250000.0
라마56a15a,22717.035109041102,0.09086814043616441,250000.0
라마56a15b,30320.034672394875,0.1212801386895795,250000.0
라마56a16a,963.9682089938947,0.003855872835975579,250000.0
라마56a16b,6554.297695804873,0.02621719078321949,250000.0
라마56a17a,60335.26426312614,0.24134105705250455,250000.0
라마56a17b,10891.180742616201,0.043564722970464806,250000.0
라마56a18a,0.0,0.0,250000.0
라마56a18b,17202.50661432137,0.06881002645728548,250000.0
라마56a19a,9434.796871772165,0.03773918748708866,250000.0
라마56a19b,15306.824571011828,0.06122729828404731,250000.0
라마56a20a,20148.962867810213,0.08059585147124085,250000.0
라마56a20b,25091.73868260853,0.10036695473043412,250000.0
라마56a21a,25457.763930593777,0.10183105572237511,250000.0
라마56a21b,1679.2863840921088,0.006717145536368436,250000.0
라마56a22a,0.0,0.0,250000.0
라마56a22b,4305.076360132099,0.017220305440528393,250000.0
라마56a23a,19046.788564400915,0.07618715425760365,250000.0
라마56a23b,960.1863552003587,0.0038407454208014345,250000.0
라마56a24a,0.0,0.0,250000.0
라마56a24b,4320.287129515986,0.017281148518063942,250000.0
라마56a25a,109767.73692563592,0.4390709477025437,250000.0
라마56a25b,88904.01559599212,0.3556160623839685,250000.0
라마56a26a,114258.31637039532,0.4570332654815813,250000.0
라마56a26b,103107.51346372704,0.41243005385490816,250000.0
라마56a27a,41325.49039058577,0.16530196156234309,250000.0
라마56a27b,3583.532193561283,0.014334128774245131,250000.0
라마56a28a,137159.9292844676,0.5486397171378704,250000.0
라마56a28b,39576.07133502911,0.15830428534011645,250000.0
라마56a29a,19835.934789688727,0.07934373915875491,250000.0
라마56a29b,105478.26282670589,0.42191305130682355,250000.0
라마56a30a,151216.68734274048,0.604866749370962,250000.0
라마56a30b,20686.565175164822,0.08274626070065928,250000.0
라마56a31a,2231.3103299429517,0.008925241319771807,250000.0
라마56a31b,111874.85706241576,0.44749942824966304,250000.0
라마56a32a,54025.33266661572,0.2161013306664629,250000.0
라마56a32b,7184.500254033898,0.02873800101622116,249999.99999925564
라마56a33a,3176.8856424255464,0.012707542569713527,249999.9999997769
라마56a33b,0.0,0.0,250000.0
라마56a34a,10822.054509793425,0.043288218039173695,250000.0
라마56a34b,35081.52263481176,0.14032609053924702,250000.0
라마56a35a,45666.75410500877,0.18266701642003508,250000.0
라마56a35b,65437.522446973686,0.26175008978789477,250000.0
라마56a36a,0.0,0.0,250000.0
라마56a36b,7302.2843246596085,0.029209137298638433,250000.0
라마56a37a,0.0,0.0,249999.9999993393
라마56a37b,7815.416549314662,0.03126166619725865,250000.0
라마56a38a,54295.38665290074,0.21718154661160297,250000.0
라마56a38b,140409.41172723428,0.5616376469089371,250000.0
라마56a39a,52180.59408758455,0.2087223763503382,250000.0
라마56a39b,32574.913643776927,0.1302996545751077,250000.0
라마56a40a,28826.04631989942,0.11530418527959767,250000.0
라마56a40b,89303.41219882976,0.357213648795319,250000.0
라마56a41a,53115.42027902253,0.21246168111609012,250000.0
라마56a41b,36560.58078411006,0.14624232313644026,250000.0
라마56a42a,36139.99793127494,0.14455999172509976,250000.0
라마56a42b,636.8158428510835,0.002547263371404334,250000.0
라마56a43a,0.0,0.0,250000.0
라마56a43b,0.0,0.0,250000.0
라마56a44a,0.0,0.0,250000.0
라마56a44b,1694.5733415037014,0.006778293366014806,250000.0
라마56a45a,27774.365819579623,0.11109746327831849,250000.0
라마56a45b,6898.484924352932,0.027593939697411727,250000.0
라마56a46a,23493.1807221369,0.0939727228885476,250000.0
라마56a46b,10692.767035954817,0.04277106814381927,250000.0
라마56a47a,19558.15113050082,0.07823260452200329,250000.0
라마56a47b,47150.207017408604,0.1886008280696344,250000.0
라마56a48a,148879.73452697205,0.5955189381078883,250000.0
라마56a48b,120584.77265071338,0.4823390906028535,250000.0
라마56a49a,97773.72783498904,0.39109491133995616,250000.0
라마56a49b,125340.70687073642,0.5013628274829457,250000.0
라마56a50a,65762.99173810908,0.2630519669524363,250000.0
라마56a50b,30475.432342367294,0.12190172936946918,250000.0
라마56a51a,17445.792265356813,0.06978316906142726,250000.0
라마56a51b,27553.99113122502,0.11021596452490008,250000.0
라마56a52a,20803.547704899458,0.08321419081959783,250000.0
라마56a52b,17230.45212017193,0.06892180848068771,250000.0
라마56a53a,49.46358666397047,0.00019785434665588186,250000.0
라마56a53b,8974.315479486178,0.03589726191794471,250000.0
라마56a54a,41714.83204222924,0.16685932816891696,250000.0
라마56a54b,7340.99152778991,0.02936396611115964,250000.0
라마56a55a,0.0,0.0,250000.0
라마56a55b,0.0,0.0,250000.0
라마56a56a,0.0,0.0,180349.98554409065
라마56a56b,0.0,0.0,125764.10950327844
라마56a58a,0.0,0.0,179653.64529411748
라마56b09a,0.0,0.0,211294.22974366928
라마56b09b,50980.430851955076,0.257237297215387,198184.4444947216
라마56b10a,40866.433024002414,0.1903989054672113,214635.86108188023
라마56b10b,10137.36624614509,0.040549464984580355,250000.0
라마56b11a,46766.822063775406,0.18706728825510163,250000.0
라마56b11b,82848.62418500753,0.33139449674003013,250000.0
라마56b12a,83164.58372728346,0.3326583349091338,250000.0
라마56b12b,23190.15025794912,0.09276060103179648,250000.0
라마56b13a,24255.123819873876,0.09702049527949551,250000.0
라마56b13b,31005.328848770132,0.12402131539508053,250000.0
라마56b14a,7331.939932641647,0.029327759730566588,250000.0
라마56b14b,29438.048052662736,0.11775219221065095,250000.0
라마56b15a,3622.0137605628006,0.014488055042251202,250000.0
라마56b15b,4123.739870002601,0.016494959480010403,250000.0
라마56b16a,5252.962483854838,0.021011849935419352,250000.0
라마56b16b,63247.44355444874,0.25298977421779495,250000.0
라마56b17a,22033.740076580263,0.08813496030632105,250000.0
라마56b17b,522.4082681486027,0.002089633072594411,250000.0
라마56b18a,10754.610102619856,0.043018440410479426,250000.0
라마56b18b,35006.07034690098,0.14002428138760392,250000.0
라마56b19a,26182.253226756387,0.10472901290702555,250000.0
라마56b19b,477.9554864715921,0.0019118219458863685,250000.0
라마56b20a,4171.8059468792435,0.016687223787516973,250000.0
라마56b20b,37189.31104214258,0.14875724416857034,250000.0
라마56b21a,30524.35448048308,0.12209741792193232,250000.0
라마56b21b,2674.114334430298,0.010696457337721193,250000.0
라마56b22a,0.0,0.0,250000.0
라마56b22b,340.24667942802387,0.0013609867177120955,250000.0
라마56b23a,274.92120298237506,0.0010996848119295003,250000.0
라마56b23b,0.0,0.0,250000.0
라마56b24a,0.0,0.0,250000.0
라마56b24b,683.5454609656949,0.0027341818438627796,250000.0
라마56b25a,48159.93333332309,0.19263973333329235,250000.0
라마56b25b,5122.116861592728,0.020488467446370912,250000.0
라마56b26a,897.3546403618716,0.003589418561447486,250000.0
라마56b26b,65234.99174866947,0.26093996699467786,250000.0
라마56b27a,37458.247690851946,0.14983299076340778,250000.0
라마56b27b,0.0,0.0,250000.0
라마56b28a,26605.998342642626,0.1064239933705705,250000.0
라마56b28b,107250.03815130651,0.429000152605226,250000.0
라마56b29a,118929.27229019084,0.4757170891607634,250000.0
라마56b29b,51494.38923129944,0.20597755692519779,250000.0
라마56b30a,34586.320120785276,0.1383452804831411,250000.0
라마56b30b,130243.5989325513,0.5209743957302052,250000.0
라마56b31a,66546.08097542416,0.26618432390169666,250000.0
라마56b31b,11350.04807023174,0.045400192280929855,249999.99999998405
라마56b32a,3029.178147102999,0.012116712588423265,249999.9999997675
라마56b32b,17848.033415000464,0.07139213366024467,249999.9999991497
라마56b33a,29545.509048836575,0.1181820361953463,250000.0
라마56b33b,0.0,0.0,250000.0
라마56b34a,0.0,0.0,250000.0
라마56b34b,0.0,0.0,250000.0
라마56b35a,33.77271729105978,0.0001350908691642391,250000.0
라마56b35b,37367.130942627744,0.14946852377051098,250000.0
라마56b36a,3412.2731632728314,0.013649092653091326,250000.0
라마56b36b,32634.071434390757,0.13053628573756304,250000.0
라마56b37a,951.3901940500989,0.003805560776201246,249999.99999994412
라마56b37b,1068.861878081264,0.004275447512337278,249999.99999928533
라마56b38a,9798.609850177983,0.03919443940071193,250000.0
라마56b38b,111291.50510637483,0.4451660204254993,250000.0
라마56b39a,106759.15320121197,0.4270366128048479,250000.0
라마56b39b,35627.49614823925,0.142509984592957,250000.0
라마56b40a,48548.818735029025,0.1941952749401161,250000.0
라마56b40b,85189.63907346017,0.3407585562938407,250000.0
라마56b41a,47117.083130179606,0.18846833252071843,250000.0
라마56b41b,87941.44408999108,0.3517657763599643,250000.0
라마56b42a,104686.44593709128,0.41874578374836513,250000.0
라마56b42b,5647.117511085261,0.022588470044341044,250000.0
라마56b43a,0.0,0.0,250000.0
라마56b43b,32.70796673833304,0.00013083186695333216,250000.0
라마56b44a,56.7251964518119,0.0002269007858072476,250000.0
라마56b44b,17276.686366535792,0.06910674546614316,250000.0
라마56b45a,0.0,0.0,250000.0
라마56b45b,0.0,0.0,250000.0
라마56b46a,551.8781722285497,0.0022075126889141987,250000.0
라마56b46b,42987.973877783974,0.1719518955111359,250000.0
라마56b47a,52807.536538043954,0.2112301461521758,250000.0
라마56b47b,60368.10820713695,0.2414724328285478,250000.0
라마56b48a,48481.44059629247,0.1939257623851699,250000.0
라마56b48b,101527.46232316288,0.40610984929265154,250000.0
라마56b49a,22463.411476978286,0.08985364590791314,250000.0
라마56b49b,17610.87159857773,0.07044348639431092,250000.0
라마56b50a,64135.69753515732,0.2565427901406293,250000.0
라마56b50b,59060.508219027965,0.23624203287611187,250000.0
라마56b51a,4947.396637779953,0.019789586551119814,250000.0
라마56b51b,19425.17526213676,0.07770070104854704,250000.0
라마56b52a,63777.117227313516,0.25510846890925404,250000.0
라마56b52b,46916.06880888875,0.18766427523555498,250000.0
라마56b53a,25779.10631551646,0.10311642526206584,250000.0
라마56b53b,14267.367658251356,0.05706947063300542,250000.0
라마56b54a,40317.40719126535,0.1612696287650614,250000.0
라마56b54b,0.0,0.0,238684.52528308507
라마56b55a,0.0,0.0,154286.3110912749
라마57a10b,3073.6618426748264,0.012294647370699305,250000.0
라마57a11a,79604.0895207072,0.3184163580828288,250000.0
라마57a11b,0.6084370054287591,2.4337480217150365e-06,250000.0
라마57a12a,0.0,0.0,250000.0
라마57a12b,19657.054176825088,0.07862821670730036,250000.0
라마57a13a,66577.7686776558,0.2663110747106232,250000.0
라마57a13b,129650.86369160218,0.5186034547664087,250000.0
라마57a14a,124205.51481964541,0.49682205927858164,250000.0
라마57a14b,10150.644813589251,0.04060257925435701,250000.0
라마57a15a,0.0,0.0,250000.0
라마57a15b,815.9816923067376,0.0032639267692269503,250000.0
라마57a16a,58264.92014685027,0.2330596805874011,250000.0
라마57a16b,38417.0732353417,0.15366829294136677,250000.0
라마57a17a,3091.1027188493936,0.012364410875397575,250000.0
라마57a17b,0.0,0.0,250000.0
라마57a18a,39254.362464111735,0.15701744985644694,250000.0
라마57a18b,142.70593669107865,0.0005708237467643146,250000.0
라마57a19a,5190.25906876144,0.02076103627504576,250000.0
라마57a19b,5646.551798882749,0.022586207195530995,250000.0
라마57a20a,29004.73834916163,0.11601895339664653,250000.0
라마57a20b,36430.29286975575,0.145721171479023,250000.0
라마57a21a,42441.36242035258,0.16976544968141033,250000.0
라마57a21b,494.4491762677988,0.0019777967050711954,250000.0
라마57a22a,0.0,0.0,250000.0
라마57a22b,3149.9679172842225,0.01259987166913689,250000.0
라마57a23a,0.0,0.0,250000.0
라마57a23b,0.0,0.0,250000.0
라마57a24a,0.0,0.0,250000.0
라마57a24b,3975.4650440987866,0.015901860176395145,250000.0
라마57a25a,29105.073387664495,0.11642029355065799,250000.0
라마57a25b,299.6658179619502,0.0011986632718478008,250000.0
라마57a26a,0.0,0.0,250000.0
라마57a26b,27164.122739005572,0.10865649095602228,250000.0
라마57a27a,0.0,0.0,250000.0
라마57a27b,0.0,0.0,250000.0
라마57a28a,45620.53363825966,0.18248213455303863,250000.0
라마57a28b,186247.92855342443,0.7449917142136977,250000.0
라마57a29a,104533.96456051191,0.4181358582420477,250000.0
라마57a29b,71435.11144851692,0.2857404457940677,250000.0
라마57a30a,3929.2650099469483,0.015717060039787793,250000.0
라마57a30b,101567.21212110718,0.40626884848442874,250000.0
라마57a31a,11453.550320752955,0.0458142012830322,249999.99999988877
라마57a31b,0.0,0.0,249999.9999985893
라마57a32a,0.0,0.0,249999.9999991473
라마57a32b,5966.441712055633,0.02386576684822253,250000.0
라마57a33a,15640.396432619,0.062561585730476,250000.0
라마57a33b,9495.074297684654,0.037980297190738616,250000.0
라마57a34a,7825.745170546248,0.03130298068218499,250000.0
라마57a34b,0.0,0.0,250000.0
라마57a35a,641.3284305366809,0.0025653137221467236,250000.0
라마57a35b,12460.16195063712,0.04984064780254848,250000.0
라마57a36a,17379.953255214856,0.06951981302085943,250000.0
라마57a36b,618.0105972272219,0.0024720423889088875,250000.0
라마57a37a,44033.16617782677,0.1761326647113071,250000.0
라마57a37b,0.0,0.0,250000.0
라마57a38a,0.0,0.0,249999.99999951053
라마57a38b,20775.802860312666,0.08310321144130209,249999.99999984528
라마57a39a,63596.70126756446,0.25438680507025785,250000.0
라마57a39b,74479.05230583808,0.2979162092233523,250000.0
라마57a40a,18820.0617080238,0.07528024683209521,250000.0
라마57a40b,48424.48474991026,0.19369793899964105,250000.0
라마57a41a,2447.9746067637684,0.009791898427055074,250000.0
라마57a41b,42452.52869486082,0.16981011477944327,250000.0
라마57a42a,82456.90146586686,0.32982760586346743,250000.0
라마57a42b,42825.30274672513,0.17130121098690052,250000.0
라마57a43a,26492.178045197295,0.10596871218078918,250000.0
라마57a43b,16482.550591644016,0.06593020236657607,250000.0
라마57a44a,19862.392240765963,0.07944956896306385,250000.0
라마57a44b,15505.383174576722,0.06202153269830689,250000.0
라마57a45a,20603.525348005267,0.08241410139202107,250000.0
라마57a45b,10795.792857816014,0.04318317143126405,250000.0
라마57a46a,22672.99156337449,0.09069196625349796,250000.0
라마57a46b,22901.138777081316,0.09160455510832527,250000.0
라마57a47a,7588.425866147938,0.030353703464591753,250000.0
라마57a47b,16065.170798616546,0.06426068319446618,250000.0
라마57a48a,20895.870752621093,0.08358348301048438,250000.0
라마57a48b,42779.536467769205,0.17111814587107682,250000.0
라마57a49a,17634.58798682236,0.07053835194728944,250000.0
라마57a49b,0.0,0.0,250000.0
라마57a50a,7025.916272562876,0.028103665090251504,250000.0
라마57a50b,40931.40720303754,0.16372562881215016,250000.0
라마57a51a,39274.75661391076,0.15709902645564303,250000.0
라마57a51b,56928.51840964079,0.22771407363856316,250000.0
라마57a52a,41409.29192292727,0.16563716769170905,250000.0
라마57a52b,40294.1205624569,0.16117648224982759,250000.0
라마57a53a,17511.720173252514,0.07004688069301006,250000.0
라마57a53b,0.0,0.0,250000.0
라마57a54a,0.0,0.0,248963.45466151828
라마57b10b,38232.343593805905,0.1529293743752236,250000.0
라마57b11a,64713.393668925244,0.25885357467570097,250000.0
라마57b11b,16186.625326194628,0.0647465013047785,250000.0
라마57b12a,9339.194379594739,0.03735677751837896,250000.0
라마57b12b,21542.01530807331,0.08616806123229324,250000.0
라마57b13a,1987.4609448790973,0.007949843779516389,250000.0
라마57b13b,3155.1212794662524,0.01262048511786501,250000.0
라마57b14a,91800.44818433932,0.36720179273735726,250000.0
라마57b14b,14019.016422244435,0.05607606568897774,250000.0
라마57b15a,25519.118070150464,0.10207647228060185,250000.0
라마57b15b,13151.838743768474,0.0526073549750739,250000.0
라마57b16a,82961.96535527763,0.3318478614211105,250000.0
라마57b16b,15336.338819489103,0.06134535527795641,250000.0
라마57b17a,8751.027051565252,0.03500410820626101,250000.0
라마57b17b,23783.036937143166,0.09513214774857266,250000.0
라마57b18a,64616.698481718675,0.2584667939268747,250000.0
라마57b18b,18770.341814716758,0.07508136725886703,250000.0
라마57b19a,24854.486977206976,0.09941794790882791,250000.0
라마57b19b,65067.45391036291,0.26026981564145163,250000.0
라마57b20a,7929.652114448143,0.03171860845779257,250000.0
라마57b20b,655.1656045753781,0.0026206624183015125,250000.0
라마57b21a,779.9668487362721,0.0031198673949450885,250000.0
라마57b21b,989.8638682282733,0.003959455472913093,250000.0
라마57b22a,0.0,0.0,250000.0
라마57b22b,13203.041600251572,0.05281216640100629,250000.0
라마57b23a,0.0,0.0,250000.0
라마57b23b,0.0,0.0,250000.0
라마57b24a,0.0,0.0,250000.0
라마57b24b,4666.46923831632,0.01866587695326528,250000.0
라마57b25a,37883.32136684975,0.151533285467399,250000.0
라마57b25b,17342.774672179872,0.06937109868871949,250000.0
라마57b26a,19913.879408489538,0.07965551763395816,250000.0
라마57b26b,8129.552770183224,0.0325182110807329,250000.0
라마57b27a,0.0,0.0,250000.0
라마57b27b,0.0,0.0,250000.0
라마57b28a,41542.30462306098,0.16616921849224395,250000.0
라마57b28b,198365.0542556259,0.7934602170225036,250000.0
라마57b29a,111110.36701625497,0.4444414680650199,250000.0
라마57b29b,14957.671989675615,0.05983068795870246,250000.0
라마57b30a,16317.60311076654,0.06527041244320175,249999.99999948064
라마57b30b,1608.0782774942202,0.006432313109997142,249999.9999992125
라마57b31a,13611.73463560902,0.05444693854251898,249999.99999961935
라마57b31b,2939.035281201867,0.011756141124807468,250000.0
라마57b32a,6152.572180869645,0.02461028872347858,250000.0
라마57b32b,27014.19593127108,0.10805678372508432,250000.0
라마57b33a,10461.46167334481,0.041845846693379235,250000.0
라마57b33b,10142.885093169494,0.040571540372677975,250000.0
라마57b34a,38229.921347166586,0.15291968538866635,250000.0
라마57b34b,5879.79383273831,0.02351917533095324,250000.0
라마57b35a,7637.226895521362,0.03054890758208545,250000.0
라마57b35b,21930.59331234602,0.08772237324938408,250000.0
라마57b36a,24352.433290440054,0.09740973316176021,250000.0
라마57b36b,44989.2839867732,0.17995713594709278,250000.0
라마57b37a,87696.36977961518,0.35078547911846075,250000.0
라마57b37b,25782.142570936616,0.10312857028374646,250000.0
라마57b38a,24806.639339329464,0.09922655735731785,250000.0
라마57b38b,638.3477728760074,0.0025533910915080584,249999.99999960556
라마57b39a,6353.901369889464,0.025415605479557856,250000.0
라마57b39b,30944.31264463827,0.12377725057855309,250000.0
라마57b40a,3206.572871008253,0.012826291484033012,250000.0
라마57b40b,3988.1542174925007,0.01595261686997,250000.0
라마57b41a,24318.849831743402,0.09727539932697361,250000.0
라마57b41b,6520.1679494950295,0.02608067179798012,250000.0
라마57b42a,95475.54772525057,0.38190219090100225,250000.0
라마57b42b,37476.2801690549,0.1499051206762196,250000.0
라마57b43a,68390.43199741379,0.27356172798965517,250000.0
라마57b43b,20577.555594571215,0.08231022237828486,250000.0
라마57b44a,491.40548081606846,0.001965621923264274,250000.0
라마57b44b,24592.187794688612,0.09836875117875445,250000.0
라마57b45a,48451.57913857859,0.19380631655431438,250000.0
라마57b45b,27060.720749292515,0.10824288299717007,250000.0
라마57b46a,0.0,0.0,250000.0
라마57b46b,362.54827525319536,0.0014501931010127815,250000.0
라마57b47a,0.0,0.0,250000.0
라마57b47b,0.0,0.0,250000.0
라마57b48a,24279.723731178452,0.0971188949247138,250000.0
라마57b48b,31508.814716285062,0.12603525886514025,250000.0
라마57b49a,17629.822589549214,0.07051929035819686,250000.0
라마57b49b,344.9086317679817,0.001379634527071927,250000.0
라마57b50a,8189.411553819263,0.03275764621527705,250000.0
라마57b50b,15409.779252514954,0.061639117010059814,250000.0
라마57b51a,39107.01764570887,0.15642807058283548,250000.0
라마57b51b,36896.59405131453,0.14758637620525814,250000.0
라마57b52a,48879.04983441233,0.19551619933764933,250000.0
라마57b52b,63266.378587265484,0.25306551434906194,250000.0
라마57b53a,15379.298972587852,0.06151719589035141,250000.0
라마57b53b,11190.11931911755,0.0447604772764702,250000.0
라마57b54a,0.0,0.0,206003.44068667872
라마58a10a,0.0,0.0,146319.2194023581
라마58a10b,27375.599014281146,0.10950239605712458,250000.0
라마58a11a,13924.914032669192,0.05569965613067677,250000.0
라마58a11b,98109.114099363,0.392436456397452,250000.0
라마58a12a,2277.287355667382,0.009109149422669528,250000.0
라마58a12b,0.0,0.0,250000.0
라마58a13a,2560.5511453861786,0.010242204581544715,250000.0
라마58a13b,100185.65518572155,0.4007426207428862,250000.0
라마58a14a,72307.13685421555,0.2892285474168622,250000.0
라마58a14b,89514.62863792072,0.35805851455168286,250000.0
라마58a15a,88936.62736528182,0.3557465094611273,250000.0
라마58a15b,94946.44444425534,0.3797857777770213,250000.0
라마58a16a,50957.88786527013,0.20383155146108053,250000.0
라마58a16b,15182.407551655908,0.060729630206623635,250000.0
라마58a17a,80494.29541917893,0.32197718167671574,250000.0
라마58a17b,91137.97657068704,0.36455190628274814,250000.0
라마58a18a,81919.6828121999,0.3276787312487996,250000.0
라마58a18b,49763.14543287293,0.19905258173149173,250000.0
라마58a19a,54404.66354802274,0.21761865419209098,250000.0
라마58a19b,3971.1256927723934,0.015884502771089572,250000.0
라마58a20a,26154.148718308697,0.10461659487323478,250000.0
라마58a20b,7526.055416493384,0.030104221665973534,250000.0
라마58a21a,0.0,0.0,250000.0
라마58a21b,0.0,0.0,250000.0
라마58a22a,7949.045737486839,0.031796182949947356,250000.0
라마58a22b,36951.24883296765,0.1478049953318706,250000.0
라마58a23a,2904.9035116987925,0.01161961404679517,250000.0
라마58a23b,6988.169309109029,0.027952677236436116,250000.0
라마58a24a,2552.144501415215,0.01020857800566086,250000.0
라마58a24b,0.0,0.0,250000.0
라마58a25a,5133.788337339551,0.020535153349358203,250000.0
라마58a25b,70042.14166770209,0.28016856667080836,250000.0
라마58a26a,9205.191301049685,0.03682076520419874,250000.0
라마58a26b,15618.50704993438,0.06247402819973752,250000.0
라마58a27a,0.0,0.0,250000.0
라마58a27b,0.0,0.0,250000.0
라마58a28a,9707.660484775679,0.03883064193910272,250000.0
라마58a28b,37270.406563176955,0.14908162625270782,250000.0
라마58a29a,3001.9028653500873,0.01200761146140035,250000.0
라마58a29b,27.922515409157484,0.00011169006163666383,249999.99999992413
라마58a30a,594.8683387675022,0.0023794733550774076,249999.99999922267
라마58a30b,13047.490027616139,0.052189960110464555,250000.0
라마58a31a,74386.86939800187,0.2975474775920075,250000.0
라마58a31b,85231.8253265218,0.34092730130608717,250000.0
라마58a32a,65375.63923005873,0.26150255692023494,250000.0
라마58a32b,34293.615629689724,0.1371744625187589,250000.0
라마58a33a,20922.29915969412,0.08368919663877648,250000.0
라마58a33b,109442.0606785363,0.4377682427141452,250000.0
라마58a34a,10264.656074964907,0.041058624299859625,250000.0
라마58a34b,0.0,0.0,250000.0
라마58a35a,6843.894325312672,0.027375577301250686,250000.0
라마58a35b,13195.548303746078,0.05278219321498431,250000.0
라마58a36a,34250.25998654633,0.13700103994618532,250000.0
라마58a36b,74104.51448400696,0.2964180579360278,250000.0
라마58a37a,112818.59135854874,0.45127436543419497,250000.0
라마58a37b,104104.84524068428,0.4164193809627371,250000.0
라마58a38a,49101.17258213223,0.19640469032852892,250000.0
라마58a38b,4847.03954038728,0.019388158161573067,249999.99999969124
라마58a39a,0.0,0.0,249999.99999880383
라마58a39b,0.0,0.0,249999.99999992663
라마58a40a,0.0,0.0,250000.0
라마58a40b,0.0,0.0,250000.0
라마58a41a,0.0,0.0,250000.0
라마58a41b,20310.88940288413,0.08124355761153652,250000.0
라마58a42a,57937.09554657087,0.23174838218628346,250000.0
라마58a42b,82403.40439648446,0.3296136175859378,250000.0
라마58a43a,1894.9052770549843,0.007579621108219937,250000.0
라마58a43b,4941.945115723409,0.019767780462893635,250000.0
라마58a44a,6021.235449156401,0.024084941796625604,250000.0
라마58a44b,8551.194880799434,0.03420477952319773,250000.0
라마58a45a,15985.248928273784,0.06394099571309514,250000.0
라마58a45b,5288.823754013224,0.021155295016052896,250000.0
라마58a46a,115.8450751344847,0.0004633803005379388,250000.0
라마58a46b,0.0,0.0,250000.0
라마58a47a,0.0,0.0,250000.0
라마58a47b,0.0,0.0,250000.0
라마58a48a,6771.992472507262,0.02708796989002905,250000.0
라마58a48b,25393.751812956394,0.10157500725182558,250000.0
라마58a49a,2696.271264538377,0.010785085058153508,250000.0
라마58a49b,53160.99882363192,0.21264399529452768,250000.0
라마58a50a,33887.539053417524,0.1355501562136701,250000.0
라마58a50b,0.0,0.0,250000.0
라마58a51a,0.0,0.0,250000.0
라마58a51b,720.6233475079007,0.002882493390031603,250000.0
라마58a52a,4578.715905563096,0.018314863622252386,250000.0
라마58a52b,7936.304919107184,0.03174521967642874,250000.0
라마58a53a,12796.923075103432,0.05118769230041373,250000.0
라마58a53b,42069.41656182491,0.16827766624729965,250000.0
라마58a54a,4097.17200849068,0.018792329677499463,218023.63404662535
라마58b10a,0.0,0.0,124046.49380819562
라마58b10b,11037.818404770329,0.04415127361908132,250000.0
라마58b11a,4152.418018706299,0.016609672074825197,250000.0
라마58b11b,67698.4284923803,0.27079371396952123,250000.0
라마58b12a,16574.609539592868,0.06629843815837147,250000.0
라마58b12b,7158.0858928519465,0.028632343571407787,250000.0
라마58b13a,32362.837309416216,0.12945134923766485,250000.0
라마58b13b,103142.47170724157,0.4125698868289663,250000.0
라마58b14a,15047.488607765335,0.06018995443106134,250000.0
라마58b14b,45483.30840069873,0.1819332336027949,250000.0
라마58b15a,31687.22797097941,0.12674891188391763,250000.0
라마58b15b,15310.949900291387,0.06124379960116555,250000.0
라마58b16a,38839.328168278545,0.15535731267311417,250000.0
라마58b16b,39567.50186411485,0.1582700074564594,250000.0
라마58b17a,21612.71516876599,0.08645086067506395,250000.0
라마58b17b,0.0,0.0,250000.0
라마58b18a,25624.326222559444,0.10249730489023778,250000.0
라마58b18b,51698.62533595078,0.20679450134380314,250000.0
라마58b19a,16317.82906227164,0.06527131624908655,250000.0
라마58b19b,9231.319316433199,0.036925277265732796,250000.0
라마58b20a,11741.909434759189,0.046967637739036755,250000.0
라마58b20b,10.988897635057192,4.3955590540228766e-05,250000.0
라마58b21a,5491.713067796534,0.021966852271186138,250000.0
라마58b21b,0.0,0.0,250000.0
라마58b22a,303.366598144817,0.001213466392579268,250000.0
라마58b22b,21795.858119854,0.08718343247941601,250000.0
라마58b23a,82940.5193060511,0.33176207722420437,250000.0
라마58b23b,13091.294835083085,0.052365179340332337,250000.0
라마58b24a,6926.810996258228,0.027707243985032912,250000.0
라마58b24b,930.3830733502008,0.0037215322934008033,250000.0
라마58b25a,18209.392111883713,0.07283756844753485,250000.0
라마58b25b,15986.642436347169,0.06394656974538868,250000.0
라마58b26a,11959.012415661682,0.04783604966264673,250000.0
라마58b26b,2422.9433589174755,0.009691773435669902,250000.0
라마58b27a,0.0,0.0,250000.0
라마58b27b,12542.4564652767,0.0501698258611068,250000.0
라마58b28a,20386.52560021832,0.08154610240087327,250000.0
라마58b28b,30814.87182216317,0.12325948728865269,250000.0
라마58b29a,0.0,0.0,250000.0
라마58b29b,1921.7333494241097,0.007686933397738522,249999.99999863136
라마58b30a,48220.721218604886,0.19288288487441954,250000.0
라마58b30b,111267.14875734545,0.4450685950293818,250000.0
라마58b31a,112575.12395460137,0.4503004958184055,250000.0
라마58b31b,100411.54761484018,0.40164619045936073,250000.0
라마58b32a,83674.1451284016,0.33469658051360635,250000.0
라마58b32b,88735.58949816,0.35494235799264,250000.0
라마58b33a,63954.87495030164,0.25581949980120655,250000.0
라마58b33b,60880.17886035929,0.24352071544143714,250000.0
라마58b34a,10626.503502752035,0.04250601401100814,250000.0
라마58b34b,24070.509532641056,0.09628203813056423,250000.0
라마58b35a,7250.000521315735,0.02900000208526294,250000.0
라마58b35b,0.0,0.0,250000.0
라마58b36a,208.18232857718812,0.0008327293143087525,250000.0
라마58b36b,2545.755729693345,0.01018302291877338,250000.0
라마58b37a,2429.67918708268,0.00971871674833072,250000.0
라마58b37b,39716.01810146319,0.15886407240585276,250000.0
라마58b38a,83716.59015016916,0.3348663606006766,250000.0
라마58b38b,26681.48288649463,0.10672593154597851,250000.0
라마58b39a,0.0,0.0,250000.0
라마58b39b,0.0,0.0,249999.9999998169
라마58b40a,0.0,0.0,250000.0
라마58b40b,0.0,0.0,250000.0
라마58b41a,19903.684774676414,0.07961473909870566,250000.0
라마58b41b,93832.1988051293,0.3753287952205172,250000.0
라마58b42a,14037.403013914813,0.05614961205565925,250000.0
라마58b42b,66496.76576963428,0.26598706307853714,250000.0
라마58b43a,7159.040500998704,0.028636162003994818,250000.0
라마58b43b,0.0,0.0,250000.0
라마58b44a,0.0,0.0,250000.0
라마58b44b,28070.81941229897,0.11228327764919588,250000.0
라마58b45a,69332.59871415878,0.27733039485663513,250000.0
라마58b45b,45464.96592842552,0.18185986371370208,250000.0
라마58b46a,0.0,0.0,250000.0
라마58b46b,0.0,0.0,250000.0
라마58b47a,0.0,0.0,250000.0
라마58b47b,0.0,0.0,250000.0
라마58b48a,0.0,0.0,250000.0
라마58b48b,33846.975958257775,0.1353879038330311,250000.0
라마58b49a,21947.566238552026,0.08779026495420811,250000.0
라마58b49b,110513.72192310174,0.442054887692407,250000.0
라마58b50a,55104.03721909079,0.22041614887636315,250000.0
라마58b50b,2514.6751249043928,0.010058700499617572,250000.0
라마58b51a,22538.799491502814,0.09015519796601125,250000.0
라마58b51b,4191.772130673169,0.016767088522692677,250000.0
라마58b52a,0.0,0.0,250000.0
라마58b52b,539.9482517142551,0.0021597930068570203,250000.0
라마58b53a,0.0,0.0,250000.0
라마58b53b,1435.3588467454988,0.0057414353869819955,250000.0
라마58b54a,0.0,0.0,224930.54365703173
라마59a10b,0.0,0.0,238620.3128575147
라마59a11a,1675.2036670694258,0.006700814668277703,250000.0
라마59a11b,80777.9943816392,0.3231119775265568,250000.0
라마59a12a,61283.97650646288,0.24513590602585153,250000.0
라마59a12b,802.5548695246912,0.003210219478098765,250000.0
라마59a13a,18723.56377360717,0.07489425509442868,250000.0
라마59a13b,179777.05813553627,0.7191082325421451,250000.0
라마59a14a,48877.431145560666,0.19550972458224267,250000.0
라마59a14b,15883.375615782685,0.06353350246313073,250000.0
라마59a15a,14299.295218039426,0.0571971808721577,250000.0
라마59a15b,91372.45338774094,0.36548981355096377,250000.0
라마59a16a,97181.87436282952,0.38872749745131807,250000.0
라마59a16b,61646.95657937883,0.2465878263175153,250000.0
라마59a17a,16053.054651974662,0.06421221860789865,250000.0
라마59a17b,2883.7438031393813,0.011534975212557525,250000.0
라마59a18a,1009.6071573296407,0.004038428629318563,250000.0
라마59a18b,12190.974425089667,0.04876389770035867,250000.0
라마59a19a,38502.58306745912,0.1540103322698365,250000.0
라마59a19b,39979.77979886662,0.15991911919546647,250000.0
라마59a20a,9976.243896973048,0.039904975587892196,250000.0
라마59a20b,82036.95791710695,0.3281478316684278,250000.0
라마59a21a,11384.71178175844,0.04553884712703376,250000.0
라마59a21b,0.0,0.0,250000.0
라마59a22a,19867.052300260453,0.0794682092010418,250000.0
라마59a22b,53485.3965380261,0.2139415861521044,250000.0
라마59a23a,51596.61210329775,0.206386448413191,250000.0
라마59a23b,6213.338204487659,0.024853352817950636,250000.0
라마59a24a,0.0,0.0,250000.0
라마59a24b,0.0,0.0,250000.0
라마59a25a,0.0,0.0,250000.0
라마59a25b,0.0,0.0,250000.0
라마59a26a,583.559653545462,0.002334238614181848,250000.0
라마59a26b,0.0,0.0,250000.0
라마59a27a,1245.7290828462037,0.004982916331384815,250000.0
라마59a27b,4341.4071461345,0.017365628584538002,250000.0
라마59a28a,405.1313499860318,0.0016205253999441271,250000.0
라마59a28b,46209.630121474096,0.18483852048589638,250000.0
라마59a29a,14873.534848844929,0.059494139395379717,250000.0
라마59a29b,9055.924652312082,0.036223698609437006,249999.99999869784
라마59a30a,32196.098146976303,0.12878439258790522,250000.0
라마59a30b,88274.83334920138,0.3530993333968055,250000.0
라마59a31a,9082.438095544607,0.03632975238217843,250000.0
라마59a31b,30507.945393431088,0.12203178157372435,250000.0
라마59a32a,32304.020321945398,0.1292160812877816,250000.0
라마59a32b,10373.936746862708,0.04149574698745083,250000.0
라마59a33a,0.0,0.0,250000.0
라마59a33b,3977.1491596669084,0.015908596638667633,250000.0
라마59a34a,31908.568421982956,0.12763427368793182,250000.0
라마59a34b,537.3232857610668,0.0021492931430442674,250000.0
라마59a35a,0.0,0.0,250000.0
라마59a35b,0.0,0.0,250000.0
라마59a36a,2877.3501781065333,0.011509400712426133,250000.0
라마59a36b,65746.9575554536,0.2629878302218144,250000.0
라마59a37a,45576.74663112814,0.18230698652451255,250000.0
라마59a37b,19093.184010078956,0.07637273604031582,250000.0
라마59a38a,43485.36142146563,0.17394144568586253,250000.0
라마59a38b,30704.852182779116,0.12281940873111646,250000.0
라마59a39a,12332.74592309562,0.04933098369238248,250000.0
라마59a39b,15390.845367937138,0.06156338147174855,250000.0
라마59a40a,11306.033225549765,0.045224132902261766,249999.99999965337
라마59a40b,0.0,0.0,250000.0
라마59a41a,11498.100728260026,0.045992402913040104,250000.0
라마59a41b,40742.13927107923,0.1629685570843169,250000.0
라마59a42a,4626.442833565444,0.018505771334261775,250000.0
라마59a42b,30837.729899257785,0.12335091959703114,250000.0
라마59a43a,700.4751279275058,0.0028019005117100233,250000.0
라마59a43b,31636.922779177727,0.1265476911167109,250000.0
라마59a44a,2473.384486815943,0.009893537947263772,250000.0
라마59a44b,25268.132309124623,0.1010725292364985,250000.0
라마59a45a,59697.056022506804,0.23878822409002723,250000.0
라마59a45b,77895.37924768208,0.31158151699072834,250000.0
라마59a46a,39320.2324989889,0.1572809299959556,250000.0
라마59a46b,1798.1078132516525,0.00719243125300661,250000.0
라마59a47a,5907.494585619135,0.02362997834247654,250000.0
라마59a47b,15991.410244112765,0.06396564097645106,250000.0
라마59a48a,36796.29064613841,0.14718516258455364,250000.0
라마59a48b,95485.47554296712,0.38194190217186846,250000.0
라마59a49a,41709.735985552106,0.1668389439422084,250000.0
라마59a49b,16667.10052518457,0.06666840210073828,250000.0
라마59a50a,56733.80559446384,0.22693522237785535,250000.0
라마59a50b,7749.820384368108,0.03099928153747243,250000.0
라마59a51a,7173.176996575,0.0286927079863,250000.0
라마59a51b,27359.733671603637,0.10943893468641455,250000.0
라마59a52a,94.42576362514755,0.0003777030545005902,250000.0
라마59a52b,4355.627835380225,0.0174225113415209,250000.0
라마59a53a,3170.7995703109477,0.01268319828124379,250000.0
라마59a53b,0.0,0.0,250000.0
라마59a54a,0.0,0.0,209745.11647419992
라마59b11a,13256.996532537923,0.053027986130151694,250000.0
라마59b11b,17820.255026069743,0.07128102010427897,250000.0
라마59b12a,71279.9800869317,0.28511992034772676,250000.0
라마59b12b,1293.7104475863737,0.005174841790345495,250000.0
라마59b13a,92426.33991116482,0.3697053596446593,250000.0
라마59b13b,115208.96348626951,0.46083585394507803,250000.0
라마59b14a,40364.592469905234,0.16145836987962092,250000.0
라마59b14b,20117.730110931516,0.08047092044372606,250000.0
라마59b15a,5244.465574337969,0.020977862297351876,250000.0
라마59b15b,150860.35397174663,0.6034414158869865,250000.0
라마59b16a,9913.796846128773,0.03965518738451509,250000.0
라마59b16b,43776.721131190556,0.17510688452476222,250000.0
라마59b17a,93143.54608884906,0.37257418435539624,250000.0
라마59b17b,10746.602576509606,0.04298641030603842,250000.0
라마59b18a,1355.0509495460283,0.005420203798184113,250000.0
라마59b18b,315.3769713786481,0.0012615078855145922,250000.0
라마59b19a,0.0,0.0,250000.0
라마59b19b,23570.309881387573,0.09428123952555029,250000.0
라마59b20a,49824.62909192606,0.19929851636770424,250000.0
라마59b20b,9048.778251765993,0.03619511300706397,250000.0
라마59b21a,0.0,0.0,250000.0
라마59b21b,1362.2971215321872,0.005449188486128749,250000.0
라마59b22a,670.1228889926334,0.0026804915559705336,250000.0
라마59b22b,39064.40981111869,0.15625763924447475,250000.0
라마59b23a,1.4971634375006142,5.9886537500024565e-06,250000.0
라마59b23b,0.0,0.0,250000.0
라마59b24a,13343.202239561373,0.05337280895824549,250000.0
라마59b24b,18698.499162484026,0.0747939966499361,250000.0
라마59b25a,2914.718804904832,0.011658875219619327,250000.0
라마59b25b,3748.3804066050516,0.014993521626420207,250000.0
라마59b26a,36.97320796527997,0.00014789283186111986,250000.0
라마59b26b,0.0,0.0,250000.0
라마59b27a,2782.723012506089,0.011130892050024356,250000.0
라마59b27b,4908.950309536265,0.01963580123814506,250000.0
라마59b28a,952.6257568404694,0.0038105030273618778,250000.0
라마59b28b,1878.4465892803933,0.007513786357121573,250000.0
라마59b29a,0.0,0.0,249999.9999994396
라마59b29b,4790.930401564243,0.01916372160626219,249999.9999999319
라마59b30a,2712.3140250007636,0.010849256100003054,250000.0
라마59b30b,39229.6524135891,0.15691860965435642,250000.0
라마59b31a,43287.351137394624,0.1731494045495785,250000.0
라마59b31b,28801.811427482964,0.11520724570993186,250000.0
라마59b32a,2480.0192327524387,0.009920076931009755,250000.0
라마59b32b,0.0,0.0,250000.0
라마59b33a,1828.4541641056464,0.0073138166564225855,250000.0
라마59b33b,0.0,0.0,250000.0
라마59b34a,12713.65312898792,0.050854612515951685,250000.0
라마59b34b,2040.3384557818465,0.008161353823127385,250000.0
라마59b35a,6879.00174686908,0.027516006987476322,250000.0
라마59b35b,0.0,0.0,250000.0
라마59b36a,51968.63597359413,0.2078745438943765,250000.0
라마59b36b,7539.868685779063,0.03015947474311625,250000.0
라마59b37a,2577.846345993392,0.010311385383973568,250000.0
라마59b37b,0.0,0.0,250000.0
라마59b38a,0.0,0.0,250000.0
라마59b38b,642.2322016364067,0.0025689288065456266,250000.0
라마59b39a,10339.85391028999,0.04135941564115996,250000.0
라마59b39b,1441.714550756366,0.005979431195635231,241112.3238291906
라마59b40b,0.0,0.0,153084.23990153766
라마59b41b,0.0,0.0,204246.63843849563
라마59b42a,0.0,0.0,250000.0
라마59b42b,35302.91244685956,0.14121164978743825,250000.0
라마59b43a,4446.382142422697,0.01778552856969079,250000.0
라마59b43b,1827.2945479628358,0.007309178191851343,250000.0
라마59b44a,2294.4212382812057,0.009177684953124822,250000.0
라마59b44b,14092.186217842962,0.05636874487137185,250000.0
라마59b45a,1248.3507812189882,0.004993403124875953,250000.0
라마59b45b,73244.27970125679,0.29297711880502714,250000.0
라마59b46a,35053.681783571614,0.14021472713428645,250000.0
라마59b46b,93809.169731017,0.375236678924068,250000.0
라마59b47a,62507.50266532369,0.25003001066129477,250000.0
라마59b47b,8479.51133690022,0.03391804534760088,250000.0
라마59b48a,6192.076976338265,0.02476830790535306,250000.0
라마59b48b,38566.28934768822,0.15426515739075286,250000.0
라마59b49a,5249.42034424506,0.02099768137698024,250000.0
라마59b49b,4291.357850968674,0.017165431403874696,250000.0
라마59b50a,23032.281326289805,0.09212912530515922,250000.0
라마59b50b,19241.96996756003,0.07696787987024012,250000.0
라마59b51a,0.0,0.0,250000.0
라마59b51b,0.0,0.0,250000.0
라마59b52a,0.0,0.0,246521.93714522527
라마59b52b,0.0,0.0,189816.86353030143
라마59b53a,0.0,0.0,206910.1738882344
라마60a11a,878.7674160492826,0.0036148738573091896,243097.67110474288
라마60a11b,6331.13286957563,0.02532453147830252,250000.0
라마60a12a,46405.570157148664,0.18562228062859465,250000.0
라마60a12b,2459.131057531135,0.00983652423012454,250000.0
라마60a13a,131729.36656363052,0.5269174662545221,250000.0
라마60a13b,48552.45331218251,0.19420981324873005,250000.0
라마60a14a,25278.64308241698,0.10111457232966792,250000.0
라마60a14b,13138.42677133942,0.05255370708535768,250000.0
라마60a15a,8006.082264903294,0.03202432905961318,250000.0
라마60a15b,179361.54148026757,0.7174461659210702,250000.0
라마60a16a,31733.471190174598,0.1269338847606984,250000.0
라마60a16b,0.0,0.0,250000.0
라마60a17a,45756.570238404085,0.18302628095361634,250000.0
라마60a17b,92529.1195884069,0.3701164783536276,250000.0
라마60a18a,16537.02534762628,0.06614810139050513,250000.0
라마60a18b,24112.33356736475,0.096449334269459,250000.0
라마60a19a,0.0,0.0,250000.0
라마60a19b,3334.3187423908194,0.013337274969563277,250000.0
라마60a20a,39148.14894491893,0.15659259577967574,250000.0
라마60a20b,984.5168047317206,0.003938067218926883,250000.0
라마60a21a,1383.0575021536947,0.005532230008614779,250000.0
라마60a21b,40163.155003668755,0.160652620014675,250000.0
라마60a22a,51500.470831622915,0.20600188332649166,250000.0
라마60a22b,45631.026844558604,0.1825241073782344,250000.0
라마60a23a,22218.608874466157,0.08887443549786463,250000.0
라마60a23b,0.0,0.0,250000.0
라마60a24a,0.3976029746884479,1.5904118987537916e-06,250000.0
라마60a24b,49341.37460378784,0.19736549841515136,250000.0
라마60a25a,9145.717787630669,0.036582871150522674,250000.0
라마60a25b,40235.69277705622,0.16094277110822486,250000.0
라마60a26a,24.174975595544293,9.669990238217718e-05,250000.0
라마60a26b,0.0,0.0,250000.0
라마60a27a,1001.4200319044147,0.004005680127617659,250000.0
라마60a27b,22327.46166218595,0.0893098466487438,250000.0
라마60a28a,4403.267771009687,0.017613071084038746,250000.0
라마60a28b,2968.1053838443213,0.011872421535377285,250000.0
라마60a29a,0.0,0.0,249999.9999997577
라마60a29b,17790.731776624758,0.07116292710651016,249999.99999996088
라마60a30a,15835.35193820037,0.06334140775280148,250000.0
라마60a30b,69497.99280985248,0.27799197123940994,250000.0
라마60a31a,28570.34276449182,0.11428137105796728,250000.0
라마60a31b,88366.42430549009,0.35346569722196036,250000.0
라마60a32a,19526.86914968046,0.07810747659872185,250000.0
라마60a32b,2121.9023485894013,0.008487609394357606,250000.0
라마60a33a,10426.86279258159,0.041707451170326364,250000.0
라마60a33b,2154.2762971709894,0.008617105188683957,250000.0
라마60a34a,73232.31872547296,0.2929292749018918,250000.0
라마60a34b,74812.73893944523,0.29925095575778093,250000.0
라마60a35a,61544.479175071756,0.24617791670028702,250000.0
라마60a35b,56757.422050165,0.22702968820066,250000.0
라마60a36a,62999.124895368324,0.2519964995814733,250000.0
라마60a36b,24922.491685527246,0.09968996674210899,250000.0
라마60a37a,9784.799410099085,0.03913919764039634,250000.0
라마60a37b,43577.25040693239,0.17430900162772955,250000.0
라마60a38a,42778.29188680109,0.17111316754720435,250000.0
라마60a38b,2511.532723074922,0.01004613089229969,250000.0
라마60a39a,0.0,0.0,250000.0
라마60a39b,0.0,0.0,226446.81681229832
라마60a42a,0.0,0.0,184118.4893337605
라마60a42b,39386.975148928046,0.1575479005957122,250000.0
라마60a43a,7408.332013313835,0.02963332805325534,250000.0
라마60a43b,347.748559950731,0.001390994239802924,250000.0
라마60a44a,43918.59578899859,0.17567438315599435,250000.0
라마60a44b,79085.77661799685,0.3163431064719874,250000.0
라마60a45a,53771.94285848107,0.21508777143392427,250000.0
라마60a45b,32446.605694741163,0.12978642277896466,250000.0
라마60a46a,18958.819494897372,0.07583527797958949,250000.0
라마60a46b,61059.994577247075,0.2442399783089883,250000.0
라마60a47a,34209.65131913541,0.13683860527654165,250000.0
라마60a47b,45896.69820595449,0.18358679282381796,250000.0
라마60a48a,6385.494595958364,0.025541978383833455,250000.0
라마60a48b,34379.45274047063,0.13751781096188254,250000.0
라마60a49a,15781.245560329011,0.06312498224131605,250000.0
라마60a49b,0.0,0.0,250000.0
라마60a50a,26636.36448549706,0.10654545794198823,250000.0
라마60a50b,4366.298306784704,0.01746519322713882,250000.0
라마60a51a,14073.702621778117,0.05629481048711247,250000.0
라마60a51b,0.0,0.0,247182.71737180863
라마60b11a,0.0,0.0,181322.6354197604
라마60b11b,20838.730188585345,0.08335492075434138,250000.0
라마60b12a,355.72931810763026,0.001422917272430521,250000.0
라마60b12b,56716.077937880844,0.22686431175152338,250000.0
라마60b13a,94942.99368367414,0.37977197473469654,250000.0
라마60b13b,27967.175991455682,0.11186870396582273,250000.0
라마60b14a,51014.280783221846,0.20405712313288737,250000.0
라마60b14b,371.7631623079269,0.0014870526492317077,250000.0
라마60b15a,11160.167224863477,0.04464066889945391,250000.0
라마60b15b,83542.96118421765,0.3341718447368706,250000.0
라마60b16a,85288.74143614426,0.34115496574457704,250000.0
라마60b16b,12098.64742191196,0.048394589687647836,250000.0
라마60b17a,11526.740869876438,0.04610696347950575,250000.0
라마60b17b,43292.97814482638,0.17317191257930553,250000.0
라마60b18a,89461.95301694932,0.3578478120677973,250000.0
라마60b18b,27301.147557359855,0.10920459022943942,250000.0
라마60b19a,1462.6131313328528,0.005850452525331411,250000.0
라마60b19b,209.02651873329273,0.000836106074933171,250000.0
라마60b20a,10506.612874465583,0.042026451497862334,250000.0
라마60b20b,0.0,0.0,250000.0
라마60b21a,14683.775810382642,0.05873510324153057,250000.0
라마60b21b,4150.481909225264,0.016601927636901055,250000.0
라마60b22a,3250.5648644765224,0.01300225945790609,250000.0
라마60b22b,11257.148110292246,0.04502859244116898,250000.0
라마60b23a,48681.15366838086,0.19472461467352345,250000.0
라마60b23b,577.9900805044158,0.002311960322017663,250000.0
라마60b24a,3502.234336033344,0.014008937344133375,250000.0
라마60b24b,41004.14201132399,0.16401656804529596,250000.0
라마60b25a,85985.66287318997,0.3439426514927599,250000.0
라마60b25b,87398.52314178408,0.34959409256713636,250000.0
라마60b26a,36825.90565444664,0.14730362261778654,250000.0
라마60b26b,48456.76916036501,0.19382707664146004,250000.0
라마60b27a,28524.850553147084,0.11409940221258834,250000.0
라마60b27b,41648.173070829194,0.16659269228331677,250000.0
라마60b28a,0.0,0.0,250000.0
라마60b28b,11635.734490272309,0.046542937961089235,250000.0
라마60b29a,1588.611553931305,0.006354446215732009,249999.9999997329
라마60b29b,411.0012917090048,0.001644005166842729,249999.99999897968
라마60b30a,33343.82180187411,0.13337528720749645,250000.0
라마60b30b,46779.94249047684,0.18711976996190735,250000.0
라마60b31a,15866.729715858377,0.0634669188634335,250000.0
라마60b31b,4070.203646524113,0.016280814586096454,250000.0
라마60b32a,3838.888720154934,0.015355554880619737,250000.0
라마60b32b,33693.83671544646,0.13477534686178583,250000.0
라마60b33a,81599.94455876094,0.32639977823504374,250000.0
라마60b33b,25069.163327878676,0.1002766533115147,250000.0
라마60b34a,1885.3310592031692,0.0075413242368126765,250000.0
라마60b34b,228.159144277192,0.0009126365771087681,250000.0
라마60b35a,0.0,0.0,250000.0
라마60b35b,0.0,0.0,250000.0
라마60b36a,581.7970253860611,0.0023271881015442444,250000.0
라마60b36b,44321.69828359846,0.17728679313439383,250000.0
라마60b37a,45492.35482376159,0.18196941929504637,250000.0
라마60b37b,16094.357063385585,0.06437742825354234,250000.0
라마60b38a,0.0,0.0,250000.0
라마60b38b,0.0,0.0,250000.0
라마60b39a,0.0,0.0,250000.0
라마60b39b,0.0,0.0,250000.0
라마60b42a,9094.558148953365,0.04646666530075131,195722.20408091813
라마60b42b,35560.50867173807,0.1422420346869523,250000.0
라마60b43a,28761.07781149899,0.11504431124599597,250000.0
라마60b43b,27873.76670679268,0.11149506682717072,250000.0
라마60b44a,15716.334297709749,0.06286533719083899,250000.0
라마60b44b,108339.30679168123,0.4333572271667249,250000.0
라마60b45a,160796.48361218994,0.6431859344487598,250000.0
라마60b45b,87604.69792323584,0.3504187916929434,250000.0
라마60b46a,160552.1514712264,0.6422086058849056,250000.0
라마60b46b,91303.8879223972,0.3652155516895888,250000.0
라마60b47a,1744.162136787332,0.006976648547149328,250000.0
라마60b47b,15312.182961449838,0.061248731845799355,250000.0
라마60b48a,482.60305430384864,0.0019304122172153946,250000.0
라마60b48b,35180.945160464624,0.1407237806418585,250000.0
라마60b49a,15151.833614614525,0.0606073344584581,250000.0
라마60b49b,33431.67171145065,0.13372668684580258,250000.0
라마60b50a,13353.554302588325,0.053414217210353304,250000.0
라마60b50b,0.0,0.0,250000.0
라마60b51a,19656.659762203115,0.07862663904881247,250000.0
라마61a11a,0.0,0.0,128292.40515399064
라마61a11b,0.0,0.0,250000.0
라마61a12a,18190.762518553678,0.07276305007421471,250000.0
라마61a12b,77373.4956431663,0.3094939825726652,250000.0
라마61a13a,46200.50655631051,0.18480202622524203,250000.0
라마61a13b,21179.765130770087,0.08471906052308034,250000.0
라마61a14a,39680.41009899419,0.15872164039597675,250000.0
라마61a14b,8124.5958770356165,0.032498383508142464,250000.0
라마61a15a,14557.83068559654,0.05823132274238616,250000.0
라마61a15b,15236.158993591785,0.06094463597436714,250000.0
라마61a16a,108272.91112590834,0.43309164450363336,250000.0
라마61a16b,23052.266942093534,0.09220906776837413,250000.0
라마61a17a,4.592642598488416,1.8370570393953663e-05,250000.0
라마61a17b,14675.447720690649,0.058701790882762596,250000.0
라마61a18a,94143.21926249778,0.3765728770499911,250000.0
라마61a18b,26498.918879059314,0.10599567551623726,250000.0
라마61a19a,386.17638027864643,0.0015447055211145857,250000.0
라마61a19b,9295.578039948412,0.037182312159793646,250000.0
라마61a20a,14979.038551203404,0.05991615420481362,250000.0
라마61a20b,413.30024822772043,0.0016532009929108816,250000.0
라마61a21a,0.0,0.0,250000.0
라마61a21b,1535.555067437364,0.006142220269749456,250000.0
라마61a22a,3603.605570710995,0.01441442228284398,250000.0
라마61a22b,43760.3706551496,0.1750414826205984,250000.0
라마61a23a,101263.31070744884,0.4050532428297953,250000.0
라마61a23b,44314.86915829774,0.17725947663319097,250000.0
라마61a24a,101003.55164488833,0.40401420657955334,250000.0
라마61a24b,64134.72701623166,0.25653890806492663,250000.0
라마61a25a,121122.18959097395,0.4844887583638958,250000.0
라마61a25b,4789.263185951758,0.01915705274380703,250000.0
라마61a26a,37056.09204460511,0.14822436817842044,250000.0
라마61a26b,1267.249143557557,0.0050689965742302286,250000.0
라마61a27a,40073.45629817113,0.1602938251926845,250000.0
라마61a27b,385.6592813562272,0.0015426371254249089,250000.0
라마61a28a,0.0,0.0,250000.0
라마61a28b,922.323038301143,0.00368929215321105,249999.99999956103
라마61a29a,0.0,0.0,249999.99999850703
라마61a29b,0.0,0.0,249999.99999888893
라마61a30a,9229.927253348491,0.03691970901339396,250000.0
라마61a30b,34078.348439498965,0.13631339375799587,250000.0
라마61a31a,105776.62935142092,0.4231065174056837,250000.0
라마61a31b,180600.74238825787,0.7224029695530315,250000.0
라마61a32a,42387.86028456583,0.16955144113826331,250000.0
라마61a32b,43359.83776431591,0.17343935105726366,250000.0
라마61a33a,17269.144375504173,0.06907657750201669,250000.0
라마61a33b,4710.118498955499,0.018840473995821994,250000.0
라마61a34a,6954.966152478552,0.02781986460991421,250000.0
라마61a34b,23793.050699461684,0.09517220279784674,250000.0
라마61a35a,11899.521465149279,0.04759808586059711,250000.0
라마61a35b,2681.304809859571,0.010725219239438285,250000.0
라마61a36a,0.0,0.0,250000.0
라마61a36b,0.0,0.0,250000.0
라마61a37a,0.0,0.0,250000.0
라마61a37b,0.0,0.0,250000.0
라마61a38a,0.0,0.0,250000.0
라마61a38b,0.0,0.0,250000.0
라마61a39a,0.0,0.0,250000.0
라마61a39b,0.0,0.0,250000.0
라마61a40a,0.0,0.0,160956.76568520983
라마61a42a,27414.02665563858,0.1556333397218228,176144.9487920653
라마61a42b,0.0,0.0,250000.0
라마61a43a,363.7747068277087,0.0014550988273108348,250000.0
라마61a43b,52864.789246836786,0.21145915698734716,250000.0
라마61a44a,796.0615613067433,0.0031842462452269732,250000.0
라마61a44b,16193.010390547519,0.06477204156219007,250000.0
라마61a45a,143339.03715179279,0.5733561486071711,250000.0
라마61a45b,186735.35023178943,0.7469414009271578,250000.0
라마61a46a,75663.44812939802,0.30265379251759206,250000.0
라마61a46b,12715.556594014019,0.05086222637605607,250000.0
라마61a47a,6762.8713488143,0.027051485395257202,250000.0
라마61a47b,0.0,0.0,250000.0
라마61a48a,1274.7689191824122,0.005099075676729649,250000.0
라마61a48b,244.6257661936752,0.0009785030647747007,250000.0
라마61a49a,0.0,0.0,250000.0
라마61a49b,16267.924389426666,0.06507169755770666,250000.0
라마61a50a,0.0,0.0,250000.0
라마61a50b,0.0,0.0,250000.0
라마61a51a,2020.096959508464,0.008468238183329925,238549.8513120601
라마61b11b,0.0,0.0,250000.0
라마61b12a,1162.0902040935666,0.004648360816374267,250000.0
라마61b12b,25979.426220824185,0.10391770488329674,250000.0
라마61b13a,2486.2153237029474,0.00994486129481179,250000.0
라마61b13b,0.0,0.0,250000.0
라마61b14a,0.0,0.0,250000.0
라마61b14b,10016.377143040552,0.040065508572162206,250000.0
라마61b15a,30652.874982919104,0.12261149993167642,250000.0
라마61b15b,68774.15914249496,0.27509663656997985,250000.0
라마61b16a,134083.02479225295,0.5363320991690118,250000.0
라마61b16b,75296.44523004824,0.30118578092019294,250000.0
라마61b17a,4476.252829478032,0.01790501131791213,250000.0
라마61b17b,605.5573170321277,0.002422229268128511,250000.0
라마61b18a,35994.17929792848,0.14397671719171393,250000.0
라마61b18b,77016.91100431907,0.3080676440172763,250000.0
라마61b19a,20606.422557019745,0.08242569022807898,250000.0
라마61b19b,12924.946477172516,0.051699785908690066,250000.0
라마61b20a,0.0,0.0,250000.0
라마61b20b,0.0,0.0,250000.0
라마61b21a,11180.016452166774,0.044720065808667095,250000.0
라마61b21b,43053.682879731525,0.1722147315189261,250000.0
라마61b22a,65833.73232577027,0.26333492930308106,250000.0
라마61b22b,86740.53338170754,0.3469621335268302,250000.0
라마61b23a,9762.287369492498,0.039049149477969995,250000.0
라마61b23b,72792.09029398399,0.291168361175936,250000.0
라마61b24a,86061.95715018996,0.34424782860075986,250000.0
라마61b24b,44759.93833965907,0.17903975335863628,250000.0
라마61b25a,136783.88080001227,0.5471355232000491,250000.0
라마61b25b,7148.0008204831865,0.028592003281932746,250000.0
라마61b26a,25794.895255987885,0.10317958102395154,250000.0
라마61b26b,16629.627997246243,0.06651851198898498,250000.0
라마61b27a,25616.36283963573,0.10246545135854292,250000.0
라마61b27b,0.0,0.0,250000.0
라마61b28a,0.0,0.0,249999.9999992192
라마61b28b,0.0,0.0,249999.99999955588
라마61b29a,9671.16108017193,0.038684644320687724,250000.0
라마61b29b,18394.10135722056,0.07357640542888223,250000.0
라마61b30a,8557.780070177536,0.034231120280710146,250000.0
라마61b30b,3430.7236721175605,0.013722894688470242,250000.0
라마61b31a,48049.727562249784,0.19219891024899913,250000.0
라마61b31b,16651.640863571785,0.06660656345428714,250000.0
라마61b32a,40736.168742017566,0.16294467496807027,250000.0
라마61b32b,39433.10088665511,0.15773240354662046,250000.0
라마61b33a,96893.83947924642,0.3875753579169857,250000.0
라마61b33b,30158.965352482624,0.1206358614099305,250000.0
라마61b34a,13745.797032800929,0.05498318813120372,250000.0
라마61b34b,15722.22797982716,0.06288891191930863,250000.0
라마61b35a,31667.963386882573,0.1266718535475303,250000.0
라마61b35b,229.54779064503919,0.0009181911625801568,250000.0
라마61b36a,0.0,0.0,250000.0
라마61b36b,1382.604837688725,0.0055304193507549,250000.0
라마61b37a,0.0,0.0,250000.0
라마61b37b,914.4733298118722,0.003657893319247489,250000.0
라마61b38a,18735.947063678093,0.07494378825471237,250000.0
라마61b38b,3113.1009747059015,0.012452403898823607,250000.0
라마61b39a,5525.552846512179,0.022102211386048714,250000.0
라마61b39b,0.0,0.0,250000.0
라마61b40a,0.0,0.0,184684.39955354357
라마61b42b,7366.265296710601,0.03473651949006564,212061.12197905415
라마61b43a,18643.91423192262,0.07457565692769048,250000.0
라마61b43b,47263.11036850302,0.18905244147401207,250000.0
라마61b44a,3390.744846565155,0.01356297938626062,250000.0
라마61b44b,7806.576814936386,0.031226307259745543,250000.0
라마61b45a,79223.49099259691,0.31689396397038766,250000.0
라마61b45b,63060.27264433748,0.2522410905773499,250000.0
라마61b46a,117535.40433969538,0.4701416173587815,250000.0
라마61b46b,59397.45718737446,0.23758982874949783,250000.0
라마61b47a,0.0,0.0,250000.0
라마61b47b,8348.482029900004,0.033393928119600014,250000.0
라마61b48a,37331.81698654975,0.149327267946199,250000.0
라마61b48b,2794.5507374174354,0.011178202949669742,250000.0
라마61b49a,70.51619540709946,0.00028206478162839786,250000.0
라마61b49b,6255.865472578736,0.025023461890314947,250000.0
라마61b50a,0.0,0.0,250000.0
라마61b50b,0.0,0.0,250000.0
라마62a11b,0.0,0.0,224558.3746356021
라마62a12a,0.0,0.0,250000.0
라마62a12b,0.0,0.0,250000.0
라마62a13a,0.0,0.0,249580.712589157
라마62a13b,0.0,0.0,147206.12378200394
라마62a14a,0.0,0.0,222545.36424618604
라마62a14b,8062.042762754257,0.03224817105101703,250000.0
라마62a15a,33071.55937030236,0.13228623748120946,250000.0
라마62a15b,59043.530457400964,0.23617412182960384,250000.0
라마62a16a,40846.494707215876,0.1633859788288635,250000.0
라마62a16b,93291.6123601282,0.3731664494405128,250000.0
라마62a17a,476.6373574570752,0.0019065494298283008,250000.0
라마62a17b,0.0,0.0,250000.0
라마62a18a,3367.8290377774874,0.01347131615110995,250000.0
라마62a18b,35846.45154247401,0.14338580616989605,250000.0
라마62a19a,66802.06580837852,0.2672082632335141,250000.0
라마62a19b,20636.178679836623,0.08254471471934649,250000.0
라마62a20a,8280.709110805112,0.03312283644322045,250000.0
라마62a20b,2452.664712502406,0.009810658850009623,250000.0
라마62a21a,24847.361873640308,0.09938944749456123,250000.0
라마62a21b,4310.8883078390345,0.017243553231356137,250000.0
라마62a22a,60573.19672890641,0.24229278691562564,250000.0
라마62a22b,5513.921674381412,0.02205568669752565,250000.0
라마62a23a,0.0,0.0,250000.0
라마62a23b,28043.440282045412,0.11217376112818166,250000.0
라마62a24a,16544.02189342918,0.06617608757371672,250000.0
라마62a24b,49448.28427486145,0.1977931370994458,250000.0
라마62a25a,126841.29780675752,0.50736519122703,250000.0
라마62a25b,26536.08087172332,0.10614432348689327,250000.0
라마62a26a,253.51580070312556,0.0010140632028125022,250000.0
라마62a26b,30016.117488807147,0.12006446995522858,250000.0
라마62a27a,6257.944361618614,0.025031777446474453,250000.0
라마62a27b,0.0,0.0,249999.99999897712
라마62a28a,0.0,0.0,249999.99999983105
라마62a28b,21372.765568940602,0.0854910622757624,250000.0
라마62a29a,18829.10958878503,0.07531643835514013,250000.0
라마62a29b,51446.68743171694,0.20578674972686778,250000.0
라마62a30a,27093.929336809833,0.10837571734723933,250000.0
라마62a30b,3019.0315207302947,0.012076126082921178,250000.0
라마62a31a,11704.68295128868,0.046818731805154716,250000.0
라마62a31b,71582.20732600472,0.2863288293040189,250000.0
라마62a32a,34305.91561895234,0.13722366247580936,250000.0
라마62a32b,8331.545001328868,0.033326180005315474,250000.0
라마62a33a,158027.47714368475,0.632109908574739,250000.0
라마62a33b,119574.93771022075,0.478299750840883,250000.0
라마62a34a,10813.667812511529,0.04325467125004612,250000.0
라마62a34b,46700.2574746808,0.18680102989872321,250000.0
라마62a35a,8141.139092788335,0.03256455637115334,250000.0
라마62a35b,453.66838985337426,0.001814673559413497,250000.0
라마62a36a,7284.710495360651,0.029138841981442606,250000.0
라마62a36b,33087.194782485836,0.13234877912994333,250000.0
라마62a37a,15051.666007031774,0.0602066640281271,250000.0
라마62a37b,10142.053320575,0.0405682132823,250000.0
라마62a38a,51697.2470413078,0.2067889881652312,250000.0
라마62a38b,24925.3455786492,0.09970138231459681,250000.0
라마62a39a,2799.5900468413643,0.011198360187365457,250000.0
라마62a39b,1960.6726512838366,0.007842690605135346,250000.0
라마62a40a,0.0,0.0,141586.99794182632
라마62a43a,66298.48450361432,0.2651939380144573,250000.0
라마62a43b,0.0,0.0,250000.0
라마62a44a,0.0,0.0,250000.0
라마62a44b,690.3772134487726,0.0027615088537950904,250000.0
라마62a45a,4588.456226654345,0.01835382490661738,250000.0
라마62a45b,16292.671471871514,0.06517068588748605,250000.0
라마62a46a,33972.60281567256,0.13589041126269025,250000.0
라마62a46b,5713.012956429815,0.02285205182571926,250000.0
라마62a47a,0.0,0.0,250000.0
라마62a47b,36629.70676225906,0.14651882704903624,250000.0
라마62a48a,4794.555727228386,0.019178222908913543,250000.0
라마62a48b,0.0,0.0,250000.0
라마62a49a,0.0,0.0,250000.0
라마62a49b,0.0,0.0,249998.77708721152
라마62a50a,0.0,0.0,238906.82087451348
라마62a50b,0.0,0.0,144413.4570165972
라마62b12b,0.0,0.0,127511.08098845238
라마62b14b,0.0,0.0,212850.3078853835
라마62b15a,746.4359140602451,0.0029857436562409803,250000.0
라마62b15b,0.0,0.0,250000.0
라마62b16a,36137.52573171702,0.14455010292686807,250000.0
라마62b16b,80556.09136750904,0.3222243654700362,250000.0
라마62b17a,10558.073639438879,0.04223229455775551,250000.0
라마62b17b,26163.29395028384,0.10465317580113537,250000.0
라마62b18a,0.0,0.0,250000.0
라마62b18b,14917.327138049863,0.05966930855219945,250000.0
라마62b19a,30844.787773270706,0.12337915109308283,250000.0
라마62b19b,54963.328758077456,0.21985331503230982,250000.0
라마62b20a,17770.67047166318,0.07108268188665272,250000.0
라마62b20b,0.0,0.0,250000.0
라마62b21a,1346.6775204080714,0.005386710081632285,250000.0
라마62b21b,8588.057096051745,0.034352228384206984,250000.0
라마62b22a,68014.37198091361,0.2720574879236544,250000.0
라마62b22b,15361.132299564608,0.06144452919825843,250000.0
라마62b23a,0.0,0.0,250000.0
라마62b23b,27324.108625800895,0.10929643450320357,250000.0
라마62b24a,3520.8769134923473,0.01408350765396939,250000.0
라마62b24b,74337.3990797482,0.29734959631899277,250000.0
라마62b25a,115136.46015815434,0.46054584063261733,250000.0
라마62b25b,4163.618002351165,0.01665447200940466,250000.0
라마62b26a,0.0,0.0,250000.0
라마62b26b,8304.583348497148,0.03321833339400055,249999.99999991
라마62b27a,3973.6791097795094,0.015894716439162078,249999.99999930733
라마62b27b,44748.09805790543,0.17899239223172275,249999.99999985888
라마62b28a,48867.894835862746,0.195471579343451,250000.0
라마62b28b,101421.14962510877,0.4056845985004351,250000.0
라마62b29a,77775.27428186274,0.311101097127451,250000.0
라마62b29b,111989.43881897669,0.44795775527590675,250000.0
라마62b30a,126919.70138737459,0.5076788055494984,250000.0
라마62b30b,55207.577799919134,0.22083031119967653,250000.0
라마62b31a,131869.0917984482,0.5274763671937929,250000.0
라마62b31b,167586.8841441479,0.6703475365765915,250000.0
라마62b32a,84568.22340555624,0.33827289362222496,250000.0
라마62b32b,657.1266095879134,0.0026285064383516537,250000.0
라마62b33a,31647.733165866288,0.12659093266346516,250000.0
라마62b33b,1943.072799758436,0.007772291199033744,250000.0
라마62b34a,110174.78798769943,0.44069915195079773,250000.0
라마62b34b,106847.32803716412,0.42738931214865644,250000.0
라마62b35a,11569.620611753264,0.046278482447013054,250000.0
라마62b35b,38169.19820795755,0.1526767928318302,250000.0
라마62b36a,92650.82850911486,0.3706033140364594,250000.0
라마62b36b,67673.64441537693,0.27069457766150773,250000.0
라마62b37a,56375.29187089677,0.2255011674835871,250000.0
라마62b37b,94224.39981841634,0.37689759927366534,250000.0
라마62b38a,37216.581248610855,0.1488663249944434,250000.0
라마62b38b,16451.205215847065,0.06580482086338826,250000.0
라마62b39a,24699.28320639281,0.09879713282557125,250000.0
라마62b39b,1231.9863349193868,0.006815499801328518,180762.43427946995
라마62b43a,16818.347862585622,0.07266439122075362,231452.4016514728
라마62b43b,50.18569721516245,0.0002007427888606498,250000.0
라마62b44a,0.0,0.0,250000.0
라마62b44b,12826.461136158552,0.05130584454463421,250000.0
라마62b45a,0.0,0.0,250000.0
라마62b45b,0.0,0.0,250000.0
라마62b46a,4936.149827796045,0.01974459931118418,250000.0
라마62b46b,0.0,0.0,250000.0
라마62b47a,0.0,0.0,250000.0
라마62b47b,30929.910872113313,0.12371964348845325,250000.0
라마62b48a,464.3114451599338,0.001862465652902306,249299.33308374888
라마62b48b,0.0,0.0,247769.46969031703
라마62b49a,0.0,0.0,193018.9002114313
라마63a15a,0.0,0.0,192512.30880497317
라마63a15b,0.0,0.0,250000.0
라마63a16a,1073.7489679301584,0.004294995871720633,250000.0
라마63a16b,20077.949913195283,0.08031179965278114,250000.0
라마63a17a,27053.379799220584,0.10821351919688234,250000.0
라마63a17b,0.0,0.0,250000.0
라마63a18a,0.0,0.0,250000.0
라마63a18b,3415.0118094684944,0.013660047237873977,250000.0
라마63a19a,49906.87959026943,0.19962751836107773,250000.0
라마63a19b,20373.792264670097,0.08149516905868039,250000.0
라마63a20a,3448.0291856323297,0.01379211674252932,250000.0
라마63a20b,1107.7637066769726,0.00443105482670789,250000.0
라마63a21a,11073.07691687211,0.04429230766748844,250000.0
라마63a21b,32744.457718871367,0.13097783087548548,250000.0
라마63a22a,4052.7801705626016,0.016211120682250408,250000.0
라마63a22b,6103.366897271861,0.024413467589087443,250000.0
라마63a23a,0.0,0.0,250000.0
라마63a23b,13205.96213866594,0.05282384855466376,250000.0
라마63a24a,4259.122441707427,0.01703648976682971,250000.0
라마63a24b,21852.70892522917,0.08741083570091668,250000.0
라마63a25a,1391.8980384520148,0.005567592153808059,250000.0
라마63a25b,52077.147692347666,0.20830859076939065,250000.0
라마63a26a,0.0,0.0,250000.0
라마63a26b,0.0,0.0,249999.999998995
라마63a27a,44074.6339618443,0.1762985358473772,250000.0
라마63a27b,15507.780971358268,0.062031123885433075,250000.0
라마63a28a,10231.726480805752,0.040926905923223005,250000.0
라마63a28b,26504.775158598022,0.10601910063439209,250000.0
라마63a29a,41010.605418577936,0.16404242167431174,250000.0
라마63a29b,26033.360626946338,0.10413344250778535,250000.0
라마63a30a,9421.778147739353,0.03768711259095741,250000.0
라마63a30b,168.0337884927736,0.0006721351539710944,250000.0
라마63a31a,27661.438274265303,0.11064575309706122,250000.0
라마63a31b,52199.335623446124,0.2087973424937845,250000.0
라마63a32a,22017.216977573393,0.08806886791029357,250000.0
라마63a32b,0.0,0.0,250000.0
라마63a33a,0.0,0.0,250000.0
라마63a33b,0.0,0.0,250000.0
라마63a34a,2276.312028664945,0.00910524811465978,250000.0
라마63a34b,47045.29094985688,0.1881811637994275,250000.0
라마63a35a,41439.50294827714,0.16575801179310856,250000.0
라마63a35b,52668.268239482546,0.2106730729579302,250000.0
라마63a36a,38849.20987128263,0.1553968394851305,250000.0
라마63a36b,4799.9265460841425,0.01919970618433657,250000.0
라마63a37a,9475.58608745961,0.037902344349838434,250000.0
라마63a37b,11633.620162780917,0.046534480651123665,250000.0
라마63a38a,618.195517774664,0.0024727820710986562,250000.0
라마63a38b,0.0,0.0,235025.65762441108
라마63a39a,0.0,0.0,144087.3742126382
라마63a43b,5254.410943986098,0.02101764377594439,250000.0
라마63a44a,32225.192070444984,0.12890076828177993,250000.0
라마63a44b,2888.133781665736,0.011552535126662945,250000.0
라마63a45a,0.0,0.0,250000.0
라마63a45b,2978.0805511937406,0.013974042008575244,213115.1852389041
라마63a46a,17180.54455156648,0.0862076327100324,199292.6149515656
라마63a46b,22.930203881499022,9.23574091826151e-05,248276.82028368645
라마63a47a,0.0,0.0,218883.76709124952
라마63a47b,2059.074252462498,0.01125368163731392,182968.94463721183
라마63b16a,0.0,0.0,134976.65204503847
라마63b16b,0.0,0.0,202797.2945421381
라마63b17a,142.21165923150565,0.0005688466369260226,250000.0
라마63b17b,15003.145862602474,0.0600125834504099,250000.0
라마63b18a,7655.268886075537,0.03062107554430215,250000.0
라마63b18b,0.0,0.0,250000.0
라마63b19a,9350.331149651514,0.03740132459860606,250000.0
라마63b19b,13455.273908904806,0.06689164448036934,201150.29333526877
라마63b20b,4896.727313423702,0.019604351262193287,249777.57478090955
라마63b21a,2406.7123073174466,0.009626849229269787,250000.0
라마63b21b,0.0,0.0,250000.0
라마63b22a,6910.652273414809,0.02764260909365924,250000.0
라마63b22b,2142.719929014177,0.008570879716056709,250000.0
라마63b23a,3357.0074749292335,0.013428029899716934,250000.0
라마63b23b,4997.817826154849,0.019991271304619397,250000.0
라마63b24a,233.7709403104481,0.0009350837612417924,250000.0
라마63b24b,58897.752127227286,0.23559100850890916,250000.0
라마63b25a,24525.952118687892,0.09810380847475157,250000.0
라마63b25b,2827.5048177045132,0.011310019270818053,250000.0
라마63b26a,10354.240452990249,0.041416961811960994,250000.0
라마63b26b,227.0360983416641,0.0009081443933711932,249999.99999875107
라마63b27a,4810.5701221663885,0.019242280488665553,250000.0
라마63b27b,0.0,0.0,250000.0
라마63b28a,5675.954097576817,0.022703816390307267,250000.0
라마63b28b,6386.504537888823,0.02554601815155529,250000.0
라마63b29a,7888.191960167746,0.03155276784067099,250000.0
라마63b29b,0.0,0.0,250000.0
라마63b30a,1570.2935215328087,0.006281174086131235,250000.0
라마63b30b,20046.711911790026,0.08018684764716011,250000.0
라마63b31a,124949.70505169715,0.4997988202067886,250000.0
라마63b31b,22397.810750586385,0.08959124300234554,250000.0
라마63b32a,3190.7144386535865,0.012762857754614346,250000.0
라마63b32b,0.0,0.0,250000.0
라마63b33a,0.0,0.0,250000.0
라마63b33b,158.5085752060266,0.0006340343008241064,250000.0
라마63b34a,0.0,0.0,250000.0
라마63b34b,0.0,0.0,250000.0
라마63b35a,3031.6961209207298,0.012126784483682918,250000.0
라마63b35b,0.0,0.0,250000.0
라마63b36a,7743.713038524221,0.03097485215409688,250000.0
라마63b36b,14359.732604559313,0.05743893041823725,250000.0
라마63b37a,28415.904359675253,0.11366361743870101,250000.0
라마63b37b,21079.314255831265,0.08431725702332506,250000.0
라마63b38a,4764.575543031899,0.019058302172127596,250000.0
라마63b38b,0.0,0.0,185625.78044191495
라마64a17b,0.0,0.0,121914.98349644954
라마64a18b,0.0,0.0,225078.8749398477
라마64a19a,460.4325141436662,0.002503062517873314,183947.66844851527
라마64a21a,0.0,0.0,227859.23877125105
라마64a21b,17412.4735471758,0.0696498941887032,250000.0
라마64a22a,20193.253553089075,0.0807730142123563,250000.0
라마64a22b,27213.15048910147,0.10885260195640588,250000.0
라마64a23a,38797.153532378776,0.1551886141295151,250000.0
라마64a23b,28403.56447426465,0.1136142578970586,250000.0
라마64a24a,973.3294850441143,0.0038933179401764574,250000.0
라마64a24b,5365.761812810717,0.02146304725124287,250000.0
라마64a25a,42166.890472444415,0.16866756188977766,250000.0
라마64a25b,7503.9488200230035,0.030015795280092013,250000.0
라마64a26a,0.0,0.0,250000.0
라마64a26b,0.0,0.0,249999.9999993225
라마64a27a,0.0,0.0,250000.0
라마64a27b,0.0,0.0,250000.0
라마64a28a,0.0,0.0,250000.0
라마64a28b,1608.4350656980505,0.006433740262792202,250000.0
라마64a29a,502.5396650023199,0.0020101586600092796,250000.0
라마64a29b,23922.643156671424,0.09569057262668569,250000.0
라마64a30a,87521.56049514978,0.3500862419805991,250000.0
라마64a30b,44034.84070860132,0.17613936283440526,250000.0
라마64a31a,51340.611495514066,0.20536244598205627,250000.0
라마64a31b,116091.59874794568,0.4643663949917827,250000.0
라마64a32a,63915.893976901134,0.2556635759076045,250000.0
라마64a32b,69507.61990378686,0.2780304796151475,250000.0
라마64a33a,8832.929172681934,0.03533171669072774,250000.0
라마64a33b,18514.314993388234,0.07405725997355293,250000.0
라마64a34a,4396.588195143738,0.01758635278057495,250000.0
라마64a34b,10735.277455085017,0.04294110982034007,250000.0
라마64a35a,8592.120964377344,0.034368483857509374,250000.0
라마64a35b,2374.055101763507,0.009496220407054029,250000.0
라마64a36a,5633.879921319035,0.022535519685276142,250000.0
라마64a36b,9789.674212573382,0.03915869685029353,250000.0
라마64a37a,0.0,0.0,250000.0
라마64a37b,5102.722144412985,0.02041088857765194,250000.0
라마64a38a,3633.499927577478,0.014533999710309912,250000.0
라마64a38b,0.0,0.0,143276.1428165543
라마64b18b,0.0,0.0,158167.94023490348
라마64b21a,0.0,0.0,159464.29395142154
라마64b21b,0.0,0.0,250000.0
라마64b22a,18888.297508405387,0.07555319003362154,250000.0
라마64b22b,54298.78313330828,0.2171951325332331,250000.0
라마64b23a,6338.342470120579,0.025353369880482313,250000.0
라마64b23b,8031.30631848752,0.03212522527395008,250000.0
라마64b24a,6175.417938160311,0.024701671752641242,250000.0
라마64b24b,741.5344353597241,0.002966137741438896,250000.0
라마64b25a,139.86194004592897,0.0005594477601837159,250000.0
라마64b25b,1588.2482171484803,0.006352992868593922,250000.0
라마64b26a,0.0,0.0,250000.0
라마64b26b,0.0,0.0,249999.9999995161
라마64b27a,0.0,0.0,250000.0
라마64b27b,0.0,0.0,250000.0
라마64b28a,0.0,0.0,250000.0
라마64b28b,3565.6827556325893,0.014262731022530357,250000.0
라마64b29a,42163.862574936145,0.16865545029974457,250000.0
라마64b29b,67506.7521252297,0.2700270085009188,250000.0
라마64b30a,9741.74832422852,0.03896699329691408,250000.0
라마64b30b,13108.847317264366,0.05243538926905746,250000.0
라마64b31a,23350.95532646981,0.09340382130587925,250000.0
라마64b31b,4831.7801279743,0.019327120511897198,250000.0
라마64b32a,100195.55137322588,0.40078220549290355,250000.0
라마64b32b,125756.32384598137,0.5030252953839255,250000.0
라마64b33a,0.0,0.0,250000.0
라마64b33b,19741.12813623969,0.07896451254495876,250000.0
라마64b34a,49255.17524532309,0.19702070098129235,250000.0
라마64b34b,141403.1433236118,0.5656125732944471,250000.0
라마64b35a,30978.13521199391,0.12391254084797565,250000.0
라마64b35b,0.0,0.0,250000.0
라마64b36a,0.0,0.0,250000.0
라마64b36b,0.0,0.0,250000.0
라마64b37a,0.0,0.0,250000.0
라마64b37b,108.01249180262786,0.00043204996721051144,250000.0
라마64b38a,3088.3026508079543,0.012353210603231817,250000.0
라마65a21b,23047.406651585385,0.09249083002834717,249185.85598725485
라마65a22a,94589.87357775433,0.37835949431101734,250000.0
라마65a22b,54839.11207234564,0.21935644828938256,250000.0
라마65a23a,69020.00669824705,0.27608002679298815,250000.0
라마65a23b,53472.03703809699,0.21388814815238796,250000.0
라마65a24a,8090.945122293406,0.03236378048917362,250000.0
라마65a24b,2009.1971126072274,0.008036788450428909,250000.0
라마65a25a,0.0,0.0,250000.0
라마65a25b,0.0,0.0,250000.0
라마65a26a,0.0,0.0,250000.0
라마65a26b,0.0,0.0,249999.9999996868
라마65a27a,0.0,0.0,249999.9999995373
라마65a27b,0.0,0.0,249999.99999948184
라마65a28a,0.0,0.0,250000.0
라마65a28b,5043.9105452264275,0.02017564218090571,250000.0
라마65a29a,0.0,0.0,250000.0
라마65a29b,4151.125922333581,0.016604503689334325,250000.0
라마65a30a,26917.706166056945,0.10767082466422778,250000.0
라마65a30b,39992.46105789619,0.15996984423158475,250000.0
라마65a31a,71846.4711306247,0.2873858845224988,250000.0
라마65a31b,167607.34299560115,0.6704293719824046,250000.0
라마65a32a,77449.94351881869,0.30979977407527476,250000.0
라마65a32b,29143.952737437598,0.11657581094975039,250000.0
라마65a33a,14194.570312901991,0.056778281251607964,250000.0
라마65a33b,131063.90098340846,0.5242556039336338,250000.0
라마65a34a,114225.49231209143,0.45690196924836574,250000.0
라마65a34b,15656.216268321437,0.06262486507328575,250000.0
라마65a35a,17997.799291511965,0.07199119716604786,250000.0
라마65a35b,13825.448058903252,0.05530179223561301,250000.0
라마65a36a,1875.318458149418,0.0075012738325976715,250000.0
라마65a36b,0.0,0.0,250000.0
라마65a37a,28444.231504126634,0.11377692601650653,250000.0
라마65a37b,26520.625549160217,0.10608250219664087,250000.0
라마65a38a,0.0,0.0,246940.9237125757
라마65b21b,84613.21366431161,0.4841369389997858,174771.2410441564
라마65b22a,95549.30835640426,0.38219723342561707,250000.0
라마65b22b,23127.81293148453,0.09251125172593812,250000.0
라마65b23a,10920.477277299618,0.043681909109198475,250000.0
라마65b23b,0.0,0.0,250000.0
라마65b24a,7143.695150639379,0.028574780602557515,250000.0
라마65b24b,0.0,0.0,250000.0
라마65b25a,0.0,0.0,250000.0
라마65b25b,0.0,0.0,250000.0
라마65b26a,0.0,0.0,250000.0
라마65b26b,1897.8351944536112,0.007591340777814445,250000.0
라마65b27a,334.98002342484256,0.0013399200936993702,250000.0
라마65b27b,0.0,0.0,249999.9999999659
라마65b28a,0.0,0.0,249999.99999935055
라마65b28b,0.0,0.0,249999.9999992812
라마65b29a,0.0,0.0,249999.99999945876
라마65b29b,0.0,0.0,250000.0
라마65b30a,1227.7691575525691,0.004911076630210277,250000.0
라마65b30b,2592.1992826147293,0.010368797130458917,250000.0
라마65b31a,26122.614111658313,0.10449045644663325,250000.0
라마65b31b,117853.87610942013,0.47141550443768054,250000.0
라마65b32a,153346.59975563697,0.6133863990225479,250000.0
라마65b32b,112090.3948811309,0.4483615795245236,250000.0
라마65b33a,79568.7028477741,0.31827481139109637,250000.0
라마65b33b,51837.41805860446,0.20734967223441783,250000.0
라마65b34a,10.031927119747959,4.012770847899183e-05,250000.0
라마65b34b,0.0,0.0,250000.0
라마65b35a,9542.792596694257,0.038171170386777024,250000.0
라마65b35b,26738.9521119688,0.1069558084478752,250000.0
라마65b36a,29543.414526210036,0.11817365810484014,250000.0
라마65b36b,46712.5571382498,0.1868502285529992,250000.0
라마65b37a,35169.857973444814,0.14067943189377927,250000.0
라마65b37b,1252.460482346867,0.005009841929387467,250000.0
라마65b38a,0.0,0.0,236809.65903035057
라마66a22a,7163.10526635567,0.02982242185303051,240191.93684726735
라마66a22b,71559.3876165669,0.28623755046626764,250000.0
라마66a23a,31290.395624759552,0.12516158249903822,250000.0
라마66a23b,1614.2495163997137,0.006456998065598855,250000.0
라마66a24a,0.0,0.0,250000.0
라마66a24b,0.0,0.0,250000.0
라마66a25a,0.0,0.0,250000.0
라마66a25b,0.0,0.0,250000.0
라마66a26a,0.0,0.0,250000.0
라마66a26b,8783.405071147497,0.03513362028458999,250000.0
라마66a27a,39938.59771240183,0.15975439084960733,250000.0
라마66a27b,8046.599856339333,0.03218639942535733,250000.0
라마66a28a,151.2744647787833,0.0006050978591151333,250000.0
라마66a28b,0.0,0.0,250000.0
라마66a29a,0.0,0.0,249999.99999934845
라마66a29b,3085.9664568713997,0.012343865827505825,249999.99999959036
라마66a30a,14011.928973578162,0.05604771589431265,250000.0
라마66a30b,29836.76390235422,0.11934705560941689,250000.0
라마66a31a,82249.59330616685,0.3289983732246674,250000.0
라마66a31b,61839.83072723012,0.24735932290892046,250000.0
라마66a32a,45548.67600591264,0.18219470402365057,250000.0
라마66a32b,22074.469989428293,0.08829787995771317,250000.0
라마66a33a,12974.638952984971,0.05189855581193988,250000.0
라마66a33b,51391.11718479618,0.2055644687391847,250000.0
라마66a34a,9551.012906720645,0.03820405162688258,250000.0
라마66a34b,0.0,0.0,250000.0
라마66a35a,16359.524255558239,0.06543809702223295,250000.0
라마66a35b,1213.6751186089045,0.004854700474435618,250000.0
라마66a36a,61035.62339230476,0.24414249356921905,250000.0
라마66a36b,34742.65268069221,0.13897061072284128,249999.99999986967
라마66a37a,33.87540562313171,0.00013550162249283644,249999.9999994288
라마66a37b,0.0,0.0,249999.99999870977
라마66a38a,0.0,0.0,232077.0495137665
라마66b22b,10097.196823555638,0.04038878729422255,250000.0
라마66b23a,19471.296465133917,0.07788518586053567,250000.0
라마66b23b,0.0,0.0,250000.0
라마66b24a,0.0,0.0,250000.0
라마66b24b,0.0,0.0,250000.0
라마66b25a,0.0,0.0,250000.0
라마66b25b,781.5894906093557,0.003126357962437423,250000.0
라마66b26a,22236.841161467706,0.08894736464587083,250000.0
라마66b26b,40347.756491992106,0.16139102596796842,250000.0
라마66b27a,112928.50458861807,0.4517140183544723,250000.0
라마66b27b,67304.088935114,0.26921635574045605,250000.0
라마66b28a,54754.90412963928,0.21901961651855714,250000.0
라마66b28b,54903.84042849624,0.21961536171398496,250000.0
라마66b29a,18136.001917735633,0.07254400767094253,250000.0
라마66b29b,0.0,0.0,249999.9999997746
라마66b30a,0.0,0.0,249999.99999946007
라마66b30b,7224.350428104341,0.02889740171241736,250000.0
라마66b31a,20814.193472384315,0.08325677388953726,250000.0
라마66b31b,75147.28694208723,0.30058914776834894,250000.0
라마66b32a,10235.505112169163,0.040942020448676654,250000.0
라마66b32b,0.0,0.0,250000.0
라마66b33a,3819.152698950378,0.015276610795801513,250000.0
라마66b33b,117.24300081209233,0.00046897200324836936,250000.0
라마66b34a,3580.3173611875663,0.014321269444750265,250000.0
라마66b34b,3314.4936712366166,0.013257974684946466,250000.0
라마66b35a,65857.02018285087,0.2634280807314035,250000.0
라마66b35b,117012.88290242312,0.4680515316096925,250000.0
라마66b36a,44788.42983213088,0.17915371932882526,249999.99999957893
라마66b36b,0.0,0.0,249999.9999994682
라마66b37a,6590.397229314979,0.0263615889173567,249999.99999908215
라마66b37b,4633.450206888393,0.018533800827553574,250000.0
라마66b38a,0.0,0.0,250000.0
라마66b38b,0.0,0.0,171298.75423820582
라마66b39a,5.846238723452528,3.471431491568054e-05,168410.02732310203
라마66b39b,0.0,0.0,115942.50752128288
라마67a22b,0.0,0.0,250000.0
라마67a23a,433.99822150524574,0.001735992886020983,250000.0
라마67a23b,0.0,0.0,250000.0
라마67a24a,0.0,0.0,250000.0
라마67a24b,0.0,0.0,250000.0
라마67a25a,0.0,0.0,250000.0
라마67a25b,17169.41443396148,0.06867765773584592,250000.0
라마67a26a,56157.65619841174,0.22463062479364698,250000.0
라마67a26b,63331.660807030305,0.2533266432281212,250000.0
라마67a27a,144652.24902526868,0.5786089961010747,250000.0
라마67a27b,128826.95012395702,0.5153078004958281,250000.0
라마67a28a,128654.5850434672,0.5146183401738688,250000.0
라마67a28b,151918.9984697294,0.6076759938789177,250000.0
라마67a29a,133242.88548053303,0.5329715419221321,250000.0
라마67a29b,4087.709596479305,0.01635083838591722,250000.0
라마67a30a,13118.136191874795,0.05247254476755247,249999.99999974613
라마67a30b,0.0,0.0,249999.9999985911
라마67a31a,33386.841371517425,0.13354736548606969,250000.0
라마67a31b,21166.00148673603,0.08466400594694412,250000.0
라마67a32a,6628.233405335009,0.026512933621340034,250000.0
라마67a32b,15342.987022091926,0.061371948088367705,250000.0
라마67a33a,2380.015758696042,0.009520063034784169,250000.0
라마67a33b,5598.338536271039,0.022393354145084154,250000.0
라마67a34a,33120.71199155598,0.1324828479663279,249999.9999998038
라마67a34b,57836.44129666948,0.23134576518798022,249999.99999859268
라마67a35a,58567.66942758118,0.23427067771034335,249999.99999998012
라마67a35b,12080.341888582001,0.04832136755448294,249999.9999991984
라마67a36a,8181.027820235114,0.03272411128094531,249999.99999996292
라마67a36b,6411.700265875168,0.025646801063500674,250000.0
라마67a37a,37793.233416165756,0.15117293366466303,250000.0
라마67a37b,2649.2511183620545,0.010597004473448218,250000.0
라마67a38a,1952.9722208535811,0.007811888883414325,250000.0
라마67a38b,4972.322457127446,0.019889289828509783,250000.0
라마67a39a,933.8300696012475,0.00373532027840499,250000.0
라마67a39b,0.0,0.0,239722.00338614595
라마67b22b,0.0,0.0,250000.0
라마67b23a,0.0,0.0,250000.0
라마67b23b,0.0,0.0,250000.0
라마67b24a,0.0,0.0,250000.0
라마67b24b,0.0,0.0,250000.0
라마67b25a,28732.59881906434,0.11493039527625735,250000.0
라마67b25b,105019.78803352069,0.42007915213408276,250000.0
라마67b26a,183166.87559269147,0.7326675023707659,250000.0
라마67b26b,159641.5730571247,0.6385662922284988,250000.0
라마67b27a,166619.0738809899,0.6664762955239596,250000.0
라마67b27b,148396.44947579014,0.5935857979031606,250000.0
라마67b28a,179212.7995289887,0.7168511981159548,250000.0
라마67b28b,196954.7786673423,0.7878191146693692,250000.0
라마67b29a,191612.35232421296,0.7664494092968518,250000.0
라마67b29b,53028.6181992115,0.212114472796846,250000.0
라마67b30a,30460.900393612457,0.12184360157444983,250000.0
라마67b30b,585.4899887729362,0.0023419599551011126,249999.999999
라마67b31a,21383.667429941244,0.08553466971976498,250000.0
라마67b31b,2463.282257143317,0.00985312902857327,250000.0
라마67b32a,27097.884116473568,0.10839153646589426,250000.0
라마67b32b,61881.85646466586,0.24752742585866344,250000.0
라마67b33a,4614.026758759985,0.01845610703503994,250000.0
라마67b33b,4919.859012881561,0.019679436051556285,249999.9999996184
라마67b34a,86290.30250657295,0.3451612100262918,250000.0
라마67b34b,115027.52028687345,0.4601100811474938,250000.0
라마67b35a,5750.628341775991,0.023002513367103964,250000.0
라마67b35b,13274.193086161384,0.053096772344645535,250000.0
라마67b36a,30141.739829582548,0.1205669593183302,250000.0
라마67b36b,31171.745106252285,0.12468698042500914,250000.0
라마67b37a,84142.42974284223,0.3365697189713689,250000.0
라마67b37b,44488.36401049481,0.17795345604197926,250000.0
라마67b38a,54418.27233558163,0.21767308934232651,250000.0
라마67b38b,10830.363665707904,0.04332145466283162,250000.0
라마67b39a,0.0,0.0,250000.0
라마67b39b,0.0,0.0,153816.41217074927
라마68a22b,0.0,0.0,250000.0
라마68a23a,0.0,0.0,250000.0
라마68a23b,0.0,0.0,250000.0
라마68a24a,0.0,0.0,250000.0
라마68a24b,12400.590427595756,0.04960236171038303,250000.0
라마68a25a,94792.3900769136,0.37916956030765436,250000.0
라마68a25b,157857.14184414348,0.6314285673765739,250000.0
라마68a26a,153815.87443781926,0.6152634977512771,250000.0
라마68a26b,189637.97509442412,0.7585519003776965,250000.0
라마68a27a,191472.4067043045,0.7658896268172181,250000.0
라마68a27b,194402.61599328512,0.7776104639731405,250000.0
라마68a28a,165682.68754593193,0.6627307501837277,250000.0
라마68a28b,178442.00968458282,0.7137680387383313,250000.0
라마68a29a,198097.71041530094,0.7923908416612038,250000.0
라마68a29b,122476.14949708362,0.48990459798833447,250000.0
라마68a30a,12059.536638305199,0.0482381465532208,250000.0
라마68a30b,1658.4757767179085,0.006633903106886679,249999.99999943303
라마68a31a,4882.137605808417,0.019528550423255603,249999.9999997192
라마68a31b,4634.526547837692,0.018538106191411923,249999.9999991753
라마68a32a,7041.283920881069,0.028165135683524276,250000.0
라마68a32b,96138.98699484966,0.3845559479793986,250000.0
라마68a33a,35849.06725434671,0.14339626901738683,250000.0
라마68a33b,23158.131234246364,0.09263252493705429,249999.99999981423
라마68a34a,11350.680021014268,0.045402720084057074,250000.0
라마68a34b,50762.85954907752,0.20305143819631008,250000.0
라마68a35a,74066.95289756263,0.2962678115902505,250000.0
라마68a35b,65391.94695725,0.26156778782900003,250000.0
라마68a36a,131205.67368377442,0.5248226947350977,250000.0
라마68a36b,112293.32492954814,0.44917329971819253,250000.0
라마68a37a,85401.61157686483,0.34160644630745934,250000.0
라마68a37b,107152.56475763382,0.4286102590305353,250000.0
라마68a38a,34010.21186029258,0.13604084744117032,250000.0
라마68a38b,0.0,0.0,250000.0
라마68a39a,6553.431573317758,0.02762718123273942,237209.5624996898
라마68b22b,0.0,0.0,236091.94971280664
라마68b23a,0.0,0.0,250000.0
라마68b23b,0.0,0.0,250000.0
라마68b24a,0.0,0.0,250000.0
라마68b24b,0.0,0.0,250000.0
라마68b25a,0.0,0.0,250000.0
라마68b25b,23096.477061928173,0.0923859082477127,250000.0
라마68b26a,145012.12991110972,0.5800485196444388,250000.0
라마68b26b,185501.74519924668,0.7420069807969867,250000.0
라마68b27a,159581.27922893534,0.6383251169157413,250000.0
라마68b27b,141814.08640090068,0.5672563456036027,250000.0
라마68b28a,210518.97299047912,0.8420758919619165,250000.0
라마68b28b,195158.37113333435,0.7806334845333374,250000.0
라마68b29a,196772.1360199829,0.7870885440799316,250000.0
라마68b29b,52760.038702945465,0.21104015481178187,250000.0
라마68b30a,5237.9046123781045,0.02095161844956565,249999.99999936484
라마68b30b,7961.795498698344,0.03184718199486113,249999.99999946813
라마68b31a,0.0,0.0,249999.99999969176
라마68b31b,0.0,0.0,249999.9999990362
라마68b32a,7069.8076365028555,0.028279230546102596,249999.99999919397
라마68b32b,145047.7887119821,0.5801911548479285,250000.0
라마68b33a,106371.93703623176,0.425487748144927,250000.0
라마68b33b,80805.20187879555,0.3232208075156254,249999.9999996572
라마68b34a,5855.829451300832,0.02342331780520333,250000.0
라마68b34b,4376.666017922972,0.017506664071691887,250000.0
라마68b35a,108.76742309769504,0.0004350696923907802,250000.0
라마68b35b,443.8776745737872,0.0017755106982951488,250000.0
라마68b36a,65789.40967205307,0.26315763868821224,250000.0
라마68b36b,3214.4004327537486,0.012857601731014995,250000.0
라마68b37a,0.0,0.0,250000.0
라마68b37b,33190.01388982394,0.13276005555929576,250000.0
라마68b38a,31362.955148238965,0.12545182059295587,250000.0
라마68b38b,0.0,0.0,218937.1116459205
라마69a23b,0.0,0.0,165362.57137379202
라마69a24a,0.0,0.0,249313.12566858076
라마69a24b,0.0,0.0,250000.0
라마69a25a,0.0,0.0,250000.0
라마69a25b,58047.91931575057,0.2321916772630023,250000.0
라마69a26a,173111.02557214542,0.6924441022885817,250000.0
라마69a26b,141104.79224352527,0.564419168974101,250000.0
라마69a27a,181474.47844853206,0.7258979137941283,250000.0
라마69a27b,188014.64960027023,0.7520585984010809,250000.0
라마69a28a,147280.87783661857,0.5891235113464743,250000.0
라마69a28b,219129.81187349942,0.8765192474939977,250000.0
라마69a29a,110675.82701776558,0.44270330807106234,250000.0
라마69a29b,15808.975754789395,0.06323590301915757,250000.0
라마69a30a,0.0,0.0,249999.99999984805
라마69a30b,0.0,0.0,250000.0
라마69a31a,7978.696727974816,0.031914786911899265,250000.0
라마69a31b,46126.05304659643,0.18450421218638574,250000.0
라마69a32a,161664.1456177434,0.6466565824709736,250000.0
라마69a32b,52395.73536915928,0.20958294147774553,249999.99999867784
라마69a33a,203409.82131398356,0.8136392852564363,249999.99999984575
라마69a33b,72812.18142439255,0.29124872569793486,249999.99999968696
라마69a34a,18009.97266926192,0.07203989067704768,250000.0
라마69a34b,0.0,0.0,250000.0
라마69a35a,8527.263153865,0.03410905261546,250000.0
라마69a35b,37755.3334673789,0.1510213338695156,250000.0
라마69a36a,59980.96576639915,0.2399238630655966,250000.0
라마69a36b,23986.750496156135,0.09594700198462454,250000.0
라마69a37a,0.0,0.0,250000.0
라마69a37b,10370.33888463305,0.0414813555385322,250000.0
라마69a38a,43548.79207269079,0.17419516829076317,250000.0
라마69a38b,8373.906203730861,0.03670336606097719,228150.90555506165
라마69b24a,0.0,0.0,193770.73619370197
라마69b24b,0.0,0.0,250000.0
라마69b25a,0.0,0.0,250000.0
라마69b25b,6873.873456301177,0.027495493825204706,250000.0
라마69b26a,137887.07283293048,0.5515482913317219,250000.0
라마69b26b,201070.068961529,0.804280275846116,250000.0
라마69b27a,156501.4935491905,0.626005974196762,250000.0
라마69b27b,202019.91917585384,0.8080796767034153,250000.0
라마69b28a,195199.68431754663,0.7807987372701866,250000.0
라마69b28b,175665.4576705702,0.7026618306822808,250000.0
라마69b29a,60716.871915679585,0.24286748766271835,250000.0
라마69b29b,19672.58239285421,0.07869032957141683,250000.0
라마69b30a,14183.412929563037,0.05673365171825215,250000.0
라마69b30b,18258.417746705636,0.07303367098682255,250000.0
라마69b31a,38999.99278791053,0.15599997115164213,250000.0
라마69b31b,73356.7672218889,0.2934270688875556,250000.0
라마69b32a,140466.72787383487,0.5618669114953395,250000.0
라마69b32b,14468.037818480105,0.05787215127396813,249999.9999997939
라마69b33a,7748.520195864261,0.030994080783507093,249999.9999995963
라마69b33b,45584.62363023717,0.18233849452094866,250000.0
라마69b34a,5254.573385370088,0.02101829354148035,250000.0
라마69b34b,0.0,0.0,250000.0
라마69b35a,1975.8566655557402,0.00790342666222296,250000.0
라마69b35b,0.0,0.0,250000.0
라마69b36a,738.0497991790456,0.0029521991967161824,250000.0
라마69b36b,43590.33720221152,0.1743613488088461,250000.0
라마69b37a,4437.8092678878875,0.01775123707155155,250000.0
라마69b37b,1433.543872581888,0.005734175490327552,250000.0
라마69b38a,13019.952449340683,0.05207980979736273,250000.0
라마69b38b,6855.849429001375,0.0274233977160055,250000.0
라마70a24a,0.0,0.0,224476.78958372152
라마70a24b,0.0,0.0,250000.0
라마70a25a,177.3417011110927,0.0007093668044443708,250000.0
라마70a25b,16854.60376605579,0.06741841506422315,250000.0
라마70a26a,98131.10201778261,0.3925244080711305,250000.0
라마70a26b,178439.3649441409,0.7137574597765636,250000.0
라마70a27a,187394.51767947254,0.7495780707178902,250000.0
라마70a27b,195928.7987719264,0.7837151950877056,250000.0
라마70a28a,159588.27738595117,0.6383531095438046,250000.0
라마70a28b,174287.49080590124,0.6971499632236049,250000.0
라마70a29a,26155.308936972593,0.10462123574789037,250000.0
라마70a29b,0.0,0.0,250000.0
라마70a30a,6245.166559189551,0.024980666236758202,250000.0
라마70a30b,42542.243731930415,0.17016897492772165,250000.0
라마70a31a,123454.63006792424,0.493818520271697,250000.0
라마70a31b,84730.25788117287,0.3389210315246915,250000.0
라마70a32a,33198.34577275364,0.13279338309101454,250000.0
라마70a32b,9433.200530378663,0.03773280212151465,250000.0
라마70a33a,33774.34683978305,0.1350973873591322,250000.0
라마70a33b,3094.6315831419884,0.012378526332567953,250000.0
라마70a34a,36282.395636013774,0.14512958254405509,250000.0
라마70a34b,51281.15958901534,0.20512463835606137,250000.0
라마70a35a,19412.67113405476,0.07765068453621904,250000.0
라마70a35b,0.0,0.0,250000.0
라마70a36a,0.0,0.0,250000.0
라마70a36b,34882.44690500751,0.13952978762003004,250000.0
라마70a37a,26443.631469806278,0.10577452587922512,250000.0
라마70a37b,1360.103247762062,0.005440412991048248,250000.0
라마70a38a,0.0,0.0,250000.0
라마70a38b,0.0,0.0,250000.0
라마70b24a,0.0,0.0,201385.47742806852
라마70b24b,0.0,0.0,250000.0
라마70b25a,0.0,0.0,250000.0
라마70b25b,0.0,0.0,250000.0
라마70b26a,1642.4257907994293,0.006569703163197717,250000.0
라마70b26b,45245.011758537126,0.1809800470341485,250000.0
라마70b27a,197882.32000507228,0.7915292800202891,250000.0
라마70b27b,171666.67327951847,0.6866666931180738,250000.0
라마70b28a,104079.95195043967,0.4163198078017587,250000.0
라마70b28b,181420.3742445391,0.7256814969781564,250000.0
라마70b29a,6803.7528436753655,0.02721501137470146,250000.0
라마70b29b,0.0,0.0,250000.0
라마70b30a,4526.129913770864,0.018104519655083456,250000.0
라마70b30b,134055.0445814783,0.5362201783259132,250000.0
라마70b31a,41177.53405978985,0.1647101362391594,250000.0
라마70b31b,31836.36585226728,0.12734546340906913,250000.0
라마70b32a,25252.568581827134,0.10101027432730854,250000.0
라마70b32b,45855.45954751306,0.18342183819005226,250000.0
라마70b33a,42149.23552314496,0.16859694209257986,250000.0
라마70b33b,59740.76333998002,0.23896305335992007,250000.0
라마70b34a,45002.34800581297,0.1800093920232519,250000.0
라마70b34b,9954.60440218298,0.03981841760873192,250000.0
라마70b35a,27371.554634533077,0.10948621853813231,250000.0
라마70b35b,37645.04764893581,0.15058019059574324,250000.0
라마70b36a,0.0,0.0,250000.0
라마70b36b,16918.801236301784,0.06767520494520714,250000.0
라마70b37a,2026.509037223271,0.008106036148893084,250000.0
라마70b37b,5841.084625376137,0.023364338501504548,250000.0
라마70b38a,0.0,0.0,250000.0
라마70b38b,0.0,0.0,250000.0
라마70b39a,0.0,0.0,250000.0
라마70b39b,0.0,0.0,173062.3917841874
라마71a24a,0.0,0.0,141032.782435071
라마71a24b,0.0,0.0,250000.0
라마71a25a,0.0,0.0,250000.0
라마71a25b,0.0,0.0,250000.0
라마71a26a,13471.00467233265,0.0538840186893306,250000.0
라마71a26b,102768.78160756596,0.41107512643026384,250000.0
라마71a27a,138068.20970738758,0.5522728388295504,250000.0
라마71a27b,168557.3546374038,0.6742294185496152,250000.0
라마71a28a,207361.46761304623,0.8294458704521849,250000.0
라마71a28b,69880.21139592414,0.27952084558369655,250000.0
라마71a29a,7325.296228493327,0.02930118491397331,250000.0
라마71a29b,288.0952582854348,0.0011523810331417392,250000.0
라마71a30a,9490.342434287546,0.03796136973715018,250000.0
라마71a30b,23146.169717007804,0.09258467886803122,250000.0
라마71a31a,124062.6571076151,0.4962506284304604,250000.0
라마71a31b,160985.97102664754,0.6439438841065902,250000.0
라마71a32a,154064.62769867282,0.6162585107946913,250000.0
라마71a32b,110801.92397063402,0.44320769588253606,250000.0
라마71a33a,72108.98136165364,0.28843592544661456,250000.0
라마71a33b,7913.275527693873,0.031653102110775495,250000.0
라마71a34a,0.0,0.0,250000.0
라마71a34b,1330.5753707589154,0.005322301483035662,250000.0
라마71a35a,8755.862330512504,0.03502344932205002,250000.0
라마71a35b,14219.940592459294,0.056879762369837175,250000.0
라마71a36a,5644.303736432831,0.022577214945731325,250000.0
라마71a36b,10875.198209927465,0.04350079283970986,250000.0
라마71a37a,7357.523733253542,0.029430094933014166,250000.0
라마71a37b,3297.885098459775,0.013191540393839098,250000.0
라마71a38a,25300.13977236356,0.10120055908945425,250000.0
라마71a38b,1107.9137847651011,0.004431655139060404,250000.0
라마71a39a,0.0,0.0,250000.0
라마71a39b,0.0,0.0,170062.1554357274
라마71b25a,0.0,0.0,250000.0
라마71b25b,0.0,0.0,250000.0
라마71b26a,24467.92601325565,0.09787170405302259,250000.0
라마71b26b,117056.21932268627,0.4682248772907451,250000.0
라마71b27a,169882.63068571122,0.6795305227428449,250000.0
라마71b27b,192272.82060595506,0.7690912824238202,250000.0
라마71b28a,177828.5620283565,0.711314248113426,250000.0
라마71b28b,76826.96740602782,0.3073078696241113,250000.0
라마71b29a,37.77009259440806,0.00015108037037763226,250000.0
라마71b29b,0.0,0.0,250000.0
라마71b30a,51004.32245626321,0.20401728982505285,250000.0
라마71b30b,29031.703136848933,0.11612681254739574,250000.0
라마71b31a,105608.45476275282,0.4224338190510113,250000.0
라마71b31b,89045.71402312117,0.3561828560924847,250000.0
라마71b32a,38911.48395704526,0.15564593582818104,250000.0
라마71b32b,0.0,0.0,250000.0
라마71b33a,93522.22428922012,0.3740888971568805,250000.0
라마71b33b,54586.67695910223,0.21834670783640892,250000.0
라마71b34a,4872.080565503694,0.019488322262014777,250000.0
라마71b34b,0.0,0.0,250000.0
라마71b35a,4299.120822379072,0.017196483289516288,250000.0
라마71b35b,48700.3856962563,0.1948015427850252,250000.0
라마71b36a,17424.01779568565,0.0696960711827426,250000.0
라마71b36b,3796.142583318843,0.015184570333275372,250000.0
라마71b37a,3490.1032725459004,0.013960413090183602,250000.0
라마71b37b,61602.409082141756,0.24640963632856702,250000.0
라마71b38a,94500.5072817807,0.3780020291271228,250000.0
라마71b38b,40302.70183216329,0.16121080732865317,250000.0
라마71b39a,9841.741741814067,0.039366966967256264,250000.0
라마72a25a,0.0,0.0,250000.0
라마72a25b,0.0,0.0,250000.0
라마72a26a,705.2888967116112,0.002821155586846445,250000.0
라마72a26b,36323.19379193635,0.14529277516774539,250000.0
라마72a27a,115084.12844916756,0.46033651379667023,250000.0
라마72a27b,157143.27723021383,0.6285731089208554,250000.0
라마72a28a,178283.90373100643,0.7131356149240258,250000.0
라마72a28b,41264.42226378522,0.1650576890551409,250000.0
라마72a29a,0.0,0.0,250000.0
라마72a29b,0.0,0.0,250000.0
라마72a30a,22119.33835096764,0.08847735340387056,250000.0
라마72a30b,188625.64301732654,0.7545025720693062,250000.0
라마72a31a,30838.999873114444,0.12335599949245778,250000.0
라마72a31b,16907.633335022536,0.06763053334009014,250000.0
라마72a32a,24065.943355027957,0.09626377342011183,250000.0
라마72a32b,0.0,0.0,250000.0
라마72a33a,6355.957023003588,0.02542382809201435,250000.0
라마72a33b,0.0,0.0,250000.0
라마72a34a,0.0,0.0,250000.0
라마72a34b,0.0,0.0,250000.0
라마72a35a,0.0,0.0,250000.0
라마72a35b,51228.32305845853,0.20491329223383414,250000.0
라마72a36a,470.5299247117363,0.0018821196988469454,250000.0
라마72a36b,0.0,0.0,250000.0
라마72a37a,13519.29197403692,0.05407716789614768,250000.0
라마72a37b,29699.364144516156,0.11879745657806462,250000.0
라마72a38a,46657.42354442789,0.18662969417771155,250000.0
라마72a38b,0.0,0.0,250000.0
라마72a39a,0.0,0.0,250000.0
라마72a39b,7553.909619241478,0.03391458479158694,222733.36576761949
라마72a40a,16050.091782771824,0.18350316877103787,87464.92984433408
라마72b25a,720.9236796909427,0.0028836947187637707,250000.0
라마72b25b,0.0,0.0,250000.0
라마72b26a,0.0,0.0,250000.0
라마72b26b,7093.204914296255,0.02837281965718502,250000.0
라마72b27a,131271.86579012472,0.5250874631604989,250000.0
라마72b27b,120890.15898697282,0.4835606359478913,250000.0
라마72b28a,61211.5376997781,0.2448461507991124,250000.0
라마72b28b,7744.1310638170025,0.03097652425526801,250000.0
라마72b29a,2600.3272257731996,0.010401308903092798,250000.0
라마72b29b,4928.578321506015,0.01971431328602406,250000.0
라마72b30a,79073.49277368531,0.3162939710947413,250000.0
라마72b30b,199406.47216981172,0.7976258886792469,250000.0
라마72b31a,17637.22297515947,0.07054889190063789,250000.0
라마72b31b,0.0,0.0,250000.0
라마72b32a,21927.06436287588,0.08770825745150353,250000.0
라마72b32b,765.5525292506641,0.0030622101170026564,250000.0
라마72b33a,0.0,0.0,250000.0
라마72b33b,536.5587497504589,0.0021462349990018356,250000.0
라마72b34a,1487.3278120472794,0.005949311248189117,250000.0
라마72b34b,0.0,0.0,250000.0
라마72b35a,20572.764988743707,0.08229105995497484,250000.0
라마72b35b,62804.07542799816,0.25121630171199266,250000.0
라마72b36a,9625.912932455467,0.03850365172982187,250000.0
라마72b36b,0.0,0.0,250000.0
라마72b37a,0.0,0.0,250000.0
라마72b37b,47036.08932942564,0.18814435731770254,250000.0
라마72b38a,9490.113259095077,0.03796045303638031,250000.0
라마72b38b,9488.820618966112,0.03795528247586445,250000.0
라마72b39a,26662.235487994494,0.10664894195197798,250000.0
라마72b39b,13189.989795533538,0.05275995918213415,250000.0
라마73a25a,3655.290175465846,0.014621160701863384,250000.0
라마73a25b,0.0,0.0,250000.0
라마73a26a,0.0,0.0,250000.0
라마73a26b,0.0,0.0,250000.0
라마73a27a,8211.413477546745,0.03284565391018698,250000.0
라마73a27b,3202.8073544368526,0.01281122941774741,250000.0
라마73a28a,1410.1028146979452,0.005640411258791781,250000.0
라마73a28b,38268.20080274495,0.1530728032109798,250000.0
라마73a29a,19151.577358315604,0.07660630943326242,250000.0
라마73a29b,9640.412421873129,0.03856164968749251,250000.0
라마73a30a,99994.30046389284,0.39997720185557134,250000.0
라마73a30b,96243.78307685663,0.3849751323074265,250000.0
라마73a31a,61020.52312877201,0.24408209251508803,250000.0
라마73a31b,0.0,0.0,250000.0
라마73a32a,0.0,0.0,250000.0
라마73a32b,0.0,0.0,250000.0
라마73a33a,0.0,0.0,250000.0
라마73a33b,11.088455594111581,4.4353822376446327e-05,250000.0
라마73a34a,17269.246354426086,0.06907698541770435,250000.0
라마73a34b,35812.12706828058,0.1432485082731223,250000.0
라마73a35a,80841.04623476254,0.32336418493905017,250000.0
라마73a35b,290.49061569945746,0.00116196246279783,250000.0
라마73a36a,0.0,0.0,250000.0
라마73a36b,24086.285631705934,0.09634514252682373,250000.0
라마73a37a,2107.3652965904885,0.008429461186361955,250000.0
라마73a37b,76811.1909819759,0.3072447639279036,250000.0
라마73a38a,24499.947587917333,0.09799979035166934,250000.0
라마73a38b,72932.46491364398,0.29172985965457593,250000.0
라마73a39a,73665.64529292725,0.294662581171709,250000.0
라마73a39b,15721.440428940808,0.06309378242442801,249175.74798707804
라마73b25a,1962.3870751479203,0.007849548300591681,250000.0
라마73b25b,0.0,0.0,250000.0
라마73b26a,0.0,0.0,250000.0
라마73b26b,0.0,0.0,250000.0
라마73b27a,0.0,0.0,250000.0
라마73b27b,187.17105202787047,0.0007486842081114819,250000.0
라마73b28a,2917.739404993702,0.011670957619974809,250000.0
라마73b28b,39879.83277069724,0.15951933108278896,250000.0
라마73b29a,94657.329437295,0.37862931774918,250000.0
라마73b29b,5300.122577258915,0.02120049030903566,250000.0
라마73b30a,25764.376349886483,0.10305750539954593,250000.0
라마73b30b,72032.28721273197,0.2881291488509279,250000.0
라마73b31a,195415.50992948978,0.7816620397179591,250000.0
라마73b31b,34681.77560482717,0.1387271024193087,250000.0
라마73b32a,5727.306141247975,0.0229092245649919,250000.0
라마73b32b,17302.34600646849,0.06920938402587397,250000.0
라마73b33a,111.13800259890863,0.0004445520103956345,250000.0
라마73b33b,0.0,0.0,250000.0
라마73b34a,53780.41622141612,0.21512166488566448,250000.0
라마73b34b,69210.51006129831,0.2768420402451932,250000.0
라마73b35a,6975.678303118695,0.02790271321247478,250000.0
라마73b35b,728.7629768076395,0.0029150519072305577,250000.0
라마73b36a,0.0,0.0,250000.0
라마73b36b,30057.177956275213,0.12022871182510085,250000.0
라마73b37a,119668.94894787186,0.47867579579148745,250000.0
라마73b37b,117587.9231244672,0.4703516924978688,250000.0
라마73b38a,80258.05289079176,0.321032211563167,250000.0
라마73b38b,42325.09936571236,0.16930039746284944,250000.0
라마73b39a,5082.710935949283,0.020330843743797133,250000.0
라마73b39b,0.0,0.0,173661.79597609825
라마74a24a,0.0,0.0,148509.18678229098
라마74a24b,0.0,0.0,247459.6672351448
라마74a25a,33160.77498451671,0.13264309993806686,250000.0
라마74a25b,0.0,0.0,250000.0
라마74a26a,0.0,0.0,250000.0
라마74a26b,0.0,0.0,250000.0
라마74a27a,0.0,0.0,250000.0
라마74a27b,10720.45994032504,0.04288183976130016,250000.0
라마74a28a,47503.591795989574,0.1900143671839583,250000.0
라마74a28b,79854.01289671275,0.319416051586851,250000.0
라마74a29a,76454.46099964596,0.30581784399858386,250000.0
라마74a29b,103244.2460191774,0.41297698407670963,250000.0
라마74a30a,5903.614831177542,0.02361445932471017,250000.0
라마74a30b,1699.6127558264811,0.0067984510233059245,250000.0
라마74a31a,137287.69039620034,0.5491507615848014,250000.0
라마74a31b,119457.53966727351,0.477830158669094,250000.0
라마74a32a,66541.185912542,0.266164743650168,250000.0
라마74a32b,65865.2928570972,0.2634611714283888,250000.0
라마74a33a,1368.1584723925055,0.005472633889570022,250000.0
라마74a33b,0.0,0.0,250000.0
라마74a34a,49577.812780525506,0.19831125112210202,250000.0
라마74a34b,312.69809696308096,0.0012507923878523237,250000.0
라마74a35a,0.0,0.0,250000.0
라마74a35b,0.0,0.0,250000.0
라마74a36a,0.0,0.0,250000.0
라마74a36b,21934.261261251635,0.08773704504500654,250000.0
라마74a37a,96863.51464714743,0.3874540585885897,250000.0
라마74a37b,8097.211414281828,0.03238884565712731,250000.0
라마74a38a,814.5015627999833,0.003258006251199933,250000.0
라마74a38b,0.0,0.0,250000.0
라마74a39a,0.0,0.0,223481.10672728435
라마74b24a,0.0,0.0,250000.0
라마74b24b,53851.66794836501,0.21540667179346004,250000.0
라마74b25a,23683.456000685266,0.09473382400274107,250000.0
라마74b25b,22887.189734860713,0.09154875893944285,250000.0
라마74b26a,0.0,0.0,250000.0
라마74b26b,2389.8495015437525,0.00955939800617501,250000.0
라마74b27a,0.0,0.0,250000.0
라마74b27b,0.0,0.0,250000.0
라마74b28a,3974.5893078766503,0.0158983572315066,250000.0
라마74b28b,1712.204107756454,0.006848816431025816,250000.0
라마74b29a,984.1407187307426,0.00393656287492297,250000.0
라마74b29b,126964.2218044621,0.5078568872178484,250000.0
라마74b30a,79457.1028251216,0.31782841130048645,250000.0
라마74b30b,44001.86906795913,0.17600747627183652,250000.0
라마74b31a,6420.10750415352,0.02568043001661408,250000.0
라마74b31b,21367.49037179153,0.08546996148716612,250000.0
라마74b32a,9119.915000769113,0.03647966000307645,250000.0
라마74b32b,0.0,0.0,250000.0
라마74b33a,0.0,0.0,250000.0
라마74b33b,0.2325382139393988,9.301528557575952e-07,250000.0
라마74b34a,82627.43206148804,0.33050972824595215,250000.0
라마74b34b,13343.41124533736,0.05337364498134944,250000.0
라마74b35a,0.0,0.0,250000.0
라마74b35b,0.0,0.0,250000.0
라마74b36a,760.9222031715424,0.0030436888126861694,250000.0
라마74b36b,63178.88863860621,0.25271555455442485,250000.0
라마74b37a,26656.138760915655,0.10662455504366262,250000.0
라마74b37b,0.0,0.0,250000.0
라마74b38a,0.0,0.0,250000.0
라마74b38b,0.0,0.0,250000.0
라마75a24a,61930.1147566998,0.24772045902679918,250000.0
라마75a24b,45102.156271173924,0.18040862508469568,250000.0
라마75a25a,41125.66635924599,0.16450266543698394,250000.0
라마75a25b,11164.156070048159,0.04465662428019263,250000.0
라마75a26a,852.1314235164555,0.0034085256940658217,250000.0
라마75a26b,17049.625429968215,0.06819850171987286,250000.0
라마75a27a,3003.61675800418,0.01201446703201672,250000.0
라마75a27b,0.0,0.0,250000.0
라마75a28a,0.0,0.0,250000.0
라마75a28b,0.0,0.0,250000.0
라마75a29a,0.0,0.0,250000.0
라마75a29b,110400.88780852077,0.44160355123408307,250000.0
라마75a30a,196614.03897328093,0.7864561558931237,250000.0
라마75a30b,38408.297995579596,0.1536331919823184,250000.0
라마75a31a,45718.94445890479,0.18287577783561917,250000.0
라마75a31b,0.0,0.0,250000.0
라마75a32a,0.0,0.0,250000.0
라마75a32b,0.0,0.0,250000.0
라마75a33a,9155.176655062287,0.03662070662024915,250000.0
라마75a33b,14973.753090355536,0.05989501236142215,250000.0
라마75a34a,99455.01432394281,0.39782005729577125,250000.0
라마75a34b,0.0,0.0,250000.0
라마75a35a,0.0,0.0,250000.0
라마75a35b,9818.3032798297,0.039273213119318806,250000.0
라마75a36a,36071.63547005453,0.1442865418802181,250000.0
라마75a36b,46408.082970073716,0.18563233188029488,250000.0
라마75a37a,969.9159434568874,0.0038796637738275496,250000.0
라마75a37b,0.0,0.0,250000.0
라마75a38a,0.0,0.0,250000.0
라마75a38b,0.0,0.0,250000.0
라마75a39a,0.0,0.0,183468.31888758787
라마75b24a,57177.189130108905,0.2314971434247978,246988.7458835232
라마75b24b,68112.38936139889,0.27244955744559557,250000.0
라마75b25a,24120.29494927747,0.09648117979710989,250000.0
라마75b25b,0.0,0.0,250000.0
라마75b26a,13012.981726970813,0.05205192690788325,250000.0
라마75b26b,59235.86387605858,0.23694345550423432,250000.0
라마75b27a,46637.45152189298,0.18654980608757193,250000.0
라마75b27b,0.0,0.0,250000.0
라마75b28a,0.0,0.0,250000.0
라마75b28b,14219.374699087683,0.05687749879635073,250000.0
라마75b29a,1232.2695525409042,0.0049290782101636165,250000.0
라마75b29b,64405.30560908747,0.2576212224363499,250000.0
라마75b30a,207776.46938079668,0.8311058775231868,250000.0
라마75b30b,142343.33836835998,0.56937335347344,250000.0
라마75b31a,59842.26355544576,0.23936905422178303,250000.0
라마75b31b,33389.18075573679,0.13355672302294713,250000.0
라마75b32a,40769.02372259526,0.16307609489038102,250000.0
라마75b32b,85561.51243434838,0.34224604973739353,250000.0
라마75b33a,112981.87332966029,0.4519274933186411,250000.0
라마75b33b,76821.19569171156,0.30728478276684623,250000.0
라마75b34a,36571.96073299243,0.14628784293196972,250000.0
라마75b34b,11404.465966888347,0.045617863867553385,250000.0
라마75b35a,0.0,0.0,250000.0
라마75b35b,0.0,0.0,250000.0
라마75b36a,1038.3466808103194,0.004153386723241278,250000.0
라마75b36b,45024.20594233364,0.18009682376933456,250000.0
라마75b37a,12547.969764974097,0.05019187905989639,250000.0
라마75b37b,1687.3010916433077,0.006749204366573231,250000.0
라마75b38a,12771.435217238559,0.05108574086895423,250000.0
라마75b38b,2872.382041281169,0.011489528165124677,250000.0
라마76a23b,0.0,0.0,126872.1379468385
라마76a24a,0.0,0.0,242606.3996670947
라마76a24b,65434.51875810744,0.2617380750324298,250000.0
라마76a25a,17897.779478184824,0.0715911179127393,250000.0
라마76a25b,0.0,0.0,250000.0
라마76a26a,1686.2121002315107,0.006744848400926043,250000.0
라마76a26b,81782.38510769236,0.3271295404307694,250000.0
라마76a27a,54751.95279544868,0.21900781118179471,250000.0
라마76a27b,24238.234547496406,0.09695293818998563,250000.0
라마76a28a,53570.85448129096,0.21428341792516384,250000.0
라마76a28b,22137.4783122932,0.08854991324917279,250000.0
라마76a29a,0.0,0.0,250000.0
라마76a29b,2107.1327738671826,0.00842853109546873,250000.0
라마76a30a,78157.42700366823,0.31262970801467294,250000.0
라마76a30b,83024.47440888829,0.33209789763555314,250000.0
라마76a31a,43496.54651880864,0.17398618607523456,250000.0
라마76a31b,79595.58201068433,0.3183823280427373,250000.0
라마76a32a,70525.12420418825,0.282100496816753,250000.0
라마76a32b,21918.594978971167,0.08767437991588467,250000.0
라마76a33a,1589.1443326769531,0.006356577330707812,250000.0
라마76a33b,0.0,0.0,250000.0
라마76a34a,0.0,0.0,250000.0
라마76a34b,0.0,0.0,250000.0
라마76a35a,0.0,0.0,250000.0
라마76a35b,588.7754733415504,0.002355101893366202,250000.0
라마76a36a,32988.97895520972,0.13195591582083888,250000.0
라마76a36b,41758.357523877465,0.16703343009550986,250000.0
라마76a37a,1283.2004224386872,0.005132801689754748,250000.0
라마76a37b,12560.689852167056,0.05024275940866822,250000.0
라마76a38a,18034.621006134326,0.0721384840245373,250000.0
라마76a38b,13361.239895217377,0.053444959580869505,250000.0
라마76b23b,9288.696059728685,0.03760086656060471,247034.0954711045
라마76b24a,25684.267912617426,0.1027370716504697,250000.0
라마76b24b,27981.55110554053,0.11192620442216211,250000.0
라마76b25a,1462.0839743360077,0.005848335897344031,250000.0
라마76b25b,0.0,0.0,250000.0
라마76b26a,730.1392740277644,0.0029205570961110573,250000.0
라마76b26b,9743.483392466067,0.03897393356986427,250000.0
라마76b27a,106143.32773180853,0.4245733109272341,250000.0
라마76b27b,77026.90298575354,0.3081076119430141,250000.0
라마76b28a,10114.686799329062,0.04045874719731625,250000.0
라마76b28b,774.5379838465559,0.0030981519353862237,250000.0
라마76b29a,15047.478657451487,0.06018991462980595,250000.0
라마76b29b,35904.49144909498,0.14361796579637992,250000.0
라마76b30a,36347.0335860115,0.14538813434404602,250000.0
라마76b30b,3492.873256385513,0.013971493025542051,250000.0
라마76b31a,67353.94751276,0.26941579005104,250000.0
라마76b31b,67591.15302061017,0.27036461208244067,250000.0
라마76b32a,1150.4193179997053,0.004601677271998821,250000.0
라마76b32b,0.0,0.0,250000.0
라마76b33a,0.0,0.0,250000.0
라마76b33b,0.0,0.0,250000.0
라마76b34a,0.0,0.0,250000.0
라마76b34b,0.0,0.0,250000.0
라마76b35a,0.0,0.0,250000.0
라마76b35b,16104.401135901424,0.06441760454360569,250000.0
라마76b36a,120983.54314125761,0.48393417256503046,250000.0
라마76b36b,108790.10691856619,0.43516042767426477,250000.0
라마76b37a,40640.6161790056,0.1625624647160224,250000.0
라마76b37b,45811.31467320208,0.18324525869280833,250000.0
라마76b38a,0.0,0.0,250000.0
라마76b38b,57076.316026960456,0.22830526410784183,250000.0
라마77a23a,108463.57828168875,0.7719692484205272,140502.459785294
라마77a23b,133215.04108805364,0.5328601643522145,250000.0
라마77a24a,17963.688944534722,0.07185475577813889,250000.0
라마77a24b,0.0,0.0,250000.0
라마77a25a,0.0,0.0,250000.0
라마77a25b,0.0,0.0,250000.0
라마77a26a,0.0,0.0,250000.0
라마77a26b,0.0,0.0,220266.68039793443
라마77a29a,0.0,0.0,132324.4091725862
라마77a29b,30719.883926457143,0.1325212379353139,231811.02444464105
라마77a30a,59817.49797696091,0.23926999190784365,250000.0
라마77a30b,88400.51659028041,0.3536020663611217,250000.0
라마77a31a,7973.875151319374,0.031895500605277495,250000.0
라마77a31b,125479.24647721027,0.501916985908841,250000.0
라마77a32a,59025.791071438456,0.2361031642857538,250000.0
라마77a32b,20119.870212798978,0.08047948085119591,250000.0
라마77a33a,3661.0656511652705,0.014860549166692775,246361.3968836956
라마77a33b,0.0,0.0,168952.35859149724
라마77a35a,0.0,0.0,215936.49015432573
라마77a35b,135126.48506675183,0.5405059402670074,250000.0
라마77a36a,161789.4052553348,0.6471576210213392,250000.0
라마77a36b,118688.60660020933,0.4747544264008373,250000.0
라마77a37a,21330.492133176955,0.08532196853270782,250000.0
라마77a37b,87022.10743191194,0.34808842972764775,250000.0
라마77a38a,136000.76338987774,0.544003053559511,250000.0
라마77a38b,32593.60057907102,0.17548396233535676,185735.4948299114
라마77b23b,11548.573649623373,0.046194294598493495,250000.0
라마77b24a,0.0,0.0,250000.0
라마77b24b,3169.373126130406,0.012677492504521624,250000.0
라마77b25a,46386.561672848205,0.18554624669139283,250000.0
라마77b25b,32016.53810477898,0.12806615241911593,250000.0
라마77b26a,1270.2105085512671,0.007293669492783884,174152.46328449232
라마77b30b,0.0,0.0,134980.4671783227
라마77b31a,0.0,0.0,154760.34364107292
라마77b31b,12727.742845785539,0.0759580726369651,167562.74091651407
라마77b32a,3526.650279628012,0.024329882392017447,144951.39034396212
라마77b35b,94703.85623485445,0.3788154249394178,250000.0
라마77b36a,229433.31456708198,0.917733258268328,250000.0
라마77b36b,203764.86698723753,0.8150594679489501,250000.0
라마77b37a,115644.23470103275,0.4632708308245057,249625.547318002
라마77b37b,86565.93347186068,0.444837644085492,194601.18679889385
라마78a23a,74675.59887270471,0.4415498613141658,169121.55435957096
라마78a23b,84819.6550620044,0.3392786202480176,250000.0
라마78a24a,91425.28981679982,0.36570115926719926,250000.0
라마78a24b,10114.98036553327,0.040459921462133085,250000.0
라마78a25a,33391.21595558011,0.13356486382232044,250000.0
라마78a25b,13556.456830742332,0.10333584663959217,131188.32691257307
라마78a35b,6053.866051620325,0.050321398359043396,120304.01079926208
라마78b23a,104436.03580327536,0.5639391297761542,185190.2630780904
라마78b23b,204429.03412818574,0.817716136512743,250000.0
라마78b24a,116077.4028109073,0.5844832127662996,198598.35197237704
라마78b24b,36798.39963070808,0.17583371008238757,209279.54948721747
라마78b25a,3877.0615588946266,0.030376525710928352,127633.47578949106
라마79a24b,0.0,0.0,120623.31875090112
