grid_id,population,elderly_population,elderly_ratio,population_source,population_reference_date,elderly_population_source,elderly_reference_date
라마41a26a,,,,NGII,202410,NGII,202410
라마41a26b,,,,NGII,202410,NGII,202410
라마41a27a,,,,NGII,202410,NGII,202410
라마41a27b,,,,NGII,202410,NGII,202410
라마41b24b,,,,NGII,202410,NGII,202410
라마41b25a,,,,NGII,202410,NGII,202410
라마41b25b,,,,NGII,202410,NGII,202410
라마41b26a,0.0,,,NGII,202410,NGII,202410
라마41b26b,0.0,0.0,,NGII,202410,NGII,202410
라마41b27a,,,,NGII,202410,NGII,202410
라마41b27b,,,,NGII,202410,NGII,202410
라마41b28a,,,,NGII,202410,NGII,202410
라마42a22b,,,,NGII,202410,NGII,202410
라마42a23a,,,,NGII,202410,NGII,202410
라마42a23b,,,,NGII,202410,NGII,202410
라마42a24a,,,,NGII,202410,NGII,202410
라마42a24b,,,,NGII,202410,NGII,202410
라마42a25a,0.0,0.0,,NGII,202410,NGII,202410
라마42a25b,,,,NGII,202410,NGII,202410
라마42a26a,,,,NGII,202410,NGII,202410
라마42a26b,0.0,0.0,,NGII,202410,NGII,202410
라마42a27a,10.0,7.0,0.7,NGII,202410,NGII,202410
라마42a27b,35.0,17.0,0.4857142857142857,NGII,202410,NGII,202410
라마42a28a,,,,NGII,202410,NGII,202410
라마42a28b,,,,NGII,202410,NGII,202410
라마42b22b,,,,NGII,202410,NGII,202410
라마42b23a,,,,NGII,202410,NGII,202410
라마42b23b,,,,NGII,202410,NGII,202410
라마42b24a,,,,NGII,202410,NGII,202410
라마42b24b,,,,NGII,202410,NGII,202410
라마42b25a,,,,NGII,202410,NGII,202410
라마42b25b,,,,NGII,202410,NGII,202410
라마42b26a,,,,NGII,202410,NGII,202410
라마42b26b,16.0,7.0,0.4375,NGII,202410,NGII,202410
라마42b27a,6.0,0.0,0.0,NGII,202410,NGII,202410
라마42b27b,0.0,,,NGII,202410,NGII,202410
라마42b28a,,,,NGII,202410,NGII,202410
라마42b28b,,,,NGII,202410,NGII,202410
라마43a19b,,,,NGII,202410,NGII,202410
라마43a20a,,,,NGII,202410,NGII,202410
라마43a20b,,,,NGII,202410,NGII,202410
라마43a21a,,,,NGII,202410,NGII,202410
라마43a21b,,,,NGII,202410,NGII,202410
라마43a22a,,,,NGII,202410,NGII,202410
라마43a22b,,,,NGII,202410,NGII,202410
라마43a23a,,,,NGII,202410,NGII,202410
라마43a23b,,,,NGII,202410,NGII,202410
라마43a24a,,,,NGII,202410,NGII,202410
라마43a24b,,,,NGII,202410,NGII,202410
라마43a25a,,,,NGII,202410,NGII,202410
라마43a25b,,,,NGII,202410,NGII,202410
라마43a26a,,,,NGII,202410,NGII,202410
라마43a26b,9.0,0.0,0.0,NGII,202410,NGII,202410
라마43a27a,13.0,6.0,0.46153846153846156,NGII,202410,NGII,202410
라마43a27b,0.0,0.0,,NGII,202410,NGII,202410
라마43a28a,,,,NGII,202410,NGII,202410
라마43a28b,,,,NGII,202410,NGII,202410
라마43a29a,,,,NGII,202410,NGII,202410
라마43a29b,,,,NGII,202410,NGII,202410
라마43b18a,,,,NGII,202410,NGII,202410
라마43b18b,,,,NGII,202410,NGII,202410
라마43b19a,,,,NGII,202410,NGII,202410
라마43b19b,,,,NGII,202410,NGII,202410
라마43b20a,,,,NGII,202410,NGII,202410
라마43b20b,,,,NGII,202410,NGII,202410
라마43b21a,,,,NGII,202410,NGII,202410
라마43b21b,0.0,,,NGII,202410,NGII,202410
라마43b22a,,,,NGII,202410,NGII,202410
라마43b22b,,,,NGII,202410,NGII,202410
라마43b23a,,,,NGII,202410,NGII,202410
라마43b23b,,,,NGII,202410,NGII,202410
라마43b24a,,,,NGII,202410,NGII,202410
라마43b24b,0.0,0.0,,NGII,202410,NGII,202410
라마43b25a,7.0,0.0,0.0,NGII,202410,NGII,202410
라마43b25b,,,,NGII,202410,NGII,202410
라마43b26a,,,,NGII,202410,NGII,202410
라마43b26b,0.0,0.0,,NGII,202410,NGII,202410
라마43b27a,41.0,26.0,0.6341463414634146,NGII,202410,NGII,202410
라마43b27b,,,,NGII,202410,NGII,202410
라마43b28a,0.0,0.0,,NGII,202410,NGII,202410
라마43b28b,0.0,0.0,,NGII,202410,NGII,202410
라마43b29a,,,,NGII,202410,NGII,202410
라마43b29b,,,,NGII,202410,NGII,202410
라마43b30a,8.0,7.0,0.875,NGII,202410,NGII,202410
라마43b30b,,,,NGII,202410,NGII,202410
라마43b31a,,,,NGII,202410,NGII,202410
라마43b31b,,,,NGII,202410,NGII,202410
라마44a16b,,,,NGII,202410,NGII,202410
라마44a17a,,,,NGII,202410,NGII,202410
라마44a17b,,,,NGII,202410,NGII,202410
라마44a18a,,,,NGII,202410,NGII,202410
라마44a18b,,,,NGII,202410,NGII,202410
라마44a19a,,,,NGII,202410,NGII,202410
라마44a19b,,,,NGII,202410,NGII,202410
라마44a20a,,,,NGII,202410,NGII,202410
라마44a20b,,,,NGII,202410,NGII,202410
라마44a21a,,,,NGII,202410,NGII,202410
라마44a21b,,,,NGII,202410,NGII,202410
라마44a22a,,,,NGII,202410,NGII,202410
라마44a22b,,,,NGII,202410,NGII,202410
라마44a23a,,,,NGII,202410,NGII,202410
라마44a23b,,,,NGII,202410,NGII,202410
라마44a24a,,,,NGII,202410,NGII,202410
라마44a24b,,,,NGII,202410,NGII,202410
라마44a25a,12.0,9.0,0.75,NGII,202410,NGII,202410
라마44a25b,12.0,0.0,0.0,NGII,202410,NGII,202410
라마44a26a,31.0,22.0,0.7096774193548387,NGII,202410,NGII,202410
라마44a26b,26.0,19.0,0.7307692307692307,NGII,202410,NGII,202410
라마44a27a,60.0,33.0,0.55,NGII,202410,NGII,202410
라마44a27b,0.0,,,NGII,202410,NGII,202410
라마44a28a,,,,NGII,202410,NGII,202410
라마44a28b,,,,NGII,202410,NGII,202410
라마44a29a,,,,NGII,202410,NGII,202410
라마44a29b,,,,NGII,202410,NGII,202410
라마44a30a,7.0,0.0,0.0,NGII,202410,NGII,202410
라마44a30b,,,,NGII,202410,NGII,202410
라마44a31a,15.0,11.0,0.7333333333333333,NGII,202410,NGII,202410
라마44a31b,0.0,0.0,,NGII,202410,NGII,202410
라마44a32a,,,,NGII,202410,NGII,202410
라마44a32b,0.0,,,NGII,202410,NGII,202410
라마44a33a,,,,NGII,202410,NGII,202410
라마44a33b,,,,NGII,202410,NGII,202410
라마44a34a,18.0,15.0,0.8333333333333334,NGII,202410,NGII,202410
라마44a34b,,,,NGII,202410,NGII,202410
라마44b16a,,,,NGII,202410,NGII,202410
라마44b16b,,,,NGII,202410,NGII,202410
라마44b17a,,,,NGII,202410,NGII,202410
라마44b17b,,,,NGII,202410,NGII,202410
라마44b18a,,,,NGII,202410,NGII,202410
라마44b18b,0.0,0.0,,NGII,202410,NGII,202410
라마44b19a,,,,NGII,202410,NGII,202410
라마44b19b,,,,NGII,202410,NGII,202410
라마44b20a,,,,NGII,202410,NGII,202410
라마44b20b,,,,NGII,202410,NGII,202410
라마44b21a,14.0,8.0,0.5714285714285714,NGII,202410,NGII,202410
라마44b21b,,,,NGII,202410,NGII,202410
라마44b22a,,,,NGII,202410,NGII,202410
라마44b22b,,,,NGII,202410,NGII,202410
라마44b23a,,,,NGII,202410,NGII,202410
라마44b23b,,,,NGII,202410,NGII,202410
라마44b24a,,,,NGII,202410,NGII,202410
라마44b24b,,,,NGII,202410,NGII,202410
라마44b25a,,,,NGII,202410,NGII,202410
라마44b25b,,,,NGII,202410,NGII,202410
라마44b26a,45.0,30.0,0.6666666666666666,NGII,202410,NGII,202410
라마44b26b,41.0,25.0,0.6097560975609756,NGII,202410,NGII,202410
라마44b27a,12.0,9.0,0.75,NGII,202410,NGII,202410
라마44b27b,,,,NGII,202410,NGII,202410
라마44b28a,,,,NGII,202410,NGII,202410
라마44b28b,,,,NGII,202410,NGII,202410
라마44b29a,,,,NGII,202410,NGII,202410
라마44b29b,,,,NGII,202410,NGII,202410
라마44b30a,,,,NGII,202410,NGII,202410
라마44b30b,7.0,0.0,0.0,NGII,202410,NGII,202410
라마44b31a,19.0,11.0,0.5789473684210527,NGII,202410,NGII,202410
라마44b31b,,,,NGII,202410,NGII,202410
라마44b32a,0.0,0.0,,NGII,202410,NGII,202410
라마44b32b,29.0,23.0,0.7931034482758621,NGII,202410,NGII,202410
라마44b33a,19.0,12.0,0.631578947368421,NGII,202410,NGII,202410
라마44b33b,14.0,8.0,0.5714285714285714,NGII,202410,NGII,202410
라마44b34a,7.0,0.0,0.0,NGII,202410,NGII,202410
라마44b34b,0.0,,,NGII,202410,NGII,202410
라마45a15b,,,,NGII,202410,NGII,202410
라마45a16a,7.0,,,NGII,202410,NGII,202410
라마45a16b,0.0,0.0,,NGII,202410,NGII,202410
라마45a17a,,,,NGII,202410,NGII,202410
라마45a17b,,,,NGII,202410,NGII,202410
라마45a18a,0.0,0.0,,NGII,202410,NGII,202410
라마45a18b,54.0,37.0,0.6851851851851852,NGII,202410,NGII,202410
라마45a19a,0.0,0.0,,NGII,202410,NGII,202410
라마45a19b,0.0,,,NGII,202410,NGII,202410
라마45a20a,,,,NGII,202410,NGII,202410
라마45a20b,,,,NGII,202410,NGII,202410
라마45a21a,0.0,0.0,,NGII,202410,NGII,202410
라마45a21b,,,,NGII,202410,NGII,202410
라마45a22a,,,,NGII,202410,NGII,202410
라마45a22b,,,,NGII,202410,NGII,202410
라마45a23a,,,,NGII,202410,NGII,202410
라마45a23b,,,,NGII,202410,NGII,202410
라마45a24a,,,,NGII,202410,NGII,202410
라마45a24b,,,,NGII,202410,NGII,202410
라마45a25a,,,,NGII,202410,NGII,202410
라마45a25b,32.0,19.0,0.59375,NGII,202410,NGII,202410
라마45a26a,17.0,11.0,0.6470588235294118,NGII,202410,NGII,202410
라마45a26b,0.0,0.0,,NGII,202410,NGII,202410
라마45a27a,,,,NGII,202410,NGII,202410
라마45a27b,0.0,0.0,,NGII,202410,NGII,202410
라마45a28a,,,,NGII,202410,NGII,202410
라마45a28b,,,,NGII,202410,NGII,202410
라마45a29a,,,,NGII,202410,NGII,202410
라마45a29b,,,,NGII,202410,NGII,202410
라마45a30a,,,,NGII,202410,NGII,202410
라마45a30b,,,,NGII,202410,NGII,202410
라마45a31a,7.0,0.0,0.0,NGII,202410,NGII,202410
라마45a31b,,,,NGII,202410,NGII,202410
라마45a32a,13.0,9.0,0.6923076923076923,NGII,202410,NGII,202410
라마45a32b,,,,NGII,202410,NGII,202410
라마45a33a,0.0,0.0,,NGII,202410,NGII,202410
라마45a33b,0.0,,,NGII,202410,NGII,202410
라마45a34a,0.0,0.0,,NGII,202410,NGII,202410
라마45a34b,,,,NGII,202410,NGII,202410
라마45a35b,,,,NGII,202410,NGII,202410
라마45a36a,,,,NGII,202410,NGII,202410
라마45b16a,0.0,,,NGII,202410,NGII,202410
라마45b16b,19.0,14.0,0.7368421052631579,NGII,202410,NGII,202410
라마45b17a,10.0,0.0,0.0,NGII,202410,NGII,202410
라마45b17b,0.0,0.0,,NGII,202410,NGII,202410
라마45b18a,13.0,10.0,0.7692307692307693,NGII,202410,NGII,202410
라마45b18b,14.0,7.0,0.5,NGII,202410,NGII,202410
라마45b19a,0.0,0.0,,NGII,202410,NGII,202410
라마45b19b,19.0,14.0,0.7368421052631579,NGII,202410,NGII,202410
라마45b20a,0.0,0.0,,NGII,202410,NGII,202410
라마45b20b,0.0,0.0,,NGII,202410,NGII,202410
라마45b21a,0.0,,,NGII,202410,NGII,202410
라마45b21b,,,,NGII,202410,NGII,202410
라마45b22a,,,,NGII,202410,NGII,202410
라마45b22b,,,,NGII,202410,NGII,202410
라마45b23a,,,,NGII,202410,NGII,202410
라마45b23b,,,,NGII,202410,NGII,202410
라마45b24a,,,,NGII,202410,NGII,202410
라마45b24b,,,,NGII,202410,NGII,202410
라마45b25a,,,,NGII,202410,NGII,202410
라마45b25b,11.0,6.0,0.5454545454545454,NGII,202410,NGII,202410
라마45b26a,14.0,0.0,0.0,NGII,202410,NGII,202410
라마45b26b,,,,NGII,202410,NGII,202410
라마45b27a,,,,NGII,202410,NGII,202410
라마45b27b,,,,NGII,202410,NGII,202410
라마45b28a,,,,NGII,202410,NGII,202410
라마45b28b,0.0,0.0,,NGII,202410,NGII,202410
라마45b29a,10.0,8.0,0.8,NGII,202410,NGII,202410
라마45b29b,,,,NGII,202410,NGII,202410
라마45b30a,,,,NGII,202410,NGII,202410
라마45b30b,,,,NGII,202410,NGII,202410
라마45b31a,,,,NGII,202410,NGII,202410
라마45b31b,,,,NGII,202410,NGII,202410
라마45b32a,23.0,14.0,0.6086956521739131,NGII,202410,NGII,202410
라마45b32b,19.0,10.0,0.5263157894736842,NGII,202410,NGII,202410
라마45b33a,35.0,13.0,0.37142857142857144,NGII,202410,NGII,202410
라마45b33b,20.0,10.0,0.5,NGII,202410,NGII,202410
라마45b34a,,,,NGII,202410,NGII,202410
라마45b34b,,,,NGII,202410,NGII,202410
라마45b35a,,,,NGII,202410,NGII,202410
라마45b35b,,,,NGII,202410,NGII,202410
라마45b36a,0.0,0.0,,NGII,202410,NGII,202410
라마45b36b,8.0,7.0,0.875,NGII,202410,NGII,202410
라마45b37a,11.0,10.0,0.9090909090909091,NGII,202410,NGII,202410
라마45b37b,,,,NGII,202410,NGII,202410
라마46a15a,6.0,0.0,0.0,NGII,202410,NGII,202410
라마46a15b,,,,NGII,202410,NGII,202410
라마46a16a,7.0,,,NGII,202410,NGII,202410
라마46a16b,,,,NGII,202410,NGII,202410
라마46a17a,27.0,18.0,0.6666666666666666,NGII,202410,NGII,202410
라마46a17b,25.0,15.0,0.6,NGII,202410,NGII,202410
라마46a18a,0.0,0.0,,NGII,202410,NGII,202410
라마46a18b,,,,NGII,202410,NGII,202410
라마46a19a,0.0,,,NGII,202410,NGII,202410
라마46a19b,14.0,6.0,0.42857142857142855,NGII,202410,NGII,202410
라마46a20a,28.0,19.0,0.6785714285714286,NGII,202410,NGII,202410
라마46a20b,0.0,0.0,,NGII,202410,NGII,202410
라마46a21a,,,,NGII,202410,NGII,202410
라마46a21b,,,,NGII,202410,NGII,202410
라마46a22a,,,,NGII,202410,NGII,202410
라마46a22b,,,,NGII,202410,NGII,202410
라마46a23a,,,,NGII,202410,NGII,202410
라마46a23b,,,,NGII,202410,NGII,202410
라마46a24a,0.0,,,NGII,202410,NGII,202410
라마46a24b,11.0,0.0,0.0,NGII,202410,NGII,202410
라마46a25a,28.0,10.0,0.35714285714285715,NGII,202410,NGII,202410
라마46a25b,18.0,6.0,0.3333333333333333,NGII,202410,NGII,202410
라마46a26a,0.0,0.0,,NGII,202410,NGII,202410
라마46a26b,0.0,0.0,,NGII,202410,NGII,202410
라마46a27a,,,,NGII,202410,NGII,202410
라마46a27b,,,,NGII,202410,NGII,202410
라마46a28a,,,,NGII,202410,NGII,202410
라마46a28b,,,,NGII,202410,NGII,202410
라마46a29a,0.0,0.0,,NGII,202410,NGII,202410
라마46a29b,8.0,0.0,0.0,NGII,202410,NGII,202410
라마46a30a,,,,NGII,202410,NGII,202410
라마46a30b,,,,NGII,202410,NGII,202410
라마46a31a,,,,NGII,202410,NGII,202410
라마46a31b,,,,NGII,202410,NGII,202410
라마46a32a,,,,NGII,202410,NGII,202410
라마46a32b,0.0,0.0,,NGII,202410,NGII,202410
라마46a33a,0.0,0.0,,NGII,202410,NGII,202410
라마46a33b,,,,NGII,202410,NGII,202410
라마46a34a,,,,NGII,202410,NGII,202410
라마46a34b,,,,NGII,202410,NGII,202410
라마46a35a,,,,NGII,202410,NGII,202410
라마46a35b,0.0,,,NGII,202410,NGII,202410
라마46a36a,,,,NGII,202410,NGII,202410
라마46a36b,0.0,0.0,,NGII,202410,NGII,202410
라마46a37a,,,,NGII,202410,NGII,202410
라마46a37b,,,,NGII,202410,NGII,202410
라마46a38a,,,,NGII,202410,NGII,202410
라마46b14b,,,,NGII,202410,NGII,202410
라마46b15a,12.0,7.0,0.5833333333333334,NGII,202410,NGII,202410
라마46b15b,18.0,11.0,0.6111111111111112,NGII,202410,NGII,202410
라마46b16a,0.0,,,NGII,202410,NGII,202410
라마46b16b,0.0,0.0,,NGII,202410,NGII,202410
라마46b17a,0.0,,,NGII,202410,NGII,202410
라마46b17b,0.0,0.0,,NGII,202410,NGII,202410
라마46b18a,17.0,11.0,0.6470588235294118,NGII,202410,NGII,202410
라마46b18b,,,,NGII,202410,NGII,202410
라마46b19a,,,,NGII,202410,NGII,202410
라마46b19b,19.0,15.0,0.7894736842105263,NGII,202410,NGII,202410
라마46b20a,,,,NGII,202410,NGII,202410
라마46b20b,,,,NGII,202410,NGII,202410
라마46b21a,12.0,9.0,0.75,NGII,202410,NGII,202410
라마46b21b,,,,NGII,202410,NGII,202410
라마46b22a,,,,NGII,202410,NGII,202410
라마46b22b,,,,NGII,202410,NGII,202410
라마46b23a,,,,NGII,202410,NGII,202410
라마46b23b,35.0,20.0,0.5714285714285714,NGII,202410,NGII,202410
라마46b24a,0.0,0.0,,NGII,202410,NGII,202410
라마46b24b,13.0,8.0,0.6153846153846154,NGII,202410,NGII,202410
라마46b25a,250.0,136.0,0.544,NGII,202410,NGII,202410
라마46b25b,0.0,0.0,,NGII,202410,NGII,202410
라마46b26a,,,,NGII,202410,NGII,202410
라마46b26b,,,,NGII,202410,NGII,202410
라마46b27a,,,,NGII,202410,NGII,202410
라마46b27b,,,,NGII,202410,NGII,202410
라마46b28a,,,,NGII,202410,NGII,202410
라마46b28b,,,,NGII,202410,NGII,202410
라마46b29a,,,,NGII,202410,NGII,202410
라마46b29b,,,,NGII,202410,NGII,202410
라마46b30a,,,,NGII,202410,NGII,202410
라마46b30b,,,,NGII,202410,NGII,202410
라마46b31a,,,,NGII,202410,NGII,202410
라마46b31b,,,,NGII,202410,NGII,202410
라마46b32a,,,,NGII,202410,NGII,202410
라마46b32b,0.0,,,NGII,202410,NGII,202410
라마46b33a,0.0,0.0,,NGII,202410,NGII,202410
라마46b33b,0.0,,,NGII,202410,NGII,202410
라마46b34a,6.0,0.0,0.0,NGII,202410,NGII,202410
라마46b34b,0.0,0.0,,NGII,202410,NGII,202410
라마46b35a,6.0,0.0,0.0,NGII,202410,NGII,202410
라마46b35b,,,,NGII,202410,NGII,202410
라마46b36a,0.0,0.0,,NGII,202410,NGII,202410
라마46b36b,,,,NGII,202410,NGII,202410
라마46b37a,0.0,0.0,,NGII,202410,NGII,202410
라마46b37b,0.0,,,NGII,202410,NGII,202410
라마46b38a,,,,NGII,202410,NGII,202410
라마47a14b,,,,NGII,202410,NGII,202410
라마47a15a,,,,NGII,202410,NGII,202410
라마47a15b,55.0,37.0,0.6727272727272727,NGII,202410,NGII,202410
라마47a16a,0.0,0.0,,NGII,202410,NGII,202410
라마47a16b,6.0,0.0,0.0,NGII,202410,NGII,202410
라마47a17a,0.0,0.0,,NGII,202410,NGII,202410
라마47a17b,10.0,6.0,0.6,NGII,202410,NGII,202410
라마47a18a,8.0,,,NGII,202410,NGII,202410
라마47a18b,,,,NGII,202410,NGII,202410
라마47a19a,0.0,,,NGII,202410,NGII,202410
라마47a19b,6.0,0.0,0.0,NGII,202410,NGII,202410
라마47a20a,,,,NGII,202410,NGII,202410
라마47a20b,0.0,0.0,,NGII,202410,NGII,202410
라마47a21a,39.0,22.0,0.5641025641025641,NGII,202410,NGII,202410
라마47a21b,21.0,9.0,0.42857142857142855,NGII,202410,NGII,202410
라마47a22a,9.0,0.0,0.0,NGII,202410,NGII,202410
라마47a22b,,,,NGII,202410,NGII,202410
라마47a23a,25.0,0.0,0.0,NGII,202410,NGII,202410
라마47a23b,0.0,0.0,,NGII,202410,NGII,202410
라마47a24a,17.0,8.0,0.47058823529411764,NGII,202410,NGII,202410
라마47a24b,76.0,37.0,0.4868421052631579,NGII,202410,NGII,202410
라마47a25a,52.0,33.0,0.6346153846153846,NGII,202410,NGII,202410
라마47a25b,0.0,,,NGII,202410,NGII,202410
라마47a26a,,,,NGII,202410,NGII,202410
라마47a26b,,,,NGII,202410,NGII,202410
라마47a27a,,,,NGII,202410,NGII,202410
라마47a27b,0.0,0.0,,NGII,202410,NGII,202410
라마47a28a,0.0,0.0,,NGII,202410,NGII,202410
라마47a28b,,,,NGII,202410,NGII,202410
라마47a29a,,,,NGII,202410,NGII,202410
라마47a29b,,,,NGII,202410,NGII,202410
라마47a30a,,,,NGII,202410,NGII,202410
라마47a30b,,,,NGII,202410,NGII,202410
라마47a31a,,,,NGII,202410,NGII,202410
라마47a31b,,,,NGII,202410,NGII,202410
라마47a32a,,,,NGII,202410,NGII,202410
라마47a32b,,,,NGII,202410,NGII,202410
라마47a33a,0.0,,,NGII,202410,NGII,202410
라마47a33b,16.0,13.0,0.8125,NGII,202410,NGII,202410
라마47a34a,19.0,17.0,0.8947368421052632,NGII,202410,NGII,202410
라마47a34b,0.0,0.0,,NGII,202410,NGII,202410
라마47a35a,55.0,36.0,0.6545454545454545,NGII,202410,NGII,202410
라마47a35b,,,,NGII,202410,NGII,202410
라마47a36a,,,,NGII,202410,NGII,202410
라마47a36b,,,,NGII,202410,NGII,202410
라마47a37a,,,,NGII,202410,NGII,202410
라마47a37b,,,,NGII,202410,NGII,202410
라마47a38a,,,,NGII,202410,NGII,202410
라마47a38b,,,,NGII,202410,NGII,202410
라마47a39a,0.0,0.0,,NGII,202410,NGII,202410
라마47b14a,,,,NGII,202410,NGII,202410
라마47b14b,,,,NGII,202410,NGII,202410
라마47b15a,,,,NGII,202410,NGII,202410
라마47b15b,6.0,0.0,0.0,NGII,202410,NGII,202410
라마47b16a,0.0,,,NGII,202410,NGII,202410
라마47b16b,53.0,34.0,0.6415094339622641,NGII,202410,NGII,202410
라마47b17a,45.0,30.0,0.6666666666666666,NGII,202410,NGII,202410
라마47b17b,,,,NGII,202410,NGII,202410
라마47b18a,,,,NGII,202410,NGII,202410
라마47b18b,8.0,7.0,0.875,NGII,202410,NGII,202410
라마47b19a,6.0,0.0,0.0,NGII,202410,NGII,202410
라마47b19b,12.0,11.0,0.9166666666666666,NGII,202410,NGII,202410
라마47b20a,0.0,0.0,,NGII,202410,NGII,202410
라마47b20b,8.0,0.0,0.0,NGII,202410,NGII,202410
라마47b21a,0.0,0.0,,NGII,202410,NGII,202410
라마47b21b,7.0,0.0,0.0,NGII,202410,NGII,202410
라마47b22a,0.0,0.0,,NGII,202410,NGII,202410
라마47b22b,,,,NGII,202410,NGII,202410
라마47b23a,67.0,34.0,0.5074626865671642,NGII,202410,NGII,202410
라마47b23b,0.0,,,NGII,202410,NGII,202410
라마47b24a,0.0,,,NGII,202410,NGII,202410
라마47b24b,0.0,,,NGII,202410,NGII,202410
라마47b25a,37.0,24.0,0.6486486486486487,NGII,202410,NGII,202410
라마47b25b,6.0,0.0,0.0,NGII,202410,NGII,202410
라마47b26a,,,,NGII,202410,NGII,202410
라마47b26b,9.0,0.0,0.0,NGII,202410,NGII,202410
라마47b27a,9.0,0.0,0.0,NGII,202410,NGII,202410
라마47b27b,34.0,22.0,0.6470588235294118,NGII,202410,NGII,202410
라마47b28a,0.0,0.0,,NGII,202410,NGII,202410
라마47b28b,0.0,0.0,,NGII,202410,NGII,202410
라마47b29a,,,,NGII,202410,NGII,202410
라마47b29b,,,,NGII,202410,NGII,202410
라마47b30a,,,,NGII,202410,NGII,202410
라마47b30b,,,,NGII,202410,NGII,202410
라마47b31a,,,,NGII,202410,NGII,202410
라마47b31b,,,,NGII,202410,NGII,202410
라마47b32a,0.0,0.0,,NGII,202410,NGII,202410
라마47b32b,0.0,,,NGII,202410,NGII,202410
라마47b33a,,,,NGII,202410,NGII,202410
라마47b33b,0.0,0.0,,NGII,202410,NGII,202410
라마47b34a,,,,NGII,202410,NGII,202410
라마47b34b,,,,NGII,202410,NGII,202410
라마47b35a,20.0,10.0,0.5,NGII,202410,NGII,202410
라마47b35b,0.0,0.0,,NGII,202410,NGII,202410
라마47b36a,,,,NGII,202410,NGII,202410
라마47b36b,,,,NGII,202410,NGII,202410
라마47b37a,,,,NGII,202410,NGII,202410
라마47b37b,0.0,0.0,,NGII,202410,NGII,202410
라마47b38a,15.0,8.0,0.5333333333333333,NGII,202410,NGII,202410
라마47b38b,0.0,0.0,,NGII,202410,NGII,202410
라마47b39a,0.0,0.0,,NGII,202410,NGII,202410
라마47b39b,,,,NGII,202410,NGII,202410
라마48a13b,63.0,42.0,0.6666666666666666,NGII,202410,NGII,202410
라마48a14a,0.0,0.0,,NGII,202410,NGII,202410
라마48a14b,44.0,21.0,0.4772727272727273,NGII,202410,NGII,202410
라마48a15a,24.0,13.0,0.5416666666666666,NGII,202410,NGII,202410
라마48a15b,206.0,95.0,0.46116504854368934,NGII,202410,NGII,202410
라마48a16a,,,,NGII,202410,NGII,202410
라마48a16b,0.0,,,NGII,202410,NGII,202410
라마48a17a,23.0,9.0,0.391304347826087,NGII,202410,NGII,202410
라마48a17b,,,,NGII,202410,NGII,202410
라마48a18a,,,,NGII,202410,NGII,202410
라마48a18b,13.0,9.0,0.6923076923076923,NGII,202410,NGII,202410
라마48a19a,13.0,9.0,0.6923076923076923,NGII,202410,NGII,202410
라마48a19b,,,,NGII,202410,NGII,202410
라마48a20a,,,,NGII,202410,NGII,202410
라마48a20b,,,,NGII,202410,NGII,202410
라마48a21a,27.0,27.0,1.0,NGII,202410,NGII,202410
라마48a21b,0.0,0.0,,NGII,202410,NGII,202410
라마48a22a,0.0,0.0,,NGII,202410,NGII,202410
라마48a22b,14.0,9.0,0.6428571428571429,NGII,202410,NGII,202410
라마48a23a,27.0,17.0,0.6296296296296297,NGII,202410,NGII,202410
라마48a23b,0.0,0.0,,NGII,202410,NGII,202410
라마48a24a,,,,NGII,202410,NGII,202410
라마48a24b,,,,NGII,202410,NGII,202410
라마48a25a,25.0,12.0,0.48,NGII,202410,NGII,202410
라마48a25b,7.0,0.0,0.0,NGII,202410,NGII,202410
라마48a26a,,,,NGII,202410,NGII,202410
라마48a26b,,,,NGII,202410,NGII,202410
라마48a27a,,,,NGII,202410,NGII,202410
라마48a27b,0.0,0.0,,NGII,202410,NGII,202410
라마48a28a,11.0,8.0,0.7272727272727273,NGII,202410,NGII,202410
라마48a28b,,,,NGII,202410,NGII,202410
라마48a29a,,,,NGII,202410,NGII,202410
라마48a29b,,,,NGII,202410,NGII,202410
라마48a30a,,,,NGII,202410,NGII,202410
라마48a30b,,,,NGII,202410,NGII,202410
라마48a31a,,,,NGII,202410,NGII,202410
라마48a31b,0.0,0.0,,NGII,202410,NGII,202410
라마48a32a,,,,NGII,202410,NGII,202410
라마48a32b,,,,NGII,202410,NGII,202410
라마48a33a,,,,NGII,202410,NGII,202410
라마48a33b,,,,NGII,202410,NGII,202410
라마48a34a,,,,NGII,202410,NGII,202410
라마48a34b,,,,NGII,202410,NGII,202410
라마48a35a,,,,NGII,202410,NGII,202410
라마48a35b,6.0,0.0,0.0,NGII,202410,NGII,202410
라마48a36a,0.0,,,NGII,202410,NGII,202410
라마48a36b,,,,NGII,202410,NGII,202410
라마48a37a,,,,NGII,202410,NGII,202410
라마48a37b,7.0,0.0,0.0,NGII,202410,NGII,202410
라마48a38a,26.0,22.0,0.8461538461538461,NGII,202410,NGII,202410
라마48a38b,16.0,9.0,0.5625,NGII,202410,NGII,202410
라마48a39a,0.0,0.0,,NGII,202410,NGII,202410
라마48a39b,,,,NGII,202410,NGII,202410
라마48b13b,0.0,0.0,,NGII,202410,NGII,202410
라마48b14a,10.0,0.0,0.0,NGII,202410,NGII,202410
라마48b14b,,,,NGII,202410,NGII,202410
라마48b15a,15.0,0.0,0.0,NGII,202410,NGII,202410
라마48b15b,51.0,20.0,0.39215686274509803,NGII,202410,NGII,202410
라마48b16a,0.0,0.0,,NGII,202410,NGII,202410
라마48b16b,11.0,0.0,0.0,NGII,202410,NGII,202410
라마48b17a,23.0,14.0,0.6086956521739131,NGII,202410,NGII,202410
라마48b17b,0.0,,,NGII,202410,NGII,202410
라마48b18a,0.0,,,NGII,202410,NGII,202410
라마48b18b,,,,NGII,202410,NGII,202410
라마48b19a,44.0,24.0,0.5454545454545454,NGII,202410,NGII,202410
라마48b19b,13.0,9.0,0.6923076923076923,NGII,202410,NGII,202410
라마48b20a,0.0,0.0,,NGII,202410,NGII,202410
라마48b20b,0.0,0.0,,NGII,202410,NGII,202410
라마48b21a,6.0,0.0,0.0,NGII,202410,NGII,202410
라마48b21b,0.0,0.0,,NGII,202410,NGII,202410
라마48b22a,11.0,7.0,0.6363636363636364,NGII,202410,NGII,202410
라마48b22b,7.0,7.0,1.0,NGII,202410,NGII,202410
라마48b23a,11.0,7.0,0.6363636363636364,NGII,202410,NGII,202410
라마48b23b,36.0,16.0,0.4444444444444444,NGII,202410,NGII,202410
라마48b24a,,,,NGII,202410,NGII,202410
라마48b24b,,,,NGII,202410,NGII,202410
라마48b25a,0.0,,,NGII,202410,NGII,202410
라마48b25b,8.0,0.0,0.0,NGII,202410,NGII,202410
라마48b26a,9.0,,,NGII,202410,NGII,202410
라마48b26b,0.0,0.0,,NGII,202410,NGII,202410
라마48b27a,,,,NGII,202410,NGII,202410
라마48b27b,,,,NGII,202410,NGII,202410
라마48b28a,10.0,9.0,0.9,NGII,202410,NGII,202410
라마48b28b,0.0,0.0,,NGII,202410,NGII,202410
라마48b29a,,,,NGII,202410,NGII,202410
라마48b29b,,,,NGII,202410,NGII,202410
라마48b30a,,,,NGII,202410,NGII,202410
라마48b30b,,,,NGII,202410,NGII,202410
라마48b31a,,,,NGII,202410,NGII,202410
라마48b31b,,,,NGII,202410,NGII,202410
라마48b32a,,,,NGII,202410,NGII,202410
라마48b32b,,,,NGII,202410,NGII,202410
라마48b33a,,,,NGII,202410,NGII,202410
라마48b33b,,,,NGII,202410,NGII,202410
라마48b34a,6.0,0.0,0.0,NGII,202410,NGII,202410
라마48b34b,14.0,11.0,0.7857142857142857,NGII,202410,NGII,202410
라마48b35a,10.0,0.0,0.0,NGII,202410,NGII,202410
라마48b35b,,,,NGII,202410,NGII,202410
라마48b36a,9.0,0.0,0.0,NGII,202410,NGII,202410
라마48b36b,22.0,15.0,0.6818181818181818,NGII,202410,NGII,202410
라마48b37a,,,,NGII,202410,NGII,202410
라마48b37b,,,,NGII,202410,NGII,202410
라마48b38a,0.0,0.0,,NGII,202410,NGII,202410
라마48b38b,,,,NGII,202410,NGII,202410
라마48b39a,,,,NGII,202410,NGII,202410
라마48b39b,,,,NGII,202410,NGII,202410
라마48b40a,,,,NGII,202410,NGII,202410
라마48b54a,,,,NGII,202410,NGII,202410
라마48b54b,0.0,0.0,,NGII,202410,NGII,202410
라마49a14a,0.0,0.0,,NGII,202410,NGII,202410
라마49a14b,,,,NGII,202410,NGII,202410
라마49a15a,0.0,0.0,,NGII,202410,NGII,202410
라마49a15b,,,,NGII,202410,NGII,202410
라마49a16a,,,,NGII,202410,NGII,202410
라마49a16b,16.0,9.0,0.5625,NGII,202410,NGII,202410
라마49a17a,,,,NGII,202410,NGII,202410
라마49a17b,8.0,7.0,0.875,NGII,202410,NGII,202410
라마49a18a,,,,NGII,202410,NGII,202410
라마49a18b,,,,NGII,202410,NGII,202410
라마49a19a,,,,NGII,202410,NGII,202410
라마49a19b,,,,NGII,202410,NGII,202410
라마49a20a,0.0,0.0,,NGII,202410,NGII,202410
라마49a20b,,,,NGII,202410,NGII,202410
라마49a21a,9.0,0.0,0.0,NGII,202410,NGII,202410
라마49a21b,8.0,0.0,0.0,NGII,202410,NGII,202410
라마49a22a,,,,NGII,202410,NGII,202410
라마49a22b,,,,NGII,202410,NGII,202410
라마49a23a,0.0,0.0,,NGII,202410,NGII,202410
라마49a23b,20.0,11.0,0.55,NGII,202410,NGII,202410
라마49a24a,35.0,18.0,0.5142857142857142,NGII,202410,NGII,202410
라마49a24b,14.0,12.0,0.8571428571428571,NGII,202410,NGII,202410
라마49a25a,6.0,0.0,0.0,NGII,202410,NGII,202410
라마49a25b,0.0,0.0,,NGII,202410,NGII,202410
라마49a26a,,,,NGII,202410,NGII,202410
라마49a26b,,,,NGII,202410,NGII,202410
라마49a27a,6.0,0.0,0.0,NGII,202410,NGII,202410
라마49a27b,,,,NGII,202410,NGII,202410
라마49a28a,6.0,0.0,0.0,NGII,202410,NGII,202410
라마49a28b,6.0,6.0,1.0,NGII,202410,NGII,202410
라마49a29a,0.0,0.0,,NGII,202410,NGII,202410
라마49a29b,,,,NGII,202410,NGII,202410
라마49a30a,,,,NGII,202410,NGII,202410
라마49a30b,,,,NGII,202410,NGII,202410
라마49a31a,,,,NGII,202410,NGII,202410
라마49a31b,0.0,,,NGII,202410,NGII,202410
라마49a32a,,,,NGII,202410,NGII,202410
라마49a32b,,,,NGII,202410,NGII,202410
라마49a33a,,,,NGII,202410,NGII,202410
라마49a33b,,,,NGII,202410,NGII,202410
라마49a34a,,,,NGII,202410,NGII,202410
라마49a34b,12.0,0.0,0.0,NGII,202410,NGII,202410
라마49a35a,0.0,0.0,,NGII,202410,NGII,202410
라마49a35b,0.0,0.0,,NGII,202410,NGII,202410
라마49a36a,,,,NGII,202410,NGII,202410
라마49a36b,137.0,73.0,0.5328467153284672,NGII,202410,NGII,202410
라마49a37a,33.0,11.0,0.3333333333333333,NGII,202410,NGII,202410
라마49a37b,,,,NGII,202410,NGII,202410
라마49a38a,,,,NGII,202410,NGII,202410
라마49a38b,,,,NGII,202410,NGII,202410
라마49a39a,,,,NGII,202410,NGII,202410
라마49a39b,,,,NGII,202410,NGII,202410
라마49a40a,,,,NGII,202410,NGII,202410
라마49a50b,,,,NGII,202410,NGII,202410
라마49a54a,,,,NGII,202410,NGII,202410
라마49a54b,,,,NGII,202410,NGII,202410
라마49a55a,0.0,0.0,,NGII,202410,NGII,202410
라마49b13b,,,,NGII,202410,NGII,202410
라마49b14a,,,,NGII,202410,NGII,202410
라마49b14b,,,,NGII,202410,NGII,202410
라마49b15a,,,,NGII,202410,NGII,202410
라마49b15b,,,,NGII,202410,NGII,202410
라마49b16a,17.0,9.0,0.5294117647058824,NGII,202410,NGII,202410
라마49b16b,0.0,0.0,,NGII,202410,NGII,202410
라마49b17a,,,,NGII,202410,NGII,202410
라마49b17b,27.0,18.0,0.6666666666666666,NGII,202410,NGII,202410
라마49b18a,,,,NGII,202410,NGII,202410
라마49b18b,0.0,,,NGII,202410,NGII,202410
라마49b19a,,,,NGII,202410,NGII,202410
라마49b19b,0.0,0.0,,NGII,202410,NGII,202410
라마49b20a,,,,NGII,202410,NGII,202410
라마49b20b,,,,NGII,202410,NGII,202410
라마49b21a,0.0,0.0,,NGII,202410,NGII,202410
라마49b21b,0.0,,,NGII,202410,NGII,202410
라마49b22a,,,,NGII,202410,NGII,202410
라마49b22b,0.0,0.0,,NGII,202410,NGII,202410
라마49b23a,0.0,,,NGII,202410,NGII,202410
라마49b23b,31.0,23.0,0.7419354838709677,NGII,202410,NGII,202410
라마49b24a,20.0,17.0,0.85,NGII,202410,NGII,202410
라마49b24b,19.0,14.0,0.7368421052631579,NGII,202410,NGII,202410
라마49b25a,42.0,20.0,0.47619047619047616,NGII,202410,NGII,202410
라마49b25b,12.0,8.0,0.6666666666666666,NGII,202410,NGII,202410
라마49b26a,,,,NGII,202410,NGII,202410
라마49b26b,,,,NGII,202410,NGII,202410
라마49b27a,,,,NGII,202410,NGII,202410
라마49b27b,32.0,25.0,0.78125,NGII,202410,NGII,202410
라마49b28a,,,,NGII,202410,NGII,202410
라마49b28b,0.0,0.0,,NGII,202410,NGII,202410
라마49b29a,,,,NGII,202410,NGII,202410
라마49b29b,,,,NGII,202410,NGII,202410
라마49b30a,,,,NGII,202410,NGII,202410
라마49b30b,,,,NGII,202410,NGII,202410
라마49b31a,,,,NGII,202410,NGII,202410
라마49b31b,,,,NGII,202410,NGII,202410
라마49b32a,,,,NGII,202410,NGII,202410
라마49b32b,,,,NGII,202410,NGII,202410
라마49b33a,,,,NGII,202410,NGII,202410
라마49b33b,,,,NGII,202410,NGII,202410
라마49b34a,,,,NGII,202410,NGII,202410
라마49b34b,,,,NGII,202410,NGII,202410
라마49b35a,,,,NGII,202410,NGII,202410
라마49b35b,6.0,0.0,0.0,NGII,202410,NGII,202410
라마49b36a,10.0,7.0,0.7,NGII,202410,NGII,202410
라마49b36b,,,,NGII,202410,NGII,202410
라마49b37a,,,,NGII,202410,NGII,202410
라마49b37b,0.0,0.0,,NGII,202410,NGII,202410
라마49b38a,35.0,27.0,0.7714285714285715,NGII,202410,NGII,202410
라마49b38b,,,,NGII,202410,NGII,202410
라마49b39a,,,,NGII,202410,NGII,202410
라마49b39b,,,,NGII,202410,NGII,202410
라마49b40a,,,,NGII,202410,NGII,202410
라마49b40b,,,,NGII,202410,NGII,202410
라마49b41a,,,,NGII,202410,NGII,202410
라마49b41b,,,,NGII,202410,NGII,202410
라마49b42a,,,,NGII,202410,NGII,202410
라마49b50b,,,,NGII,202410,NGII,202410
라마49b51a,,,,NGII,202410,NGII,202410
라마49b52a,,,,NGII,202410,NGII,202410
라마49b52b,,,,NGII,202410,NGII,202410
라마49b53b,,,,NGII,202410,NGII,202410
라마49b54a,0.0,0.0,,NGII,202410,NGII,202410
라마49b54b,16.0,13.0,0.8125,NGII,202410,NGII,202410
라마49b55a,,,,NGII,202410,NGII,202410
라마49b55b,,,,NGII,202410,NGII,202410
라마49b56a,0.0,,,NGII,202410,NGII,202410
라마50a13b,,,,NGII,202410,NGII,202410
라마50a14a,,,,NGII,202410,NGII,202410
라마50a14b,,,,NGII,202410,NGII,202410
라마50a15a,,,,NGII,202410,NGII,202410
라마50a15b,0.0,0.0,,NGII,202410,NGII,202410
라마50a16a,56.0,40.0,0.7142857142857143,NGII,202410,NGII,202410
라마50a16b,,,,NGII,202410,NGII,202410
라마50a17a,,,,NGII,202410,NGII,202410
라마50a17b,0.0,,,NGII,202410,NGII,202410
라마50a18a,,,,NGII,202410,NGII,202410
라마50a18b,,,,NGII,202410,NGII,202410
라마50a19a,7.0,0.0,0.0,NGII,202410,NGII,202410
라마50a19b,34.0,23.0,0.6764705882352942,NGII,202410,NGII,202410
라마50a20a,,,,NGII,202410,NGII,202410
라마50a20b,,,,NGII,202410,NGII,202410
라마50a21a,25.0,18.0,0.72,NGII,202410,NGII,202410
라마50a21b,,,,NGII,202410,NGII,202410
라마50a22a,,,,NGII,202410,NGII,202410
라마50a22b,,,,NGII,202410,NGII,202410
라마50a23a,12.0,0.0,0.0,NGII,202410,NGII,202410
라마50a23b,19.0,11.0,0.5789473684210527,NGII,202410,NGII,202410
라마50a24a,8.0,7.0,0.875,NGII,202410,NGII,202410
라마50a24b,0.0,,,NGII,202410,NGII,202410
라마50a25a,8.0,0.0,0.0,NGII,202410,NGII,202410
라마50a25b,29.0,15.0,0.5172413793103449,NGII,202410,NGII,202410
라마50a26a,,,,NGII,202410,NGII,202410
라마50a26b,,,,NGII,202410,NGII,202410
라마50a27a,,,,NGII,202410,NGII,202410
라마50a27b,0.0,0.0,,NGII,202410,NGII,202410
라마50a28a,0.0,0.0,,NGII,202410,NGII,202410
라마50a28b,29.0,15.0,0.5172413793103449,NGII,202410,NGII,202410
라마50a29a,,,,NGII,202410,NGII,202410
라마50a29b,,,,NGII,202410,NGII,202410
라마50a30a,,,,NGII,202410,NGII,202410
라마50a30b,0.0,,,NGII,202410,NGII,202410
라마50a31a,,,,NGII,202410,NGII,202410
라마50a31b,,,,NGII,202410,NGII,202410
라마50a32a,,,,NGII,202410,NGII,202410
라마50a32b,,,,NGII,202410,NGII,202410
라마50a33a,,,,NGII,202410,NGII,202410
라마50a33b,,,,NGII,202410,NGII,202410
라마50a34a,,,,NGII,202410,NGII,202410
라마50a34b,,,,NGII,202410,NGII,202410
라마50a35a,0.0,0.0,,NGII,202410,NGII,202410
라마50a35b,,,,NGII,202410,NGII,202410
라마50a36a,,,,NGII,202410,NGII,202410
라마50a36b,,,,NGII,202410,NGII,202410
라마50a37a,0.0,0.0,,NGII,202410,NGII,202410
라마50a37b,0.0,,,NGII,202410,NGII,202410
라마50a38a,25.0,20.0,0.8,NGII,202410,NGII,202410
라마50a38b,7.0,0.0,0.0,NGII,202410,NGII,202410
라마50a39a,23.0,16.0,0.6956521739130435,NGII,202410,NGII,202410
라마50a39b,7.0,0.0,0.0,NGII,202410,NGII,202410
라마50a40a,0.0,0.0,,NGII,202410,NGII,202410
라마50a40b,,,,NGII,202410,NGII,202410
라마50a41a,,,,NGII,202410,NGII,202410
라마50a41b,,,,NGII,202410,NGII,202410
라마50a42a,,,,NGII,202410,NGII,202410
라마50a42b,,,,NGII,202410,NGII,202410
라마50a49b,,,,NGII,202410,NGII,202410
라마50a50a,,,,NGII,202410,NGII,202410
라마50a50b,,,,NGII,202410,NGII,202410
라마50a51a,,,,NGII,202410,NGII,202410
라마50a51b,,,,NGII,202410,NGII,202410
라마50a52a,,,,NGII,202410,NGII,202410
라마50a52b,,,,NGII,202410,NGII,202410
라마50a53a,,,,NGII,202410,NGII,202410
라마50a53b,,,,NGII,202410,NGII,202410
라마50a54a,0.0,0.0,,NGII,202410,NGII,202410
라마50a54b,10.0,0.0,0.0,NGII,202410,NGII,202410
라마50a55a,0.0,0.0,,NGII,202410,NGII,202410
라마50a55b,38.0,23.0,0.6052631578947368,NGII,202410,NGII,202410
라마50a56a,80.0,70.0,0.875,NGII,202410,NGII,202410
라마50b12b,,,,NGII,202410,NGII,202410
라마50b13a,,,,NGII,202410,NGII,202410
라마50b13b,,,,NGII,202410,NGII,202410
라마50b14a,,,,NGII,202410,NGII,202410
라마50b14b,,,,NGII,202410,NGII,202410
라마50b15a,,,,NGII,202410,NGII,202410
라마50b15b,,,,NGII,202410,NGII,202410
라마50b16a,0.0,0.0,,NGII,202410,NGII,202410
라마50b16b,0.0,,,NGII,202410,NGII,202410
라마50b17a,,,,NGII,202410,NGII,202410
라마50b17b,,,,NGII,202410,NGII,202410
라마50b18a,0.0,0.0,,NGII,202410,NGII,202410
라마50b18b,,,,NGII,202410,NGII,202410
라마50b19a,,,,NGII,202410,NGII,202410
라마50b19b,,,,NGII,202410,NGII,202410
라마50b20a,,,,NGII,202410,NGII,202410
라마50b20b,,,,NGII,202410,NGII,202410
라마50b21a,33.0,10.0,0.30303030303030304,NGII,202410,NGII,202410
라마50b21b,0.0,,,NGII,202410,NGII,202410
라마50b22a,,,,NGII,202410,NGII,202410
라마50b22b,,,,NGII,202410,NGII,202410
라마50b23a,11.0,0.0,0.0,NGII,202410,NGII,202410
라마50b23b,,,,NGII,202410,NGII,202410
라마50b24a,,,,NGII,202410,NGII,202410
라마50b24b,,,,NGII,202410,NGII,202410
라마50b25a,49.0,34.0,0.6938775510204082,NGII,202410,NGII,202410
라마50b25b,0.0,,,NGII,202410,NGII,202410
라마50b26a,0.0,0.0,,NGII,202410,NGII,202410
라마50b26b,,,,NGII,202410,NGII,202410
라마50b27a,0.0,0.0,,NGII,202410,NGII,202410
라마50b27b,,,,NGII,202410,NGII,202410
라마50b28a,0.0,,,NGII,202410,NGII,202410
라마50b28b,12.0,0.0,0.0,NGII,202410,NGII,202410
라마50b29a,,,,NGII,202410,NGII,202410
라마50b29b,,,,NGII,202410,NGII,202410
라마50b30a,,,,NGII,202410,NGII,202410
라마50b30b,,,,NGII,202410,NGII,202410
라마50b31a,,,,NGII,202410,NGII,202410
라마50b31b,6.0,0.0,0.0,NGII,202410,NGII,202410
라마50b32a,,,,NGII,202410,NGII,202410
라마50b32b,8.0,0.0,0.0,NGII,202410,NGII,202410
라마50b33a,16.0,8.0,0.5,NGII,202410,NGII,202410
라마50b33b,31.0,22.0,0.7096774193548387,NGII,202410,NGII,202410
라마50b34a,0.0,0.0,,NGII,202410,NGII,202410
라마50b34b,6.0,0.0,0.0,NGII,202410,NGII,202410
라마50b35a,0.0,0.0,,NGII,202410,NGII,202410
라마50b35b,,,,NGII,202410,NGII,202410
라마50b36a,,,,NGII,202410,NGII,202410
라마50b36b,,,,NGII,202410,NGII,202410
라마50b37a,,,,NGII,202410,NGII,202410
라마50b37b,0.0,0.0,,NGII,202410,NGII,202410
라마50b38a,0.0,0.0,,NGII,202410,NGII,202410
라마50b38b,0.0,,,NGII,202410,NGII,202410
라마50b39a,,,,NGII,202410,NGII,202410
라마50b39b,,,,NGII,202410,NGII,202410
라마50b40a,,,,NGII,202410,NGII,202410
라마50b40b,,,,NGII,202410,NGII,202410
라마50b41a,,,,NGII,202410,NGII,202410
라마50b41b,,,,NGII,202410,NGII,202410
라마50b42a,,,,NGII,202410,NGII,202410
라마50b42b,,,,NGII,202410,NGII,202410
라마50b48a,,,,NGII,202410,NGII,202410
라마50b48b,,,,NGII,202410,NGII,202410
라마50b49a,,,,NGII,202410,NGII,202410
라마50b49b,,,,NGII,202410,NGII,202410
라마50b50a,,,,NGII,202410,NGII,202410
라마50b50b,,,,NGII,202410,NGII,202410
라마50b51a,,,,NGII,202410,NGII,202410
라마50b51b,,,,NGII,202410,NGII,202410
라마50b52a,,,,NGII,202410,NGII,202410
라마50b52b,,,,NGII,202410,NGII,202410
라마50b53a,,,,NGII,202410,NGII,202410
라마50b53b,,,,NGII,202410,NGII,202410
라마50b54a,,,,NGII,202410,NGII,202410
라마50b54b,0.0,,,NGII,202410,NGII,202410
라마50b55a,79.0,41.0,0.5189873417721519,NGII,202410,NGII,202410
라마50b55b,,,,NGII,202410,NGII,202410
라마50b56a,,,,NGII,202410,NGII,202410
라마50b56b,,,,NGII,202410,NGII,202410
라마51a12a,,,,NGII,202410,NGII,202410
라마51a12b,,,,NGII,202410,NGII,202410
라마51a13a,,,,NGII,202410,NGII,202410
라마51a13b,,,,NGII,202410,NGII,202410
라마51a14a,,,,NGII,202410,NGII,202410
라마51a14b,,,,NGII,202410,NGII,202410
라마51a15a,0.0,0.0,,NGII,202410,NGII,202410
라마51a15b,,,,NGII,202410,NGII,202410
라마51a16a,,,,NGII,202410,NGII,202410
라마51a16b,0.0,,,NGII,202410,NGII,202410
라마51a17a,,,,NGII,202410,NGII,202410
라마51a17b,0.0,,,NGII,202410,NGII,202410
라마51a18a,8.0,0.0,0.0,NGII,202410,NGII,202410
라마51a18b,0.0,0.0,,NGII,202410,NGII,202410
라마51a19a,,,,NGII,202410,NGII,202410
라마51a19b,,,,NGII,202410,NGII,202410
라마51a20a,,,,NGII,202410,NGII,202410
라마51a20b,,,,NGII,202410,NGII,202410
라마51a21a,,,,NGII,202410,NGII,202410
라마51a21b,,,,NGII,202410,NGII,202410
라마51a22a,,,,NGII,202410,NGII,202410
라마51a22b,,,,NGII,202410,NGII,202410
라마51a23a,,,,NGII,202410,NGII,202410
라마51a23b,13.0,8.0,0.6153846153846154,NGII,202410,NGII,202410
라마51a24a,,,,NGII,202410,NGII,202410
라마51a24b,,,,NGII,202410,NGII,202410
라마51a25a,,,,NGII,202410,NGII,202410
라마51a25b,,,,NGII,202410,NGII,202410
라마51a26a,39.0,25.0,0.6410256410256411,NGII,202410,NGII,202410
라마51a26b,,,,NGII,202410,NGII,202410
라마51a27a,,,,NGII,202410,NGII,202410
라마51a27b,,,,NGII,202410,NGII,202410
라마51a28a,30.0,20.0,0.6666666666666666,NGII,202410,NGII,202410
라마51a28b,90.0,63.0,0.7,NGII,202410,NGII,202410
라마51a29a,,,,NGII,202410,NGII,202410
라마51a29b,,,,NGII,202410,NGII,202410
라마51a30a,,,,NGII,202410,NGII,202410
라마51a30b,,,,NGII,202410,NGII,202410
라마51a31a,,,,NGII,202410,NGII,202410
라마51a31b,,,,NGII,202410,NGII,202410
라마51a32a,9.0,0.0,0.0,NGII,202410,NGII,202410
라마51a32b,0.0,,,NGII,202410,NGII,202410
라마51a33a,,,,NGII,202410,NGII,202410
라마51a33b,23.0,16.0,0.6956521739130435,NGII,202410,NGII,202410
라마51a34a,38.0,23.0,0.6052631578947368,NGII,202410,NGII,202410
라마51a34b,,,,NGII,202410,NGII,202410
라마51a35a,18.0,10.0,0.5555555555555556,NGII,202410,NGII,202410
라마51a35b,0.0,,,NGII,202410,NGII,202410
라마51a36a,,,,NGII,202410,NGII,202410
라마51a36b,,,,NGII,202410,NGII,202410
라마51a37a,0.0,,,NGII,202410,NGII,202410
라마51a37b,167.0,93.0,0.5568862275449101,NGII,202410,NGII,202410
라마51a38a,9.0,0.0,0.0,NGII,202410,NGII,202410
라마51a38b,,,,NGII,202410,NGII,202410
라마51a39a,,,,NGII,202410,NGII,202410
라마51a39b,,,,NGII,202410,NGII,202410
라마51a40a,,,,NGII,202410,NGII,202410
라마51a40b,0.0,0.0,,NGII,202410,NGII,202410
라마51a41a,,,,NGII,202410,NGII,202410
라마51a41b,,,,NGII,202410,NGII,202410
라마51a42a,,,,NGII,202410,NGII,202410
라마51a42b,,,,NGII,202410,NGII,202410
라마51a47b,,,,NGII,202410,NGII,202410
라마51a48a,,,,NGII,202410,NGII,202410
라마51a48b,,,,NGII,202410,NGII,202410
라마51a49a,,,,NGII,202410,NGII,202410
라마51a49b,,,,NGII,202410,NGII,202410
라마51a50a,16.0,0.0,0.0,NGII,202410,NGII,202410
라마51a50b,0.0,0.0,,NGII,202410,NGII,202410
라마51a51a,0.0,,,NGII,202410,NGII,202410
라마51a51b,,,,NGII,202410,NGII,202410
라마51a52a,,,,NGII,202410,NGII,202410
라마51a52b,,,,NGII,202410,NGII,202410
라마51a53a,,,,NGII,202410,NGII,202410
라마51a53b,,,,NGII,202410,NGII,202410
라마51a54a,,,,NGII,202410,NGII,202410
라마51a54b,,,,NGII,202410,NGII,202410
라마51a55a,9.0,6.0,0.6666666666666666,NGII,202410,NGII,202410
라마51a55b,,,,NGII,202410,NGII,202410
라마51a56a,,,,NGII,202410,NGII,202410
라마51a56b,,,,NGII,202410,NGII,202410
라마51b11a,,,,NGII,202410,NGII,202410
라마51b11b,,,,NGII,202410,NGII,202410
라마51b12a,,,,NGII,202410,NGII,202410
라마51b12b,,,,NGII,202410,NGII,202410
라마51b13a,,,,NGII,202410,NGII,202410
라마51b13b,,,,NGII,202410,NGII,202410
라마51b14a,,,,NGII,202410,NGII,202410
라마51b14b,26.0,17.0,0.6538461538461539,NGII,202410,NGII,202410
라마51b15a,,,,NGII,202410,NGII,202410
라마51b15b,,,,NGII,202410,NGII,202410
라마51b16a,,,,NGII,202410,NGII,202410
라마51b16b,,,,NGII,202410,NGII,202410
라마51b17a,,,,NGII,202410,NGII,202410
라마51b17b,,,,NGII,202410,NGII,202410
라마51b18a,11.0,7.0,0.6363636363636364,NGII,202410,NGII,202410
라마51b18b,0.0,,,NGII,202410,NGII,202410
라마51b19a,,,,NGII,202410,NGII,202410
라마51b19b,,,,NGII,202410,NGII,202410
라마51b20a,,,,NGII,202410,NGII,202410
라마51b20b,0.0,0.0,,NGII,202410,NGII,202410
라마51b21a,0.0,,,NGII,202410,NGII,202410
라마51b21b,,,,NGII,202410,NGII,202410
라마51b22a,,,,NGII,202410,NGII,202410
라마51b22b,,,,NGII,202410,NGII,202410
라마51b23a,,,,NGII,202410,NGII,202410
라마51b23b,,,,NGII,202410,NGII,202410
라마51b24a,,,,NGII,202410,NGII,202410
라마51b24b,,,,NGII,202410,NGII,202410
라마51b25a,,,,NGII,202410,NGII,202410
라마51b25b,,,,NGII,202410,NGII,202410
라마51b26a,,,,NGII,202410,NGII,202410
라마51b26b,,,,NGII,202410,NGII,202410
라마51b27a,,,,NGII,202410,NGII,202410
라마51b27b,,,,NGII,202410,NGII,202410
라마51b28a,12.0,9.0,0.75,NGII,202410,NGII,202410
라마51b28b,,,,NGII,202410,NGII,202410
라마51b29a,,,,NGII,202410,NGII,202410
라마51b29b,,,,NGII,202410,NGII,202410
라마51b30a,18.0,7.0,0.3888888888888889,NGII,202410,NGII,202410
라마51b30b,,,,NGII,202410,NGII,202410
라마51b31a,,,,NGII,202410,NGII,202410
라마51b31b,,,,NGII,202410,NGII,202410
라마51b32a,,,,NGII,202410,NGII,202410
라마51b32b,28.0,13.0,0.4642857142857143,NGII,202410,NGII,202410
라마51b33a,,,,NGII,202410,NGII,202410
라마51b33b,6.0,0.0,0.0,NGII,202410,NGII,202410
라마51b34a,,,,NGII,202410,NGII,202410
라마51b34b,,,,NGII,202410,NGII,202410
라마51b35a,,,,NGII,202410,NGII,202410
라마51b35b,10.0,0.0,0.0,NGII,202410,NGII,202410
라마51b36a,41.0,23.0,0.5609756097560976,NGII,202410,NGII,202410
라마51b36b,0.0,0.0,,NGII,202410,NGII,202410
라마51b37a,0.0,0.0,,NGII,202410,NGII,202410
라마51b37b,,,,NGII,202410,NGII,202410
라마51b38a,,,,NGII,202410,NGII,202410
라마51b38b,,,,NGII,202410,NGII,202410
라마51b39a,0.0,0.0,,NGII,202410,NGII,202410
라마51b39b,,,,NGII,202410,NGII,202410
라마51b40a,,,,NGII,202410,NGII,202410
라마51b40b,,,,NGII,202410,NGII,202410
라마51b41a,,,,NGII,202410,NGII,202410
라마51b41b,,,,NGII,202410,NGII,202410
라마51b47a,,,,NGII,202410,NGII,202410
라마51b47b,,,,NGII,202410,NGII,202410
라마51b48a,,,,NGII,202410,NGII,202410
라마51b48b,,,,NGII,202410,NGII,202410
라마51b49a,,,,NGII,202410,NGII,202410
라마51b49b,,,,NGII,202410,NGII,202410
라마51b50a,37.0,21.0,0.5675675675675675,NGII,202410,NGII,202410
라마51b50b,0.0,,,NGII,202410,NGII,202410
라마51b51a,0.0,0.0,,NGII,202410,NGII,202410
라마51b51b,20.0,10.0,0.5,NGII,202410,NGII,202410
라마51b52a,,,,NGII,202410,NGII,202410
라마51b52b,0.0,0.0,,NGII,202410,NGII,202410
라마51b53a,,,,NGII,202410,NGII,202410
라마51b53b,,,,NGII,202410,NGII,202410
라마51b54a,,,,NGII,202410,NGII,202410
라마51b54b,,,,NGII,202410,NGII,202410
라마51b55a,,,,NGII,202410,NGII,202410
라마51b55b,0.0,0.0,,NGII,202410,NGII,202410
라마51b56a,,,,NGII,202410,NGII,202410
라마51b56b,,,,NGII,202410,NGII,202410
라마51b57a,,,,NGII,202410,NGII,202410
라마52a10b,,,,NGII,202410,NGII,202410
라마52a11a,,,,NGII,202410,NGII,202410
라마52a11b,11.0,9.0,0.8181818181818182,NGII,202410,NGII,202410
라마52a12a,,,,NGII,202410,NGII,202410
라마52a12b,0.0,0.0,,NGII,202410,NGII,202410
라마52a13a,10.0,7.0,0.7,NGII,202410,NGII,202410
라마52a13b,,,,NGII,202410,NGII,202410
라마52a14a,0.0,,,NGII,202410,NGII,202410
라마52a14b,0.0,0.0,,NGII,202410,NGII,202410
라마52a15a,,,,NGII,202410,NGII,202410
라마52a15b,0.0,,,NGII,202410,NGII,202410
라마52a16a,,,,NGII,202410,NGII,202410
라마52a16b,,,,NGII,202410,NGII,202410
라마52a17a,,,,NGII,202410,NGII,202410
라마52a17b,,,,NGII,202410,NGII,202410
라마52a18a,,,,NGII,202410,NGII,202410
라마52a18b,,,,NGII,202410,NGII,202410
라마52a19a,,,,NGII,202410,NGII,202410
라마52a19b,,,,NGII,202410,NGII,202410
라마52a20a,,,,NGII,202410,NGII,202410
라마52a20b,,,,NGII,202410,NGII,202410
라마52a21a,0.0,0.0,,NGII,202410,NGII,202410
라마52a21b,,,,NGII,202410,NGII,202410
라마52a22a,,,,NGII,202410,NGII,202410
라마52a22b,,,,NGII,202410,NGII,202410
라마52a23a,,,,NGII,202410,NGII,202410
라마52a23b,0.0,0.0,,NGII,202410,NGII,202410
라마52a24a,8.0,6.0,0.75,NGII,202410,NGII,202410
라마52a24b,,,,NGII,202410,NGII,202410
라마52a25a,,,,NGII,202410,NGII,202410
라마52a25b,0.0,0.0,,NGII,202410,NGII,202410
라마52a26a,,,,NGII,202410,NGII,202410
라마52a26b,,,,NGII,202410,NGII,202410
라마52a27a,0.0,0.0,,NGII,202410,NGII,202410
라마52a27b,0.0,0.0,,NGII,202410,NGII,202410
라마52a28a,0.0,0.0,,NGII,202410,NGII,202410
라마52a28b,,,,NGII,202410,NGII,202410
라마52a29a,0.0,0.0,,NGII,202410,NGII,202410
라마52a29b,,,,NGII,202410,NGII,202410
라마52a30a,0.0,0.0,,NGII,202410,NGII,202410
라마52a30b,13.0,10.0,0.7692307692307693,NGII,202410,NGII,202410
라마52a31a,34.0,22.0,0.6470588235294118,NGII,202410,NGII,202410
라마52a31b,,,,NGII,202410,NGII,202410
라마52a32a,,,,NGII,202410,NGII,202410
라마52a32b,,,,NGII,202410,NGII,202410
라마52a33a,,,,NGII,202410,NGII,202410
라마52a33b,0.0,0.0,,NGII,202410,NGII,202410
라마52a34a,,,,NGII,202410,NGII,202410
라마52a34b,,,,NGII,202410,NGII,202410
라마52a35a,,,,NGII,202410,NGII,202410
라마52a35b,,,,NGII,202410,NGII,202410
라마52a36a,,,,NGII,202410,NGII,202410
라마52a36b,,,,NGII,202410,NGII,202410
라마52a37a,,,,NGII,202410,NGII,202410
라마52a37b,,,,NGII,202410,NGII,202410
라마52a38a,,,,NGII,202410,NGII,202410
라마52a38b,,,,NGII,202410,NGII,202410
라마52a39a,,,,NGII,202410,NGII,202410
라마52a39b,,,,NGII,202410,NGII,202410
라마52a40a,,,,NGII,202410,NGII,202410
라마52a40b,,,,NGII,202410,NGII,202410
라마52a41a,,,,NGII,202410,NGII,202410
라마52a41b,,,,NGII,202410,NGII,202410
라마52a42a,,,,NGII,202410,NGII,202410
라마52a45a,0.0,,,NGII,202410,NGII,202410
라마52a45b,,,,NGII,202410,NGII,202410
라마52a46a,,,,NGII,202410,NGII,202410
라마52a46b,,,,NGII,202410,NGII,202410
라마52a47a,,,,NGII,202410,NGII,202410
라마52a47b,,,,NGII,202410,NGII,202410
라마52a48a,,,,NGII,202410,NGII,202410
라마52a48b,0.0,0.0,,NGII,202410,NGII,202410
라마52a49a,,,,NGII,202410,NGII,202410
라마52a49b,41.0,21.0,0.5121951219512195,NGII,202410,NGII,202410
라마52a50a,0.0,,,NGII,202410,NGII,202410
라마52a50b,30.0,17.0,0.5666666666666667,NGII,202410,NGII,202410
라마52a51a,,,,NGII,202410,NGII,202410
라마52a51b,,,,NGII,202410,NGII,202410
라마52a52a,,,,NGII,202410,NGII,202410
라마52a52b,,,,NGII,202410,NGII,202410
라마52a53a,,,,NGII,202410,NGII,202410
라마52a53b,,,,NGII,202410,NGII,202410
라마52a54a,,,,NGII,202410,NGII,202410
라마52a54b,,,,NGII,202410,NGII,202410
라마52a55a,9.0,8.0,0.8888888888888888,NGII,202410,NGII,202410
라마52a55b,9.0,6.0,0.6666666666666666,NGII,202410,NGII,202410
라마52a56a,,,,NGII,202410,NGII,202410
라마52a56b,,,,NGII,202410,NGII,202410
라마52a57a,,,,NGII,202410,NGII,202410
라마52b10b,,,,NGII,202410,NGII,202410
라마52b11a,,,,NGII,202410,NGII,202410
라마52b11b,,,,NGII,202410,NGII,202410
라마52b12a,0.0,,,NGII,202410,NGII,202410
라마52b12b,0.0,,,NGII,202410,NGII,202410
라마52b13a,24.0,15.0,0.625,NGII,202410,NGII,202410
라마52b13b,,,,NGII,202410,NGII,202410
라마52b14a,0.0,,,NGII,202410,NGII,202410
라마52b14b,,,,NGII,202410,NGII,202410
라마52b15a,,,,NGII,202410,NGII,202410
라마52b15b,0.0,0.0,,NGII,202410,NGII,202410
라마52b16a,0.0,0.0,,NGII,202410,NGII,202410
라마52b16b,,,,NGII,202410,NGII,202410
라마52b17a,,,,NGII,202410,NGII,202410
라마52b17b,,,,NGII,202410,NGII,202410
라마52b18a,0.0,0.0,,NGII,202410,NGII,202410
라마52b18b,0.0,0.0,,NGII,202410,NGII,202410
라마52b19a,,,,NGII,202410,NGII,202410
라마52b19b,,,,NGII,202410,NGII,202410
라마52b20a,,,,NGII,202410,NGII,202410
라마52b20b,,,,NGII,202410,NGII,202410
라마52b21a,0.0,,,NGII,202410,NGII,202410
라마52b21b,,,,NGII,202410,NGII,202410
라마52b22a,,,,NGII,202410,NGII,202410
라마52b22b,,,,NGII,202410,NGII,202410
라마52b23a,,,,NGII,202410,NGII,202410
라마52b23b,,,,NGII,202410,NGII,202410
라마52b24a,26.0,19.0,0.7307692307692307,NGII,202410,NGII,202410
라마52b24b,,,,NGII,202410,NGII,202410
라마52b25a,0.0,,,NGII,202410,NGII,202410
라마52b25b,,,,NGII,202410,NGII,202410
라마52b26a,,,,NGII,202410,NGII,202410
라마52b26b,,,,NGII,202410,NGII,202410
라마52b27a,16.0,11.0,0.6875,NGII,202410,NGII,202410
라마52b27b,,,,NGII,202410,NGII,202410
라마52b28a,0.0,0.0,,NGII,202410,NGII,202410
라마52b28b,,,,NGII,202410,NGII,202410
라마52b29a,0.0,0.0,,NGII,202410,NGII,202410
라마52b29b,0.0,0.0,,NGII,202410,NGII,202410
라마52b30a,0.0,0.0,,NGII,202410,NGII,202410
라마52b30b,0.0,0.0,,NGII,202410,NGII,202410
라마52b31a,,,,NGII,202410,NGII,202410
라마52b31b,,,,NGII,202410,NGII,202410
라마52b32a,,,,NGII,202410,NGII,202410
라마52b32b,,,,NGII,202410,NGII,202410
라마52b33a,,,,NGII,202410,NGII,202410
라마52b33b,,,,NGII,202410,NGII,202410
라마52b34a,,,,NGII,202410,NGII,202410
라마52b34b,,,,NGII,202410,NGII,202410
라마52b35a,,,,NGII,202410,NGII,202410
라마52b35b,0.0,,,NGII,202410,NGII,202410
라마52b36a,,,,NGII,202410,NGII,202410
라마52b36b,,,,NGII,202410,NGII,202410
라마52b37a,,,,NGII,202410,NGII,202410
라마52b37b,,,,NGII,202410,NGII,202410
라마52b38a,,,,NGII,202410,NGII,202410
라마52b38b,0.0,0.0,,NGII,202410,NGII,202410
라마52b39a,,,,NGII,202410,NGII,202410
라마52b39b,,,,NGII,202410,NGII,202410
라마52b40a,0.0,0.0,,NGII,202410,NGII,202410
라마52b40b,,,,NGII,202410,NGII,202410
라마52b41a,,,,NGII,202410,NGII,202410
라마52b41b,,,,NGII,202410,NGII,202410
라마52b42a,,,,NGII,202410,NGII,202410
라마52b42b,,,,NGII,202410,NGII,202410
라마52b43a,,,,NGII,202410,NGII,202410
라마52b44b,,,,NGII,202410,NGII,202410
라마52b45a,,,,NGII,202410,NGII,202410
라마52b45b,0.0,0.0,,NGII,202410,NGII,202410
라마52b46a,0.0,0.0,,NGII,202410,NGII,202410
라마52b46b,,,,NGII,202410,NGII,202410
라마52b47a,,,,NGII,202410,NGII,202410
라마52b47b,,,,NGII,202410,NGII,202410
라마52b48a,,,,NGII,202410,NGII,202410
라마52b48b,,,,NGII,202410,NGII,202410
라마52b49a,,,,NGII,202410,NGII,202410
라마52b49b,,,,NGII,202410,NGII,202410
라마52b50a,0.0,0.0,,NGII,202410,NGII,202410
라마52b50b,,,,NGII,202410,NGII,202410
라마52b51a,,,,NGII,202410,NGII,202410
라마52b51b,,,,NGII,202410,NGII,202410
라마52b52a,,,,NGII,202410,NGII,202410
라마52b52b,,,,NGII,202410,NGII,202410
라마52b53a,,,,NGII,202410,NGII,202410
라마52b53b,,,,NGII,202410,NGII,202410
라마52b54a,,,,NGII,202410,NGII,202410
라마52b54b,,,,NGII,202410,NGII,202410
라마52b55a,99.0,59.0,0.5959595959595959,NGII,202410,NGII,202410
라마52b55b,,,,NGII,202410,NGII,202410
라마52b56a,0.0,,,NGII,202410,NGII,202410
라마52b56b,,,,NGII,202410,NGII,202410
라마52b57a,,,,NGII,202410,NGII,202410
라마52b57b,,,,NGII,202410,NGII,202410
라마53a08b,16.0,8.0,0.5,NGII,202410,NGII,202410
라마53a10a,,,,NGII,202410,NGII,202410
라마53a10b,14.0,13.0,0.9285714285714286,NGII,202410,NGII,202410
라마53a11a,0.0,0.0,,NGII,202410,NGII,202410
라마53a11b,9.0,6.0,0.6666666666666666,NGII,202410,NGII,202410
라마53a12a,12.0,8.0,0.6666666666666666,NGII,202410,NGII,202410
라마53a12b,13.0,9.0,0.6923076923076923,NGII,202410,NGII,202410
라마53a13a,14.0,11.0,0.7857142857142857,NGII,202410,NGII,202410
라마53a13b,,,,NGII,202410,NGII,202410
라마53a14a,,,,NGII,202410,NGII,202410
라마53a14b,,,,NGII,202410,NGII,202410
라마53a15a,,,,NGII,202410,NGII,202410
라마53a15b,0.0,0.0,,NGII,202410,NGII,202410
라마53a16a,0.0,0.0,,NGII,202410,NGII,202410
라마53a16b,,,,NGII,202410,NGII,202410
라마53a17a,,,,NGII,202410,NGII,202410
라마53a17b,0.0,0.0,,NGII,202410,NGII,202410
라마53a18a,6.0,0.0,0.0,NGII,202410,NGII,202410
라마53a18b,,,,NGII,202410,NGII,202410
라마53a19a,,,,NGII,202410,NGII,202410
라마53a19b,,,,NGII,202410,NGII,202410
라마53a20a,,,,NGII,202410,NGII,202410
라마53a20b,,,,NGII,202410,NGII,202410
라마53a21a,,,,NGII,202410,NGII,202410
라마53a21b,,,,NGII,202410,NGII,202410
라마53a22a,,,,NGII,202410,NGII,202410
라마53a22b,,,,NGII,202410,NGII,202410
라마53a23a,,,,NGII,202410,NGII,202410
라마53a23b,0.0,,,NGII,202410,NGII,202410
라마53a24a,17.0,12.0,0.7058823529411765,NGII,202410,NGII,202410
라마53a24b,0.0,0.0,,NGII,202410,NGII,202410
라마53a25a,,,,NGII,202410,NGII,202410
라마53a25b,24.0,12.0,0.5,NGII,202410,NGII,202410
라마53a26a,,,,NGII,202410,NGII,202410
라마53a26b,0.0,,,NGII,202410,NGII,202410
라마53a27a,0.0,0.0,,NGII,202410,NGII,202410
라마53a27b,0.0,0.0,,NGII,202410,NGII,202410
라마53a28a,97.0,50.0,0.5154639175257731,NGII,202410,NGII,202410
라마53a28b,0.0,0.0,,NGII,202410,NGII,202410
라마53a29a,,,,NGII,202410,NGII,202410
라마53a29b,0.0,0.0,,NGII,202410,NGII,202410
라마53a30a,0.0,,,NGII,202410,NGII,202410
라마53a30b,0.0,0.0,,NGII,202410,NGII,202410
라마53a31a,0.0,,,NGII,202410,NGII,202410
라마53a31b,,,,NGII,202410,NGII,202410
라마53a32a,,,,NGII,202410,NGII,202410
라마53a32b,,,,NGII,202410,NGII,202410
라마53a33a,,,,NGII,202410,NGII,202410
라마53a33b,0.0,,,NGII,202410,NGII,202410
라마53a34a,,,,NGII,202410,NGII,202410
라마53a34b,,,,NGII,202410,NGII,202410
라마53a35a,0.0,0.0,,NGII,202410,NGII,202410
라마53a35b,12.0,8.0,0.6666666666666666,NGII,202410,NGII,202410
라마53a36a,,,,NGII,202410,NGII,202410
라마53a36b,,,,NGII,202410,NGII,202410
라마53a37a,,,,NGII,202410,NGII,202410
라마53a37b,,,,NGII,202410,NGII,202410
라마53a38a,,,,NGII,202410,NGII,202410
라마53a38b,0.0,,,NGII,202410,NGII,202410
라마53a39a,,,,NGII,202410,NGII,202410
라마53a39b,41.0,24.0,0.5853658536585366,NGII,202410,NGII,202410
라마53a40a,,,,NGII,202410,NGII,202410
라마53a40b,,,,NGII,202410,NGII,202410
라마53a41a,,,,NGII,202410,NGII,202410
라마53a41b,,,,NGII,202410,NGII,202410
라마53a42a,,,,NGII,202410,NGII,202410
라마53a42b,,,,NGII,202410,NGII,202410
라마53a43a,,,,NGII,202410,NGII,202410
라마53a44b,,,,NGII,202410,NGII,202410
라마53a45a,,,,NGII,202410,NGII,202410
라마53a45b,0.0,,,NGII,202410,NGII,202410
라마53a46a,,,,NGII,202410,NGII,202410
라마53a46b,,,,NGII,202410,NGII,202410
라마53a47a,,,,NGII,202410,NGII,202410
라마53a47b,,,,NGII,202410,NGII,202410
라마53a48a,0.0,0.0,,NGII,202410,NGII,202410
라마53a48b,6.0,0.0,0.0,NGII,202410,NGII,202410
라마53a49a,23.0,15.0,0.6521739130434783,NGII,202410,NGII,202410
라마53a49b,26.0,14.0,0.5384615384615384,NGII,202410,NGII,202410
라마53a50a,37.0,24.0,0.6486486486486487,NGII,202410,NGII,202410
라마53a50b,11.0,0.0,0.0,NGII,202410,NGII,202410
라마53a51a,,,,NGII,202410,NGII,202410
라마53a51b,,,,NGII,202410,NGII,202410
라마53a52a,,,,NGII,202410,NGII,202410
라마53a52b,,,,NGII,202410,NGII,202410
라마53a53a,,,,NGII,202410,NGII,202410
라마53a53b,,,,NGII,202410,NGII,202410
라마53a54a,,,,NGII,202410,NGII,202410
라마53a54b,0.0,0.0,,NGII,202410,NGII,202410
라마53a55a,86.0,49.0,0.5697674418604651,NGII,202410,NGII,202410
라마53a55b,15.0,0.0,0.0,NGII,202410,NGII,202410
라마53a56a,,,,NGII,202410,NGII,202410
라마53a56b,,,,NGII,202410,NGII,202410
라마53a57a,,,,NGII,202410,NGII,202410
라마53a57b,,,,NGII,202410,NGII,202410
라마53a58a,,,,NGII,202410,NGII,202410
라마53a58b,,,,NGII,202410,NGII,202410
라마53a59a,,,,NGII,202410,NGII,202410
라마53b08a,,,,NGII,202410,NGII,202410
라마53b08b,31.0,14.0,0.45161290322580644,NGII,202410,NGII,202410
라마53b09a,6.0,,,NGII,202410,NGII,202410
라마53b09b,0.0,0.0,,NGII,202410,NGII,202410
라마53b10a,,,,NGII,202410,NGII,202410
라마53b10b,35.0,22.0,0.6285714285714286,NGII,202410,NGII,202410
라마53b11a,,,,NGII,202410,NGII,202410
라마53b11b,46.0,34.0,0.7391304347826086,NGII,202410,NGII,202410
라마53b12a,9.0,0.0,0.0,NGII,202410,NGII,202410
라마53b12b,17.0,9.0,0.5294117647058824,NGII,202410,NGII,202410
라마53b13a,0.0,,,NGII,202410,NGII,202410
라마53b13b,,,,NGII,202410,NGII,202410
라마53b14a,,,,NGII,202410,NGII,202410
라마53b14b,,,,NGII,202410,NGII,202410
라마53b15a,,,,NGII,202410,NGII,202410
라마53b15b,,,,NGII,202410,NGII,202410
라마53b16a,,,,NGII,202410,NGII,202410
라마53b16b,,,,NGII,202410,NGII,202410
라마53b17a,0.0,0.0,,NGII,202410,NGII,202410
라마53b17b,23.0,14.0,0.6086956521739131,NGII,202410,NGII,202410
라마53b18a,0.0,0.0,,NGII,202410,NGII,202410
라마53b18b,,,,NGII,202410,NGII,202410
라마53b19a,,,,NGII,202410,NGII,202410
라마53b19b,,,,NGII,202410,NGII,202410
라마53b20a,,,,NGII,202410,NGII,202410
라마53b20b,,,,NGII,202410,NGII,202410
라마53b21a,,,,NGII,202410,NGII,202410
라마53b21b,12.0,0.0,0.0,NGII,202410,NGII,202410
라마53b22a,,,,NGII,202410,NGII,202410
라마53b22b,,,,NGII,202410,NGII,202410
라마53b23a,,,,NGII,202410,NGII,202410
라마53b23b,0.0,0.0,,NGII,202410,NGII,202410
라마53b24a,,,,NGII,202410,NGII,202410
라마53b24b,,,,NGII,202410,NGII,202410
라마53b25a,,,,NGII,202410,NGII,202410
라마53b25b,0.0,0.0,,NGII,202410,NGII,202410
라마53b26a,0.0,,,NGII,202410,NGII,202410
라마53b26b,0.0,,,NGII,202410,NGII,202410
라마53b27a,80.0,29.0,0.3625,NGII,202410,NGII,202410
라마53b27b,0.0,0.0,,NGII,202410,NGII,202410
라마53b28a,9.0,0.0,0.0,NGII,202410,NGII,202410
라마53b28b,,,,NGII,202410,NGII,202410
라마53b29a,0.0,0.0,,NGII,202410,NGII,202410
라마53b29b,,,,NGII,202410,NGII,202410
라마53b30a,,,,NGII,202410,NGII,202410
라마53b30b,,,,NGII,202410,NGII,202410
라마53b31a,,,,NGII,202410,NGII,202410
라마53b31b,0.0,0.0,,NGII,202410,NGII,202410
라마53b32a,,,,NGII,202410,NGII,202410
라마53b32b,,,,NGII,202410,NGII,202410
라마53b33a,,,,NGII,202410,NGII,202410
라마53b33b,,,,NGII,202410,NGII,202410
라마53b34a,0.0,0.0,,NGII,202410,NGII,202410
라마53b34b,,,,NGII,202410,NGII,202410
라마53b35a,,,,NGII,202410,NGII,202410
라마53b35b,0.0,,,NGII,202410,NGII,202410
라마53b36a,,,,NGII,202410,NGII,202410
라마53b36b,10.0,6.0,0.6,NGII,202410,NGII,202410
라마53b37a,31.0,25.0,0.8064516129032258,NGII,202410,NGII,202410
라마53b37b,0.0,0.0,,NGII,202410,NGII,202410
라마53b38a,0.0,0.0,,NGII,202410,NGII,202410
라마53b38b,9.0,0.0,0.0,NGII,202410,NGII,202410
라마53b39a,17.0,12.0,0.7058823529411765,NGII,202410,NGII,202410
라마53b39b,0.0,0.0,,NGII,202410,NGII,202410
라마53b40a,0.0,0.0,,NGII,202410,NGII,202410
라마53b40b,23.0,6.0,0.2608695652173913,NGII,202410,NGII,202410
라마53b41a,,,,NGII,202410,NGII,202410
라마53b41b,,,,NGII,202410,NGII,202410
라마53b42a,,,,NGII,202410,NGII,202410
라마53b42b,,,,NGII,202410,NGII,202410
라마53b43a,,,,NGII,202410,NGII,202410
라마53b43b,,,,NGII,202410,NGII,202410
라마53b44a,,,,NGII,202410,NGII,202410
라마53b44b,,,,NGII,202410,NGII,202410
라마53b45a,,,,NGII,202410,NGII,202410
라마53b45b,,,,NGII,202410,NGII,202410
라마53b46a,,,,NGII,202410,NGII,202410
라마53b46b,,,,NGII,202410,NGII,202410
라마53b47a,,,,NGII,202410,NGII,202410
라마53b47b,0.0,0.0,,NGII,202410,NGII,202410
라마53b48a,18.0,10.0,0.5555555555555556,NGII,202410,NGII,202410
라마53b48b,16.0,8.0,0.5,NGII,202410,NGII,202410
라마53b49a,39.0,23.0,0.5897435897435898,NGII,202410,NGII,202410
라마53b49b,39.0,29.0,0.7435897435897436,NGII,202410,NGII,202410
라마53b50a,0.0,0.0,,NGII,202410,NGII,202410
라마53b50b,0.0,0.0,,NGII,202410,NGII,202410
라마53b51a,,,,NGII,202410,NGII,202410
라마53b51b,,,,NGII,202410,NGII,202410
라마53b52a,,,,NGII,202410,NGII,202410
라마53b52b,,,,NGII,202410,NGII,202410
라마53b53a,,,,NGII,202410,NGII,202410
라마53b53b,,,,NGII,202410,NGII,202410
라마53b54a,,,,NGII,202410,NGII,202410
라마53b54b,,,,NGII,202410,NGII,202410
라마53b55a,7.0,6.0,0.8571428571428571,NGII,202410,NGII,202410
라마53b55b,0.0,0.0,,NGII,202410,NGII,202410
라마53b56a,14.0,6.0,0.42857142857142855,NGII,202410,NGII,202410
라마53b56b,,,,NGII,202410,NGII,202410
라마53b57a,,,,NGII,202410,NGII,202410
라마53b57b,,,,NGII,202410,NGII,202410
라마53b58a,,,,NGII,202410,NGII,202410
라마53b58b,,,,NGII,202410,NGII,202410
라마53b59a,,,,NGII,202410,NGII,202410
라마54a08a,,,,NGII,202410,NGII,202410
라마54a08b,34.0,14.0,0.4117647058823529,NGII,202410,NGII,202410
라마54a09a,0.0,0.0,,NGII,202410,NGII,202410
라마54a09b,24.0,17.0,0.7083333333333334,NGII,202410,NGII,202410
라마54a10a,28.0,14.0,0.5,NGII,202410,NGII,202410
라마54a10b,,,,NGII,202410,NGII,202410
라마54a11a,,,,NGII,202410,NGII,202410
라마54a11b,6.0,,,NGII,202410,NGII,202410
라마54a12a,22.0,16.0,0.7272727272727273,NGII,202410,NGII,202410
라마54a12b,8.0,6.0,0.75,NGII,202410,NGII,202410
라마54a13a,57.0,35.0,0.6140350877192983,NGII,202410,NGII,202410
라마54a13b,12.0,9.0,0.75,NGII,202410,NGII,202410
라마54a14a,0.0,,,NGII,202410,NGII,202410
라마54a14b,21.0,17.0,0.8095238095238095,NGII,202410,NGII,202410
라마54a15a,13.0,12.0,0.9230769230769231,NGII,202410,NGII,202410
라마54a15b,8.0,8.0,1.0,NGII,202410,NGII,202410
라마54a16a,0.0,,,NGII,202410,NGII,202410
라마54a16b,,,,NGII,202410,NGII,202410
라마54a17a,,,,NGII,202410,NGII,202410
라마54a17b,,,,NGII,202410,NGII,202410
라마54a18a,0.0,0.0,,NGII,202410,NGII,202410
라마54a18b,0.0,,,NGII,202410,NGII,202410
라마54a19a,19.0,11.0,0.5789473684210527,NGII,202410,NGII,202410
라마54a19b,,,,NGII,202410,NGII,202410
라마54a20a,,,,NGII,202410,NGII,202410
라마54a20b,,,,NGII,202410,NGII,202410
라마54a21a,0.0,0.0,,NGII,202410,NGII,202410
라마54a21b,7.0,0.0,0.0,NGII,202410,NGII,202410
라마54a22a,0.0,0.0,,NGII,202410,NGII,202410
라마54a22b,,,,NGII,202410,NGII,202410
라마54a23a,0.0,0.0,,NGII,202410,NGII,202410
라마54a23b,,,,NGII,202410,NGII,202410
라마54a24a,,,,NGII,202410,NGII,202410
라마54a24b,,,,NGII,202410,NGII,202410
라마54a25a,,,,NGII,202410,NGII,202410
라마54a25b,,,,NGII,202410,NGII,202410
라마54a26a,,,,NGII,202410,NGII,202410
라마54a26b,87.0,55.0,0.632183908045977,NGII,202410,NGII,202410
라마54a27a,40.0,23.0,0.575,NGII,202410,NGII,202410
라마54a27b,9.0,0.0,0.0,NGII,202410,NGII,202410
라마54a28a,0.0,0.0,,NGII,202410,NGII,202410
라마54a28b,,,,NGII,202410,NGII,202410
라마54a29a,,,,NGII,202410,NGII,202410
라마54a29b,,,,NGII,202410,NGII,202410
라마54a30a,,,,NGII,202410,NGII,202410
라마54a30b,12.0,8.0,0.6666666666666666,NGII,202410,NGII,202410
라마54a31a,43.0,24.0,0.5581395348837209,NGII,202410,NGII,202410
라마54a31b,25.0,14.0,0.56,NGII,202410,NGII,202410
라마54a32a,0.0,,,NGII,202410,NGII,202410
라마54a32b,,,,NGII,202410,NGII,202410
라마54a33a,,,,NGII,202410,NGII,202410
라마54a33b,,,,NGII,202410,NGII,202410
라마54a34a,18.0,9.0,0.5,NGII,202410,NGII,202410
라마54a34b,37.0,27.0,0.7297297297297297,NGII,202410,NGII,202410
라마54a35a,,,,NGII,202410,NGII,202410
라마54a35b,,,,NGII,202410,NGII,202410
라마54a36a,0.0,,,NGII,202410,NGII,202410
라마54a36b,0.0,0.0,,NGII,202410,NGII,202410
라마54a37a,0.0,0.0,,NGII,202410,NGII,202410
라마54a37b,6.0,0.0,0.0,NGII,202410,NGII,202410
라마54a38a,,,,NGII,202410,NGII,202410
라마54a38b,,,,NGII,202410,NGII,202410
라마54a39a,6.0,0.0,0.0,NGII,202410,NGII,202410
라마54a39b,,,,NGII,202410,NGII,202410
라마54a40a,0.0,0.0,,NGII,202410,NGII,202410
라마54a40b,,,,NGII,202410,NGII,202410
라마54a41a,0.0,0.0,,NGII,202410,NGII,202410
라마54a41b,,,,NGII,202410,NGII,202410
라마54a42a,,,,NGII,202410,NGII,202410
라마54a42b,,,,NGII,202410,NGII,202410
라마54a43a,,,,NGII,202410,NGII,202410
라마54a43b,,,,NGII,202410,NGII,202410
라마54a44a,,,,NGII,202410,NGII,202410
라마54a44b,,,,NGII,202410,NGII,202410
라마54a45a,,,,NGII,202410,NGII,202410
라마54a45b,,,,NGII,202410,NGII,202410
라마54a46a,,,,NGII,202410,NGII,202410
라마54a46b,7.0,6.0,0.8571428571428571,NGII,202410,NGII,202410
라마54a47a,23.0,7.0,0.30434782608695654,NGII,202410,NGII,202410
라마54a47b,36.0,16.0,0.4444444444444444,NGII,202410,NGII,202410
라마54a48a,28.0,16.0,0.5714285714285714,NGII,202410,NGII,202410
라마54a48b,20.0,10.0,0.5,NGII,202410,NGII,202410
라마54a49a,29.0,20.0,0.6896551724137931,NGII,202410,NGII,202410
라마54a49b,20.0,8.0,0.4,NGII,202410,NGII,202410
라마54a50a,35.0,20.0,0.5714285714285714,NGII,202410,NGII,202410
라마54a50b,,,,NGII,202410,NGII,202410
라마54a51a,,,,NGII,202410,NGII,202410
라마54a51b,,,,NGII,202410,NGII,202410
라마54a52a,,,,NGII,202410,NGII,202410
라마54a52b,,,,NGII,202410,NGII,202410
라마54a53a,,,,NGII,202410,NGII,202410
라마54a53b,,,,NGII,202410,NGII,202410
라마54a54a,,,,NGII,202410,NGII,202410
라마54a54b,,,,NGII,202410,NGII,202410
라마54a55a,,,,NGII,202410,NGII,202410
라마54a55b,6.0,0.0,0.0,NGII,202410,NGII,202410
라마54a56a,179.0,34.0,0.18994413407821228,NGII,202410,NGII,202410
라마54a56b,,,,NGII,202410,NGII,202410
라마54a57a,,,,NGII,202410,NGII,202410
라마54a57b,,,,NGII,202410,NGII,202410
라마54a58a,,,,NGII,202410,NGII,202410
라마54a58b,,,,NGII,202410,NGII,202410
라마54a59a,,,,NGII,202410,NGII,202410
라마54b08b,15.0,14.0,0.9333333333333333,NGII,202410,NGII,202410
라마54b09a,0.0,0.0,,NGII,202410,NGII,202410
라마54b09b,34.0,24.0,0.7058823529411765,NGII,202410,NGII,202410
라마54b10a,,,,NGII,202410,NGII,202410
라마54b10b,13.0,9.0,0.6923076923076923,NGII,202410,NGII,202410
라마54b11a,,,,NGII,202410,NGII,202410
라마54b11b,,,,NGII,202410,NGII,202410
라마54b12a,,,,NGII,202410,NGII,202410
라마54b12b,,,,NGII,202410,NGII,202410
라마54b13a,,,,NGII,202410,NGII,202410
라마54b13b,,,,NGII,202410,NGII,202410
라마54b14a,0.0,0.0,,NGII,202410,NGII,202410
라마54b14b,,,,NGII,202410,NGII,202410
라마54b15a,,,,NGII,202410,NGII,202410
라마54b15b,6.0,0.0,0.0,NGII,202410,NGII,202410
라마54b16a,,,,NGII,202410,NGII,202410
라마54b16b,30.0,22.0,0.7333333333333333,NGII,202410,NGII,202410
라마54b17a,0.0,0.0,,NGII,202410,NGII,202410
라마54b17b,,,,NGII,202410,NGII,202410
라마54b18a,0.0,0.0,,NGII,202410,NGII,202410
라마54b18b,0.0,0.0,,NGII,202410,NGII,202410
라마54b19a,38.0,24.0,0.631578947368421,NGII,202410,NGII,202410
라마54b19b,,,,NGII,202410,NGII,202410
라마54b20a,,,,NGII,202410,NGII,202410
라마54b20b,,,,NGII,202410,NGII,202410
라마54b21a,,,,NGII,202410,NGII,202410
라마54b21b,9.0,0.0,0.0,NGII,202410,NGII,202410
라마54b22a,0.0,0.0,,NGII,202410,NGII,202410
라마54b22b,12.0,0.0,0.0,NGII,202410,NGII,202410
라마54b23a,22.0,16.0,0.7272727272727273,NGII,202410,NGII,202410
라마54b23b,7.0,0.0,0.0,NGII,202410,NGII,202410
라마54b24a,,,,NGII,202410,NGII,202410
라마54b24b,,,,NGII,202410,NGII,202410
라마54b25a,,,,NGII,202410,NGII,202410
라마54b25b,,,,NGII,202410,NGII,202410
라마54b26a,0.0,,,NGII,202410,NGII,202410
라마54b26b,32.0,21.0,0.65625,NGII,202410,NGII,202410
라마54b27a,0.0,0.0,,NGII,202410,NGII,202410
라마54b27b,32.0,16.0,0.5,NGII,202410,NGII,202410
라마54b28a,0.0,0.0,,NGII,202410,NGII,202410
라마54b28b,7.0,0.0,0.0,NGII,202410,NGII,202410
라마54b29a,6.0,0.0,0.0,NGII,202410,NGII,202410
라마54b29b,,,,NGII,202410,NGII,202410
라마54b30a,,,,NGII,202410,NGII,202410
라마54b30b,47.0,19.0,0.40425531914893614,NGII,202410,NGII,202410
라마54b31a,,,,NGII,202410,NGII,202410
라마54b31b,0.0,,,NGII,202410,NGII,202410
라마54b32a,,,,NGII,202410,NGII,202410
라마54b32b,,,,NGII,202410,NGII,202410
라마54b33a,,,,NGII,202410,NGII,202410
라마54b33b,,,,NGII,202410,NGII,202410
라마54b34a,0.0,0.0,,NGII,202410,NGII,202410
라마54b34b,41.0,20.0,0.4878048780487805,NGII,202410,NGII,202410
라마54b35a,17.0,14.0,0.8235294117647058,NGII,202410,NGII,202410
라마54b35b,,,,NGII,202410,NGII,202410
라마54b36a,,,,NGII,202410,NGII,202410
라마54b36b,,,,NGII,202410,NGII,202410
라마54b37a,,,,NGII,202410,NGII,202410
라마54b37b,,,,NGII,202410,NGII,202410
라마54b38a,21.0,16.0,0.7619047619047619,NGII,202410,NGII,202410
라마54b38b,16.0,12.0,0.75,NGII,202410,NGII,202410
라마54b39a,0.0,0.0,,NGII,202410,NGII,202410
라마54b39b,,,,NGII,202410,NGII,202410
라마54b40a,24.0,17.0,0.7083333333333334,NGII,202410,NGII,202410
라마54b40b,73.0,56.0,0.7671232876712328,NGII,202410,NGII,202410
라마54b41a,0.0,0.0,,NGII,202410,NGII,202410
라마54b41b,,,,NGII,202410,NGII,202410
라마54b42a,,,,NGII,202410,NGII,202410
라마54b42b,,,,NGII,202410,NGII,202410
라마54b43a,,,,NGII,202410,NGII,202410
라마54b43b,,,,NGII,202410,NGII,202410
라마54b44a,,,,NGII,202410,NGII,202410
라마54b44b,,,,NGII,202410,NGII,202410
라마54b45a,,,,NGII,202410,NGII,202410
라마54b45b,,,,NGII,202410,NGII,202410
라마54b46a,21.0,13.0,0.6190476190476191,NGII,202410,NGII,202410
라마54b46b,28.0,23.0,0.8214285714285714,NGII,202410,NGII,202410
라마54b47a,33.0,21.0,0.6363636363636364,NGII,202410,NGII,202410
라마54b47b,7.0,7.0,1.0,NGII,202410,NGII,202410
라마54b48a,69.0,34.0,0.4927536231884058,NGII,202410,NGII,202410
라마54b48b,52.0,37.0,0.7115384615384616,NGII,202410,NGII,202410
라마54b49a,6.0,0.0,0.0,NGII,202410,NGII,202410
라마54b49b,21.0,8.0,0.38095238095238093,NGII,202410,NGII,202410
라마54b50a,,,,NGII,202410,NGII,202410
라마54b50b,,,,NGII,202410,NGII,202410
라마54b51a,,,,NGII,202410,NGII,202410
라마54b51b,,,,NGII,202410,NGII,202410
라마54b52a,,,,NGII,202410,NGII,202410
라마54b52b,,,,NGII,202410,NGII,202410
라마54b53a,,,,NGII,202410,NGII,202410
라마54b53b,,,,NGII,202410,NGII,202410
라마54b54a,,,,NGII,202410,NGII,202410
라마54b54b,,,,NGII,202410,NGII,202410
라마54b55a,,,,NGII,202410,NGII,202410
라마54b55b,0.0,,,NGII,202410,NGII,202410
라마54b56a,,,,NGII,202410,NGII,202410
라마54b56b,,,,NGII,202410,NGII,202410
라마54b57a,,,,NGII,202410,NGII,202410
라마54b57b,,,,NGII,202410,NGII,202410
라마54b58a,,,,NGII,202410,NGII,202410
라마54b58b,,,,NGII,202410,NGII,202410
라마55a09b,,,,NGII,202410,NGII,202410
라마55a10a,,,,NGII,202410,NGII,202410
라마55a10b,,,,NGII,202410,NGII,202410
라마55a11a,,,,NGII,202410,NGII,202410
라마55a11b,,,,NGII,202410,NGII,202410
라마55a12a,0.0,,,NGII,202410,NGII,202410
라마55a12b,17.0,12.0,0.7058823529411765,NGII,202410,NGII,202410
라마55a13a,0.0,,,NGII,202410,NGII,202410
라마55a13b,0.0,0.0,,NGII,202410,NGII,202410
라마55a14a,25.0,16.0,0.64,NGII,202410,NGII,202410
라마55a14b,9.0,8.0,0.8888888888888888,NGII,202410,NGII,202410
라마55a15a,,,,NGII,202410,NGII,202410
라마55a15b,,,,NGII,202410,NGII,202410
라마55a16a,,,,NGII,202410,NGII,202410
라마55a16b,,,,NGII,202410,NGII,202410
라마55a17a,,,,NGII,202410,NGII,202410
라마55a17b,,,,NGII,202410,NGII,202410
라마55a18a,,,,NGII,202410,NGII,202410
라마55a18b,,,,NGII,202410,NGII,202410
라마55a19a,,,,NGII,202410,NGII,202410
라마55a19b,,,,NGII,202410,NGII,202410
라마55a20a,0.0,0.0,,NGII,202410,NGII,202410
라마55a20b,0.0,,,NGII,202410,NGII,202410
라마55a21a,,,,NGII,202410,NGII,202410
라마55a21b,,,,NGII,202410,NGII,202410
라마55a22a,,,,NGII,202410,NGII,202410
라마55a22b,,,,NGII,202410,NGII,202410
라마55a23a,0.0,0.0,,NGII,202410,NGII,202410
라마55a23b,41.0,28.0,0.6829268292682927,NGII,202410,NGII,202410
라마55a24a,0.0,0.0,,NGII,202410,NGII,202410
라마55a24b,0.0,0.0,,NGII,202410,NGII,202410
라마55a25a,,,,NGII,202410,NGII,202410
라마55a25b,,,,NGII,202410,NGII,202410
라마55a26a,,,,NGII,202410,NGII,202410
라마55a26b,,,,NGII,202410,NGII,202410
라마55a27a,41.0,26.0,0.6341463414634146,NGII,202410,NGII,202410
라마55a27b,11.0,0.0,0.0,NGII,202410,NGII,202410
라마55a28a,0.0,0.0,,NGII,202410,NGII,202410
라마55a28b,15.0,12.0,0.8,NGII,202410,NGII,202410
라마55a29a,28.0,17.0,0.6071428571428571,NGII,202410,NGII,202410
라마55a29b,,,,NGII,202410,NGII,202410
라마55a30a,0.0,0.0,,NGII,202410,NGII,202410
라마55a30b,0.0,0.0,,NGII,202410,NGII,202410
라마55a31a,0.0,0.0,,NGII,202410,NGII,202410
라마55a31b,,,,NGII,202410,NGII,202410
라마55a32a,0.0,0.0,,NGII,202410,NGII,202410
라마55a32b,,,,NGII,202410,NGII,202410
라마55a33a,,,,NGII,202410,NGII,202410
라마55a33b,,,,NGII,202410,NGII,202410
라마55a34a,,,,NGII,202410,NGII,202410
라마55a34b,14.0,10.0,0.7142857142857143,NGII,202410,NGII,202410
라마55a35a,0.0,0.0,,NGII,202410,NGII,202410
라마55a35b,,,,NGII,202410,NGII,202410
라마55a36a,,,,NGII,202410,NGII,202410
라마55a36b,,,,NGII,202410,NGII,202410
라마55a37a,,,,NGII,202410,NGII,202410
라마55a37b,0.0,,,NGII,202410,NGII,202410
라마55a38a,16.0,12.0,0.75,NGII,202410,NGII,202410
라마55a38b,0.0,,,NGII,202410,NGII,202410
라마55a39a,,,,NGII,202410,NGII,202410
라마55a39b,0.0,0.0,,NGII,202410,NGII,202410
라마55a40a,114.0,65.0,0.5701754385964912,NGII,202410,NGII,202410
라마55a40b,9.0,0.0,0.0,NGII,202410,NGII,202410
라마55a41a,,,,NGII,202410,NGII,202410
라마55a41b,,,,NGII,202410,NGII,202410
라마55a42a,,,,NGII,202410,NGII,202410
라마55a42b,,,,NGII,202410,NGII,202410
라마55a43a,,,,NGII,202410,NGII,202410
라마55a43b,,,,NGII,202410,NGII,202410
라마55a44a,,,,NGII,202410,NGII,202410
라마55a44b,,,,NGII,202410,NGII,202410
라마55a45a,,,,NGII,202410,NGII,202410
라마55a45b,,,,NGII,202410,NGII,202410
라마55a46a,,,,NGII,202410,NGII,202410
라마55a46b,,,,NGII,202410,NGII,202410
라마55a47a,,,,NGII,202410,NGII,202410
라마55a47b,,,,NGII,202410,NGII,202410
라마55a48a,91.0,59.0,0.6483516483516484,NGII,202410,NGII,202410
라마55a48b,69.0,30.0,0.43478260869565216,NGII,202410,NGII,202410
라마55a49a,8.0,0.0,0.0,NGII,202410,NGII,202410
라마55a49b,18.0,8.0,0.4444444444444444,NGII,202410,NGII,202410
라마55a50a,,,,NGII,202410,NGII,202410
라마55a50b,,,,NGII,202410,NGII,202410
라마55a51a,,,,NGII,202410,NGII,202410
라마55a51b,,,,NGII,202410,NGII,202410
라마55a52a,,,,NGII,202410,NGII,202410
라마55a52b,,,,NGII,202410,NGII,202410
라마55a53a,0.0,0.0,,NGII,202410,NGII,202410
라마55a53b,,,,NGII,202410,NGII,202410
라마55a54a,8.0,0.0,0.0,NGII,202410,NGII,202410
라마55a54b,,,,NGII,202410,NGII,202410
라마55a55a,,,,NGII,202410,NGII,202410
라마55a55b,,,,NGII,202410,NGII,202410
라마55a56a,,,,NGII,202410,NGII,202410
라마55a56b,,,,NGII,202410,NGII,202410
라마55a57a,,,,NGII,202410,NGII,202410
라마55a57b,,,,NGII,202410,NGII,202410
라마55a58a,,,,NGII,202410,NGII,202410
라마55a58b,,,,NGII,202410,NGII,202410
라마55b09b,0.0,0.0,,NGII,202410,NGII,202410
라마55b10a,17.0,0.0,0.0,NGII,202410,NGII,202410
라마55b10b,0.0,0.0,,NGII,202410,NGII,202410
라마55b11a,32.0,12.0,0.375,NGII,202410,NGII,202410
라마55b11b,16.0,12.0,0.75,NGII,202410,NGII,202410
라마55b12a,0.0,0.0,,NGII,202410,NGII,202410
라마55b12b,28.0,13.0,0.4642857142857143,NGII,202410,NGII,202410
라마55b13a,25.0,15.0,0.6,NGII,202410,NGII,202410
라마55b13b,153.0,23.0,0.1503267973856209,NGII,202410,NGII,202410
라마55b14a,0.0,0.0,,NGII,202410,NGII,202410
라마55b14b,27.0,19.0,0.7037037037037037,NGII,202410,NGII,202410
라마55b15a,0.0,0.0,,NGII,202410,NGII,202410
라마55b15b,0.0,0.0,,NGII,202410,NGII,202410
라마55b16a,,,,NGII,202410,NGII,202410
라마55b16b,,,,NGII,202410,NGII,202410
라마55b17a,,,,NGII,202410,NGII,202410
라마55b17b,,,,NGII,202410,NGII,202410
라마55b18a,0.0,0.0,,NGII,202410,NGII,202410
라마55b18b,7.0,0.0,0.0,NGII,202410,NGII,202410
라마55b19a,7.0,0.0,0.0,NGII,202410,NGII,202410
라마55b19b,,,,NGII,202410,NGII,202410
라마55b20a,,,,NGII,202410,NGII,202410
라마55b20b,0.0,0.0,,NGII,202410,NGII,202410
라마55b21a,,,,NGII,202410,NGII,202410
라마55b21b,,,,NGII,202410,NGII,202410
라마55b22a,,,,NGII,202410,NGII,202410
라마55b22b,,,,NGII,202410,NGII,202410
라마55b23a,14.0,8.0,0.5714285714285714,NGII,202410,NGII,202410
라마55b23b,13.0,8.0,0.6153846153846154,NGII,202410,NGII,202410
라마55b24a,,,,NGII,202410,NGII,202410
라마55b24b,,,,NGII,202410,NGII,202410
라마55b25a,,,,NGII,202410,NGII,202410
라마55b25b,32.0,22.0,0.6875,NGII,202410,NGII,202410
라마55b26a,,,,NGII,202410,NGII,202410
라마55b26b,7.0,0.0,0.0,NGII,202410,NGII,202410
라마55b27a,43.0,32.0,0.7441860465116279,NGII,202410,NGII,202410
라마55b27b,23.0,18.0,0.782608695652174,NGII,202410,NGII,202410
라마55b28a,,,,NGII,202410,NGII,202410
라마55b28b,0.0,0.0,,NGII,202410,NGII,202410
라마55b29a,,,,NGII,202410,NGII,202410
라마55b29b,,,,NGII,202410,NGII,202410
라마55b30a,26.0,20.0,0.7692307692307693,NGII,202410,NGII,202410
라마55b30b,,,,NGII,202410,NGII,202410
라마55b31a,,,,NGII,202410,NGII,202410
라마55b31b,,,,NGII,202410,NGII,202410
라마55b32a,25.0,15.0,0.6,NGII,202410,NGII,202410
라마55b32b,0.0,,,NGII,202410,NGII,202410
라마55b33a,,,,NGII,202410,NGII,202410
라마55b33b,,,,NGII,202410,NGII,202410
라마55b34a,,,,NGII,202410,NGII,202410
라마55b34b,19.0,12.0,0.631578947368421,NGII,202410,NGII,202410
라마55b35a,27.0,17.0,0.6296296296296297,NGII,202410,NGII,202410
라마55b35b,0.0,0.0,,NGII,202410,NGII,202410
라마55b36a,,,,NGII,202410,NGII,202410
라마55b36b,,,,NGII,202410,NGII,202410
라마55b37a,,,,NGII,202410,NGII,202410
라마55b37b,,,,NGII,202410,NGII,202410
라마55b38a,24.0,7.0,0.2916666666666667,NGII,202410,NGII,202410
라마55b38b,25.0,19.0,0.76,NGII,202410,NGII,202410
라마55b39a,,,,NGII,202410,NGII,202410
라마55b39b,,,,NGII,202410,NGII,202410
라마55b40a,74.0,39.0,0.527027027027027,NGII,202410,NGII,202410
라마55b40b,19.0,0.0,0.0,NGII,202410,NGII,202410
라마55b41a,0.0,,,NGII,202410,NGII,202410
라마55b41b,19.0,17.0,0.8947368421052632,NGII,202410,NGII,202410
라마55b42a,,,,NGII,202410,NGII,202410
라마55b42b,,,,NGII,202410,NGII,202410
라마55b43a,,,,NGII,202410,NGII,202410
라마55b43b,,,,NGII,202410,NGII,202410
라마55b44a,,,,NGII,202410,NGII,202410
라마55b44b,,,,NGII,202410,NGII,202410
라마55b45a,0.0,0.0,,NGII,202410,NGII,202410
라마55b45b,,,,NGII,202410,NGII,202410
라마55b46a,,,,NGII,202410,NGII,202410
라마55b46b,,,,NGII,202410,NGII,202410
라마55b47a,,,,NGII,202410,NGII,202410
라마55b47b,0.0,,,NGII,202410,NGII,202410
라마55b48a,58.0,37.0,0.6379310344827587,NGII,202410,NGII,202410
라마55b48b,6.0,0.0,0.0,NGII,202410,NGII,202410
라마55b49a,,,,NGII,202410,NGII,202410
라마55b49b,32.0,27.0,0.84375,NGII,202410,NGII,202410
라마55b50a,9.0,0.0,0.0,NGII,202410,NGII,202410
라마55b50b,57.0,29.0,0.5087719298245614,NGII,202410,NGII,202410
라마55b51a,0.0,,,NGII,202410,NGII,202410
라마55b51b,0.0,,,NGII,202410,NGII,202410
라마55b52a,,,,NGII,202410,NGII,202410
라마55b52b,0.0,0.0,,NGII,202410,NGII,202410
라마55b53a,,,,NGII,202410,NGII,202410
라마55b53b,,,,NGII,202410,NGII,202410
라마55b54a,27.0,17.0,0.6296296296296297,NGII,202410,NGII,202410
라마55b54b,,,,NGII,202410,NGII,202410
라마55b55a,,,,NGII,202410,NGII,202410
라마55b55b,,,,NGII,202410,NGII,202410
라마55b56a,,,,NGII,202410,NGII,202410
라마55b56b,,,,NGII,202410,NGII,202410
라마55b57a,,,,NGII,202410,NGII,202410
라마55b57b,,,,NGII,202410,NGII,202410
라마55b58a,,,,NGII,202410,NGII,202410
라마55b58b,,,,NGII,202410,NGII,202410
라마56a09b,44.0,25.0,0.5681818181818182,NGII,202410,NGII,202410
라마56a10a,11.0,8.0,0.7272727272727273,NGII,202410,NGII,202410
라마56a10b,17.0,11.0,0.6470588235294118,NGII,202410,NGII,202410
라마56a11a,31.0,19.0,0.6129032258064516,NGII,202410,NGII,202410
라마56a11b,17.0,9.0,0.5294117647058824,NGII,202410,NGII,202410
라마56a12a,,,,NGII,202410,NGII,202410
라마56a12b,167.0,85.0,0.5089820359281437,NGII,202410,NGII,202410
라마56a13a,439.0,248.0,0.5649202733485194,NGII,202410,NGII,202410
라마56a13b,154.0,52.0,0.33766233766233766,NGII,202410,NGII,202410
라마56a14a,,,,NGII,202410,NGII,202410
라마56a14b,0.0,0.0,,NGII,202410,NGII,202410
라마56a15a,0.0,0.0,,NGII,202410,NGII,202410
라마56a15b,23.0,16.0,0.6956521739130435,NGII,202410,NGII,202410
라마56a16a,,,,NGII,202410,NGII,202410
라마56a16b,,,,NGII,202410,NGII,202410
라마56a17a,0.0,,,NGII,202410,NGII,202410
라마56a17b,31.0,21.0,0.6774193548387096,NGII,202410,NGII,202410
라마56a18a,,,,NGII,202410,NGII,202410
라마56a18b,6.0,,,NGII,202410,NGII,202410
라마56a19a,,,,NGII,202410,NGII,202410
라마56a19b,,,,NGII,202410,NGII,202410
라마56a20a,,,,NGII,202410,NGII,202410
라마56a20b,9.0,6.0,0.6666666666666666,NGII,202410,NGII,202410
라마56a21a,,,,NGII,202410,NGII,202410
라마56a21b,,,,NGII,202410,NGII,202410
라마56a22a,,,,NGII,202410,NGII,202410
라마56a22b,,,,NGII,202410,NGII,202410
라마56a23a,,,,NGII,202410,NGII,202410
라마56a23b,,,,NGII,202410,NGII,202410
라마56a24a,,,,NGII,202410,NGII,202410
라마56a24b,,,,NGII,202410,NGII,202410
라마56a25a,,,,NGII,202410,NGII,202410
라마56a25b,0.0,0.0,,NGII,202410,NGII,202410
라마56a26a,9.0,7.0,0.7777777777777778,NGII,202410,NGII,202410
라마56a26b,8.0,6.0,0.75,NGII,202410,NGII,202410
라마56a27a,0.0,0.0,,NGII,202410,NGII,202410
라마56a27b,,,,NGII,202410,NGII,202410
라마56a28a,0.0,,,NGII,202410,NGII,202410
라마56a28b,0.0,,,NGII,202410,NGII,202410
라마56a29a,9.0,0.0,0.0,NGII,202410,NGII,202410
라마56a29b,0.0,0.0,,NGII,202410,NGII,202410
라마56a30a,40.0,23.0,0.575,NGII,202410,NGII,202410
라마56a30b,0.0,0.0,,NGII,202410,NGII,202410
라마56a31a,0.0,0.0,,NGII,202410,NGII,202410
라마56a31b,55.0,34.0,0.6181818181818182,NGII,202410,NGII,202410
라마56a32a,37.0,14.0,0.3783783783783784,NGII,202410,NGII,202410
라마56a32b,,,,NGII,202410,NGII,202410
라마56a33a,0.0,0.0,,NGII,202410,NGII,202410
라마56a33b,,,,NGII,202410,NGII,202410
라마56a34a,0.0,0.0,,NGII,202410,NGII,202410
라마56a34b,0.0,0.0,,NGII,202410,NGII,202410
라마56a35a,6.0,0.0,0.0,NGII,202410,NGII,202410
라마56a35b,40.0,24.0,0.6,NGII,202410,NGII,202410
라마56a36a,,,,NGII,202410,NGII,202410
라마56a36b,,,,NGII,202410,NGII,202410
라마56a37a,,,,NGII,202410,NGII,202410
라마56a37b,0.0,,,NGII,202410,NGII,202410
라마56a38a,0.0,0.0,,NGII,202410,NGII,202410
라마56a38b,32.0,26.0,0.8125,NGII,202410,NGII,202410
라마56a39a,21.0,8.0,0.38095238095238093,NGII,202410,NGII,202410
라마56a39b,0.0,0.0,,NGII,202410,NGII,202410
라마56a40a,0.0,,,NGII,202410,NGII,202410
라마56a40b,31.0,24.0,0.7741935483870968,NGII,202410,NGII,202410
라마56a41a,0.0,0.0,,NGII,202410,NGII,202410
라마56a41b,53.0,36.0,0.6792452830188679,NGII,202410,NGII,202410
라마56a42a,0.0,0.0,,NGII,202410,NGII,202410
라마56a42b,,,,NGII,202410,NGII,202410
라마56a43a,,,,NGII,202410,NGII,202410
라마56a43b,,,,NGII,202410,NGII,202410
라마56a44a,,,,NGII,202410,NGII,202410
라마56a44b,,,,NGII,202410,NGII,202410
라마56a45a,13.0,9.0,0.6923076923076923,NGII,202410,NGII,202410
라마56a45b,0.0,,,NGII,202410,NGII,202410
라마56a46a,,,,NGII,202410,NGII,202410
라마56a46b,,,,NGII,202410,NGII,202410
라마56a47a,0.0,0.0,,NGII,202410,NGII,202410
라마56a47b,36.0,26.0,0.7222222222222222,NGII,202410,NGII,202410
라마56a48a,22.0,10.0,0.45454545454545453,NGII,202410,NGII,202410
라마56a48b,11.0,0.0,0.0,NGII,202410,NGII,202410
라마56a49a,22.0,8.0,0.36363636363636365,NGII,202410,NGII,202410
라마56a49b,0.0,,,NGII,202410,NGII,202410
라마56a50a,25.0,12.0,0.48,NGII,202410,NGII,202410
라마56a50b,21.0,12.0,0.5714285714285714,NGII,202410,NGII,202410
라마56a51a,,,,NGII,202410,NGII,202410
라마56a51b,0.0,0.0,,NGII,202410,NGII,202410
라마56a52a,0.0,0.0,,NGII,202410,NGII,202410
라마56a52b,29.0,22.0,0.7586206896551724,NGII,202410,NGII,202410
라마56a53a,,,,NGII,202410,NGII,202410
라마56a53b,11.0,0.0,0.0,NGII,202410,NGII,202410
라마56a54a,22.0,12.0,0.5454545454545454,NGII,202410,NGII,202410
라마56a54b,,,,NGII,202410,NGII,202410
라마56a55a,,,,NGII,202410,NGII,202410
라마56a55b,,,,NGII,202410,NGII,202410
라마56a56a,,,,NGII,202410,NGII,202410
라마56a56b,,,,NGII,202410,NGII,202410
라마56a58a,,,,NGII,202410,NGII,202410
라마56b09a,,,,NGII,202410,NGII,202410
라마56b09b,21.0,14.0,0.6666666666666666,NGII,202410,NGII,202410
라마56b10a,0.0,,,NGII,202410,NGII,202410
라마56b10b,,,,NGII,202410,NGII,202410
라마56b11a,0.0,,,NGII,202410,NGII,202410
라마56b11b,0.0,,,NGII,202410,NGII,202410
라마56b12a,,,,NGII,202410,NGII,202410
라마56b12b,11.0,9.0,0.8181818181818182,NGII,202410,NGII,202410
라마56b13a,459.0,224.0,0.4880174291938998,NGII,202410,NGII,202410
라마56b13b,18.0,8.0,0.4444444444444444,NGII,202410,NGII,202410
라마56b14a,,,,NGII,202410,NGII,202410
라마56b14b,0.0,0.0,,NGII,202410,NGII,202410
라마56b15a,,,,NGII,202410,NGII,202410
라마56b15b,,,,NGII,202410,NGII,202410
라마56b16a,,,,NGII,202410,NGII,202410
라마56b16b,0.0,0.0,,NGII,202410,NGII,202410
라마56b17a,,,,NGII,202410,NGII,202410
라마56b17b,,,,NGII,202410,NGII,202410
라마56b18a,,,,NGII,202410,NGII,202410
라마56b18b,30.0,16.0,0.5333333333333333,NGII,202410,NGII,202410
라마56b19a,18.0,14.0,0.7777777777777778,NGII,202410,NGII,202410
라마56b19b,,,,NGII,202410,NGII,202410
라마56b20a,,,,NGII,202410,NGII,202410
라마56b20b,37.0,28.0,0.7567567567567568,NGII,202410,NGII,202410
라마56b21a,19.0,16.0,0.8421052631578947,NGII,202410,NGII,202410
라마56b21b,0.0,,,NGII,202410,NGII,202410
라마56b22a,,,,NGII,202410,NGII,202410
라마56b22b,,,,NGII,202410,NGII,202410
라마56b23a,,,,NGII,202410,NGII,202410
라마56b23b,,,,NGII,202410,NGII,202410
라마56b24a,,,,NGII,202410,NGII,202410
라마56b24b,,,,NGII,202410,NGII,202410
라마56b25a,25.0,15.0,0.6,NGII,202410,NGII,202410
라마56b25b,16.0,9.0,0.5625,NGII,202410,NGII,202410
라마56b26a,0.0,,,NGII,202410,NGII,202410
라마56b26b,0.0,0.0,,NGII,202410,NGII,202410
라마56b27a,0.0,0.0,,NGII,202410,NGII,202410
라마56b27b,,,,NGII,202410,NGII,202410
라마56b28a,,,,NGII,202410,NGII,202410
라마56b28b,93.0,61.0,0.6559139784946236,NGII,202410,NGII,202410
라마56b29a,43.0,24.0,0.5581395348837209,NGII,202410,NGII,202410
라마56b29b,0.0,,,NGII,202410,NGII,202410
라마56b30a,,,,NGII,202410,NGII,202410
라마56b30b,,,,NGII,202410,NGII,202410
라마56b31a,0.0,0.0,,NGII,202410,NGII,202410
라마56b31b,0.0,0.0,,NGII,202410,NGII,202410
라마56b32a,,,,NGII,202410,NGII,202410
라마56b32b,0.0,0.0,,NGII,202410,NGII,202410
라마56b33a,15.0,10.0,0.6666666666666666,NGII,202410,NGII,202410
라마56b33b,,,,NGII,202410,NGII,202410
라마56b34a,,,,NGII,202410,NGII,202410
라마56b34b,,,,NGII,202410,NGII,202410
라마56b35a,,,,NGII,202410,NGII,202410
라마56b35b,19.0,14.0,0.7368421052631579,NGII,202410,NGII,202410
라마56b36a,,,,NGII,202410,NGII,202410
라마56b36b,11.0,7.0,0.6363636363636364,NGII,202410,NGII,202410
라마56b37a,0.0,0.0,,NGII,202410,NGII,202410
라마56b37b,0.0,0.0,,NGII,202410,NGII,202410
라마56b38a,0.0,0.0,,NGII,202410,NGII,202410
라마56b38b,0.0,,,NGII,202410,NGII,202410
라마56b39a,92.0,50.0,0.5434782608695652,NGII,202410,NGII,202410
라마56b39b,30.0,21.0,0.7,NGII,202410,NGII,202410
라마56b40a,32.0,17.0,0.53125,NGII,202410,NGII,202410
라마56b40b,33.0,22.0,0.6666666666666666,NGII,202410,NGII,202410
라마56b41a,8.0,0.0,0.0,NGII,202410,NGII,202410
라마56b41b,16.0,13.0,0.8125,NGII,202410,NGII,202410
라마56b42a,58.0,34.0,0.5862068965517241,NGII,202410,NGII,202410
라마56b42b,,,,NGII,202410,NGII,202410
라마56b43a,,,,NGII,202410,NGII,202410
라마56b43b,,,,NGII,202410,NGII,202410
라마56b44a,,,,NGII,202410,NGII,202410
라마56b44b,10.0,9.0,0.9,NGII,202410,NGII,202410
라마56b45a,,,,NGII,202410,NGII,202410
라마56b45b,,,,NGII,202410,NGII,202410
라마56b46a,,,,NGII,202410,NGII,202410
라마56b46b,0.0,,,NGII,202410,NGII,202410
라마56b47a,43.0,25.0,0.5813953488372093,NGII,202410,NGII,202410
라마56b47b,0.0,0.0,,NGII,202410,NGII,202410
라마56b48a,0.0,0.0,,NGII,202410,NGII,202410
라마56b48b,62.0,32.0,0.5161290322580645,NGII,202410,NGII,202410
라마56b49a,11.0,6.0,0.5454545454545454,NGII,202410,NGII,202410
라마56b49b,0.0,0.0,,NGII,202410,NGII,202410
라마56b50a,7.0,0.0,0.0,NGII,202410,NGII,202410
라마56b50b,66.0,40.0,0.6060606060606061,NGII,202410,NGII,202410
라마56b51a,,,,NGII,202410,NGII,202410
라마56b51b,0.0,0.0,,NGII,202410,NGII,202410
라마56b52a,,,,NGII,202410,NGII,202410
라마56b52b,25.0,10.0,0.4,NGII,202410,NGII,202410
라마56b53a,151.0,103.0,0.6821192052980133,NGII,202410,NGII,202410
라마56b53b,30.0,14.0,0.4666666666666667,NGII,202410,NGII,202410
라마56b54a,79.0,44.0,0.5569620253164557,NGII,202410,NGII,202410
라마56b54b,,,,NGII,202410,NGII,202410
라마56b55a,,,,NGII,202410,NGII,202410
라마57a10b,0.0,,,NGII,202410,NGII,202410
라마57a11a,0.0,0.0,,NGII,202410,NGII,202410
라마57a11b,,,,NGII,202410,NGII,202410
라마57a12a,,,,NGII,202410,NGII,202410
라마57a12b,15.0,9.0,0.6,NGII,202410,NGII,202410
라마57a13a,11.0,0.0,0.0,NGII,202410,NGII,202410
라마57a13b,19.0,12.0,0.631578947368421,NGII,202410,NGII,202410
라마57a14a,26.0,17.0,0.6538461538461539,NGII,202410,NGII,202410
라마57a14b,16.0,9.0,0.5625,NGII,202410,NGII,202410
라마57a15a,,,,NGII,202410,NGII,202410
라마57a15b,,,,NGII,202410,NGII,202410
라마57a16a,0.0,,,NGII,202410,NGII,202410
라마57a16b,31.0,24.0,0.7741935483870968,NGII,202410,NGII,202410
라마57a17a,,,,NGII,202410,NGII,202410
라마57a17b,,,,NGII,202410,NGII,202410
라마57a18a,0.0,0.0,,NGII,202410,NGII,202410
라마57a18b,,,,NGII,202410,NGII,202410
라마57a19a,,,,NGII,202410,NGII,202410
라마57a19b,,,,NGII,202410,NGII,202410
라마57a20a,,,,NGII,202410,NGII,202410
라마57a20b,0.0,,,NGII,202410,NGII,202410
라마57a21a,,,,NGII,202410,NGII,202410
라마57a21b,,,,NGII,202410,NGII,202410
라마57a22a,,,,NGII,202410,NGII,202410
라마57a22b,0.0,,,NGII,202410,NGII,202410
라마57a23a,,,,NGII,202410,NGII,202410
라마57a23b,,,,NGII,202410,NGII,202410
라마57a24a,,,,NGII,202410,NGII,202410
라마57a24b,,,,NGII,202410,NGII,202410
라마57a25a,,,,NGII,202410,NGII,202410
라마57a25b,,,,NGII,202410,NGII,202410
라마57a26a,,,,NGII,202410,NGII,202410
라마57a26b,6.0,0.0,0.0,NGII,202410,NGII,202410
라마57a27a,,,,NGII,202410,NGII,202410
라마57a27b,,,,NGII,202410,NGII,202410
라마57a28a,,,,NGII,202410,NGII,202410
라마57a28b,31.0,21.0,0.6774193548387096,NGII,202410,NGII,202410
라마57a29a,0.0,0.0,,NGII,202410,NGII,202410
라마57a29b,,,,NGII,202410,NGII,202410
라마57a30a,,,,NGII,202410,NGII,202410
라마57a30b,6.0,0.0,0.0,NGII,202410,NGII,202410
라마57a31a,8.0,0.0,0.0,NGII,202410,NGII,202410
라마57a31b,,,,NGII,202410,NGII,202410
라마57a32a,,,,NGII,202410,NGII,202410
라마57a32b,,,,NGII,202410,NGII,202410
라마57a33a,,,,NGII,202410,NGII,202410
라마57a33b,,,,NGII,202410,NGII,202410
라마57a34a,0.0,0.0,,NGII,202410,NGII,202410
라마57a34b,,,,NGII,202410,NGII,202410
라마57a35a,,,,NGII,202410,NGII,202410
라마57a35b,,,,NGII,202410,NGII,202410
라마57a36a,18.0,12.0,0.6666666666666666,NGII,202410,NGII,202410
라마57a36b,,,,NGII,202410,NGII,202410
라마57a37a,0.0,0.0,,NGII,202410,NGII,202410
라마57a37b,,,,NGII,202410,NGII,202410
라마57a38a,,,,NGII,202410,NGII,202410
라마57a38b,0.0,0.0,,NGII,202410,NGII,202410
라마57a39a,6.0,0.0,0.0,NGII,202410,NGII,202410
라마57a39b,65.0,39.0,0.6,NGII,202410,NGII,202410
라마57a40a,15.0,10.0,0.6666666666666666,NGII,202410,NGII,202410
라마57a40b,0.0,0.0,,NGII,202410,NGII,202410
라마57a41a,,,,NGII,202410,NGII,202410
라마57a41b,0.0,0.0,,NGII,202410,NGII,202410
라마57a42a,16.0,13.0,0.8125,NGII,202410,NGII,202410
라마57a42b,30.0,20.0,0.6666666666666666,NGII,202410,NGII,202410
라마57a43a,14.0,8.0,0.5714285714285714,NGII,202410,NGII,202410
라마57a43b,6.0,0.0,0.0,NGII,202410,NGII,202410
라마57a44a,17.0,6.0,0.35294117647058826,NGII,202410,NGII,202410
라마57a44b,0.0,0.0,,NGII,202410,NGII,202410
라마57a45a,,,,NGII,202410,NGII,202410
라마57a45b,,,,NGII,202410,NGII,202410
라마57a46a,7.0,0.0,0.0,NGII,202410,NGII,202410
라마57a46b,,,,NGII,202410,NGII,202410
라마57a47a,,,,NGII,202410,NGII,202410
라마57a47b,,,,NGII,202410,NGII,202410
라마57a48a,,,,NGII,202410,NGII,202410
라마57a48b,13.0,,,NGII,202410,NGII,202410
라마57a49a,12.0,8.0,0.6666666666666666,NGII,202410,NGII,202410
라마57a49b,,,,NGII,202410,NGII,202410
라마57a50a,0.0,0.0,,NGII,202410,NGII,202410
라마57a50b,8.0,0.0,0.0,NGII,202410,NGII,202410
라마57a51a,44.0,25.0,0.5681818181818182,NGII,202410,NGII,202410
라마57a51b,108.0,46.0,0.42592592592592593,NGII,202410,NGII,202410
라마57a52a,90.0,36.0,0.4,NGII,202410,NGII,202410
라마57a52b,53.0,27.0,0.5094339622641509,NGII,202410,NGII,202410
라마57a53a,,,,NGII,202410,NGII,202410
라마57a53b,,,,NGII,202410,NGII,202410
라마57a54a,,,,NGII,202410,NGII,202410
라마57b10b,0.0,0.0,,NGII,202410,NGII,202410
라마57b11a,48.0,30.0,0.625,NGII,202410,NGII,202410
라마57b11b,8.0,6.0,0.75,NGII,202410,NGII,202410
라마57b12a,0.0,0.0,,NGII,202410,NGII,202410
라마57b12b,16.0,11.0,0.6875,NGII,202410,NGII,202410
라마57b13a,,,,NGII,202410,NGII,202410
라마57b13b,0.0,0.0,,NGII,202410,NGII,202410
라마57b14a,9.0,0.0,0.0,NGII,202410,NGII,202410
라마57b14b,14.0,9.0,0.6428571428571429,NGII,202410,NGII,202410
라마57b15a,,,,NGII,202410,NGII,202410
라마57b15b,46.0,30.0,0.6521739130434783,NGII,202410,NGII,202410
라마57b16a,25.0,21.0,0.84,NGII,202410,NGII,202410
라마57b16b,0.0,0.0,,NGII,202410,NGII,202410
라마57b17a,,,,NGII,202410,NGII,202410
라마57b17b,0.0,,,NGII,202410,NGII,202410
라마57b18a,62.0,38.0,0.6129032258064516,NGII,202410,NGII,202410
라마57b18b,15.0,7.0,0.4666666666666667,NGII,202410,NGII,202410
라마57b19a,19.0,12.0,0.631578947368421,NGII,202410,NGII,202410
라마57b19b,7.0,6.0,0.8571428571428571,NGII,202410,NGII,202410
라마57b20a,,,,NGII,202410,NGII,202410
라마57b20b,,,,NGII,202410,NGII,202410
라마57b21a,0.0,,,NGII,202410,NGII,202410
라마57b21b,,,,NGII,202410,NGII,202410
라마57b22a,,,,NGII,202410,NGII,202410
라마57b22b,,,,NGII,202410,NGII,202410
라마57b23a,,,,NGII,202410,NGII,202410
라마57b23b,,,,NGII,202410,NGII,202410
라마57b24a,,,,NGII,202410,NGII,202410
라마57b24b,,,,NGII,202410,NGII,202410
라마57b25a,18.0,9.0,0.5,NGII,202410,NGII,202410
라마57b25b,13.0,6.0,0.46153846153846156,NGII,202410,NGII,202410
라마57b26a,0.0,0.0,,NGII,202410,NGII,202410
라마57b26b,,,,NGII,202410,NGII,202410
라마57b27a,,,,NGII,202410,NGII,202410
라마57b27b,,,,NGII,202410,NGII,202410
라마57b28a,,,,NGII,202410,NGII,202410
라마57b28b,18.0,8.0,0.4444444444444444,NGII,202410,NGII,202410
라마57b29a,39.0,19.0,0.48717948717948717,NGII,202410,NGII,202410
라마57b29b,,,,NGII,202410,NGII,202410
라마57b30a,,,,NGII,202410,NGII,202410
라마57b30b,,,,NGII,202410,NGII,202410
라마57b31a,0.0,0.0,,NGII,202410,NGII,202410
라마57b31b,0.0,0.0,,NGII,202410,NGII,202410
라마57b32a,,,,NGII,202410,NGII,202410
라마57b32b,0.0,0.0,,NGII,202410,NGII,202410
라마57b33a,0.0,0.0,,NGII,202410,NGII,202410
라마57b33b,,,,NGII,202410,NGII,202410
라마57b34a,0.0,0.0,,NGII,202410,NGII,202410
라마57b34b,0.0,0.0,,NGII,202410,NGII,202410
라마57b35a,,,,NGII,202410,NGII,202410
라마57b35b,0.0,0.0,,NGII,202410,NGII,202410
라마57b36a,6.0,0.0,0.0,NGII,202410,NGII,202410
라마57b36b,7.0,0.0,0.0,NGII,202410,NGII,202410
라마57b37a,39.0,22.0,0.5641025641025641,NGII,202410,NGII,202410
라마57b37b,15.0,10.0,0.6666666666666666,NGII,202410,NGII,202410
라마57b38a,9.0,0.0,0.0,NGII,202410,NGII,202410
라마57b38b,,,,NGII,202410,NGII,202410
라마57b39a,,,,NGII,202410,NGII,202410
라마57b39b,,,,NGII,202410,NGII,202410
라마57b40a,,,,NGII,202410,NGII,202410
라마57b40b,,,,NGII,202410,NGII,202410
라마57b41a,6.0,0.0,0.0,NGII,202410,NGII,202410
라마57b41b,,,,NGII,202410,NGII,202410
라마57b42a,38.0,29.0,0.7631578947368421,NGII,202410,NGII,202410
라마57b42b,,,,NGII,202410,NGII,202410
라마57b43a,11.0,0.0,0.0,NGII,202410,NGII,202410
라마57b43b,,,,NGII,202410,NGII,202410
라마57b44a,,,,NGII,202410,NGII,202410
라마57b44b,0.0,,,NGII,202410,NGII,202410
라마57b45a,16.0,11.0,0.6875,NGII,202410,NGII,202410
라마57b45b,27.0,14.0,0.5185185185185185,NGII,202410,NGII,202410
라마57b46a,,,,NGII,202410,NGII,202410
라마57b46b,,,,NGII,202410,NGII,202410
라마57b47a,,,,NGII,202410,NGII,202410
라마57b47b,,,,NGII,202410,NGII,202410
라마57b48a,,,,NGII,202410,NGII,202410
라마57b48b,31.0,21.0,0.6774193548387096,NGII,202410,NGII,202410
라마57b49a,0.0,0.0,,NGII,202410,NGII,202410
라마57b49b,,,,NGII,202410,NGII,202410
라마57b50a,0.0,0.0,,NGII,202410,NGII,202410
라마57b50b,0.0,0.0,,NGII,202410,NGII,202410
라마57b51a,22.0,8.0,0.36363636363636365,NGII,202410,NGII,202410
라마57b51b,495.0,193.0,0.3898989898989899,NGII,202410,NGII,202410
라마57b52a,216.0,82.0,0.37962962962962965,NGII,202410,NGII,202410
라마57b52b,53.0,27.0,0.5094339622641509,NGII,202410,NGII,202410
라마57b53a,0.0,0.0,,NGII,202410,NGII,202410
라마57b53b,0.0,0.0,,NGII,202410,NGII,202410
라마57b54a,,,,NGII,202410,NGII,202410
라마58a10a,,,,NGII,202410,NGII,202410
라마58a10b,,,,NGII,202410,NGII,202410
라마58a11a,0.0,0.0,,NGII,202410,NGII,202410
라마58a11b,8.0,0.0,0.0,NGII,202410,NGII,202410
라마58a12a,,,,NGII,202410,NGII,202410
라마58a12b,,,,NGII,202410,NGII,202410
라마58a13a,,,,NGII,202410,NGII,202410
라마58a13b,24.0,13.0,0.5416666666666666,NGII,202410,NGII,202410
라마58a14a,16.0,9.0,0.5625,NGII,202410,NGII,202410
라마58a14b,18.0,7.0,0.3888888888888889,NGII,202410,NGII,202410
라마58a15a,0.0,0.0,,NGII,202410,NGII,202410
라마58a15b,12.0,0.0,0.0,NGII,202410,NGII,202410
라마58a16a,29.0,16.0,0.5517241379310345,NGII,202410,NGII,202410
라마58a16b,,,,NGII,202410,NGII,202410
라마58a17a,0.0,0.0,,NGII,202410,NGII,202410
라마58a17b,0.0,0.0,,NGII,202410,NGII,202410
라마58a18a,0.0,0.0,,NGII,202410,NGII,202410
라마58a18b,0.0,0.0,,NGII,202410,NGII,202410
라마58a19a,,,,NGII,202410,NGII,202410
라마58a19b,0.0,,,NGII,202410,NGII,202410
라마58a20a,7.0,0.0,0.0,NGII,202410,NGII,202410
라마58a20b,0.0,,,NGII,202410,NGII,202410
라마58a21a,,,,NGII,202410,NGII,202410
라마58a21b,,,,NGII,202410,NGII,202410
라마58a22a,0.0,0.0,,NGII,202410,NGII,202410
라마58a22b,23.0,18.0,0.782608695652174,NGII,202410,NGII,202410
라마58a23a,15.0,0.0,0.0,NGII,202410,NGII,202410
라마58a23b,,,,NGII,202410,NGII,202410
라마58a24a,,,,NGII,202410,NGII,202410
라마58a24b,,,,NGII,202410,NGII,202410
라마58a25a,,,,NGII,202410,NGII,202410
라마58a25b,23.0,13.0,0.5652173913043478,NGII,202410,NGII,202410
라마58a26a,0.0,,,NGII,202410,NGII,202410
라마58a26b,,,,NGII,202410,NGII,202410
라마58a27a,,,,NGII,202410,NGII,202410
라마58a27b,,,,NGII,202410,NGII,202410
라마58a28a,,,,NGII,202410,NGII,202410
라마58a28b,15.0,7.0,0.4666666666666667,NGII,202410,NGII,202410
라마58a29a,,,,NGII,202410,NGII,202410
라마58a29b,,,,NGII,202410,NGII,202410
라마58a30a,,,,NGII,202410,NGII,202410
라마58a30b,76.0,49.0,0.6447368421052632,NGII,202410,NGII,202410
라마58a31a,20.0,10.0,0.5,NGII,202410,NGII,202410
라마58a31b,,,,NGII,202410,NGII,202410
라마58a32a,16.0,0.0,0.0,NGII,202410,NGII,202410
라마58a32b,32.0,18.0,0.5625,NGII,202410,NGII,202410
라마58a33a,0.0,0.0,,NGII,202410,NGII,202410
라마58a33b,11.0,8.0,0.7272727272727273,NGII,202410,NGII,202410
라마58a34a,,,,NGII,202410,NGII,202410
라마58a34b,,,,NGII,202410,NGII,202410
라마58a35a,,,,NGII,202410,NGII,202410
라마58a35b,11.0,0.0,0.0,NGII,202410,NGII,202410
라마58a36a,,,,NGII,202410,NGII,202410
라마58a36b,0.0,0.0,,NGII,202410,NGII,202410
라마58a37a,,,,NGII,202410,NGII,202410
라마58a37b,53.0,29.0,0.5471698113207547,NGII,202410,NGII,202410
라마58a38a,10.0,8.0,0.8,NGII,202410,NGII,202410
라마58a38b,0.0,0.0,,NGII,202410,NGII,202410
라마58a39a,,,,NGII,202410,NGII,202410
라마58a39b,,,,NGII,202410,NGII,202410
라마58a40a,,,,NGII,202410,NGII,202410
라마58a40b,,,,NGII,202410,NGII,202410
라마58a41a,,,,NGII,202410,NGII,202410
라마58a41b,11.0,8.0,0.7272727272727273,NGII,202410,NGII,202410
라마58a42a,9.0,0.0,0.0,NGII,202410,NGII,202410
라마58a42b,13.0,6.0,0.46153846153846156,NGII,202410,NGII,202410
라마58a43a,,,,NGII,202410,NGII,202410
라마58a43b,0.0,0.0,,NGII,202410,NGII,202410
라마58a44a,,,,NGII,202410,NGII,202410
라마58a44b,,,,NGII,202410,NGII,202410
라마58a45a,0.0,0.0,,NGII,202410,NGII,202410
라마58a45b,,,,NGII,202410,NGII,202410
라마58a46a,,,,NGII,202410,NGII,202410
라마58a46b,,,,NGII,202410,NGII,202410
라마58a47a,,,,NGII,202410,NGII,202410
라마58a47b,,,,NGII,202410,NGII,202410
라마58a48a,,,,NGII,202410,NGII,202410
라마58a48b,,,,NGII,202410,NGII,202410
라마58a49a,0.0,,,NGII,202410,NGII,202410
라마58a49b,27.0,17.0,0.6296296296296297,NGII,202410,NGII,202410
라마58a50a,9.0,,,NGII,202410,NGII,202410
라마58a50b,,,,NGII,202410,NGII,202410
라마58a51a,,,,NGII,202410,NGII,202410
라마58a51b,,,,NGII,202410,NGII,202410
라마58a52a,8.0,0.0,0.0,NGII,202410,NGII,202410
라마58a52b,0.0,,,NGII,202410,NGII,202410
라마58a53a,0.0,,,NGII,202410,NGII,202410
라마58a53b,50.0,23.0,0.46,NGII,202410,NGII,202410
라마58a54a,,,,NGII,202410,NGII,202410
라마58b10a,,,,NGII,202410,NGII,202410
라마58b10b,,,,NGII,202410,NGII,202410
라마58b11a,0.0,0.0,,NGII,202410,NGII,202410
라마58b11b,9.0,6.0,0.6666666666666666,NGII,202410,NGII,202410
라마58b12a,0.0,0.0,,NGII,202410,NGII,202410
라마58b12b,,,,NGII,202410,NGII,202410
라마58b13a,,,,NGII,202410,NGII,202410
라마58b13b,125.0,82.0,0.656,NGII,202410,NGII,202410
라마58b14a,,,,NGII,202410,NGII,202410
라마58b14b,0.0,0.0,,NGII,202410,NGII,202410
라마58b15a,6.0,0.0,0.0,NGII,202410,NGII,202410
라마58b15b,6.0,0.0,0.0,NGII,202410,NGII,202410
라마58b16a,125.0,66.0,0.528,NGII,202410,NGII,202410
라마58b16b,7.0,6.0,0.8571428571428571,NGII,202410,NGII,202410
라마58b17a,9.0,0.0,0.0,NGII,202410,NGII,202410
라마58b17b,,,,NGII,202410,NGII,202410
라마58b18a,,,,NGII,202410,NGII,202410
라마58b18b,19.0,14.0,0.7368421052631579,NGII,202410,NGII,202410
라마58b19a,0.0,,,NGII,202410,NGII,202410
라마58b19b,17.0,8.0,0.47058823529411764,NGII,202410,NGII,202410
라마58b20a,,,,NGII,202410,NGII,202410
라마58b20b,,,,NGII,202410,NGII,202410
라마58b21a,,,,NGII,202410,NGII,202410
라마58b21b,,,,NGII,202410,NGII,202410
라마58b22a,,,,NGII,202410,NGII,202410
라마58b22b,,,,NGII,202410,NGII,202410
라마58b23a,0.0,0.0,,NGII,202410,NGII,202410
라마58b23b,,,,NGII,202410,NGII,202410
라마58b24a,0.0,0.0,,NGII,202410,NGII,202410
라마58b24b,,,,NGII,202410,NGII,202410
라마58b25a,,,,NGII,202410,NGII,202410
라마58b25b,7.0,6.0,0.8571428571428571,NGII,202410,NGII,202410
라마58b26a,,,,NGII,202410,NGII,202410
라마58b26b,,,,NGII,202410,NGII,202410
라마58b27a,,,,NGII,202410,NGII,202410
라마58b27b,0.0,0.0,,NGII,202410,NGII,202410
라마58b28a,9.0,0.0,0.0,NGII,202410,NGII,202410
라마58b28b,26.0,7.0,0.2692307692307692,NGII,202410,NGII,202410
라마58b29a,,,,NGII,202410,NGII,202410
라마58b29b,0.0,,,NGII,202410,NGII,202410
라마58b30a,10.0,0.0,0.0,NGII,202410,NGII,202410
라마58b30b,31.0,24.0,0.7741935483870968,NGII,202410,NGII,202410
라마58b31a,0.0,0.0,,NGII,202410,NGII,202410
라마58b31b,,,,NGII,202410,NGII,202410
라마58b32a,24.0,19.0,0.7916666666666666,NGII,202410,NGII,202410
라마58b32b,,,,NGII,202410,NGII,202410
라마58b33a,7.0,0.0,0.0,NGII,202410,NGII,202410
라마58b33b,19.0,9.0,0.47368421052631576,NGII,202410,NGII,202410
라마58b34a,0.0,0.0,,NGII,202410,NGII,202410
라마58b34b,0.0,0.0,,NGII,202410,NGII,202410
라마58b35a,,,,NGII,202410,NGII,202410
라마58b35b,,,,NGII,202410,NGII,202410
라마58b36a,,,,NGII,202410,NGII,202410
라마58b36b,0.0,0.0,,NGII,202410,NGII,202410
라마58b37a,,,,NGII,202410,NGII,202410
라마58b37b,21.0,11.0,0.5238095238095238,NGII,202410,NGII,202410
라마58b38a,15.0,12.0,0.8,NGII,202410,NGII,202410
라마58b38b,54.0,34.0,0.6296296296296297,NGII,202410,NGII,202410
라마58b39a,,,,NGII,202410,NGII,202410
라마58b39b,,,,NGII,202410,NGII,202410
라마58b40a,,,,NGII,202410,NGII,202410
라마58b40b,,,,NGII,202410,NGII,202410
라마58b41a,,,,NGII,202410,NGII,202410
라마58b41b,19.0,13.0,0.6842105263157895,NGII,202410,NGII,202410
라마58b42a,,,,NGII,202410,NGII,202410
라마58b42b,29.0,22.0,0.7586206896551724,NGII,202410,NGII,202410
라마58b43a,,,,NGII,202410,NGII,202410
라마58b43b,,,,NGII,202410,NGII,202410
라마58b44a,,,,NGII,202410,NGII,202410
라마58b44b,0.0,,,NGII,202410,NGII,202410
라마58b45a,0.0,0.0,,NGII,202410,NGII,202410
라마58b45b,30.0,15.0,0.5,NGII,202410,NGII,202410
라마58b46a,,,,NGII,202410,NGII,202410
라마58b46b,,,,NGII,202410,NGII,202410
라마58b47a,,,,NGII,202410,NGII,202410
라마58b47b,,,,NGII,202410,NGII,202410
라마58b48a,,,,NGII,202410,NGII,202410
라마58b48b,0.0,,,NGII,202410,NGII,202410
라마58b49a,,,,NGII,202410,NGII,202410
라마58b49b,0.0,,,NGII,202410,NGII,202410
라마58b50a,83.0,53.0,0.6385542168674698,NGII,202410,NGII,202410
라마58b50b,0.0,,,NGII,202410,NGII,202410
라마58b51a,18.0,7.0,0.3888888888888889,NGII,202410,NGII,202410
라마58b51b,0.0,0.0,,NGII,202410,NGII,202410
라마58b52a,,,,NGII,202410,NGII,202410
라마58b52b,,,,NGII,202410,NGII,202410
라마58b53a,,,,NGII,202410,NGII,202410
라마58b53b,,,,NGII,202410,NGII,202410
라마58b54a,,,,NGII,202410,NGII,202410
라마59a10b,,,,NGII,202410,NGII,202410
라마59a11a,,,,NGII,202410,NGII,202410
라마59a11b,0.0,0.0,,NGII,202410,NGII,202410
라마59a12a,0.0,,,NGII,202410,NGII,202410
라마59a12b,,,,NGII,202410,NGII,202410
라마59a13a,0.0,0.0,,NGII,202410,NGII,202410
라마59a13b,12.0,9.0,0.75,NGII,202410,NGII,202410
라마59a14a,0.0,,,NGII,202410,NGII,202410
라마59a14b,,,,NGII,202410,NGII,202410
라마59a15a,0.0,0.0,,NGII,202410,NGII,202410
라마59a15b,,,,NGII,202410,NGII,202410
라마59a16a,83.0,49.0,0.5903614457831325,NGII,202410,NGII,202410
라마59a16b,17.0,0.0,0.0,NGII,202410,NGII,202410
라마59a17a,,,,NGII,202410,NGII,202410
라마59a17b,0.0,0.0,,NGII,202410,NGII,202410
라마59a18a,,,,NGII,202410,NGII,202410
라마59a18b,,,,NGII,202410,NGII,202410
라마59a19a,6.0,6.0,1.0,NGII,202410,NGII,202410
라마59a19b,21.0,13.0,0.6190476190476191,NGII,202410,NGII,202410
라마59a20a,,,,NGII,202410,NGII,202410
라마59a20b,0.0,0.0,,NGII,202410,NGII,202410
라마59a21a,0.0,0.0,,NGII,202410,NGII,202410
라마59a21b,,,,NGII,202410,NGII,202410
라마59a22a,0.0,,,NGII,202410,NGII,202410
라마59a22b,13.0,8.0,0.6153846153846154,NGII,202410,NGII,202410
라마59a23a,17.0,16.0,0.9411764705882353,NGII,202410,NGII,202410
라마59a23b,,,,NGII,202410,NGII,202410
라마59a24a,,,,NGII,202410,NGII,202410
라마59a24b,,,,NGII,202410,NGII,202410
라마59a25a,,,,NGII,202410,NGII,202410
라마59a25b,,,,NGII,202410,NGII,202410
라마59a26a,,,,NGII,202410,NGII,202410
라마59a26b,,,,NGII,202410,NGII,202410
라마59a27a,,,,NGII,202410,NGII,202410
라마59a27b,,,,NGII,202410,NGII,202410
라마59a28a,0.0,0.0,,NGII,202410,NGII,202410
라마59a28b,14.0,7.0,0.5,NGII,202410,NGII,202410
라마59a29a,0.0,0.0,,NGII,202410,NGII,202410
라마59a29b,773.0,150.0,0.19404915912031048,NGII,202410,NGII,202410
라마59a30a,604.0,186.0,0.3079470198675497,NGII,202410,NGII,202410
라마59a30b,696.0,145.0,0.20833333333333334,NGII,202410,NGII,202410
라마59a31a,33.0,0.0,0.0,NGII,202410,NGII,202410
라마59a31b,,,,NGII,202410,NGII,202410
라마59a32a,13.0,6.0,0.46153846153846156,NGII,202410,NGII,202410
라마59a32b,,,,NGII,202410,NGII,202410
라마59a33a,,,,NGII,202410,NGII,202410
라마59a33b,,,,NGII,202410,NGII,202410
라마59a34a,0.0,,,NGII,202410,NGII,202410
라마59a34b,,,,NGII,202410,NGII,202410
라마59a35a,,,,NGII,202410,NGII,202410
라마59a35b,,,,NGII,202410,NGII,202410
라마59a36a,,,,NGII,202410,NGII,202410
라마59a36b,,,,NGII,202410,NGII,202410
라마59a37a,,,,NGII,202410,NGII,202410
라마59a37b,15.0,12.0,0.8,NGII,202410,NGII,202410
라마59a38a,14.0,10.0,0.7142857142857143,NGII,202410,NGII,202410
라마59a38b,,,,NGII,202410,NGII,202410
라마59a39a,,,,NGII,202410,NGII,202410
라마59a39b,,,,NGII,202410,NGII,202410
라마59a40a,,,,NGII,202410,NGII,202410
라마59a40b,,,,NGII,202410,NGII,202410
라마59a41a,0.0,,,NGII,202410,NGII,202410
라마59a41b,39.0,19.0,0.48717948717948717,NGII,202410,NGII,202410
라마59a42a,,,,NGII,202410,NGII,202410
라마59a42b,,,,NGII,202410,NGII,202410
라마59a43a,,,,NGII,202410,NGII,202410
라마59a43b,6.0,0.0,0.0,NGII,202410,NGII,202410
라마59a44a,,,,NGII,202410,NGII,202410
라마59a44b,,,,NGII,202410,NGII,202410
라마59a45a,0.0,0.0,,NGII,202410,NGII,202410
라마59a45b,64.0,37.0,0.578125,NGII,202410,NGII,202410
라마59a46a,21.0,8.0,0.38095238095238093,NGII,202410,NGII,202410
라마59a46b,0.0,0.0,,NGII,202410,NGII,202410
라마59a47a,,,,NGII,202410,NGII,202410
라마59a47b,,,,NGII,202410,NGII,202410
라마59a48a,9.0,0.0,0.0,NGII,202410,NGII,202410
라마59a48b,49.0,38.0,0.7755102040816326,NGII,202410,NGII,202410
라마59a49a,22.0,6.0,0.2727272727272727,NGII,202410,NGII,202410
라마59a49b,9.0,8.0,0.8888888888888888,NGII,202410,NGII,202410
라마59a50a,27.0,15.0,0.5555555555555556,NGII,202410,NGII,202410
라마59a50b,27.0,18.0,0.6666666666666666,NGII,202410,NGII,202410
라마59a51a,0.0,0.0,,NGII,202410,NGII,202410
라마59a51b,16.0,7.0,0.4375,NGII,202410,NGII,202410
라마59a52a,,,,NGII,202410,NGII,202410
라마59a52b,,,,NGII,202410,NGII,202410
라마59a53a,,,,NGII,202410,NGII,202410
라마59a53b,,,,NGII,202410,NGII,202410
라마59a54a,,,,NGII,202410,NGII,202410
라마59b11a,,,,NGII,202410,NGII,202410
라마59b11b,6.0,0.0,0.0,NGII,202410,NGII,202410
라마59b12a,15.0,11.0,0.7333333333333333,NGII,202410,NGII,202410
라마59b12b,0.0,0.0,,NGII,202410,NGII,202410
라마59b13a,0.0,0.0,,NGII,202410,NGII,202410
라마59b13b,0.0,,,NGII,202410,NGII,202410
라마59b14a,,,,NGII,202410,NGII,202410
라마59b14b,,,,NGII,202410,NGII,202410
라마59b15a,,,,NGII,202410,NGII,202410
라마59b15b,21.0,11.0,0.5238095238095238,NGII,202410,NGII,202410
라마59b16a,0.0,0.0,,NGII,202410,NGII,202410
라마59b16b,7.0,0.0,0.0,NGII,202410,NGII,202410
라마59b17a,12.0,0.0,0.0,NGII,202410,NGII,202410
라마59b17b,10.0,6.0,0.6,NGII,202410,NGII,202410
라마59b18a,,,,NGII,202410,NGII,202410
라마59b18b,,,,NGII,202410,NGII,202410
라마59b19a,,,,NGII,202410,NGII,202410
라마59b19b,8.0,,,NGII,202410,NGII,202410
라마59b20a,8.0,0.0,0.0,NGII,202410,NGII,202410
라마59b20b,,,,NGII,202410,NGII,202410
라마59b21a,,,,NGII,202410,NGII,202410
라마59b21b,,,,NGII,202410,NGII,202410
라마59b22a,,,,NGII,202410,NGII,202410
라마59b22b,0.0,0.0,,NGII,202410,NGII,202410
라마59b23a,,,,NGII,202410,NGII,202410
라마59b23b,,,,NGII,202410,NGII,202410
라마59b24a,,,,NGII,202410,NGII,202410
라마59b24b,36.0,15.0,0.4166666666666667,NGII,202410,NGII,202410
라마59b25a,,,,NGII,202410,NGII,202410
라마59b25b,0.0,0.0,,NGII,202410,NGII,202410
라마59b26a,,,,NGII,202410,NGII,202410
라마59b26b,,,,NGII,202410,NGII,202410
라마59b27a,,,,NGII,202410,NGII,202410
라마59b27b,,,,NGII,202410,NGII,202410
라마59b28a,,,,NGII,202410,NGII,202410
라마59b28b,36.0,17.0,0.4722222222222222,NGII,202410,NGII,202410
라마59b29a,11.0,,,NGII,202410,NGII,202410
라마59b29b,1644.0,329.0,0.20012165450121655,NGII,202410,NGII,202410
라마59b30a,1608.0,522.0,0.3246268656716418,NGII,202410,NGII,202410
라마59b30b,918.0,225.0,0.24509803921568626,NGII,202410,NGII,202410
라마59b31a,21.0,8.0,0.38095238095238093,NGII,202410,NGII,202410
라마59b31b,0.0,,,NGII,202410,NGII,202410
라마59b32a,,,,NGII,202410,NGII,202410
라마59b32b,,,,NGII,202410,NGII,202410
라마59b33a,,,,NGII,202410,NGII,202410
라마59b33b,,,,NGII,202410,NGII,202410
라마59b34a,,,,NGII,202410,NGII,202410
라마59b34b,,,,NGII,202410,NGII,202410
라마59b35a,7.0,,,NGII,202410,NGII,202410
라마59b35b,,,,NGII,202410,NGII,202410
라마59b36a,0.0,0.0,,NGII,202410,NGII,202410
라마59b36b,,,,NGII,202410,NGII,202410
라마59b37a,0.0,,,NGII,202410,NGII,202410
라마59b37b,,,,NGII,202410,NGII,202410
라마59b38a,,,,NGII,202410,NGII,202410
라마59b38b,,,,NGII,202410,NGII,202410
라마59b39a,,,,NGII,202410,NGII,202410
라마59b39b,,,,NGII,202410,NGII,202410
라마59b40b,,,,NGII,202410,NGII,202410
라마59b41b,,,,NGII,202410,NGII,202410
라마59b42a,,,,NGII,202410,NGII,202410
라마59b42b,27.0,22.0,0.8148148148148148,NGII,202410,NGII,202410
라마59b43a,,,,NGII,202410,NGII,202410
라마59b43b,0.0,0.0,,NGII,202410,NGII,202410
라마59b44a,,,,NGII,202410,NGII,202410
라마59b44b,8.0,0.0,0.0,NGII,202410,NGII,202410
라마59b45a,,,,NGII,202410,NGII,202410
라마59b45b,53.0,28.0,0.5283018867924528,NGII,202410,NGII,202410
라마59b46a,12.0,10.0,0.8333333333333334,NGII,202410,NGII,202410
라마59b46b,39.0,17.0,0.4358974358974359,NGII,202410,NGII,202410
라마59b47a,11.0,0.0,0.0,NGII,202410,NGII,202410
라마59b47b,0.0,,,NGII,202410,NGII,202410
라마59b48a,27.0,15.0,0.5555555555555556,NGII,202410,NGII,202410
라마59b48b,43.0,23.0,0.5348837209302325,NGII,202410,NGII,202410
라마59b49a,,,,NGII,202410,NGII,202410
라마59b49b,,,,NGII,202410,NGII,202410
라마59b50a,,,,NGII,202410,NGII,202410
라마59b50b,,,,NGII,202410,NGII,202410
라마59b51a,,,,NGII,202410,NGII,202410
라마59b51b,,,,NGII,202410,NGII,202410
라마59b52a,,,,NGII,202410,NGII,202410
라마59b52b,,,,NGII,202410,NGII,202410
라마59b53a,,,,NGII,202410,NGII,202410
라마60a11a,,,,NGII,202410,NGII,202410
라마60a11b,,,,NGII,202410,NGII,202410
라마60a12a,10.0,10.0,1.0,NGII,202410,NGII,202410
라마60a12b,,,,NGII,202410,NGII,202410
라마60a13a,0.0,,,NGII,202410,NGII,202410
라마60a13b,,,,NGII,202410,NGII,202410
라마60a14a,,,,NGII,202410,NGII,202410
라마60a14b,0.0,0.0,,NGII,202410,NGII,202410
라마60a15a,,,,NGII,202410,NGII,202410
라마60a15b,,,,NGII,202410,NGII,202410
라마60a16a,0.0,0.0,,NGII,202410,NGII,202410
라마60a16b,,,,NGII,202410,NGII,202410
라마60a17a,,,,NGII,202410,NGII,202410
라마60a17b,25.0,13.0,0.52,NGII,202410,NGII,202410
라마60a18a,6.0,0.0,0.0,NGII,202410,NGII,202410
라마60a18b,,,,NGII,202410,NGII,202410
라마60a19a,,,,NGII,202410,NGII,202410
라마60a19b,,,,NGII,202410,NGII,202410
라마60a20a,0.0,0.0,,NGII,202410,NGII,202410
라마60a20b,,,,NGII,202410,NGII,202410
라마60a21a,,,,NGII,202410,NGII,202410
라마60a21b,42.0,23.0,0.5476190476190477,NGII,202410,NGII,202410
라마60a22a,7.0,0.0,0.0,NGII,202410,NGII,202410
라마60a22b,0.0,,,NGII,202410,NGII,202410
라마60a23a,9.0,6.0,0.6666666666666666,NGII,202410,NGII,202410
라마60a23b,,,,NGII,202410,NGII,202410
라마60a24a,,,,NGII,202410,NGII,202410
라마60a24b,0.0,0.0,,NGII,202410,NGII,202410
라마60a25a,25.0,15.0,0.6,NGII,202410,NGII,202410
라마60a25b,19.0,9.0,0.47368421052631576,NGII,202410,NGII,202410
라마60a26a,7.0,0.0,0.0,NGII,202410,NGII,202410
라마60a26b,,,,NGII,202410,NGII,202410
라마60a27a,0.0,0.0,,NGII,202410,NGII,202410
라마60a27b,21.0,18.0,0.8571428571428571,NGII,202410,NGII,202410
라마60a28a,16.0,0.0,0.0,NGII,202410,NGII,202410
라마60a28b,365.0,22.0,0.06027397260273973,NGII,202410,NGII,202410
라마60a29a,74.0,10.0,0.13513513513513514,NGII,202410,NGII,202410
라마60a29b,279.0,90.0,0.3225806451612903,NGII,202410,NGII,202410
라마60a30a,917.0,218.0,0.23773173391494,NGII,202410,NGII,202410
라마60a30b,1051.0,241.0,0.22930542340627974,NGII,202410,NGII,202410
라마60a31a,74.0,69.0,0.9324324324324325,NGII,202410,NGII,202410
라마60a31b,172.0,70.0,0.4069767441860465,NGII,202410,NGII,202410
라마60a32a,10.0,7.0,0.7,NGII,202410,NGII,202410
라마60a32b,,,,NGII,202410,NGII,202410
라마60a33a,,,,NGII,202410,NGII,202410
라마60a33b,,,,NGII,202410,NGII,202410
라마60a34a,0.0,,,NGII,202410,NGII,202410
라마60a34b,28.0,16.0,0.5714285714285714,NGII,202410,NGII,202410
라마60a35a,23.0,12.0,0.5217391304347826,NGII,202410,NGII,202410
라마60a35b,29.0,18.0,0.6206896551724138,NGII,202410,NGII,202410
라마60a36a,53.0,37.0,0.6981132075471698,NGII,202410,NGII,202410
라마60a36b,,,,NGII,202410,NGII,202410
라마60a37a,0.0,,,NGII,202410,NGII,202410
라마60a37b,0.0,0.0,,NGII,202410,NGII,202410
라마60a38a,29.0,25.0,0.8620689655172413,NGII,202410,NGII,202410
라마60a38b,0.0,0.0,,NGII,202410,NGII,202410
라마60a39a,,,,NGII,202410,NGII,202410
라마60a39b,,,,NGII,202410,NGII,202410
라마60a42a,,,,NGII,202410,NGII,202410
라마60a42b,7.0,0.0,0.0,NGII,202410,NGII,202410
라마60a43a,0.0,,,NGII,202410,NGII,202410
라마60a43b,,,,NGII,202410,NGII,202410
라마60a44a,0.0,0.0,,NGII,202410,NGII,202410
라마60a44b,137.0,70.0,0.5109489051094891,NGII,202410,NGII,202410
라마60a45a,29.0,11.0,0.3793103448275862,NGII,202410,NGII,202410
라마60a45b,206.0,82.0,0.39805825242718446,NGII,202410,NGII,202410
라마60a46a,33.0,11.0,0.3333333333333333,NGII,202410,NGII,202410
라마60a46b,20.0,0.0,0.0,NGII,202410,NGII,202410
라마60a47a,77.0,34.0,0.44155844155844154,NGII,202410,NGII,202410
라마60a47b,30.0,18.0,0.6,NGII,202410,NGII,202410
라마60a48a,0.0,0.0,,NGII,202410,NGII,202410
라마60a48b,17.0,7.0,0.4117647058823529,NGII,202410,NGII,202410
라마60a49a,22.0,9.0,0.4090909090909091,NGII,202410,NGII,202410
라마60a49b,,,,NGII,202410,NGII,202410
라마60a50a,,,,NGII,202410,NGII,202410
라마60a50b,0.0,,,NGII,202410,NGII,202410
라마60a51a,,,,NGII,202410,NGII,202410
라마60a51b,0.0,,,NGII,202410,NGII,202410
라마60b11a,,,,NGII,202410,NGII,202410
라마60b11b,,,,NGII,202410,NGII,202410
라마60b12a,,,,NGII,202410,NGII,202410
라마60b12b,0.0,,,NGII,202410,NGII,202410
라마60b13a,58.0,41.0,0.7068965517241379,NGII,202410,NGII,202410
라마60b13b,20.0,17.0,0.85,NGII,202410,NGII,202410
라마60b14a,10.0,0.0,0.0,NGII,202410,NGII,202410
라마60b14b,,,,NGII,202410,NGII,202410
라마60b15a,,,,NGII,202410,NGII,202410
라마60b15b,,,,NGII,202410,NGII,202410
라마60b16a,62.0,35.0,0.5645161290322581,NGII,202410,NGII,202410
라마60b16b,0.0,,,NGII,202410,NGII,202410
라마60b17a,,,,NGII,202410,NGII,202410
라마60b17b,0.0,0.0,,NGII,202410,NGII,202410
라마60b18a,35.0,26.0,0.7428571428571429,NGII,202410,NGII,202410
라마60b18b,,,,NGII,202410,NGII,202410
라마60b19a,0.0,0.0,,NGII,202410,NGII,202410
라마60b19b,,,,NGII,202410,NGII,202410
라마60b20a,22.0,10.0,0.45454545454545453,NGII,202410,NGII,202410
라마60b20b,,,,NGII,202410,NGII,202410
라마60b21a,,,,NGII,202410,NGII,202410
라마60b21b,0.0,,,NGII,202410,NGII,202410
라마60b22a,,,,NGII,202410,NGII,202410
라마60b22b,0.0,,,NGII,202410,NGII,202410
라마60b23a,46.0,19.0,0.41304347826086957,NGII,202410,NGII,202410
라마60b23b,,,,NGII,202410,NGII,202410
라마60b24a,13.0,10.0,0.7692307692307693,NGII,202410,NGII,202410
라마60b24b,,,,NGII,202410,NGII,202410
라마60b25a,14.0,9.0,0.6428571428571429,NGII,202410,NGII,202410
라마60b25b,11.0,9.0,0.8181818181818182,NGII,202410,NGII,202410
라마60b26a,17.0,6.0,0.35294117647058826,NGII,202410,NGII,202410
라마60b26b,,,,NGII,202410,NGII,202410
라마60b27a,0.0,0.0,,NGII,202410,NGII,202410
라마60b27b,7.0,0.0,0.0,NGII,202410,NGII,202410
라마60b28a,0.0,,,NGII,202410,NGII,202410
라마60b28b,0.0,0.0,,NGII,202410,NGII,202410
라마60b29a,0.0,0.0,,NGII,202410,NGII,202410
라마60b29b,,,,NGII,202410,NGII,202410
라마60b30a,547.0,80.0,0.14625228519195613,NGII,202410,NGII,202410
라마60b30b,91.0,0.0,0.0,NGII,202410,NGII,202410
라마60b31a,0.0,,,NGII,202410,NGII,202410
라마60b31b,11.0,0.0,0.0,NGII,202410,NGII,202410
라마60b32a,8.0,0.0,0.0,NGII,202410,NGII,202410
라마60b32b,0.0,,,NGII,202410,NGII,202410
라마60b33a,22.0,10.0,0.45454545454545453,NGII,202410,NGII,202410
라마60b33b,0.0,,,NGII,202410,NGII,202410
라마60b34a,,,,NGII,202410,NGII,202410
라마60b34b,,,,NGII,202410,NGII,202410
라마60b35a,,,,NGII,202410,NGII,202410
라마60b35b,,,,NGII,202410,NGII,202410
라마60b36a,,,,NGII,202410,NGII,202410
라마60b36b,7.0,0.0,0.0,NGII,202410,NGII,202410
라마60b37a,20.0,9.0,0.45,NGII,202410,NGII,202410
라마60b37b,,,,NGII,202410,NGII,202410
라마60b38a,,,,NGII,202410,NGII,202410
라마60b38b,,,,NGII,202410,NGII,202410
라마60b39a,,,,NGII,202410,NGII,202410
라마60b39b,,,,NGII,202410,NGII,202410
라마60b42a,0.0,0.0,,NGII,202410,NGII,202410
라마60b42b,0.0,0.0,,NGII,202410,NGII,202410
라마60b43a,0.0,,,NGII,202410,NGII,202410
라마60b43b,22.0,11.0,0.5,NGII,202410,NGII,202410
라마60b44a,9.0,7.0,0.7777777777777778,NGII,202410,NGII,202410
라마60b44b,10.0,6.0,0.6,NGII,202410,NGII,202410
라마60b45a,27.0,14.0,0.5185185185185185,NGII,202410,NGII,202410
라마60b45b,142.0,67.0,0.47183098591549294,NGII,202410,NGII,202410
라마60b46a,26.0,16.0,0.6153846153846154,NGII,202410,NGII,202410
라마60b46b,57.0,34.0,0.5964912280701754,NGII,202410,NGII,202410
라마60b47a,0.0,0.0,,NGII,202410,NGII,202410
라마60b47b,0.0,0.0,,NGII,202410,NGII,202410
라마60b48a,,,,NGII,202410,NGII,202410
라마60b48b,6.0,0.0,0.0,NGII,202410,NGII,202410
라마60b49a,0.0,,,NGII,202410,NGII,202410
라마60b49b,23.0,20.0,0.8695652173913043,NGII,202410,NGII,202410
라마60b50a,0.0,,,NGII,202410,NGII,202410
라마60b50b,11.0,0.0,0.0,NGII,202410,NGII,202410
라마60b51a,14.0,8.0,0.5714285714285714,NGII,202410,NGII,202410
라마61a11a,,,,NGII,202410,NGII,202410
라마61a11b,,,,NGII,202410,NGII,202410
라마61a12a,,,,NGII,202410,NGII,202410
라마61a12b,48.0,33.0,0.6875,NGII,202410,NGII,202410
라마61a13a,25.0,17.0,0.68,NGII,202410,NGII,202410
라마61a13b,,,,NGII,202410,NGII,202410
라마61a14a,,,,NGII,202410,NGII,202410
라마61a14b,0.0,0.0,,NGII,202410,NGII,202410
라마61a15a,6.0,0.0,0.0,NGII,202410,NGII,202410
라마61a15b,0.0,0.0,,NGII,202410,NGII,202410
라마61a16a,62.0,44.0,0.7096774193548387,NGII,202410,NGII,202410
라마61a16b,0.0,0.0,,NGII,202410,NGII,202410
라마61a17a,0.0,0.0,,NGII,202410,NGII,202410
라마61a17b,,,,NGII,202410,NGII,202410
라마61a18a,12.0,10.0,0.8333333333333334,NGII,202410,NGII,202410
라마61a18b,0.0,0.0,,NGII,202410,NGII,202410
라마61a19a,,,,NGII,202410,NGII,202410
라마61a19b,,,,NGII,202410,NGII,202410
라마61a20a,,,,NGII,202410,NGII,202410
라마61a20b,,,,NGII,202410,NGII,202410
라마61a21a,,,,NGII,202410,NGII,202410
라마61a21b,,,,NGII,202410,NGII,202410
라마61a22a,,,,NGII,202410,NGII,202410
라마61a22b,0.0,0.0,,NGII,202410,NGII,202410
라마61a23a,18.0,13.0,0.7222222222222222,NGII,202410,NGII,202410
라마61a23b,0.0,0.0,,NGII,202410,NGII,202410
라마61a24a,,,,NGII,202410,NGII,202410
라마61a24b,78.0,46.0,0.5897435897435898,NGII,202410,NGII,202410
라마61a25a,0.0,,,NGII,202410,NGII,202410
라마61a25b,,,,NGII,202410,NGII,202410
라마61a26a,8.0,0.0,0.0,NGII,202410,NGII,202410
라마61a26b,,,,NGII,202410,NGII,202410
라마61a27a,,,,NGII,202410,NGII,202410
라마61a27b,,,,NGII,202410,NGII,202410
라마61a28a,,,,NGII,202410,NGII,202410
라마61a28b,,,,NGII,202410,NGII,202410
라마61a29a,,,,NGII,202410,NGII,202410
라마61a29b,,,,NGII,202410,NGII,202410
라마61a30a,13.0,8.0,0.6153846153846154,NGII,202410,NGII,202410
라마61a30b,20.0,11.0,0.55,NGII,202410,NGII,202410
라마61a31a,17.0,9.0,0.5294117647058824,NGII,202410,NGII,202410
라마61a31b,0.0,0.0,,NGII,202410,NGII,202410
라마61a32a,,,,NGII,202410,NGII,202410
라마61a32b,16.0,0.0,0.0,NGII,202410,NGII,202410
라마61a33a,46.0,26.0,0.5652173913043478,NGII,202410,NGII,202410
라마61a33b,,,,NGII,202410,NGII,202410
라마61a34a,,,,NGII,202410,NGII,202410
라마61a34b,14.0,9.0,0.6428571428571429,NGII,202410,NGII,202410
라마61a35a,,,,NGII,202410,NGII,202410
라마61a35b,,,,NGII,202410,NGII,202410
라마61a36a,,,,NGII,202410,NGII,202410
라마61a36b,,,,NGII,202410,NGII,202410
라마61a37a,,,,NGII,202410,NGII,202410
라마61a37b,,,,NGII,202410,NGII,202410
라마61a38a,,,,NGII,202410,NGII,202410
라마61a38b,,,,NGII,202410,NGII,202410
라마61a39a,,,,NGII,202410,NGII,202410
라마61a39b,,,,NGII,202410,NGII,202410
라마61a40a,,,,NGII,202410,NGII,202410
라마61a42a,9.0,8.0,0.8888888888888888,NGII,202410,NGII,202410
라마61a42b,,,,NGII,202410,NGII,202410
라마61a43a,,,,NGII,202410,NGII,202410
라마61a43b,16.0,0.0,0.0,NGII,202410,NGII,202410
라마61a44a,,,,NGII,202410,NGII,202410
라마61a44b,,,,NGII,202410,NGII,202410
라마61a45a,0.0,0.0,,NGII,202410,NGII,202410
라마61a45b,0.0,0.0,,NGII,202410,NGII,202410
라마61a46a,100.0,66.0,0.66,NGII,202410,NGII,202410
라마61a46b,13.0,11.0,0.8461538461538461,NGII,202410,NGII,202410
라마61a47a,0.0,0.0,,NGII,202410,NGII,202410
라마61a47b,,,,NGII,202410,NGII,202410
라마61a48a,,,,NGII,202410,NGII,202410
라마61a48b,0.0,,,NGII,202410,NGII,202410
라마61a49a,,,,NGII,202410,NGII,202410
라마61a49b,7.0,6.0,0.8571428571428571,NGII,202410,NGII,202410
라마61a50a,,,,NGII,202410,NGII,202410
라마61a50b,,,,NGII,202410,NGII,202410
라마61a51a,,,,NGII,202410,NGII,202410
라마61b11b,,,,NGII,202410,NGII,202410
라마61b12a,,,,NGII,202410,NGII,202410
라마61b12b,,,,NGII,202410,NGII,202410
라마61b13a,,,,NGII,202410,NGII,202410
라마61b13b,,,,NGII,202410,NGII,202410
라마61b14a,,,,NGII,202410,NGII,202410
라마61b14b,0.0,0.0,,NGII,202410,NGII,202410
라마61b15a,0.0,,,NGII,202410,NGII,202410
라마61b15b,27.0,20.0,0.7407407407407407,NGII,202410,NGII,202410
라마61b16a,0.0,0.0,,NGII,202410,NGII,202410
라마61b16b,8.0,0.0,0.0,NGII,202410,NGII,202410
라마61b17a,,,,NGII,202410,NGII,202410
라마61b17b,,,,NGII,202410,NGII,202410
라마61b18a,6.0,0.0,0.0,NGII,202410,NGII,202410
라마61b18b,35.0,22.0,0.6285714285714286,NGII,202410,NGII,202410
라마61b19a,9.0,8.0,0.8888888888888888,NGII,202410,NGII,202410
라마61b19b,,,,NGII,202410,NGII,202410
라마61b20a,,,,NGII,202410,NGII,202410
라마61b20b,,,,NGII,202410,NGII,202410
라마61b21a,,,,NGII,202410,NGII,202410
라마61b21b,31.0,19.0,0.6129032258064516,NGII,202410,NGII,202410
라마61b22a,12.0,0.0,0.0,NGII,202410,NGII,202410
라마61b22b,0.0,,,NGII,202410,NGII,202410
라마61b23a,,,,NGII,202410,NGII,202410
라마61b23b,24.0,16.0,0.6666666666666666,NGII,202410,NGII,202410
라마61b24a,10.0,0.0,0.0,NGII,202410,NGII,202410
라마61b24b,39.0,21.0,0.5384615384615384,NGII,202410,NGII,202410
라마61b25a,18.0,6.0,0.3333333333333333,NGII,202410,NGII,202410
라마61b25b,,,,NGII,202410,NGII,202410
라마61b26a,7.0,6.0,0.8571428571428571,NGII,202410,NGII,202410
라마61b26b,,,,NGII,202410,NGII,202410
라마61b27a,16.0,7.0,0.4375,NGII,202410,NGII,202410
라마61b27b,,,,NGII,202410,NGII,202410
라마61b28a,,,,NGII,202410,NGII,202410
라마61b28b,,,,NGII,202410,NGII,202410
라마61b29a,,,,NGII,202410,NGII,202410
라마61b29b,,,,NGII,202410,NGII,202410
라마61b30a,0.0,,,NGII,202410,NGII,202410
라마61b30b,,,,NGII,202410,NGII,202410
라마61b31a,26.0,11.0,0.4230769230769231,NGII,202410,NGII,202410
라마61b31b,22.0,7.0,0.3181818181818182,NGII,202410,NGII,202410
라마61b32a,0.0,0.0,,NGII,202410,NGII,202410
라마61b32b,,,,NGII,202410,NGII,202410
라마61b33a,6.0,0.0,0.0,NGII,202410,NGII,202410
라마61b33b,16.0,9.0,0.5625,NGII,202410,NGII,202410
라마61b34a,29.0,19.0,0.6551724137931034,NGII,202410,NGII,202410
라마61b34b,,,,NGII,202410,NGII,202410
라마61b35a,,,,NGII,202410,NGII,202410
라마61b35b,,,,NGII,202410,NGII,202410
라마61b36a,,,,NGII,202410,NGII,202410
라마61b36b,0.0,,,NGII,202410,NGII,202410
라마61b37a,,,,NGII,202410,NGII,202410
라마61b37b,,,,NGII,202410,NGII,202410
라마61b38a,,,,NGII,202410,NGII,202410
라마61b38b,,,,NGII,202410,NGII,202410
라마61b39a,0.0,0.0,,NGII,202410,NGII,202410
라마61b39b,,,,NGII,202410,NGII,202410
라마61b40a,,,,NGII,202410,NGII,202410
라마61b42b,,,,NGII,202410,NGII,202410
라마61b43a,14.0,7.0,0.5,NGII,202410,NGII,202410
라마61b43b,,,,NGII,202410,NGII,202410
라마61b44a,,,,NGII,202410,NGII,202410
라마61b44b,11.0,9.0,0.8181818181818182,NGII,202410,NGII,202410
라마61b45a,72.0,40.0,0.5555555555555556,NGII,202410,NGII,202410
라마61b45b,12.0,9.0,0.75,NGII,202410,NGII,202410
라마61b46a,32.0,16.0,0.5,NGII,202410,NGII,202410
라마61b46b,31.0,10.0,0.3225806451612903,NGII,202410,NGII,202410
라마61b47a,0.0,,,NGII,202410,NGII,202410
라마61b47b,0.0,0.0,,NGII,202410,NGII,202410
라마61b48a,11.0,0.0,0.0,NGII,202410,NGII,202410
라마61b48b,,,,NGII,202410,NGII,202410
라마61b49a,,,,NGII,202410,NGII,202410
라마61b49b,0.0,0.0,,NGII,202410,NGII,202410
라마61b50a,,,,NGII,202410,NGII,202410
라마61b50b,,,,NGII,202410,NGII,202410
라마62a11b,,,,NGII,202410,NGII,202410
라마62a12a,,,,NGII,202410,NGII,202410
라마62a12b,,,,NGII,202410,NGII,202410
라마62a13a,,,,NGII,202410,NGII,202410
라마62a13b,,,,NGII,202410,NGII,202410
라마62a14a,,,,NGII,202410,NGII,202410
라마62a14b,0.0,0.0,,NGII,202410,NGII,202410
라마62a15a,0.0,,,NGII,202410,NGII,202410
라마62a15b,0.0,0.0,,NGII,202410,NGII,202410
라마62a16a,44.0,32.0,0.7272727272727273,NGII,202410,NGII,202410
라마62a16b,12.0,11.0,0.9166666666666666,NGII,202410,NGII,202410
라마62a17a,,,,NGII,202410,NGII,202410
라마62a17b,,,,NGII,202410,NGII,202410
라마62a18a,0.0,,,NGII,202410,NGII,202410
라마62a18b,6.0,0.0,0.0,NGII,202410,NGII,202410
라마62a19a,0.0,0.0,,NGII,202410,NGII,202410
라마62a19b,,,,NGII,202410,NGII,202410
라마62a20a,,,,NGII,202410,NGII,202410
라마62a20b,7.0,0.0,0.0,NGII,202410,NGII,202410
라마62a21a,0.0,,,NGII,202410,NGII,202410
라마62a21b,,,,NGII,202410,NGII,202410
라마62a22a,26.0,12.0,0.46153846153846156,NGII,202410,NGII,202410
라마62a22b,15.0,9.0,0.6,NGII,202410,NGII,202410
라마62a23a,,,,NGII,202410,NGII,202410
라마62a23b,13.0,0.0,0.0,NGII,202410,NGII,202410
라마62a24a,,,,NGII,202410,NGII,202410
라마62a24b,0.0,,,NGII,202410,NGII,202410
라마62a25a,57.0,36.0,0.631578947368421,NGII,202410,NGII,202410
라마62a25b,0.0,0.0,,NGII,202410,NGII,202410
라마62a26a,,,,NGII,202410,NGII,202410
라마62a26b,0.0,0.0,,NGII,202410,NGII,202410
라마62a27a,17.0,15.0,0.8823529411764706,NGII,202410,NGII,202410
라마62a27b,,,,NGII,202410,NGII,202410
라마62a28a,,,,NGII,202410,NGII,202410
라마62a28b,,,,NGII,202410,NGII,202410
라마62a29a,,,,NGII,202410,NGII,202410
라마62a29b,,,,NGII,202410,NGII,202410
라마62a30a,7.0,0.0,0.0,NGII,202410,NGII,202410
라마62a30b,,,,NGII,202410,NGII,202410
라마62a31a,16.0,8.0,0.5,NGII,202410,NGII,202410
라마62a31b,25.0,13.0,0.52,NGII,202410,NGII,202410
라마62a32a,0.0,0.0,,NGII,202410,NGII,202410
라마62a32b,,,,NGII,202410,NGII,202410
라마62a33a,0.0,0.0,,NGII,202410,NGII,202410
라마62a33b,6.0,0.0,0.0,NGII,202410,NGII,202410
라마62a34a,,,,NGII,202410,NGII,202410
라마62a34b,22.0,14.0,0.6363636363636364,NGII,202410,NGII,202410
라마62a35a,0.0,,,NGII,202410,NGII,202410
라마62a35b,,,,NGII,202410,NGII,202410
라마62a36a,0.0,,,NGII,202410,NGII,202410
라마62a36b,14.0,11.0,0.7857142857142857,NGII,202410,NGII,202410
라마62a37a,,,,NGII,202410,NGII,202410
라마62a37b,0.0,0.0,,NGII,202410,NGII,202410
라마62a38a,23.0,19.0,0.8260869565217391,NGII,202410,NGII,202410
라마62a38b,0.0,0.0,,NGII,202410,NGII,202410
라마62a39a,,,,NGII,202410,NGII,202410
라마62a39b,,,,NGII,202410,NGII,202410
라마62a40a,,,,NGII,202410,NGII,202410
라마62a43a,0.0,,,NGII,202410,NGII,202410
라마62a43b,,,,NGII,202410,NGII,202410
라마62a44a,,,,NGII,202410,NGII,202410
라마62a44b,,,,NGII,202410,NGII,202410
라마62a45a,,,,NGII,202410,NGII,202410
라마62a45b,9.0,6.0,0.6666666666666666,NGII,202410,NGII,202410
라마62a46a,16.0,10.0,0.625,NGII,202410,NGII,202410
라마62a46b,,,,NGII,202410,NGII,202410
라마62a47a,0.0,,,NGII,202410,NGII,202410
라마62a47b,10.0,7.0,0.7,NGII,202410,NGII,202410
라마62a48a,35.0,20.0,0.5714285714285714,NGII,202410,NGII,202410
라마62a48b,,,,NGII,202410,NGII,202410
라마62a49a,,,,NGII,202410,NGII,202410
라마62a49b,,,,NGII,202410,NGII,202410
라마62a50a,0.0,,,NGII,202410,NGII,202410
라마62a50b,,,,NGII,202410,NGII,202410
라마62b12b,,,,NGII,202410,NGII,202410
라마62b14b,,,,NGII,202410,NGII,202410
라마62b15a,,,,NGII,202410,NGII,202410
라마62b15b,,,,NGII,202410,NGII,202410
라마62b16a,0.0,0.0,,NGII,202410,NGII,202410
라마62b16b,7.0,0.0,0.0,NGII,202410,NGII,202410
라마62b17a,19.0,12.0,0.631578947368421,NGII,202410,NGII,202410
라마62b17b,,,,NGII,202410,NGII,202410
라마62b18a,,,,NGII,202410,NGII,202410
라마62b18b,0.0,0.0,,NGII,202410,NGII,202410
라마62b19a,,,,NGII,202410,NGII,202410
라마62b19b,22.0,14.0,0.6363636363636364,NGII,202410,NGII,202410
라마62b20a,,,,NGII,202410,NGII,202410
라마62b20b,,,,NGII,202410,NGII,202410
라마62b21a,,,,NGII,202410,NGII,202410
라마62b21b,,,,NGII,202410,NGII,202410
라마62b22a,0.0,0.0,,NGII,202410,NGII,202410
라마62b22b,10.0,8.0,0.8,NGII,202410,NGII,202410
라마62b23a,,,,NGII,202410,NGII,202410
라마62b23b,20.0,11.0,0.55,NGII,202410,NGII,202410
라마62b24a,,,,NGII,202410,NGII,202410
라마62b24b,0.0,0.0,,NGII,202410,NGII,202410
라마62b25a,30.0,16.0,0.5333333333333333,NGII,202410,NGII,202410
라마62b25b,,,,NGII,202410,NGII,202410
라마62b26a,,,,NGII,202410,NGII,202410
라마62b26b,,,,NGII,202410,NGII,202410
라마62b27a,,,,NGII,202410,NGII,202410
라마62b27b,0.0,,,NGII,202410,NGII,202410
라마62b28a,0.0,,,NGII,202410,NGII,202410
라마62b28b,0.0,,,NGII,202410,NGII,202410
라마62b29a,56.0,34.0,0.6071428571428571,NGII,202410,NGII,202410
라마62b29b,7.0,0.0,0.0,NGII,202410,NGII,202410
라마62b30a,16.0,6.0,0.375,NGII,202410,NGII,202410
라마62b30b,120.0,76.0,0.6333333333333333,NGII,202410,NGII,202410
라마62b31a,,,,NGII,202410,NGII,202410
라마62b31b,27.0,13.0,0.48148148148148145,NGII,202410,NGII,202410
라마62b32a,0.0,0.0,,NGII,202410,NGII,202410
라마62b32b,,,,NGII,202410,NGII,202410
라마62b33a,,,,NGII,202410,NGII,202410
라마62b33b,,,,NGII,202410,NGII,202410
라마62b34a,0.0,0.0,,NGII,202410,NGII,202410
라마62b34b,26.0,14.0,0.5384615384615384,NGII,202410,NGII,202410
라마62b35a,8.0,0.0,0.0,NGII,202410,NGII,202410
라마62b35b,9.0,7.0,0.7777777777777778,NGII,202410,NGII,202410
라마62b36a,38.0,24.0,0.631578947368421,NGII,202410,NGII,202410
라마62b36b,33.0,21.0,0.6363636363636364,NGII,202410,NGII,202410
라마62b37a,0.0,0.0,,NGII,202410,NGII,202410
라마62b37b,,,,NGII,202410,NGII,202410
라마62b38a,,,,NGII,202410,NGII,202410
라마62b38b,,,,NGII,202410,NGII,202410
라마62b39a,15.0,8.0,0.5333333333333333,NGII,202410,NGII,202410
라마62b39b,,,,NGII,202410,NGII,202410
라마62b43a,,,,NGII,202410,NGII,202410
라마62b43b,,,,NGII,202410,NGII,202410
라마62b44a,0.0,0.0,,NGII,202410,NGII,202410
라마62b44b,,,,NGII,202410,NGII,202410
라마62b45a,,,,NGII,202410,NGII,202410
라마62b45b,,,,NGII,202410,NGII,202410
라마62b46a,0.0,0.0,,NGII,202410,NGII,202410
라마62b46b,,,,NGII,202410,NGII,202410
라마62b47a,,,,NGII,202410,NGII,202410
라마62b47b,7.0,6.0,0.8571428571428571,NGII,202410,NGII,202410
라마62b48a,0.0,,,NGII,202410,NGII,202410
라마62b48b,,,,NGII,202410,NGII,202410
라마62b49a,,,,NGII,202410,NGII,202410
라마63a15a,,,,NGII,202410,NGII,202410
라마63a15b,,,,NGII,202410,NGII,202410
라마63a16a,0.0,0.0,,NGII,202410,NGII,202410
라마63a16b,9.0,0.0,0.0,NGII,202410,NGII,202410
라마63a17a,0.0,0.0,,NGII,202410,NGII,202410
라마63a17b,,,,NGII,202410,NGII,202410
라마63a18a,,,,NGII,202410,NGII,202410
라마63a18b,,,,NGII,202410,NGII,202410
라마63a19a,22.0,14.0,0.6363636363636364,NGII,202410,NGII,202410
라마63a19b,,,,NGII,202410,NGII,202410
라마63a20a,,,,NGII,202410,NGII,202410
라마63a20b,,,,NGII,202410,NGII,202410
라마63a21a,0.0,0.0,,NGII,202410,NGII,202410
라마63a21b,13.0,6.0,0.46153846153846156,NGII,202410,NGII,202410
라마63a22a,0.0,0.0,,NGII,202410,NGII,202410
라마63a22b,,,,NGII,202410,NGII,202410
라마63a23a,,,,NGII,202410,NGII,202410
라마63a23b,,,,NGII,202410,NGII,202410
라마63a24a,,,,NGII,202410,NGII,202410
라마63a24b,0.0,0.0,,NGII,202410,NGII,202410
라마63a25a,,,,NGII,202410,NGII,202410
라마63a25b,14.0,6.0,0.42857142857142855,NGII,202410,NGII,202410
라마63a26a,,,,NGII,202410,NGII,202410
라마63a26b,,,,NGII,202410,NGII,202410
라마63a27a,30.0,17.0,0.5666666666666667,NGII,202410,NGII,202410
라마63a27b,0.0,0.0,,NGII,202410,NGII,202410
라마63a28a,,,,NGII,202410,NGII,202410
라마63a28b,,,,NGII,202410,NGII,202410
라마63a29a,26.0,19.0,0.7307692307692307,NGII,202410,NGII,202410
라마63a29b,0.0,0.0,,NGII,202410,NGII,202410
라마63a30a,,,,NGII,202410,NGII,202410
라마63a30b,,,,NGII,202410,NGII,202410
라마63a31a,0.0,0.0,,NGII,202410,NGII,202410
라마63a31b,0.0,0.0,,NGII,202410,NGII,202410
라마63a32a,0.0,,,NGII,202410,NGII,202410
라마63a32b,0.0,,,NGII,202410,NGII,202410
라마63a33a,,,,NGII,202410,NGII,202410
라마63a33b,,,,NGII,202410,NGII,202410
라마63a34a,,,,NGII,202410,NGII,202410
라마63a34b,9.0,0.0,0.0,NGII,202410,NGII,202410
라마63a35a,44.0,21.0,0.4772727272727273,NGII,202410,NGII,202410
라마63a35b,0.0,0.0,,NGII,202410,NGII,202410
라마63a36a,0.0,,,NGII,202410,NGII,202410
라마63a36b,,,,NGII,202410,NGII,202410
라마63a37a,,,,NGII,202410,NGII,202410
라마63a37b,24.0,21.0,0.875,NGII,202410,NGII,202410
라마63a38a,,,,NGII,202410,NGII,202410
라마63a38b,,,,NGII,202410,NGII,202410
라마63a39a,,,,NGII,202410,NGII,202410
라마63a43b,8.0,0.0,0.0,NGII,202410,NGII,202410
라마63a44a,11.0,9.0,0.8181818181818182,NGII,202410,NGII,202410
라마63a44b,,,,NGII,202410,NGII,202410
라마63a45a,,,,NGII,202410,NGII,202410
라마63a45b,0.0,0.0,,NGII,202410,NGII,202410
라마63a46a,23.0,17.0,0.7391304347826086,NGII,202410,NGII,202410
라마63a46b,,,,NGII,202410,NGII,202410
라마63a47a,,,,NGII,202410,NGII,202410
라마63a47b,,,,NGII,202410,NGII,202410
라마63b16a,,,,NGII,202410,NGII,202410
라마63b16b,,,,NGII,202410,NGII,202410
라마63b17a,,,,NGII,202410,NGII,202410
라마63b17b,11.0,8.0,0.7272727272727273,NGII,202410,NGII,202410
라마63b18a,6.0,0.0,0.0,NGII,202410,NGII,202410
라마63b18b,,,,NGII,202410,NGII,202410
라마63b19a,,,,NGII,202410,NGII,202410
라마63b19b,,,,NGII,202410,NGII,202410
라마63b20b,,,,NGII,202410,NGII,202410
라마63b21a,,,,NGII,202410,NGII,202410
라마63b21b,,,,NGII,202410,NGII,202410
라마63b22a,,,,NGII,202410,NGII,202410
라마63b22b,,,,NGII,202410,NGII,202410
라마63b23a,,,,NGII,202410,NGII,202410
라마63b23b,,,,NGII,202410,NGII,202410
라마63b24a,,,,NGII,202410,NGII,202410
라마63b24b,20.0,10.0,0.5,NGII,202410,NGII,202410
라마63b25a,15.0,10.0,0.6666666666666666,NGII,202410,NGII,202410
라마63b25b,,,,NGII,202410,NGII,202410
라마63b26a,0.0,0.0,,NGII,202410,NGII,202410
라마63b26b,,,,NGII,202410,NGII,202410
라마63b27a,,,,NGII,202410,NGII,202410
라마63b27b,,,,NGII,202410,NGII,202410
라마63b28a,,,,NGII,202410,NGII,202410
라마63b28b,0.0,,,NGII,202410,NGII,202410
라마63b29a,,,,NGII,202410,NGII,202410
라마63b29b,,,,NGII,202410,NGII,202410
라마63b30a,13.0,0.0,0.0,NGII,202410,NGII,202410
라마63b30b,0.0,0.0,,NGII,202410,NGII,202410
라마63b31a,13.0,0.0,0.0,NGII,202410,NGII,202410
라마63b31b,74.0,40.0,0.5405405405405406,NGII,202410,NGII,202410
라마63b32a,0.0,0.0,,NGII,202410,NGII,202410
라마63b32b,,,,NGII,202410,NGII,202410
라마63b33a,,,,NGII,202410,NGII,202410
라마63b33b,,,,NGII,202410,NGII,202410
라마63b34a,,,,NGII,202410,NGII,202410
라마63b34b,,,,NGII,202410,NGII,202410
라마63b35a,,,,NGII,202410,NGII,202410
라마63b35b,,,,NGII,202410,NGII,202410
라마63b36a,,,,NGII,202410,NGII,202410
라마63b36b,,,,NGII,202410,NGII,202410
라마63b37a,0.0,0.0,,NGII,202410,NGII,202410
라마63b37b,0.0,0.0,,NGII,202410,NGII,202410
라마63b38a,8.0,0.0,0.0,NGII,202410,NGII,202410
라마63b38b,,,,NGII,202410,NGII,202410
라마64a17b,,,,NGII,202410,NGII,202410
라마64a18b,,,,NGII,202410,NGII,202410
라마64a19a,,,,NGII,202410,NGII,202410
라마64a21a,,,,NGII,202410,NGII,202410
라마64a21b,0.0,0.0,,NGII,202410,NGII,202410
라마64a22a,,,,NGII,202410,NGII,202410
라마64a22b,15.0,6.0,0.4,NGII,202410,NGII,202410
라마64a23a,0.0,0.0,,NGII,202410,NGII,202410
라마64a23b,0.0,0.0,,NGII,202410,NGII,202410
라마64a24a,,,,NGII,202410,NGII,202410
라마64a24b,0.0,0.0,,NGII,202410,NGII,202410
라마64a25a,,,,NGII,202410,NGII,202410
라마64a25b,,,,NGII,202410,NGII,202410
라마64a26a,,,,NGII,202410,NGII,202410
라마64a26b,,,,NGII,202410,NGII,202410
라마64a27a,,,,NGII,202410,NGII,202410
라마64a27b,,,,NGII,202410,NGII,202410
라마64a28a,,,,NGII,202410,NGII,202410
라마64a28b,,,,NGII,202410,NGII,202410
라마64a29a,,,,NGII,202410,NGII,202410
라마64a29b,,,,NGII,202410,NGII,202410
라마64a30a,15.0,10.0,0.6666666666666666,NGII,202410,NGII,202410
라마64a30b,17.0,8.0,0.47058823529411764,NGII,202410,NGII,202410
라마64a31a,,,,NGII,202410,NGII,202410
라마64a31b,0.0,0.0,,NGII,202410,NGII,202410
라마64a32a,91.0,25.0,0.27472527472527475,NGII,202410,NGII,202410
라마64a32b,31.0,19.0,0.6129032258064516,NGII,202410,NGII,202410
라마64a33a,0.0,0.0,,NGII,202410,NGII,202410
라마64a33b,28.0,18.0,0.6428571428571429,NGII,202410,NGII,202410
라마64a34a,7.0,0.0,0.0,NGII,202410,NGII,202410
라마64a34b,0.0,0.0,,NGII,202410,NGII,202410
라마64a35a,31.0,18.0,0.5806451612903226,NGII,202410,NGII,202410
라마64a35b,,,,NGII,202410,NGII,202410
라마64a36a,0.0,0.0,,NGII,202410,NGII,202410
라마64a36b,0.0,0.0,,NGII,202410,NGII,202410
라마64a37a,,,,NGII,202410,NGII,202410
라마64a37b,0.0,0.0,,NGII,202410,NGII,202410
라마64a38a,0.0,0.0,,NGII,202410,NGII,202410
라마64a38b,,,,NGII,202410,NGII,202410
라마64b18b,,,,NGII,202410,NGII,202410
라마64b21a,,,,NGII,202410,NGII,202410
라마64b21b,,,,NGII,202410,NGII,202410
라마64b22a,14.0,8.0,0.5714285714285714,NGII,202410,NGII,202410
라마64b22b,38.0,27.0,0.7105263157894737,NGII,202410,NGII,202410
라마64b23a,0.0,0.0,,NGII,202410,NGII,202410
라마64b23b,0.0,0.0,,NGII,202410,NGII,202410
라마64b24a,0.0,0.0,,NGII,202410,NGII,202410
라마64b24b,0.0,,,NGII,202410,NGII,202410
라마64b25a,,,,NGII,202410,NGII,202410
라마64b25b,0.0,0.0,,NGII,202410,NGII,202410
라마64b26a,,,,NGII,202410,NGII,202410
라마64b26b,,,,NGII,202410,NGII,202410
라마64b27a,,,,NGII,202410,NGII,202410
라마64b27b,,,,NGII,202410,NGII,202410
라마64b28a,,,,NGII,202410,NGII,202410
라마64b28b,,,,NGII,202410,NGII,202410
라마64b29a,8.0,0.0,0.0,NGII,202410,NGII,202410
라마64b29b,27.0,19.0,0.7037037037037037,NGII,202410,NGII,202410
라마64b30a,,,,NGII,202410,NGII,202410
라마64b30b,8.0,0.0,0.0,NGII,202410,NGII,202410
라마64b31a,50.0,13.0,0.26,NGII,202410,NGII,202410
라마64b31b,,,,NGII,202410,NGII,202410
라마64b32a,11.0,7.0,0.6363636363636364,NGII,202410,NGII,202410
라마64b32b,39.0,25.0,0.6410256410256411,NGII,202410,NGII,202410
라마64b33a,,,,NGII,202410,NGII,202410
라마64b33b,40.0,23.0,0.575,NGII,202410,NGII,202410
라마64b34a,,,,NGII,202410,NGII,202410
라마64b34b,6.0,0.0,0.0,NGII,202410,NGII,202410
라마64b35a,0.0,0.0,,NGII,202410,NGII,202410
라마64b35b,,,,NGII,202410,NGII,202410
라마64b36a,,,,NGII,202410,NGII,202410
라마64b36b,,,,NGII,202410,NGII,202410
라마64b37a,,,,NGII,202410,NGII,202410
라마64b37b,,,,NGII,202410,NGII,202410
라마64b38a,,,,NGII,202410,NGII,202410
라마65a21b,,,,NGII,202410,NGII,202410
라마65a22a,16.0,8.0,0.5,NGII,202410,NGII,202410
라마65a22b,36.0,24.0,0.6666666666666666,NGII,202410,NGII,202410
라마65a23a,26.0,12.0,0.46153846153846156,NGII,202410,NGII,202410
라마65a23b,10.0,7.0,0.7,NGII,202410,NGII,202410
라마65a24a,,,,NGII,202410,NGII,202410
라마65a24b,,,,NGII,202410,NGII,202410
라마65a25a,,,,NGII,202410,NGII,202410
라마65a25b,,,,NGII,202410,NGII,202410
라마65a26a,,,,NGII,202410,NGII,202410
라마65a26b,,,,NGII,202410,NGII,202410
라마65a27a,,,,NGII,202410,NGII,202410
라마65a27b,,,,NGII,202410,NGII,202410
라마65a28a,,,,NGII,202410,NGII,202410
라마65a28b,,,,NGII,202410,NGII,202410
라마65a29a,,,,NGII,202410,NGII,202410
라마65a29b,0.0,0.0,,NGII,202410,NGII,202410
라마65a30a,20.0,10.0,0.5,NGII,202410,NGII,202410
라마65a30b,89.0,50.0,0.5617977528089888,NGII,202410,NGII,202410
라마65a31a,10.0,8.0,0.8,NGII,202410,NGII,202410
라마65a31b,8.0,0.0,0.0,NGII,202410,NGII,202410
라마65a32a,7.0,0.0,0.0,NGII,202410,NGII,202410
라마65a32b,0.0,,,NGII,202410,NGII,202410
라마65a33a,0.0,0.0,,NGII,202410,NGII,202410
라마65a33b,0.0,,,NGII,202410,NGII,202410
라마65a34a,0.0,,,NGII,202410,NGII,202410
라마65a34b,,,,NGII,202410,NGII,202410
라마65a35a,,,,NGII,202410,NGII,202410
라마65a35b,9.0,9.0,1.0,NGII,202410,NGII,202410
라마65a36a,0.0,0.0,,NGII,202410,NGII,202410
라마65a36b,,,,NGII,202410,NGII,202410
라마65a37a,18.0,10.0,0.5555555555555556,NGII,202410,NGII,202410
라마65a37b,6.0,0.0,0.0,NGII,202410,NGII,202410
라마65a38a,,,,NGII,202410,NGII,202410
라마65b21b,0.0,,,NGII,202410,NGII,202410
라마65b22a,,,,NGII,202410,NGII,202410
라마65b22b,0.0,0.0,,NGII,202410,NGII,202410
라마65b23a,8.0,0.0,0.0,NGII,202410,NGII,202410
라마65b23b,,,,NGII,202410,NGII,202410
라마65b24a,,,,NGII,202410,NGII,202410
라마65b24b,,,,NGII,202410,NGII,202410
라마65b25a,,,,NGII,202410,NGII,202410
라마65b25b,,,,NGII,202410,NGII,202410
라마65b26a,,,,NGII,202410,NGII,202410
라마65b26b,,,,NGII,202410,NGII,202410
라마65b27a,,,,NGII,202410,NGII,202410
라마65b27b,,,,NGII,202410,NGII,202410
라마65b28a,,,,NGII,202410,NGII,202410
라마65b28b,,,,NGII,202410,NGII,202410
라마65b29a,,,,NGII,202410,NGII,202410
라마65b29b,,,,NGII,202410,NGII,202410
라마65b30a,,,,NGII,202410,NGII,202410
라마65b30b,,,,NGII,202410,NGII,202410
라마65b31a,14.0,10.0,0.7142857142857143,NGII,202410,NGII,202410
라마65b31b,39.0,27.0,0.6923076923076923,NGII,202410,NGII,202410
라마65b32a,0.0,0.0,,NGII,202410,NGII,202410
라마65b32b,,,,NGII,202410,NGII,202410
라마65b33a,,,,NGII,202410,NGII,202410
라마65b33b,,,,NGII,202410,NGII,202410
라마65b34a,,,,NGII,202410,NGII,202410
라마65b34b,0.0,,,NGII,202410,NGII,202410
라마65b35a,,,,NGII,202410,NGII,202410
라마65b35b,,,,NGII,202410,NGII,202410
라마65b36a,0.0,0.0,,NGII,202410,NGII,202410
라마65b36b,,,,NGII,202410,NGII,202410
라마65b37a,0.0,,,NGII,202410,NGII,202410
라마65b37b,,,,NGII,202410,NGII,202410
라마65b38a,,,,NGII,202410,NGII,202410
라마66a22a,,,,NGII,202410,NGII,202410
라마66a22b,37.0,23.0,0.6216216216216216,NGII,202410,NGII,202410
라마66a23a,16.0,14.0,0.875,NGII,202410,NGII,202410
라마66a23b,,,,NGII,202410,NGII,202410
라마66a24a,,,,NGII,202410,NGII,202410
라마66a24b,,,,NGII,202410,NGII,202410
라마66a25a,,,,NGII,202410,NGII,202410
라마66a25b,,,,NGII,202410,NGII,202410
라마66a26a,,,,NGII,202410,NGII,202410
라마66a26b,0.0,0.0,,NGII,202410,NGII,202410
라마66a27a,,,,NGII,202410,NGII,202410
라마66a27b,0.0,0.0,,NGII,202410,NGII,202410
라마66a28a,,,,NGII,202410,NGII,202410
라마66a28b,0.0,,,NGII,202410,NGII,202410
라마66a29a,,,,NGII,202410,NGII,202410
라마66a29b,,,,NGII,202410,NGII,202410
라마66a30a,,,,NGII,202410,NGII,202410
라마66a30b,9.0,6.0,0.6666666666666666,NGII,202410,NGII,202410
라마66a31a,12.0,0.0,0.0,NGII,202410,NGII,202410
라마66a31b,0.0,0.0,,NGII,202410,NGII,202410
라마66a32a,45.0,26.0,0.5777777777777777,NGII,202410,NGII,202410
라마66a32b,15.0,13.0,0.8666666666666667,NGII,202410,NGII,202410
라마66a33a,,,,NGII,202410,NGII,202410
라마66a33b,25.0,17.0,0.68,NGII,202410,NGII,202410
라마66a34a,25.0,19.0,0.76,NGII,202410,NGII,202410
라마66a34b,,,,NGII,202410,NGII,202410
라마66a35a,0.0,,,NGII,202410,NGII,202410
라마66a35b,,,,NGII,202410,NGII,202410
라마66a36a,,,,NGII,202410,NGII,202410
라마66a36b,0.0,0.0,,NGII,202410,NGII,202410
라마66a37a,,,,NGII,202410,NGII,202410
라마66a37b,,,,NGII,202410,NGII,202410
라마66a38a,,,,NGII,202410,NGII,202410
라마66b22b,0.0,0.0,,NGII,202410,NGII,202410
라마66b23a,,,,NGII,202410,NGII,202410
라마66b23b,,,,NGII,202410,NGII,202410
라마66b24a,,,,NGII,202410,NGII,202410
라마66b24b,,,,NGII,202410,NGII,202410
라마66b25a,,,,NGII,202410,NGII,202410
라마66b25b,,,,NGII,202410,NGII,202410
라마66b26a,,,,NGII,202410,NGII,202410
라마66b26b,0.0,0.0,,NGII,202410,NGII,202410
라마66b27a,29.0,13.0,0.4482758620689655,NGII,202410,NGII,202410
라마66b27b,7.0,0.0,0.0,NGII,202410,NGII,202410
라마66b28a,18.0,11.0,0.6111111111111112,NGII,202410,NGII,202410
라마66b28b,21.0,15.0,0.7142857142857143,NGII,202410,NGII,202410
라마66b29a,0.0,,,NGII,202410,NGII,202410
라마66b29b,,,,NGII,202410,NGII,202410
라마66b30a,,,,NGII,202410,NGII,202410
라마66b30b,0.0,,,NGII,202410,NGII,202410
라마66b31a,8.0,6.0,0.75,NGII,202410,NGII,202410
라마66b31b,0.0,0.0,,NGII,202410,NGII,202410
라마66b32a,14.0,10.0,0.7142857142857143,NGII,202410,NGII,202410
라마66b32b,,,,NGII,202410,NGII,202410
라마66b33a,,,,NGII,202410,NGII,202410
라마66b33b,,,,NGII,202410,NGII,202410
라마66b34a,,,,NGII,202410,NGII,202410
라마66b34b,0.0,0.0,,NGII,202410,NGII,202410
라마66b35a,69.0,40.0,0.5797101449275363,NGII,202410,NGII,202410
라마66b35b,35.0,17.0,0.4857142857142857,NGII,202410,NGII,202410
라마66b36a,0.0,0.0,,NGII,202410,NGII,202410
라마66b36b,,,,NGII,202410,NGII,202410
라마66b37a,0.0,0.0,,NGII,202410,NGII,202410
라마66b37b,0.0,,,NGII,202410,NGII,202410
라마66b38a,,,,NGII,202410,NGII,202410
라마66b38b,,,,NGII,202410,NGII,202410
라마66b39a,,,,NGII,202410,NGII,202410
라마66b39b,,,,NGII,202410,NGII,202410
라마67a22b,,,,NGII,202410,NGII,202410
라마67a23a,0.0,0.0,,NGII,202410,NGII,202410
라마67a23b,,,,NGII,202410,NGII,202410
라마67a24a,,,,NGII,202410,NGII,202410
라마67a24b,,,,NGII,202410,NGII,202410
라마67a25a,,,,NGII,202410,NGII,202410
라마67a25b,0.0,0.0,,NGII,202410,NGII,202410
라마67a26a,52.0,32.0,0.6153846153846154,NGII,202410,NGII,202410
라마67a26b,6.0,0.0,0.0,NGII,202410,NGII,202410
라마67a27a,75.0,50.0,0.6666666666666666,NGII,202410,NGII,202410
라마67a27b,25.0,10.0,0.4,NGII,202410,NGII,202410
라마67a28a,20.0,9.0,0.45,NGII,202410,NGII,202410
라마67a28b,84.0,52.0,0.6190476190476191,NGII,202410,NGII,202410
라마67a29a,16.0,11.0,0.6875,NGII,202410,NGII,202410
라마67a29b,,,,NGII,202410,NGII,202410
라마67a30a,,,,NGII,202410,NGII,202410
라마67a30b,,,,NGII,202410,NGII,202410
라마67a31a,,,,NGII,202410,NGII,202410
라마67a31b,0.0,,,NGII,202410,NGII,202410
라마67a32a,21.0,14.0,0.6666666666666666,NGII,202410,NGII,202410
라마67a32b,14.0,10.0,0.7142857142857143,NGII,202410,NGII,202410
라마67a33a,0.0,0.0,,NGII,202410,NGII,202410
라마67a33b,,,,NGII,202410,NGII,202410
라마67a34a,,,,NGII,202410,NGII,202410
라마67a34b,0.0,0.0,,NGII,202410,NGII,202410
라마67a35a,,,,NGII,202410,NGII,202410
라마67a35b,,,,NGII,202410,NGII,202410
라마67a36a,0.0,0.0,,NGII,202410,NGII,202410
라마67a36b,,,,NGII,202410,NGII,202410
라마67a37a,0.0,0.0,,NGII,202410,NGII,202410
라마67a37b,,,,NGII,202410,NGII,202410
라마67a38a,,,,NGII,202410,NGII,202410
라마67a38b,,,,NGII,202410,NGII,202410
라마67a39a,,,,NGII,202410,NGII,202410
라마67a39b,,,,NGII,202410,NGII,202410
라마67b22b,,,,NGII,202410,NGII,202410
라마67b23a,,,,NGII,202410,NGII,202410
라마67b23b,,,,NGII,202410,NGII,202410
라마67b24a,,,,NGII,202410,NGII,202410
라마67b24b,,,,NGII,202410,NGII,202410
라마67b25a,33.0,24.0,0.7272727272727273,NGII,202410,NGII,202410
라마67b25b,49.0,33.0,0.673469387755102,NGII,202410,NGII,202410
라마67b26a,6.0,0.0,0.0,NGII,202410,NGII,202410
라마67b26b,11.0,0.0,0.0,NGII,202410,NGII,202410
라마67b27a,20.0,15.0,0.75,NGII,202410,NGII,202410
라마67b27b,127.0,83.0,0.6535433070866141,NGII,202410,NGII,202410
라마67b28a,12.0,9.0,0.75,NGII,202410,NGII,202410
라마67b28b,,,,NGII,202410,NGII,202410
라마67b29a,,,,NGII,202410,NGII,202410
라마67b29b,71.0,50.0,0.704225352112676,NGII,202410,NGII,202410
라마67b30a,8.0,0.0,0.0,NGII,202410,NGII,202410
라마67b30b,,,,NGII,202410,NGII,202410
라마67b31a,0.0,0.0,,NGII,202410,NGII,202410
라마67b31b,,,,NGII,202410,NGII,202410
라마67b32a,0.0,,,NGII,202410,NGII,202410
라마67b32b,16.0,16.0,1.0,NGII,202410,NGII,202410
라마67b33a,0.0,0.0,,NGII,202410,NGII,202410
라마67b33b,,,,NGII,202410,NGII,202410
라마67b34a,0.0,0.0,,NGII,202410,NGII,202410
라마67b34b,12.0,0.0,0.0,NGII,202410,NGII,202410
라마67b35a,,,,NGII,202410,NGII,202410
라마67b35b,,,,NGII,202410,NGII,202410
라마67b36a,12.0,9.0,0.75,NGII,202410,NGII,202410
라마67b36b,36.0,28.0,0.7777777777777778,NGII,202410,NGII,202410
라마67b37a,33.0,18.0,0.5454545454545454,NGII,202410,NGII,202410
라마67b37b,11.0,8.0,0.7272727272727273,NGII,202410,NGII,202410
라마67b38a,46.0,34.0,0.7391304347826086,NGII,202410,NGII,202410
라마67b38b,,,,NGII,202410,NGII,202410
라마67b39a,,,,NGII,202410,NGII,202410
라마67b39b,,,,NGII,202410,NGII,202410
라마68a22b,,,,NGII,202410,NGII,202410
라마68a23a,,,,NGII,202410,NGII,202410
라마68a23b,,,,NGII,202410,NGII,202410
라마68a24a,,,,NGII,202410,NGII,202410
라마68a24b,,,,NGII,202410,NGII,202410
라마68a25a,0.0,0.0,,NGII,202410,NGII,202410
라마68a25b,0.0,0.0,,NGII,202410,NGII,202410
라마68a26a,47.0,37.0,0.7872340425531915,NGII,202410,NGII,202410
라마68a26b,19.0,13.0,0.6842105263157895,NGII,202410,NGII,202410
라마68a27a,,,,NGII,202410,NGII,202410
라마68a27b,28.0,21.0,0.75,NGII,202410,NGII,202410
라마68a28a,48.0,35.0,0.7291666666666666,NGII,202410,NGII,202410
라마68a28b,0.0,,,NGII,202410,NGII,202410
라마68a29a,,,,NGII,202410,NGII,202410
라마68a29b,76.0,48.0,0.631578947368421,NGII,202410,NGII,202410
라마68a30a,0.0,0.0,,NGII,202410,NGII,202410
라마68a30b,0.0,,,NGII,202410,NGII,202410
라마68a31a,0.0,,,NGII,202410,NGII,202410
라마68a31b,,,,NGII,202410,NGII,202410
라마68a32a,,,,NGII,202410,NGII,202410
라마68a32b,,,,NGII,202410,NGII,202410
라마68a33a,27.0,20.0,0.7407407407407407,NGII,202410,NGII,202410
라마68a33b,18.0,15.0,0.8333333333333334,NGII,202410,NGII,202410
라마68a34a,,,,NGII,202410,NGII,202410
라마68a34b,51.0,36.0,0.7058823529411765,NGII,202410,NGII,202410
라마68a35a,17.0,13.0,0.7647058823529411,NGII,202410,NGII,202410
라마68a35b,,,,NGII,202410,NGII,202410
라마68a36a,12.0,7.0,0.5833333333333334,NGII,202410,NGII,202410
라마68a36b,19.0,10.0,0.5263157894736842,NGII,202410,NGII,202410
라마68a37a,15.0,8.0,0.5333333333333333,NGII,202410,NGII,202410
라마68a37b,24.0,13.0,0.5416666666666666,NGII,202410,NGII,202410
라마68a38a,8.0,7.0,0.875,NGII,202410,NGII,202410
라마68a38b,,,,NGII,202410,NGII,202410
라마68a39a,,,,NGII,202410,NGII,202410
라마68b22b,,,,NGII,202410,NGII,202410
라마68b23a,,,,NGII,202410,NGII,202410
라마68b23b,,,,NGII,202410,NGII,202410
라마68b24a,,,,NGII,202410,NGII,202410
라마68b24b,,,,NGII,202410,NGII,202410
라마68b25a,,,,NGII,202410,NGII,202410
라마68b25b,0.0,0.0,,NGII,202410,NGII,202410
라마68b26a,56.0,40.0,0.7142857142857143,NGII,202410,NGII,202410
라마68b26b,,,,NGII,202410,NGII,202410
라마68b27a,0.0,,,NGII,202410,NGII,202410
라마68b27b,75.0,41.0,0.5466666666666666,NGII,202410,NGII,202410
라마68b28a,0.0,,,NGII,202410,NGII,202410
라마68b28b,0.0,0.0,,NGII,202410,NGII,202410
라마68b29a,20.0,6.0,0.3,NGII,202410,NGII,202410
라마68b29b,68.0,33.0,0.4852941176470588,NGII,202410,NGII,202410
라마68b30a,,,,NGII,202410,NGII,202410
라마68b30b,0.0,,,NGII,202410,NGII,202410
라마68b31a,,,,NGII,202410,NGII,202410
라마68b31b,0.0,0.0,,NGII,202410,NGII,202410
라마68b32a,,,,NGII,202410,NGII,202410
라마68b32b,13.0,11.0,0.8461538461538461,NGII,202410,NGII,202410
라마68b33a,19.0,15.0,0.7894736842105263,NGII,202410,NGII,202410
라마68b33b,,,,NGII,202410,NGII,202410
라마68b34a,,,,NGII,202410,NGII,202410
라마68b34b,0.0,0.0,,NGII,202410,NGII,202410
라마68b35a,,,,NGII,202410,NGII,202410
라마68b35b,0.0,0.0,,NGII,202410,NGII,202410
라마68b36a,,,,NGII,202410,NGII,202410
라마68b36b,,,,NGII,202410,NGII,202410
라마68b37a,,,,NGII,202410,NGII,202410
라마68b37b,0.0,,,NGII,202410,NGII,202410
라마68b38a,0.0,,,NGII,202410,NGII,202410
라마68b38b,,,,NGII,202410,NGII,202410
라마69a23b,,,,NGII,202410,NGII,202410
라마69a24a,,,,NGII,202410,NGII,202410
라마69a24b,,,,NGII,202410,NGII,202410
라마69a25a,,,,NGII,202410,NGII,202410
라마69a25b,,,,NGII,202410,NGII,202410
라마69a26a,0.0,0.0,,NGII,202410,NGII,202410
라마69a26b,0.0,,,NGII,202410,NGII,202410
라마69a27a,62.0,33.0,0.532258064516129,NGII,202410,NGII,202410
라마69a27b,0.0,0.0,,NGII,202410,NGII,202410
라마69a28a,105.0,57.0,0.5428571428571428,NGII,202410,NGII,202410
라마69a28b,,,,NGII,202410,NGII,202410
라마69a29a,238.0,91.0,0.38235294117647056,NGII,202410,NGII,202410
라마69a29b,249.0,135.0,0.5421686746987951,NGII,202410,NGII,202410
라마69a30a,,,,NGII,202410,NGII,202410
라마69a30b,,,,NGII,202410,NGII,202410
라마69a31a,,,,NGII,202410,NGII,202410
라마69a31b,0.0,0.0,,NGII,202410,NGII,202410
라마69a32a,40.0,26.0,0.65,NGII,202410,NGII,202410
라마69a32b,0.0,0.0,,NGII,202410,NGII,202410
라마69a33a,,,,NGII,202410,NGII,202410
라마69a33b,0.0,0.0,,NGII,202410,NGII,202410
라마69a34a,22.0,17.0,0.7727272727272727,NGII,202410,NGII,202410
라마69a34b,,,,NGII,202410,NGII,202410
라마69a35a,0.0,0.0,,NGII,202410,NGII,202410
라마69a35b,,,,NGII,202410,NGII,202410
라마69a36a,11.0,6.0,0.5454545454545454,NGII,202410,NGII,202410
라마69a36b,,,,NGII,202410,NGII,202410
라마69a37a,,,,NGII,202410,NGII,202410
라마69a37b,7.0,6.0,0.8571428571428571,NGII,202410,NGII,202410
라마69a38a,25.0,20.0,0.8,NGII,202410,NGII,202410
라마69a38b,,,,NGII,202410,NGII,202410
라마69b24a,,,,NGII,202410,NGII,202410
라마69b24b,,,,NGII,202410,NGII,202410
라마69b25a,,,,NGII,202410,NGII,202410
라마69b25b,0.0,,,NGII,202410,NGII,202410
라마69b26a,88.0,63.0,0.7159090909090909,NGII,202410,NGII,202410
라마69b26b,,,,NGII,202410,NGII,202410
라마69b27a,92.0,50.0,0.5434782608695652,NGII,202410,NGII,202410
라마69b27b,0.0,,,NGII,202410,NGII,202410
라마69b28a,0.0,,,NGII,202410,NGII,202410
라마69b28b,0.0,,,NGII,202410,NGII,202410
라마69b29a,166.0,49.0,0.29518072289156627,NGII,202410,NGII,202410
라마69b29b,303.0,110.0,0.36303630363036304,NGII,202410,NGII,202410
라마69b30a,,,,NGII,202410,NGII,202410
라마69b30b,0.0,0.0,,NGII,202410,NGII,202410
라마69b31a,39.0,27.0,0.6923076923076923,NGII,202410,NGII,202410
라마69b31b,,,,NGII,202410,NGII,202410
라마69b32a,15.0,10.0,0.6666666666666666,NGII,202410,NGII,202410
라마69b32b,6.0,0.0,0.0,NGII,202410,NGII,202410
라마69b33a,,,,NGII,202410,NGII,202410
라마69b33b,,,,NGII,202410,NGII,202410
라마69b34a,0.0,,,NGII,202410,NGII,202410
라마69b34b,,,,NGII,202410,NGII,202410
라마69b35a,,,,NGII,202410,NGII,202410
라마69b35b,,,,NGII,202410,NGII,202410
라마69b36a,,,,NGII,202410,NGII,202410
라마69b36b,25.0,19.0,0.76,NGII,202410,NGII,202410
라마69b37a,,,,NGII,202410,NGII,202410
라마69b37b,,,,NGII,202410,NGII,202410
라마69b38a,0.0,0.0,,NGII,202410,NGII,202410
라마69b38b,,,,NGII,202410,NGII,202410
라마70a24a,,,,NGII,202410,NGII,202410
라마70a24b,,,,NGII,202410,NGII,202410
라마70a25a,0.0,0.0,,NGII,202410,NGII,202410
라마70a25b,0.0,0.0,,NGII,202410,NGII,202410
라마70a26a,8.0,0.0,0.0,NGII,202410,NGII,202410
라마70a26b,0.0,,,NGII,202410,NGII,202410
라마70a27a,,,,NGII,202410,NGII,202410
라마70a27b,13.0,9.0,0.6923076923076923,NGII,202410,NGII,202410
라마70a28a,149.0,89.0,0.5973154362416108,NGII,202410,NGII,202410
라마70a28b,,,,NGII,202410,NGII,202410
라마70a29a,9.0,0.0,0.0,NGII,202410,NGII,202410
라마70a29b,,,,NGII,202410,NGII,202410
라마70a30a,0.0,0.0,,NGII,202410,NGII,202410
라마70a30b,19.0,11.0,0.5789473684210527,NGII,202410,NGII,202410
라마70a31a,0.0,,,NGII,202410,NGII,202410
라마70a31b,,,,NGII,202410,NGII,202410
라마70a32a,33.0,27.0,0.8181818181818182,NGII,202410,NGII,202410
라마70a32b,,,,NGII,202410,NGII,202410
라마70a33a,,,,NGII,202410,NGII,202410
라마70a33b,,,,NGII,202410,NGII,202410
라마70a34a,0.0,0.0,,NGII,202410,NGII,202410
라마70a34b,6.0,0.0,0.0,NGII,202410,NGII,202410
라마70a35a,,,,NGII,202410,NGII,202410
라마70a35b,,,,NGII,202410,NGII,202410
라마70a36a,,,,NGII,202410,NGII,202410
라마70a36b,32.0,25.0,0.78125,NGII,202410,NGII,202410
라마70a37a,6.0,,,NGII,202410,NGII,202410
라마70a37b,0.0,0.0,,NGII,202410,NGII,202410
라마70a38a,,,,NGII,202410,NGII,202410
라마70a38b,,,,NGII,202410,NGII,202410
라마70b24a,,,,NGII,202410,NGII,202410
라마70b24b,,,,NGII,202410,NGII,202410
라마70b25a,,,,NGII,202410,NGII,202410
라마70b25b,,,,NGII,202410,NGII,202410
라마70b26a,,,,NGII,202410,NGII,202410
라마70b26b,,,,NGII,202410,NGII,202410
라마70b27a,0.0,,,NGII,202410,NGII,202410
라마70b27b,42.0,20.0,0.47619047619047616,NGII,202410,NGII,202410
라마70b28a,166.0,71.0,0.42771084337349397,NGII,202410,NGII,202410
라마70b28b,,,,NGII,202410,NGII,202410
라마70b29a,,,,NGII,202410,NGII,202410
라마70b29b,,,,NGII,202410,NGII,202410
라마70b30a,0.0,0.0,,NGII,202410,NGII,202410
라마70b30b,25.0,13.0,0.52,NGII,202410,NGII,202410
라마70b31a,37.0,19.0,0.5135135135135135,NGII,202410,NGII,202410
라마70b31b,22.0,11.0,0.5,NGII,202410,NGII,202410
라마70b32a,0.0,0.0,,NGII,202410,NGII,202410
라마70b32b,0.0,,,NGII,202410,NGII,202410
라마70b33a,,,,NGII,202410,NGII,202410
라마70b33b,6.0,0.0,0.0,NGII,202410,NGII,202410
라마70b34a,32.0,19.0,0.59375,NGII,202410,NGII,202410
라마70b34b,8.0,6.0,0.75,NGII,202410,NGII,202410
라마70b35a,,,,NGII,202410,NGII,202410
라마70b35b,0.0,0.0,,NGII,202410,NGII,202410
라마70b36a,,,,NGII,202410,NGII,202410
라마70b36b,,,,NGII,202410,NGII,202410
라마70b37a,,,,NGII,202410,NGII,202410
라마70b37b,7.0,0.0,0.0,NGII,202410,NGII,202410
라마70b38a,,,,NGII,202410,NGII,202410
라마70b38b,0.0,0.0,,NGII,202410,NGII,202410
라마70b39a,,,,NGII,202410,NGII,202410
라마70b39b,,,,NGII,202410,NGII,202410
라마71a24a,,,,NGII,202410,NGII,202410
라마71a24b,,,,NGII,202410,NGII,202410
라마71a25a,,,,NGII,202410,NGII,202410
라마71a25b,,,,NGII,202410,NGII,202410
라마71a26a,0.0,0.0,,NGII,202410,NGII,202410
라마71a26b,54.0,43.0,0.7962962962962963,NGII,202410,NGII,202410
라마71a27a,35.0,15.0,0.42857142857142855,NGII,202410,NGII,202410
라마71a27b,35.0,22.0,0.6285714285714286,NGII,202410,NGII,202410
라마71a28a,,,,NGII,202410,NGII,202410
라마71a28b,0.0,0.0,,NGII,202410,NGII,202410
라마71a29a,0.0,,,NGII,202410,NGII,202410
라마71a29b,0.0,,,NGII,202410,NGII,202410
라마71a30a,,,,NGII,202410,NGII,202410
라마71a30b,,,,NGII,202410,NGII,202410
라마71a31a,151.0,90.0,0.5960264900662252,NGII,202410,NGII,202410
라마71a31b,50.0,32.0,0.64,NGII,202410,NGII,202410
라마71a32a,6.0,0.0,0.0,NGII,202410,NGII,202410
라마71a32b,,,,NGII,202410,NGII,202410
라마71a33a,0.0,,,NGII,202410,NGII,202410
라마71a33b,,,,NGII,202410,NGII,202410
라마71a34a,,,,NGII,202410,NGII,202410
라마71a34b,,,,NGII,202410,NGII,202410
라마71a35a,0.0,,,NGII,202410,NGII,202410
라마71a35b,0.0,0.0,,NGII,202410,NGII,202410
라마71a36a,0.0,,,NGII,202410,NGII,202410
라마71a36b,0.0,,,NGII,202410,NGII,202410
라마71a37a,,,,NGII,202410,NGII,202410
라마71a37b,,,,NGII,202410,NGII,202410
라마71a38a,,,,NGII,202410,NGII,202410
라마71a38b,,,,NGII,202410,NGII,202410
라마71a39a,,,,NGII,202410,NGII,202410
라마71a39b,,,,NGII,202410,NGII,202410
라마71b25a,,,,NGII,202410,NGII,202410
라마71b25b,,,,NGII,202410,NGII,202410
라마71b26a,14.0,0.0,0.0,NGII,202410,NGII,202410
라마71b26b,53.0,28.0,0.5283018867924528,NGII,202410,NGII,202410
라마71b27a,0.0,0.0,,NGII,202410,NGII,202410
라마71b27b,0.0,0.0,,NGII,202410,NGII,202410
라마71b28a,,,,NGII,202410,NGII,202410
라마71b28b,12.0,10.0,0.8333333333333334,NGII,202410,NGII,202410
라마71b29a,,,,NGII,202410,NGII,202410
라마71b29b,0.0,0.0,,NGII,202410,NGII,202410
라마71b30a,0.0,,,NGII,202410,NGII,202410
라마71b30b,48.0,27.0,0.5625,NGII,202410,NGII,202410
라마71b31a,7.0,0.0,0.0,NGII,202410,NGII,202410
라마71b31b,22.0,10.0,0.45454545454545453,NGII,202410,NGII,202410
라마71b32a,67.0,43.0,0.6417910447761194,NGII,202410,NGII,202410
라마71b32b,,,,NGII,202410,NGII,202410
라마71b33a,53.0,40.0,0.7547169811320755,NGII,202410,NGII,202410
라마71b33b,34.0,24.0,0.7058823529411765,NGII,202410,NGII,202410
라마71b34a,,,,NGII,202410,NGII,202410
라마71b34b,,,,NGII,202410,NGII,202410
라마71b35a,,,,NGII,202410,NGII,202410
라마71b35b,21.0,16.0,0.7619047619047619,NGII,202410,NGII,202410
라마71b36a,0.0,,,NGII,202410,NGII,202410
라마71b36b,,,,NGII,202410,NGII,202410
라마71b37a,,,,NGII,202410,NGII,202410
라마71b37b,0.0,0.0,,NGII,202410,NGII,202410
라마71b38a,48.0,31.0,0.6458333333333334,NGII,202410,NGII,202410
라마71b38b,47.0,30.0,0.6382978723404256,NGII,202410,NGII,202410
라마71b39a,,,,NGII,202410,NGII,202410
라마72a25a,,,,NGII,202410,NGII,202410
라마72a25b,,,,NGII,202410,NGII,202410
라마72a26a,,,,NGII,202410,NGII,202410
라마72a26b,18.0,16.0,0.8888888888888888,NGII,202410,NGII,202410
라마72a27a,14.0,0.0,0.0,NGII,202410,NGII,202410
라마72a27b,68.0,39.0,0.5735294117647058,NGII,202410,NGII,202410
라마72a28a,8.0,0.0,0.0,NGII,202410,NGII,202410
라마72a28b,33.0,25.0,0.7575757575757576,NGII,202410,NGII,202410
라마72a29a,,,,NGII,202410,NGII,202410
라마72a29b,,,,NGII,202410,NGII,202410
라마72a30a,16.0,10.0,0.625,NGII,202410,NGII,202410
라마72a30b,6.0,0.0,0.0,NGII,202410,NGII,202410
라마72a31a,,,,NGII,202410,NGII,202410
라마72a31b,0.0,0.0,,NGII,202410,NGII,202410
라마72a32a,0.0,0.0,,NGII,202410,NGII,202410
라마72a32b,,,,NGII,202410,NGII,202410
라마72a33a,,,,NGII,202410,NGII,202410
라마72a33b,,,,NGII,202410,NGII,202410
라마72a34a,,,,NGII,202410,NGII,202410
라마72a34b,,,,NGII,202410,NGII,202410
라마72a35a,,,,NGII,202410,NGII,202410
라마72a35b,16.0,14.0,0.875,NGII,202410,NGII,202410
라마72a36a,,,,NGII,202410,NGII,202410
라마72a36b,,,,NGII,202410,NGII,202410
라마72a37a,,,,NGII,202410,NGII,202410
라마72a37b,,,,NGII,202410,NGII,202410
라마72a38a,0.0,0.0,,NGII,202410,NGII,202410
라마72a38b,,,,NGII,202410,NGII,202410
라마72a39a,,,,NGII,202410,NGII,202410
라마72a39b,6.0,0.0,0.0,NGII,202410,NGII,202410
라마72a40a,8.0,7.0,0.875,NGII,202410,NGII,202410
라마72b25a,0.0,,,NGII,202410,NGII,202410
라마72b25b,,,,NGII,202410,NGII,202410
라마72b26a,,,,NGII,202410,NGII,202410
라마72b26b,7.0,0.0,0.0,NGII,202410,NGII,202410
라마72b27a,7.0,0.0,0.0,NGII,202410,NGII,202410
라마72b27b,40.0,30.0,0.75,NGII,202410,NGII,202410
라마72b28a,18.0,14.0,0.7777777777777778,NGII,202410,NGII,202410
라마72b28b,0.0,0.0,,NGII,202410,NGII,202410
라마72b29a,,,,NGII,202410,NGII,202410
라마72b29b,22.0,15.0,0.6818181818181818,NGII,202410,NGII,202410
라마72b30a,30.0,16.0,0.5333333333333333,NGII,202410,NGII,202410
라마72b30b,0.0,0.0,,NGII,202410,NGII,202410
라마72b31a,,,,NGII,202410,NGII,202410
라마72b31b,,,,NGII,202410,NGII,202410
라마72b32a,,,,NGII,202410,NGII,202410
라마72b32b,,,,NGII,202410,NGII,202410
라마72b33a,,,,NGII,202410,NGII,202410
라마72b33b,,,,NGII,202410,NGII,202410
라마72b34a,,,,NGII,202410,NGII,202410
라마72b34b,,,,NGII,202410,NGII,202410
라마72b35a,,,,NGII,202410,NGII,202410
라마72b35b,0.0,0.0,,NGII,202410,NGII,202410
라마72b36a,0.0,0.0,,NGII,202410,NGII,202410
라마72b36b,,,,NGII,202410,NGII,202410
라마72b37a,,,,NGII,202410,NGII,202410
라마72b37b,0.0,0.0,,NGII,202410,NGII,202410
라마72b38a,,,,NGII,202410,NGII,202410
라마72b38b,0.0,,,NGII,202410,NGII,202410
라마72b39a,0.0,,,NGII,202410,NGII,202410
라마72b39b,,,,NGII,202410,NGII,202410
라마73a25a,0.0,0.0,,NGII,202410,NGII,202410
라마73a25b,,,,NGII,202410,NGII,202410
라마73a26a,,,,NGII,202410,NGII,202410
라마73a26b,,,,NGII,202410,NGII,202410
라마73a27a,,,,NGII,202410,NGII,202410
라마73a27b,,,,NGII,202410,NGII,202410
라마73a28a,,,,NGII,202410,NGII,202410
라마73a28b,0.0,0.0,,NGII,202410,NGII,202410
라마73a29a,9.0,0.0,0.0,NGII,202410,NGII,202410
라마73a29b,15.0,7.0,0.4666666666666667,NGII,202410,NGII,202410
라마73a30a,0.0,,,NGII,202410,NGII,202410
라마73a30b,,,,NGII,202410,NGII,202410
라마73a31a,28.0,19.0,0.6785714285714286,NGII,202410,NGII,202410
라마73a31b,,,,NGII,202410,NGII,202410
라마73a32a,,,,NGII,202410,NGII,202410
라마73a32b,,,,NGII,202410,NGII,202410
라마73a33a,,,,NGII,202410,NGII,202410
라마73a33b,,,,NGII,202410,NGII,202410
라마73a34a,,,,NGII,202410,NGII,202410
라마73a34b,0.0,0.0,,NGII,202410,NGII,202410
라마73a35a,40.0,23.0,0.575,NGII,202410,NGII,202410
라마73a35b,,,,NGII,202410,NGII,202410
라마73a36a,,,,NGII,202410,NGII,202410
라마73a36b,0.0,0.0,,NGII,202410,NGII,202410
라마73a37a,,,,NGII,202410,NGII,202410
라마73a37b,0.0,0.0,,NGII,202410,NGII,202410
라마73a38a,0.0,0.0,,NGII,202410,NGII,202410
라마73a38b,22.0,13.0,0.5909090909090909,NGII,202410,NGII,202410
라마73a39a,8.0,6.0,0.75,NGII,202410,NGII,202410
라마73a39b,,,,NGII,202410,NGII,202410
라마73b25a,0.0,0.0,,NGII,202410,NGII,202410
라마73b25b,,,,NGII,202410,NGII,202410
라마73b26a,,,,NGII,202410,NGII,202410
라마73b26b,,,,NGII,202410,NGII,202410
라마73b27a,,,,NGII,202410,NGII,202410
라마73b27b,,,,NGII,202410,NGII,202410
라마73b28a,,,,NGII,202410,NGII,202410
라마73b28b,0.0,0.0,,NGII,202410,NGII,202410
라마73b29a,38.0,28.0,0.7368421052631579,NGII,202410,NGII,202410
라마73b29b,0.0,0.0,,NGII,202410,NGII,202410
라마73b30a,,,,NGII,202410,NGII,202410
라마73b30b,,,,NGII,202410,NGII,202410
라마73b31a,17.0,12.0,0.7058823529411765,NGII,202410,NGII,202410
라마73b31b,63.0,18.0,0.2857142857142857,NGII,202410,NGII,202410
라마73b32a,6.0,6.0,1.0,NGII,202410,NGII,202410
라마73b32b,0.0,0.0,,NGII,202410,NGII,202410
라마73b33a,,,,NGII,202410,NGII,202410
라마73b33b,,,,NGII,202410,NGII,202410
라마73b34a,30.0,20.0,0.6666666666666666,NGII,202410,NGII,202410
라마73b34b,0.0,0.0,,NGII,202410,NGII,202410
라마73b35a,0.0,0.0,,NGII,202410,NGII,202410
라마73b35b,,,,NGII,202410,NGII,202410
라마73b36a,,,,NGII,202410,NGII,202410
라마73b36b,0.0,0.0,,NGII,202410,NGII,202410
라마73b37a,22.0,15.0,0.6818181818181818,NGII,202410,NGII,202410
라마73b37b,27.0,14.0,0.5185185185185185,NGII,202410,NGII,202410
라마73b38a,6.0,0.0,0.0,NGII,202410,NGII,202410
라마73b38b,34.0,17.0,0.5,NGII,202410,NGII,202410
라마73b39a,,,,NGII,202410,NGII,202410
라마73b39b,,,,NGII,202410,NGII,202410
라마74a24a,,,,NGII,202410,NGII,202410
라마74a24b,,,,NGII,202410,NGII,202410
라마74a25a,0.0,0.0,,NGII,202410,NGII,202410
라마74a25b,,,,NGII,202410,NGII,202410
라마74a26a,,,,NGII,202410,NGII,202410
라마74a26b,,,,NGII,202410,NGII,202410
라마74a27a,,,,NGII,202410,NGII,202410
라마74a27b,0.0,0.0,,NGII,202410,NGII,202410
라마74a28a,22.0,13.0,0.5909090909090909,NGII,202410,NGII,202410
라마74a28b,50.0,28.0,0.56,NGII,202410,NGII,202410
라마74a29a,18.0,8.0,0.4444444444444444,NGII,202410,NGII,202410
라마74a29b,78.0,48.0,0.6153846153846154,NGII,202410,NGII,202410
라마74a30a,,,,NGII,202410,NGII,202410
라마74a30b,,,,NGII,202410,NGII,202410
라마74a31a,,,,NGII,202410,NGII,202410
라마74a31b,6.0,0.0,0.0,NGII,202410,NGII,202410
라마74a32a,29.0,21.0,0.7241379310344828,NGII,202410,NGII,202410
라마74a32b,22.0,14.0,0.6363636363636364,NGII,202410,NGII,202410
라마74a33a,,,,NGII,202410,NGII,202410
라마74a33b,,,,NGII,202410,NGII,202410
라마74a34a,0.0,0.0,,NGII,202410,NGII,202410
라마74a34b,,,,NGII,202410,NGII,202410
라마74a35a,,,,NGII,202410,NGII,202410
라마74a35b,,,,NGII,202410,NGII,202410
라마74a36a,,,,NGII,202410,NGII,202410
라마74a36b,6.0,0.0,0.0,NGII,202410,NGII,202410
라마74a37a,46.0,33.0,0.717391304347826,NGII,202410,NGII,202410
라마74a37b,0.0,0.0,,NGII,202410,NGII,202410
라마74a38a,,,,NGII,202410,NGII,202410
라마74a38b,,,,NGII,202410,NGII,202410
라마74a39a,,,,NGII,202410,NGII,202410
라마74b24a,,,,NGII,202410,NGII,202410
라마74b24b,10.0,7.0,0.7,NGII,202410,NGII,202410
라마74b25a,7.0,6.0,0.8571428571428571,NGII,202410,NGII,202410
라마74b25b,,,,NGII,202410,NGII,202410
라마74b26a,,,,NGII,202410,NGII,202410
라마74b26b,,,,NGII,202410,NGII,202410
라마74b27a,,,,NGII,202410,NGII,202410
라마74b27b,,,,NGII,202410,NGII,202410
라마74b28a,,,,NGII,202410,NGII,202410
라마74b28b,0.0,0.0,,NGII,202410,NGII,202410
라마74b29a,,,,NGII,202410,NGII,202410
라마74b29b,34.0,20.0,0.5882352941176471,NGII,202410,NGII,202410
라마74b30a,0.0,0.0,,NGII,202410,NGII,202410
라마74b30b,12.0,0.0,0.0,NGII,202410,NGII,202410
라마74b31a,,,,NGII,202410,NGII,202410
라마74b31b,,,,NGII,202410,NGII,202410
라마74b32a,,,,NGII,202410,NGII,202410
라마74b32b,,,,NGII,202410,NGII,202410
라마74b33a,,,,NGII,202410,NGII,202410
라마74b33b,,,,NGII,202410,NGII,202410
라마74b34a,,,,NGII,202410,NGII,202410
라마74b34b,0.0,0.0,,NGII,202410,NGII,202410
라마74b35a,,,,NGII,202410,NGII,202410
라마74b35b,,,,NGII,202410,NGII,202410
라마74b36a,,,,NGII,202410,NGII,202410
라마74b36b,39.0,28.0,0.717948717948718,NGII,202410,NGII,202410
라마74b37a,27.0,14.0,0.5185185185185185,NGII,202410,NGII,202410
라마74b37b,,,,NGII,202410,NGII,202410
라마74b38a,,,,NGII,202410,NGII,202410
라마74b38b,,,,NGII,202410,NGII,202410
라마75a24a,12.0,0.0,0.0,NGII,202410,NGII,202410
라마75a24b,22.0,16.0,0.7272727272727273,NGII,202410,NGII,202410
라마75a25a,0.0,0.0,,NGII,202410,NGII,202410
라마75a25b,,,,NGII,202410,NGII,202410
라마75a26a,,,,NGII,202410,NGII,202410
라마75a26b,,,,NGII,202410,NGII,202410
라마75a27a,,,,NGII,202410,NGII,202410
라마75a27b,,,,NGII,202410,NGII,202410
라마75a28a,,,,NGII,202410,NGII,202410
라마75a28b,,,,NGII,202410,NGII,202410
라마75a29a,,,,NGII,202410,NGII,202410
라마75a29b,0.0,,,NGII,202410,NGII,202410
라마75a30a,0.0,0.0,,NGII,202410,NGII,202410
라마75a30b,94.0,60.0,0.6382978723404256,NGII,202410,NGII,202410
라마75a31a,22.0,17.0,0.7727272727272727,NGII,202410,NGII,202410
라마75a31b,,,,NGII,202410,NGII,202410
라마75a32a,,,,NGII,202410,NGII,202410
라마75a32b,,,,NGII,202410,NGII,202410
라마75a33a,,,,NGII,202410,NGII,202410
라마75a33b,0.0,0.0,,NGII,202410,NGII,202410
라마75a34a,12.0,7.0,0.5833333333333334,NGII,202410,NGII,202410
라마75a34b,,,,NGII,202410,NGII,202410
라마75a35a,,,,NGII,202410,NGII,202410
라마75a35b,0.0,,,NGII,202410,NGII,202410
라마75a36a,0.0,0.0,,NGII,202410,NGII,202410
라마75a36b,0.0,,,NGII,202410,NGII,202410
라마75a37a,,,,NGII,202410,NGII,202410
라마75a37b,,,,NGII,202410,NGII,202410
라마75a38a,,,,NGII,202410,NGII,202410
라마75a38b,,,,NGII,202410,NGII,202410
라마75a39a,,,,NGII,202410,NGII,202410
라마75b24a,0.0,,,NGII,202410,NGII,202410
라마75b24b,14.0,10.0,0.7142857142857143,NGII,202410,NGII,202410
라마75b25a,10.0,0.0,0.0,NGII,202410,NGII,202410
라마75b25b,,,,NGII,202410,NGII,202410
라마75b26a,,,,NGII,202410,NGII,202410
라마75b26b,25.0,12.0,0.48,NGII,202410,NGII,202410
라마75b27a,13.0,10.0,0.7692307692307693,NGII,202410,NGII,202410
라마75b27b,,,,NGII,202410,NGII,202410
라마75b28a,,,,NGII,202410,NGII,202410
라마75b28b,6.0,0.0,0.0,NGII,202410,NGII,202410
라마75b29a,,,,NGII,202410,NGII,202410
라마75b29b,15.0,12.0,0.8,NGII,202410,NGII,202410
라마75b30a,0.0,0.0,,NGII,202410,NGII,202410
라마75b30b,6.0,0.0,0.0,NGII,202410,NGII,202410
라마75b31a,,,,NGII,202410,NGII,202410
라마75b31b,12.0,9.0,0.75,NGII,202410,NGII,202410
라마75b32a,,,,NGII,202410,NGII,202410
라마75b32b,,,,NGII,202410,NGII,202410
라마75b33a,16.0,9.0,0.5625,NGII,202410,NGII,202410
라마75b33b,13.0,9.0,0.6923076923076923,NGII,202410,NGII,202410
라마75b34a,32.0,22.0,0.6875,NGII,202410,NGII,202410
라마75b34b,0.0,0.0,,NGII,202410,NGII,202410
라마75b35a,,,,NGII,202410,NGII,202410
라마75b35b,,,,NGII,202410,NGII,202410
라마75b36a,,,,NGII,202410,NGII,202410
라마75b36b,,,,NGII,202410,NGII,202410
라마75b37a,8.0,0.0,0.0,NGII,202410,NGII,202410
라마75b37b,,,,NGII,202410,NGII,202410
라마75b38a,11.0,0.0,0.0,NGII,202410,NGII,202410
라마75b38b,,,,NGII,202410,NGII,202410
라마76a23b,,,,NGII,202410,NGII,202410
라마76a24a,,,,NGII,202410,NGII,202410
라마76a24b,17.0,10.0,0.5882352941176471,NGII,202410,NGII,202410
라마76a25a,30.0,22.0,0.7333333333333333,NGII,202410,NGII,202410
라마76a25b,,,,NGII,202410,NGII,202410
라마76a26a,,,,NGII,202410,NGII,202410
라마76a26b,0.0,0.0,,NGII,202410,NGII,202410
라마76a27a,19.0,14.0,0.7368421052631579,NGII,202410,NGII,202410
라마76a27b,17.0,9.0,0.5294117647058824,NGII,202410,NGII,202410
라마76a28a,10.0,,,NGII,202410,NGII,202410
라마76a28b,0.0,,,NGII,202410,NGII,202410
라마76a29a,,,,NGII,202410,NGII,202410
라마76a29b,,,,NGII,202410,NGII,202410
라마76a30a,,,,NGII,202410,NGII,202410
라마76a30b,,,,NGII,202410,NGII,202410
라마76a31a,13.0,8.0,0.6153846153846154,NGII,202410,NGII,202410
라마76a31b,0.0,0.0,,NGII,202410,NGII,202410
라마76a32a,0.0,,,NGII,202410,NGII,202410
라마76a32b,33.0,26.0,0.7878787878787878,NGII,202410,NGII,202410
라마76a33a,10.0,6.0,0.6,NGII,202410,NGII,202410
라마76a33b,,,,NGII,202410,NGII,202410
라마76a34a,,,,NGII,202410,NGII,202410
라마76a34b,,,,NGII,202410,NGII,202410
라마76a35a,,,,NGII,202410,NGII,202410
라마76a35b,0.0,0.0,,NGII,202410,NGII,202410
라마76a36a,0.0,0.0,,NGII,202410,NGII,202410
라마76a36b,41.0,32.0,0.7804878048780488,NGII,202410,NGII,202410
라마76a37a,9.0,6.0,0.6666666666666666,NGII,202410,NGII,202410
라마76a37b,16.0,14.0,0.875,NGII,202410,NGII,202410
라마76a38a,,,,NGII,202410,NGII,202410
라마76a38b,,,,NGII,202410,NGII,202410
라마76b23b,8.0,0.0,0.0,NGII,202410,NGII,202410
라마76b24a,7.0,0.0,0.0,NGII,202410,NGII,202410
라마76b24b,13.0,,,NGII,202410,NGII,202410
라마76b25a,,,,NGII,202410,NGII,202410
라마76b25b,,,,NGII,202410,NGII,202410
라마76b26a,,,,NGII,202410,NGII,202410
라마76b26b,,,,NGII,202410,NGII,202410
라마76b27a,,,,NGII,202410,NGII,202410
라마76b27b,0.0,0.0,,NGII,202410,NGII,202410
라마76b28a,,,,NGII,202410,NGII,202410
라마76b28b,0.0,0.0,,NGII,202410,NGII,202410
라마76b29a,22.0,12.0,0.5454545454545454,NGII,202410,NGII,202410
라마76b29b,45.0,34.0,0.7555555555555555,NGII,202410,NGII,202410
라마76b30a,0.0,0.0,,NGII,202410,NGII,202410
라마76b30b,0.0,0.0,,NGII,202410,NGII,202410
라마76b31a,,,,NGII,202410,NGII,202410
라마76b31b,0.0,,,NGII,202410,NGII,202410
라마76b32a,,,,NGII,202410,NGII,202410
라마76b32b,,,,NGII,202410,NGII,202410
라마76b33a,,,,NGII,202410,NGII,202410
라마76b33b,,,,NGII,202410,NGII,202410
라마76b34a,,,,NGII,202410,NGII,202410
라마76b34b,,,,NGII,202410,NGII,202410
라마76b35a,,,,NGII,202410,NGII,202410
라마76b35b,18.0,10.0,0.5555555555555556,NGII,202410,NGII,202410
라마76b36a,26.0,18.0,0.6923076923076923,NGII,202410,NGII,202410
라마76b36b,30.0,19.0,0.6333333333333333,NGII,202410,NGII,202410
라마76b37a,21.0,10.0,0.47619047619047616,NGII,202410,NGII,202410
라마76b37b,56.0,32.0,0.5714285714285714,NGII,202410,NGII,202410
라마76b38a,,,,NGII,202410,NGII,202410
라마76b38b,42.0,27.0,0.6428571428571429,NGII,202410,NGII,202410
라마77a23a,,,,NGII,202410,NGII,202410
라마77a23b,8.0,7.0,0.875,NGII,202410,NGII,202410
라마77a24a,18.0,0.0,0.0,NGII,202410,NGII,202410
라마77a24b,,,,NGII,202410,NGII,202410
라마77a25a,,,,NGII,202410,NGII,202410
라마77a25b,,,,NGII,202410,NGII,202410
라마77a26a,,,,NGII,202410,NGII,202410
라마77a26b,,,,NGII,202410,NGII,202410
라마77a29a,,,,NGII,202410,NGII,202410
라마77a29b,,,,NGII,202410,NGII,202410
라마77a30a,0.0,,,NGII,202410,NGII,202410
라마77a30b,28.0,18.0,0.6428571428571429,NGII,202410,NGII,202410
라마77a31a,,,,NGII,202410,NGII,202410
라마77a31b,,,,NGII,202410,NGII,202410
라마77a32a,0.0,0.0,,NGII,202410,NGII,202410
라마77a32b,27.0,15.0,0.5555555555555556,NGII,202410,NGII,202410
라마77a33a,0.0,,,NGII,202410,NGII,202410
라마77a33b,,,,NGII,202410,NGII,202410
라마77a35a,,,,NGII,202410,NGII,202410
라마77a35b,,,,NGII,202410,NGII,202410
라마77a36a,11.0,0.0,0.0,NGII,202410,NGII,202410
라마77a36b,31.0,13.0,0.41935483870967744,NGII,202410,NGII,202410
라마77a37a,9.0,0.0,0.0,NGII,202410,NGII,202410
라마77a37b,,,,NGII,202410,NGII,202410
라마77a38a,,,,NGII,202410,NGII,202410
라마77a38b,,,,NGII,202410,NGII,202410
라마77b23b,,,,NGII,202410,NGII,202410
라마77b24a,,,,NGII,202410,NGII,202410
라마77b24b,0.0,0.0,,NGII,202410,NGII,202410
라마77b25a,0.0,0.0,,NGII,202410,NGII,202410
라마77b25b,36.0,17.0,0.4722222222222222,NGII,202410,NGII,202410
라마77b26a,23.0,14.0,0.6086956521739131,NGII,202410,NGII,202410
라마77b30b,,,,NGII,202410,NGII,202410
라마77b31a,,,,NGII,202410,NGII,202410
라마77b31b,,,,NGII,202410,NGII,202410
라마77b32a,,,,NGII,202410,NGII,202410
라마77b35b,66.0,39.0,0.5909090909090909,NGII,202410,NGII,202410
라마77b36a,,,,NGII,202410,NGII,202410
라마77b36b,,,,NGII,202410,NGII,202410
라마77b37a,0.0,,,NGII,202410,NGII,202410
라마77b37b,,,,NGII,202410,NGII,202410
라마78a23a,10.0,7.0,0.7,NGII,202410,NGII,202410
라마78a23b,9.0,0.0,0.0,NGII,202410,NGII,202410
라마78a24a,17.0,9.0,0.5294117647058824,NGII,202410,NGII,202410
라마78a24b,20.0,12.0,0.6,NGII,202410,NGII,202410
라마78a25a,54.0,28.0,0.5185185185185185,NGII,202410,NGII,202410
라마78a25b,,,,NGII,202410,NGII,202410
라마78a35b,,,,NGII,202410,NGII,202410
라마78b23a,,,,NGII,202410,NGII,202410
라마78b23b,,,,NGII,202410,NGII,202410
라마78b24a,,,,NGII,202410,NGII,202410
라마78b24b,0.0,0.0,,NGII,202410,NGII,202410
라마78b25a,,,,NGII,202410,NGII,202410
라마79a24b,,,,NGII,202410,NGII,202410
